{
  "stats": {
    "min": 1534,
    "max": 1591,
    "mean": 1554.4,
    "median": 1543,
    "variance": 469.43999999999994,
    "stdDev": 21.666564102321345,
    "confidence": 53.79655945459717,
    "low": 1527.5017202727015,
    "high": 1581.2982797272987,
    "count": 5
  },
  "heap memory": {
    "min": 33845896,
    "max": 34994512,
    "mean": 34246595.2,
    "median": 34093336,
    "variance": 166462680232.96002,
    "stdDev": 407998.38263522566,
    "confidence": 1013031.3761406988,
    "low": 33740079.51192965,
    "high": 34753110.88807035,
    "count": 5
  },
  "rss memory": {
    "min": 764424192,
    "max": 779673600,
    "mean": 770602598.4,
    "median": 768782336,
    "variance": 25810019433840.64,
    "stdDev": 5080356.230998043,
    "confidence": 12614168.298246145,
    "low": 764295514.2508769,
    "high": 776909682.549123,
    "count": 5
  },
  "external memory": {
    "min": 32621134,
    "max": 32621134,
    "mean": 32621134,
    "median": 32621134,
    "variance": 0,
    "stdDev": 0,
    "confidence": 0,
    "low": 32621134,
    "high": 32621134,
    "count": 5
  },
  "array buffers memory": {
    "min": 16623,
    "max": 16623,
    "mean": 16623,
    "median": 16623,
    "variance": 0,
    "stdDev": 0,
    "confidence": 0,
    "low": 16623,
    "high": 16623,
    "count": 5
  },
  "Compilation.finish modules": {
    "min": 25,
    "max": 26,
    "mean": 25.6,
    "median": 26,
    "variance": 0.24,
    "stdDev": 0.4898979485566356,
    "confidence": 1.2163822557074724,
    "low": 24.991808872146265,
    "high": 26.208191127853738,
    "count": 5
  },
  "Compilation.optimize dependencies": {
    "min": 1,
    "max": 1,
    "mean": 1,
    "median": 1,
    "variance": 0,
    "stdDev": 0,
    "confidence": 0,
    "low": 1,
    "high": 1,
    "count": 5
  },
  "Compilation.rebuild chunk graph": {
    "min": 46,
    "max": 47,
    "mean": 46.8,
    "median": 47,
    "variance": 0.16,
    "stdDev": 0.4,
    "confidence": 0.9931719528862999,
    "low": 46.30341402355685,
    "high": 47.29658597644315,
    "count": 5
  },
  "Compilation.create chunks": {
    "min": 63,
    "max": 64,
    "mean": 63.8,
    "median": 64,
    "variance": 0.16,
    "stdDev": 0.4,
    "confidence": 0.993171952886307,
    "low": 63.30341402355685,
    "high": 64.29658597644315,
    "count": 5
  },
  "Compilation.optimize": {
    "min": 0,
    "max": 0,
    "mean": 0,
    "median": 0,
    "variance": 0,
    "stdDev": 0,
    "confidence": 0,
    "low": 0,
    "high": 0,
    "count": 5
  },
  "Compilation.module ids": {
    "min": 10,
    "max": 10,
    "mean": 10,
    "median": 10,
    "variance": 0,
    "stdDev": 0,
    "confidence": 0,
    "low": 10,
    "high": 10,
    "count": 5
  },
  "Compilation.chunk ids": {
    "min": 6,
    "max": 7,
    "mean": 6.2,
    "median": 6,
    "variance": 0.15999999999999998,
    "stdDev": 0.39999999999999997,
    "confidence": 0.993171952886307,
    "low": 5.703414023556847,
    "high": 6.696585976443154,
    "count": 5
  },
  "Compilation.optimize code generation": {
    "min": 0,
    "max": 0,
    "mean": 0,
    "median": 0,
    "variance": 0,
    "stdDev": 0,
    "confidence": 0,
    "low": 0,
    "high": 0,
    "count": 5
  },
  "Compilation.module code generation cache": {
    "min": 0,
    "max": 0,
    "mean": 0,
    "median": 0,
    "variance": 0,
    "stdDev": 0,
    "confidence": 0,
    "low": 0,
    "high": 0,
    "count": 5
  },
  "Compilation.code generation": {
    "min": 107,
    "max": 109,
    "mean": 108.2,
    "median": 108,
    "variance": 0.5599999999999999,
    "stdDev": 0.7483314773547882,
    "confidence": 1.858054586926869,
    "low": 107.27097270653657,
    "high": 109.12902729346344,
    "count": 5
  },
  "Compilation.runtime requirements.modules": {
    "min": 11,
    "max": 12,
    "mean": 11.2,
    "median": 11,
    "variance": 0.16,
    "stdDev": 0.4,
    "confidence": 0.993171952886307,
    "low": 10.703414023556846,
    "high": 11.696585976443153,
    "count": 5
  },
  "Compilation.runtime requirements.chunks": {
    "min": 0,
    "max": 0,
    "mean": 0,
    "median": 0,
    "variance": 0,
    "stdDev": 0,
    "confidence": 0,
    "low": 0,
    "high": 0,
    "count": 5
  },
  "Compilation.runtime requirements.entries": {
    "min": 0,
    "max": 0,
    "mean": 0,
    "median": 0,
    "variance": 0,
    "stdDev": 0,
    "confidence": 0,
    "low": 0,
    "high": 0,
    "count": 5
  },
  "Compilation.runtime requirements": {
    "min": 13,
    "max": 14,
    "mean": 13.4,
    "median": 13,
    "variance": 0.24000000000000005,
    "stdDev": 0.48989794855663565,
    "confidence": 1.2163822557074724,
    "low": 12.791808872146264,
    "high": 14.008191127853737,
    "count": 5
  },
  "Compilation.hashing: hash chunks": {
    "min": 2,
    "max": 2,
    "mean": 2,
    "median": 2,
    "variance": 0,
    "stdDev": 0,
    "confidence": 0,
    "low": 2,
    "high": 2,
    "count": 5
  },
  "Compilation.hashing: hash runtime chunks": {
    "min": 2,
    "max": 2,
    "mean": 2,
    "median": 2,
    "variance": 0,
    "stdDev": 0,
    "confidence": 0,
    "low": 2,
    "high": 2,
    "count": 5
  },
  "Compilation.hashing: process full hash chunks": {
    "min": 0,
    "max": 0,
    "mean": 0,
    "median": 0,
    "variance": 0,
    "stdDev": 0,
    "confidence": 0,
    "low": 0,
    "high": 0,
    "count": 5
  },
  "Compilation.hashing": {
    "min": 6,
    "max": 7,
    "mean": 6.6,
    "median": 7,
    "variance": 0.24000000000000005,
    "stdDev": 0.48989794855663565,
    "confidence": 1.2163822557074724,
    "low": 5.9918088721462635,
    "high": 7.208191127853736,
    "count": 5
  },
  "Compilation.create module assets": {
    "min": 0,
    "max": 0,
    "mean": 0,
    "median": 0,
    "variance": 0,
    "stdDev": 0,
    "confidence": 0,
    "low": 0,
    "high": 0,
    "count": 5
  },
  "Compilation.create chunk assets": {
    "min": 28,
    "max": 29,
    "mean": 28.2,
    "median": 28,
    "variance": 0.16,
    "stdDev": 0.4,
    "confidence": 0.993171952886307,
    "low": 27.703414023556846,
    "high": 28.696585976443153,
    "count": 5
  },
  "Compilation.process assets": {
    "min": 53,
    "max": 63,
    "mean": 55.6,
    "median": 54,
    "variance": 14.24,
    "stdDev": 3.7735924528226414,
    "confidence": 9.36956546441722,
    "low": 50.91521726779139,
    "high": 60.28478273220861,
    "count": 5
  },
  "Compilation.after process assets": {
    "min": 0,
    "max": 0,
    "mean": 0,
    "median": 0,
    "variance": 0,
    "stdDev": 0,
    "confidence": 0,
    "low": 0,
    "high": 0,
    "count": 5
  },
  "Compilation.after seal": {
    "min": 0,
    "max": 0,
    "mean": 0,
    "median": 0,
    "variance": 0,
    "stdDev": 0,
    "confidence": 0,
    "low": 0,
    "high": 0,
    "count": 5
  },
  "Compiler.make hook": {
    "min": 0,
    "max": 0,
    "mean": 0,
    "median": 0,
    "variance": 0,
    "stdDev": 0,
    "confidence": 0,
    "low": 0,
    "high": 0,
    "count": 5
  },
  "Compiler.make": {
    "min": 1005,
    "max": 1017,
    "mean": 1009,
    "median": 1006,
    "variance": 22.8,
    "stdDev": 4.774934554525329,
    "confidence": 11.855827691055538,
    "low": 1003.0720861544722,
    "high": 1014.9279138455278,
    "count": 5
  },
  "Compiler.finish make hook": {
    "min": 0,
    "max": 0,
    "mean": 0,
    "median": 0,
    "variance": 0,
    "stdDev": 0,
    "confidence": 0,
    "low": 0,
    "high": 0,
    "count": 5
  },
  "Compiler.finish compilation": {
    "min": 30,
    "max": 31,
    "mean": 30.6,
    "median": 31,
    "variance": 0.24,
    "stdDev": 0.4898979485566356,
    "confidence": 1.2163822557074724,
    "low": 29.991808872146265,
    "high": 31.208191127853738,
    "count": 5
  },
  "Compiler.seal compilation": {
    "min": 314,
    "max": 323,
    "mean": 317.2,
    "median": 316,
    "variance": 10.16,
    "stdDev": 3.1874754901018454,
    "confidence": 7.914278143204228,
    "low": 313.2428609283979,
    "high": 321.1571390716021,