{
  "stats": {
    "min": 944,
    "max": 955,
    "mean": 949.4,
    "median": 949,
    "variance": 12.24,
    "stdDev": 3.4985711369071804,
    "confidence": 8.68670682088441,
    "low": 945.0566465895578,
    "high": 953.7433534104422,
    "count": 5
  },
  "heap memory": {
    "min": 104072064,
    "max": 104983808,
    "mean": 104497398.4,
    "median": 104424032,
    "variance": 112081831690.23999,
    "stdDev": 334786.2477615232,
    "confidence": 831250.7787219882,
    "low": 104081773.01063901,
    "high": 104913023.789361,
    "count": 5
  },
  "rss memory": {
    "min": 636481536,
    "max": 653127680,
    "mean": 644588339.2,
    "median": 643932160,
    "variance": 35366702845788.164,
    "stdDev": 5946991.074971288,
    "confidence": 14765961.849316597,
    "low": 637205358.2753417,
    "high": 651971320.1246583,
    "count": 5
  },
  "external memory": {
    "min": 43376629,
    "max": 43791129,
    "mean": 43553070.4,
    "median": 43435277,
    "variance": 35778058771.04,
    "stdDev": 189150.88889836072,
    "confidence": 469648.39429341257,
    "low": 43318246.20285329,
    "high": 43787894.597146705,
    "count": 5
  },
  "array buffers memory": {
    "min": 7945477,
    "max": 8273892,
    "mean": 8115205.8,
    "median": 8105123,
    "variance": 12545964864.560001,
    "stdDev": 112008.77137331701,
    "confidence": 278109.9255130831,
    "low": 7976150.837243458,
    "high": 8254260.762756541,
    "count": 5
  },
  "Compilation.finish modules": {
    "min": 26,
    "max": 31,
    "mean": 27,
    "median": 26,
    "variance": 4,
    "stdDev": 2,
    "confidence": 4.965859764431535,
    "low": 24.517070117784233,
    "high": 29.482929882215767,
    "count": 5
  },
  "Compilation.optimize dependencies": {
    "min": 0,
    "max": 0,
    "mean": 0,
    "median": 0,
    "variance": 0,
    "stdDev": 0,
    "confidence": 0,
    "low": 0,
    "high": 0,
    "count": 5
  },
  "Compilation.rebuild chunk graph": {
    "min": 13,
    "max": 14,
    "mean": 13.8,
    "median": 14,
    "variance": 0.15999999999999998,
    "stdDev": 0.39999999999999997,
    "confidence": 0.993171952886307,
    "low": 13.303414023556847,
    "high": 14.296585976443154,
    "count": 5
  },
  "Compilation.create chunks": {
    "min": 17,
    "max": 18,
    "mean": 17.8,
    "median": 18,
    "variance": 0.15999999999999998,
    "stdDev": 0.39999999999999997,
    "confidence": 0.993171952886307,
    "low": 17.303414023556847,
    "high": 18.296585976443154,
    "count": 5
  },
  "Compilation.optimize": {
    "min": 0,
    "max": 0,
    "mean": 0,
    "median": 0,
    "variance": 0,
    "stdDev": 0,
    "confidence": 0,
    "low": 0,
    "high": 0,
    "count": 5
  },
  "Compilation.module ids": {
    "min": 3,
    "max": 4,
    "mean": 3.2,
    "median": 3,
    "variance": 0.15999999999999998,
    "stdDev": 0.39999999999999997,
    "confidence": 0.9931719528863061,
    "low": 2.703414023556847,
    "high": 3.6965859764431532,
    "count": 5
  },
  "Compilation.chunk ids": {
    "min": 0,
    "max": 0,
    "mean": 0,
    "median": 0,
    "variance": 0,
    "stdDev": 0,
    "confidence": 0,
    "low": 0,
    "high": 0,
    "count": 5
  },
  "Compilation.optimize code generation": {
    "min": 0,
    "max": 0,
    "mean": 0,
    "median": 0,
    "variance": 0,
    "stdDev": 0,
    "confidence": 0,
    "low": 0,
    "high": 0,
    "count": 5
  },
  "Compilation.module code generation cache": {
    "min": 0,
    "max": 0,
    "mean": 0,
    "median": 0,
    "variance": 0,
    "stdDev": 0,
    "confidence": 0,
    "low": 0,
    "high": 0,
    "count": 5
  },
  "Compilation.code generation": {
    "min": 54,
    "max": 56,
    "mean": 55,
    "median": 55,
    "variance": 0.8,
    "stdDev": 0.8944271909999159,
    "confidence": 2.220799999999997,
    "low": 53.8896,
    "high": 56.1104,
    "count": 5
  },
  "Compilation.runtime requirements.modules": {
    "min": 3,
    "max": 4,
    "mean": 3.6,
    "median": 4,
    "variance": 0.24,
    "stdDev": 0.4898979485566356,
    "confidence": 1.2163822557074733,
    "low": 2.9918088721462635,
    "high": 4.208191127853737,
    "count": 5
  },
  "Compilation.runtime requirements.chunks": {
    "min": 0,
    "max": 0,
    "mean": 0,
    "median": 0,
    "variance": 0,
    "stdDev": 0,
    "confidence": 0,
    "low": 0,
    "high": 0,
    "count": 5
  },
  "Compilation.runtime requirements.entries": {
    "min": 0,
    "max": 0,
    "mean": 0,
    "median": 0,
    "variance": 0,
    "stdDev": 0,
    "confidence": 0,
    "low": 0,
    "high": 0,
    "count": 5
  },
  "Compilation.runtime requirements": {
    "min": 4,
    "max": 5,
    "mean": 4.6,
    "median": 5,
    "variance": 0.24000000000000005,
    "stdDev": 0.48989794855663565,
    "confidence": 1.2163822557074724,
    "low": 3.9918088721462635,
    "high": 5.208191127853736,
    "count": 5
  },
  "Compilation.hashing: hash chunks": {
    "min": 0,
    "max": 0,
    "mean": 0,
    "median": 0,
    "variance": 0,
    "stdDev": 0,
    "confidence": 0,
    "low": 0,
    "high": 0,
    "count": 5
  },
  "Compilation.hashing: hash runtime chunks": {
    "min": 3,
    "max": 4,
    "mean": 3.2,
    "median": 3,
    "variance": 0.15999999999999998,
    "stdDev": 0.39999999999999997,
    "confidence": 0.9931719528863061,
    "low": 2.703414023556847,
    "high": 3.6965859764431532,
    "count": 5
  },
  "Compilation.hashing: process full hash chunks": {
    "min": 0,
    "max": 0,
    "mean": 0,
    "median": 0,
    "variance": 0,
    "stdDev": 0,
    "confidence": 0,
    "low": 0,
    "high": 0,
    "count": 5
  },
  "Compilation.hashing": {
    "min": 3,
    "max": 4,
    "mean": 3.2,
    "median": 3,
    "variance": 0.15999999999999998,
    "stdDev": 0.39999999999999997,
    "confidence": 0.9931719528863061,
    "low": 2.703414023556847,
    "high": 3.6965859764431532,
    "count": 5
  },
  "Compilation.create module assets": {
    "min": 0,
    "max": 0,
    "mean": 0,
    "median": 0,
    "variance": 0,
    "stdDev": 0,
    "confidence": 0,
    "low": 0,
    "high": 0,
    "count": 5
  },
  "Compilation.create chunk assets": {
    "min": 5,
    "max": 5,
    "mean": 5,
    "median": 5,
    "variance": 0,
    "stdDev": 0,
    "confidence": 0,
    "low": 5,
    "high": 5,
    "count": 5
  },
  "Compilation.process assets": {
    "min": 146,
    "max": 151,
    "mean": 148.4,
    "median": 148,
    "variance": 3.44,
    "stdDev": 1.8547236990991407,
    "confidence": 4.605148895746993,
    "low": 146.0974255521265,
    "high": 150.7025744478735,
    "count": 5
  },
  "Compilation.after process assets": {
    "min": 0,
    "max": 0,
    "mean": 0,
    "median": 0,
    "variance": 0,
    "stdDev": 0,
    "confidence": 0,
    "low": 0,
    "high": 0,
    "count": 5
  },
  "Compilation.after seal": {
    "min": 0,
    "max": 0,
    "mean": 0,
    "median": 0,
    "variance": 0,
    "stdDev": 0,
    "confidence": 0,
    "low": 0,
    "high": 0,
    "count": 5
  },
  "Compiler.make hook": {
    "min": 0,
    "max": 0,
    "mean": 0,
    "median": 0,
    "variance": 0,
    "stdDev": 0,
    "confidence": 0,
    "low": 0,
    "high": 0,
    "count": 5
  },
  "Compiler.make": {
    "min": 589,
    "max": 601,
    "mean": 594.6,
    "median": 594,
    "variance": 14.64,
    "stdDev": 3.8262252939417984,
    "confidence": 9.500249118417969,
    "low": 589.849875440791,
    "high": 599.350124559209,
    "count": 5
  },
  "Compiler.finish make hook": {
    "min": 0,
    "max": 0,
    "mean": 0,
    "median": 0,
    "variance": 0,
    "stdDev": 0,
    "confidence": 0,
    "low": 0,
    "high": 0,
    "count": 5
  },
  "Compiler.finish compilation": {
    "min": 33,
    "max": 38,
    "mean": 34.2,
    "median": 33,
    "variance": 3.7600000000000002,
    "stdDev": 1.9390719429665317,
    "confidence": 4.814579670957784,
    "low": 31.79271016452111,
    "high": 36.607289835478895,
    "count": 5
  },
  "Compiler.seal compilation": {
    "min": 251,
    "max": 256,
    "mean": 253,