{
  "stats": {
    "min": 659,
    "max": 692,
    "mean": 676,
    "median": 676,
    "variance": 109.2,
    "stdDev": 10.449880382090505,
    "confidence": 25.946320266272778,
    "low": 663.0268398668636,
    "high": 688.9731601331364,
    "count": 5
  },
  "heap memory": {
    "min": 69410760,
    "max": 76224120,
    "mean": 71018014.4,
    "median": 69558872,
    "variance": 6918942777815.04,
    "stdDev": 2630388.3321317863,
    "confidence": 6531069.791681707,
    "low": 67752479.50415915,
    "high": 74283549.29584086,
    "count": 5
  },
  "rss memory": {
    "min": 557924352,
    "max": 572129280,
    "mean": 567719526.4,
    "median": 570298368,
    "variance": 28550477004144.637,
    "stdDev": 5343264.6391643975,
    "confidence": 13266951.44116807,
    "low": 561086050.679416,
    "high": 574353002.120584,
    "count": 5
  },
  "external memory": {
    "min": 21690468,
    "max": 22309280,
    "mean": 21865931.6,
    "median": 21778768,
    "variance": 50373953657.840004,
    "stdDev": 224441.42589513195,
    "confidence": 557272.3231621385,
    "low": 21587295.438418932,
    "high": 22144567.76158107,
    "count": 5
  },
  "array buffers memory": {
    "min": 4312609,
    "max": 4379661,
    "mean": 4342203.6,
    "median": 4348567,
    "variance": 592904310.24,
    "stdDev": 24349.62649076983,
    "confidence": 60458.41523472592,
    "low": 4311974.392382637,
    "high": 4372432.807617363,
    "count": 5
  },
  "Compilation.build module graph": {
    "min": 547.533196,
    "max": 581.821008,
    "mean": 563.8992952,
    "median": 563.667001,
    "variance": 118.18770780435038,
    "stdDev": 10.871417009955527,
    "confidence": 26.99296615604726,
    "low": 550.4028121219764,
    "high": 577.3957782780236,
    "count": 5
  },
  "Compilation.finish modules": {
    "min": 18.370479,
    "max": 20.03186,
    "mean": 19.2250194,
    "median": 19.183985,
    "variance": 0.28642545411864057,
    "stdDev": 0.5351873075089137,
    "confidence": 1.3288325583964777,
    "low": 18.560603120801762,
    "high": 19.88943567919824,
    "count": 5
  },
  "Compilation.seal": {
    "min": 0.004473,
    "max": 0.005068,
    "mean": 0.0047870000000000005,
    "median": 0.004826,
    "variance": 6.433479999999988e-8,
    "stdDev": 0.00025364305628185424,
    "confidence": 0.0006297779238587514,
    "low": 0.004472111038070625,
    "high": 0.005101888961929376,
    "count": 5
  },
  "Compilation.optimize dependencies": {
    "min": 0.863249,
    "max": 0.926072,
    "mean": 0.8954722,
    "median": 0.896555,
    "variance": 0.00039567586775999945,
    "stdDev": 0.01989160294596691,
    "confidence": 0.04938945535971251,
    "low": 0.8707774723201438,
    "high": 0.9201669276798563,
    "count": 5
  },
  "Compilation.rebuild chunk graph": {
    "min": 7.793105,
    "max": 8.828704,
    "mean": 8.3115036,
    "median": 8.340773,
    "variance": 0.15186546579103993,
    "stdDev": 0.38969919911521494,
    "confidence": 0.9675957865587188,
    "low": 7.82770570672064,
    "high": 8.795301493279359,
    "count": 5
  },
  "Compilation.build chunk graph": {
    "min": 8.302059,
    "max": 9.38816,
    "mean": 8.897847,
    "median": 8.887335,
    "variance": 0.13253937943239996,
    "stdDev": 0.3640595822559818,
    "confidence": 0.9039344156903653,
    "low": 8.445879792154818,
    "high": 9.349814207845183,
    "count": 5
  },
  "Compilation.optimize modules": {
    "min": 0.007315,
    "max": 0.016055,
    "mean": 0.0095422,
    "median": 0.008257,
    "variance": 0.000010778234559999998,
    "stdDev": 0.003283022168673248,
    "confidence": 0.008151513846575618,
    "low": 0.005466443076712192,
    "high": 0.01361795692328781,
    "count": 5
  },
  "Compilation.optimize chunks": {
    "min": 5.098424,
    "max": 5.805306,
    "mean": 5.4823768,
    "median": 5.544375,
    "variance": 0.05676362513576002,
    "stdDev": 0.23825118076467117,
    "confidence": 0.5915609761937919,
    "low": 5.186596311903104,
    "high": 5.778157288096896,
    "count": 5
  },
  "Compilation.optimize tree": {
    "min": 0.002602,
    "max": 0.003159,
    "mean": 0.0029502,
    "median": 0.003047,
    "variance": 3.9819759999999965e-8,
    "stdDev": 0.00019954889125224415,
    "confidence": 0.0004954659050532212,
    "low": 0.0027024670474733894,
    "high": 0.0031979329525266107,
    "count": 5
  },
  "Compilation.optimize chunk modules": {
    "min": 0.003626,
    "max": 0.004362,
    "mean": 0.0041454000000000005,
    "median": 0.004276,
    "variance": 7.270784000000006e-8,
    "stdDev": 0.00026964391333757204,
    "confidence": 0.0006695069299834564,
    "low": 0.0038106465350082725,
    "high": 0.004480153464991729,
    "count": 5
  },
  "Compilation.module ids": {
    "min": 2.000258,
    "max": 2.108168,
    "mean": 2.0452027999999998,
    "median": 2.040692,
    "variance": 0.0014899627741599974,
    "stdDev": 0.03860003593469827,
    "confidence": 0.09584118267686481,
    "low": 1.9972822086615674,
    "high": 2.093123391338432,
    "count": 5
  },
  "Compilation.chunk ids": {
    "min": 0.040073,
    "max": 0.056712,
    "mean": 0.0455392,
    "median": 0.044015,
    "variance": 0.00003371963216,
    "stdDev": 0.00580686078359039,
    "confidence": 0.014418028161443441,
    "low": 0.03833018591927828,
    "high": 0.05274821408072172,
    "count": 5
  },
  "Compilation.assign runtime ids": {
    "min": 0.003345,
    "max": 0.003916,
    "mean": 0.0036432,
    "median": 0.003656,
    "variance": 3.403976000000003e-8,
    "stdDev": 0.00018449867208194216,
    "confidence": 0.0004580972661413817,
    "low": 0.0034141513669293092,
    "high": 0.003872248633070691,
    "count": 5
  },
  "Compilation.optimize code generation": {
    "min": 0.001572,
    "max": 0.002577,
    "mean": 0.0021338,
    "median": 0.002049,
    "variance": 1.4267655999999997e-7,
    "stdDev": 0.00037772550880235765,
    "confidence": 0.0009378659530805281,
    "low": 0.0016648670234597359,
    "high": 0.002602732976540264,
    "count": 5
  },
  "Compilation.create module hashes": {
    "min": 3.941683,
    "max": 4.275289,
    "mean": 4.0358798,
    "median": 3.991335,
    "variance": 0.015016362542960007,
    "stdDev": 0.12254126873408813,
    "confidence": 0.3042613779444996,
    "low": 3.88374911102775,
    "high": 4.18801048897225,
    "count": 5
  },
  "Compilation.module code generation cache": {
    "min": 0,
    "max": 0,
    "mean": 0,
    "median": 0,
    "variance": 0,
    "stdDev": 0,
    "confidence": 0,
    "low": 0,
    "high": 0,
    "count": 5
  },
  "Compilation.code generation": {
    "min": 25.911291,
    "max": 28.503705,
    "mean": 27.227420799999997,
    "median": 27.287762,
    "variance": 0.8175362980765607,
    "stdDev": 0.9041771386606502,
    "confidence": 2.24500843639688,
    "low": 26.104916581801557,
    "high": 28.349925018198437,
    "count": 5
  },
  "Compilation.runtime requirements.modules": {
    "min": 2.296068,
    "max": 2.87796,
    "mean": 2.6191748,
    "median": 2.587447,
    "variance": 0.04052299633255998,
    "stdDev": 0.2013032447144357,
    "confidence": 0.49982184168846544,
    "low": 2.3692638791557674,
    "high": 2.869085720844233,
    "count": 5
  },
  "Compilation.runtime requirements.chunks": {
    "min": 0.210912,
    "max": 0.240654,
    "mean": 0.22693919999999998,
    "median": 0.226189,
    "variance": 0.00014745683976000014,
    "stdDev": 0.012143180792527143,
    "confidence": 0.030150666454914155,
    "low": 0.2118638667725429,
    "high": 0.24201453322745706,
    "count": 5
  },
  "Compilation.runtime requirements.entries": {
    "min": 0.283506,
    "max": 0.307579,
    "mean": 0.29236680000000004,
    "median": 0.292206,
    "variance": 0.00007248920775999995,
    "stdDev": 0.008514059417222783,
    "confidence": 0.02113981254598296,
    "low": 0.28179689372700856,
    "high": 0.3029367062729915,
    "count": 5
  },
  "Compilation.runtime requirements": {
    "min": 2.877268,
    "max": 3.430733,
    "mean": 3.1901086,