{
  "stats": {
    "min": 3079,
    "max": 3140,
    "mean": 3117.2,
    "median": 3125,
    "variance": 428.16,
    "stdDev": 20.6920274502041,
    "confidence": 51.37685327974032,
    "low": 3091.5115733601297,
    "high": 3142.88842663987,
    "count": 5
  },
  "heap memory": {
    "min": 98591888,
    "max": 102498608,
    "mean": 100155142.4,
    "median": 98591888,
    "variance": 2501282768317.4404,
    "stdDev": 1581544.4250217697,
    "confidence": 3926863.912938297,
    "low": 98191710.44353086,
    "high": 102118574.35646915,
    "count": 5
  },
  "rss memory": {
    "min": 699527168,
    "max": 772546560,
    "mean": 739698278.4,
    "median": 736874496,
    "variance": 587276075076157.5,
    "stdDev": 24233779.62836498,
    "confidence": 60170775.59829903,
    "low": 709612890.6008505,
    "high": 769783666.1991495,
    "count": 5
  },
  "external memory": {
    "min": 30238371,
    "max": 30246563,
    "mean": 30242968.4,
    "median": 30244974,
    "variance": 14427380.64,
    "stdDev": 3798.339194964031,
    "confidence": 9431.00988996774,
    "low": 30238252.895055015,
    "high": 30247683.904944982,
    "count": 5
  },
  "array buffers memory": {
    "min": 2260022,
    "max": 2268214,
    "mean": 2263298.8,
    "median": 2260022,
    "variance": 16106127.360000003,
    "stdDev": 4013.2439945759593,
    "confidence": 9964.603438755497,
    "low": 2258316.498280622,
    "high": 2268281.1017193776,
    "count": 5
  },
  "Compilation.finish modules": {
    "min": 8,
    "max": 10,
    "mean": 9,
    "median": 9,
    "variance": 0.4,
    "stdDev": 0.6324555320336759,
    "confidence": 1.570342739659086,
    "low": 8.214828630170457,
    "high": 9.785171369829543,
    "count": 5
  },
  "Compilation.optimize dependencies": {
    "min": 11,
    "max": 11,
    "mean": 11,
    "median": 11,
    "variance": 0,
    "stdDev": 0,
    "confidence": 0,
    "low": 11,
    "high": 11,
    "count": 5
  },
  "Compilation.rebuild chunk graph": {
    "min": 12,
    "max": 12,
    "mean": 12,
    "median": 12,
    "variance": 0,
    "stdDev": 0,
    "confidence": 0,
    "low": 12,
    "high": 12,
    "count": 5
  },
  "Compilation.create chunks": {
    "min": 18,
    "max": 19,
    "mean": 18.8,
    "median": 19,
    "variance": 0.15999999999999998,
    "stdDev": 0.39999999999999997,
    "confidence": 0.993171952886307,
    "low": 18.303414023556847,
    "high": 19.296585976443154,
    "count": 5
  },
  "Compilation.optimize": {
    "min": 30,
    "max": 33,
    "mean": 31.4,
    "median": 31,
    "variance": 1.0399999999999998,
    "stdDev": 1.0198039027185568,
    "confidence": 2.532101584060161,
    "low": 30.133949207969916,
    "high": 32.66605079203008,
    "count": 5
  },
  "Compilation.module ids": {
    "min": 2,
    "max": 2,
    "mean": 2,
    "median": 2,
    "variance": 0,
    "stdDev": 0,
    "confidence": 0,
    "low": 2,
    "high": 2,
    "count": 5
  },
  "Compilation.chunk ids": {
    "min": 2,
    "max": 2,
    "mean": 2,
    "median": 2,
    "variance": 0,
    "stdDev": 0,
    "confidence": 0,
    "low": 2,
    "high": 2,
    "count": 5
  },
  "Compilation.optimize code generation": {
    "min": 1,
    "max": 1,
    "mean": 1,
    "median": 1,
    "variance": 0,
    "stdDev": 0,
    "confidence": 0,
    "low": 1,
    "high": 1,
    "count": 5
  },
  "Compilation.code generation": {
    "min": 52,
    "max": 57,
    "mean": 53.2,
    "median": 52,
    "variance": 3.7600000000000002,
    "stdDev": 1.9390719429665317,
    "confidence": 4.814579670957784,
    "low": 50.79271016452111,
    "high": 55.607289835478895,
    "count": 5
  },
  "Compilation.runtime requirements.modules": {
    "min": 0,
    "max": 1,
    "mean": 0.2,
    "median": 0,
    "variance": 0.16000000000000003,
    "stdDev": 0.4,
    "confidence": 0.6965859764431532,
    "low": 0,
    "high": 0.6965859764431532,
    "count": 5
  },
  "Compilation.runtime requirements.chunks": {
    "min": 0,
    "max": 0,
    "mean": 0,
    "median": 0,
    "variance": 0,
    "stdDev": 0,
    "confidence": 0,
    "low": 0,
    "high": 0,
    "count": 5
  },
  "Compilation.runtime requirements.entries": {
    "min": 0,
    "max": 0,
    "mean": 0,
    "median": 0,
    "variance": 0,
    "stdDev": 0,
    "confidence": 0,
    "low": 0,
    "high": 0,
    "count": 5
  },
  "Compilation.runtime requirements": {
    "min": 1,
    "max": 2,
    "mean": 1.2,
    "median": 1,
    "variance": 0.16,
    "stdDev": 0.4,
    "confidence": 0.9931719528863066,
    "low": 0.7034140235568467,
    "high": 1.6965859764431532,
    "count": 5
  },
  "Compilation.hashing: hash chunks": {
    "min": 1,
    "max": 1,
    "mean": 1,
    "median": 1,
    "variance": 0,
    "stdDev": 0,
    "confidence": 0,
    "low": 1,
    "high": 1,
    "count": 5
  },
  "Compilation.hashing: hash runtime chunks": {
    "min": 1,
    "max": 1,
    "mean": 1,
    "median": 1,
    "variance": 0,
    "stdDev": 0,
    "confidence": 0,
    "low": 1,
    "high": 1,
    "count": 5
  },
  "Compilation.hashing: process full hash chunks": {
    "min": 0,
    "max": 0,
    "mean": 0,
    "median": 0,
    "variance": 0,
    "stdDev": 0,
    "confidence": 0,
    "low": 0,
    "high": 0,
    "count": 5
  },
  "Compilation.hashing": {
    "min": 2,
    "max": 2,
    "mean": 2,
    "median": 2,
    "variance": 0,
    "stdDev": 0,
    "confidence": 0,
    "low": 2,
    "high": 2,
    "count": 5
  },
  "Compilation.create module assets": {
    "min": 0,
    "max": 0,
    "mean": 0,
    "median": 0,
    "variance": 0,
    "stdDev": 0,
    "confidence": 0,
    "low": 0,
    "high": 0,
    "count": 5
  },
  "Compilation.create chunk assets": {
    "min": 2,
    "max": 3,
    "mean": 2.2,
    "median": 2,
    "variance": 0.15999999999999998,
    "stdDev": 0.39999999999999997,
    "confidence": 0.9931719528863063,
    "low": 1.703414023556847,
    "high": 2.6965859764431532,
    "count": 5
  },
  "Compilation.process assets": {
    "min": 1502,
    "max": 1569,
    "mean": 1534.4,
    "median": 1534,
    "variance": 457.84,
    "stdDev": 21.397196077991154,
    "confidence": 53.12773753767442,
    "low": 1507.8361312311629,
    "high": 1560.9638687688373,
    "count": 5
  },
  "Compilation.after process assets": {
    "min": 0,
    "max": 0,
    "mean": 0,
    "median": 0,
    "variance": 0,
    "stdDev": 0,
    "confidence": 0,
    "low": 0,
    "high": 0,
    "count": 5
  },
  "Compilation.after seal": {
    "min": 0,
    "max": 0,
    "mean": 0,
    "median": 0,
    "variance": 0,
    "stdDev": 0,
    "confidence": 0,
    "low": 0,
    "high": 0,
    "count": 5
  },
  "Compiler.make hook": {
    "min": 0,
    "max": 0,
    "mean": 0,
    "median": 0,
    "variance": 0,
    "stdDev": 0,
    "confidence": 0,
    "low": 0,
    "high": 0,
    "count": 5
  },
  "Compiler.make": {
    "min": 1323,
    "max": 1363,
    "mean": 1345,
    "median": 1349,
    "variance": 179.2,
    "stdDev": 13.386560424545209,
    "confidence": 33.23789089819047,
    "low": 1328.3810545509048,
    "high": 1361.6189454490952,
    "count": 5
  },
  "Compiler.finish make hook": {
    "min": 0,
    "max": 0,
    "mean": 0,
    "median": 0,
    "variance": 0,
    "stdDev": 0,
    "confidence": 0,
    "low": 0,
    "high": 0,
    "count": 5
  },
  "Compiler.finish compilation": {
    "min": 12,
    "max": 14,
    "mean": 12.6,
    "median": 12,
    "variance": 0.64,
    "stdDev": 0.8,
    "confidence": 1.986343905772614,
    "low": 11.606828047113693,
    "high": 13.593171952886307,
    "count": 5
  },
  "Compiler.seal compilation": {
    "min": 1640,
    "max": 1713,
    "mean": 1675.8,
    "median": 1677,
    "variance": 536.56,
    "stdDev": 23.163764806265842,
    "confidence": 57.51400382209522,
    "low": 1647.0429980889523,
    "high": 1704.5570019110476,
    "count": 5
  },
  "Compiler.emitAssets": {
    "min": 54,
    "max": 68,
    "mean": 60.4,
    "median": 60,
    "variance": 26.24,
    "stdDev": 5.122499389946279,
    "confidence": 12.718806806929656,