{
  "stats": {
    "min": 2781,
    "max": 2811,
    "mean": 2798,
    "median": 2805,
    "variance": 138.4,
    "stdDev": 11.764352935882194,
    "confidence": 29.21006344943453,
    "low": 2783.3949682752827,
    "high": 2812.6050317247173,
    "count": 5
  },
  "heap memory": {
    "min": 69450400,
    "max": 77625376,
    "mean": 72660110.4,
    "median": 71456176,
    "variance": 7845095386122.24,
    "stdDev": 2800909.7425876185,
    "confidence": 6954462.497260064,
    "low": 69182879.15136997,
    "high": 76137341.64863004,
    "count": 5
  },
  "rss memory": {
    "min": 642215936,
    "max": 654241792,
    "mean": 648557363.2,
    "median": 650219520,
    "variance": 18499084495093.758,
    "stdDev": 4301056.206921011,
    "confidence": 10679220.981253862,
    "low": 643217752.7093731,
    "high": 653896973.690627,
    "count": 5
  },
  "external memory": {
    "min": 12185441,
    "max": 13051157,
    "mean": 12527819.2,
    "median": 12386723,
    "variance": 91017134066.56001,
    "stdDev": 301690.46068207064,
    "confidence": 749076.260006953,
    "low": 12153281.069996523,
    "high": 12902357.330003476,
    "count": 5
  },
  "array buffers memory": {
    "min": 4203369,
    "max": 4328266,
    "mean": 4293502,
    "median": 4308932,
    "variance": 2141118873.2,
    "stdDev": 46272.22572126826,
    "confidence": 114890.6919599697,
    "low": 4236056.654020015,
    "high": 4350947.345979985,
    "count": 5
  },
  "Compilation.build module graph": {
    "min": 579.150121,
    "max": 592.979412,
    "mean": 586.8702044,
    "median": 587.634349,
    "variance": 22.892565488589497,
    "stdDev": 4.784617590632453,
    "confidence": 11.87986999075656,
    "low": 580.9302694046218,
    "high": 592.8101393953783,
    "count": 5
  },
  "Compilation.finish modules": {
    "min": 13.666385,
    "max": 14.62575,
    "mean": 14.1425832,
    "median": 14.291789,
    "variance": 0.12764394486775996,
    "stdDev": 0.35727292770060254,
    "confidence": 0.8870836282945405,
    "low": 13.69904138585273,
    "high": 14.586125014147271,
    "count": 5
  },
  "Compilation.seal": {
    "min": 0.003539,
    "max": 0.003968,
    "mean": 0.0037218,
    "median": 0.003727,
    "variance": 2.1684560000000017e-8,
    "stdDev": 0.00014725678252630682,
    "confidence": 0.0003656282656935156,
    "low": 0.003538985867153242,
    "high": 0.0039046141328467577,
    "count": 5
  },
  "Compilation.optimize dependencies": {
    "min": 18.795274,
    "max": 19.771426,
    "mean": 19.435187,
    "median": 19.742523,
    "variance": 0.16761281564720004,
    "stdDev": 0.40940544164336656,
    "confidence": 1.0165250049980585,
    "low": 18.92692449750097,
    "high": 19.94344950249903,
    "count": 5
  },
  "Compilation.rebuild chunk graph": {
    "min": 8.789877,
    "max": 9.690206,
    "mean": 9.338618199999999,
    "median": 9.471983,
    "variance": 0.12709937253495976,
    "stdDev": 0.35650998939014283,
    "confidence": 0.8851893059652127,
    "low": 8.896023547017393,
    "high": 9.781212852982605,
    "count": 5
  },
  "Compilation.build chunk graph": {
    "min": 9.598956,
    "max": 10.666246,
    "mean": 10.1522048,
    "median": 10.21475,
    "variance": 0.1511499504281601,
    "stdDev": 0.38878007977281975,
    "confidence": 0.9653136776781643,
    "low": 9.669547961160918,
    "high": 10.634861638839082,
    "count": 5
  },
  "Compilation.optimize modules": {
    "min": 3.368885,
    "max": 3.683815,
    "mean": 3.5598045999999997,
    "median": 3.662282,
    "variance": 0.019562471784239987,
    "stdDev": 0.13986590643984684,
    "confidence": 0.34727723860269055,
    "low": 3.3861659806986544,
    "high": 3.733443219301345,
    "count": 5
  },
  "Compilation.optimize chunks": {
    "min": 6.392282,
    "max": 6.815964,
    "mean": 6.541283,
    "median": 6.468651,
    "variance": 0.023179208957600027,
    "stdDev": 0.15224719687928584,
    "confidence": 0.37801911461516546,
    "low": 6.352273442692417,
    "high": 6.730292557307583,
    "count": 5
  },
  "Compilation.optimize tree": {
    "min": 0.00227,
    "max": 0.009225,
    "mean": 0.0050428,
    "median": 0.00253,
    "variance": 0.000010636330160000001,
    "stdDev": 0.0032613387067276533,
    "confidence": 0.00809767533096101,
    "low": 0.0009939623345194947,
    "high": 0.009091637665480505,
    "count": 5
  },
  "Compilation.optimize chunk modules": {
    "min": 20.804961,
    "max": 21.767015,
    "mean": 21.2084438,
    "median": 21.062736,
    "variance": 0.11991830224296034,
    "stdDev": 0.3462922208813827,
    "confidence": 0.8598193032052492,
    "low": 20.778534148397377,
    "high": 21.638353451602626,
    "count": 5
  },
  "Compilation.module ids": {
    "min": 0.225716,
    "max": 0.276865,
    "mean": 0.2388198,
    "median": 0.230467,
    "variance": 0.00036625187096000046,
    "stdDev": 0.019137708090573448,
    "confidence": 0.04751758729520722,
    "low": 0.2150610063523964,
    "high": 0.2625785936476036,
    "count": 5
  },
  "Compilation.chunk ids": {
    "min": 0.008443,
    "max": 0.019341,
    "mean": 0.0133302,
    "median": 0.010906,
    "variance": 0.000021061502159999998,
    "stdDev": 0.0045892812247671205,
    "confidence": 0.011394863490866054,
    "low": 0.007632768254566973,
    "high": 0.019027631745433028,
    "count": 5
  },
  "Compilation.assign runtime ids": {
    "min": 0.002613,
    "max": 0.002952,
    "mean": 0.0027089999999999996,
    "median": 0.002662,
    "variance": 1.525480000000003e-8,
    "stdDev": 0.0001235103234551672,
    "confidence": 0.0003066674728689697,
    "low": 0.0025556662635655147,
    "high": 0.0028623337364344845,
    "count": 5
  },
  "Compilation.optimize code generation": {
    "min": 2.737295,
    "max": 2.90062,
    "mean": 2.8424934,
    "median": 2.862467,
    "variance": 0.0032981247058399984,
    "stdDev": 0.05742930180526312,
    "confidence": 0.14259292956707537,
    "low": 2.7711969352164623,
    "high": 2.9137898647835376,
    "count": 5
  },
  "Compilation.create module hashes": {
    "min": 10.969014,
    "max": 12.803495,
    "mean": 12.055161799999999,
    "median": 12.424525,
    "variance": 0.4652374248125598,
    "stdDev": 0.682083150951964,
    "confidence": 1.693564637654518,
    "low": 11.20837948117274,
    "high": 12.901944118827258,
    "count": 5
  },
  "Compilation.module code generation cache": {
    "min": 0,
    "max": 0,
    "mean": 0,
    "median": 0,
    "variance": 0,
    "stdDev": 0,
    "confidence": 0,
    "low": 0,
    "high": 0,
    "count": 5
  },
  "Compilation.code generation": {
    "min": 88.052701,
    "max": 91.035405,
    "mean": 89.13950399999999,
    "median": 89.142161,
    "variance": 1.131876565678398,
    "stdDev": 1.0638968773703577,
    "confidence": 2.641581348418896,
    "low": 87.81871332579054,
    "high": 90.46029467420944,
    "count": 5
  },
  "Compilation.runtime requirements.modules": {
    "min": 0.096078,
    "max": 0.110598,
    "mean": 0.10297319999999999,
    "median": 0.101502,
    "variance": 0.000026250874960000022,
    "stdDev": 0.0051235607696210675,
    "confidence": 0.012721442138240557,
    "low": 0.09661247893087971,
    "high": 0.10933392106912027,
    "count": 5
  },
  "Compilation.runtime requirements.chunks": {
    "min": 0.042868,
    "max": 0.078565,
    "mean": 0.0547712,
    "median": 0.044645,
    "variance": 0.00020226560375999998,
    "stdDev": 0.014222011241733709,
    "confidence": 0.03531225669730918,
    "low": 0.03711507165134541,
    "high": 0.07242732834865459,
    "count": 5
  },
  "Compilation.runtime requirements.entries": {
    "min": 0.303919,
    "max": 0.485861,
    "mean": 0.3597246,
    "median": 0.319645,
    "variance": 0.00453179023304,
    "stdDev": 0.06731857271986684,
    "confidence": 0.16714729583427246,
    "low": 0.2761509520828638,
    "high": 0.44329824791713623,
    "count": 5
  },
  "Compilation.runtime requirements": {
    "min": 0.540038,
    "max": 0.721221,
    "mean": 0.5963444,
    "median": 0.557139,