{
  "stats": {
    "min": 34.18181818181818,
    "max": 35.18181818181818,
    "mean": 34.61818181818182,
    "median": 34.63636363636363,
    "variance": 0.1335537190082644,
    "stdDev": 0.3654500225862141,
    "confidence": 0.9073867815357346,
    "low": 34.16448842741395,
    "high": 35.071875208949685,
    "count": 5
  },
  "heap memory": {
    "min": 73077887.27272727,
    "max": 88881674.18181819,
    "mean": 77846237.52727273,
    "median": 74518093.0909091,
    "variance": 35495456772643.48,
    "stdDev": 5957806.372537083,
    "confidence": 14792815.474827826,
    "low": 70449829.78985882,
    "high": 85242645.26468664,
    "count": 5
  },
  "rss memory": {
    "min": 398637242.1818182,
    "max": 415348549.8181818,
    "mean": 404870832.8727273,
    "median": 403182685.09090906,
    "variance": 31604005855213.02,
    "stdDev": 5621744.0225621285,
    "confidence": 13958396.223787427,
    "low": 397891634.76083356,
    "high": 411850030.984621,
    "count": 5
  },
  "external memory": {
    "min": 4023339.909090909,
    "max": 5812739,
    "mean": 4431282.236363636,
    "median": 4065916.272727273,
    "variance": 482376146410.306,
    "stdDev": 694533.041985985,
    "confidence": 1724476.8441332192,
    "low": 3569043.8142970265,
    "high": 5293520.658430246,
    "count": 5
  },
  "array buffers memory": {
    "min": 657474.8181818182,
    "max": 2292544.272727273,
    "mean": 1001472.490909091,
    "median": 673696,
    "variance": 416943224499.8699,
    "stdDev": 645711.4096094863,
    "confidence": 1603256.1542070583,
    "low": 199844.41380556184,
    "high": 1803100.56801262,
    "count": 5
  },
  "Compilation.finish modules": {
    "min": 1,
    "max": 1,
    "mean": 1,
    "median": 1,
    "variance": 0,
    "stdDev": 0,
    "confidence": 0,
    "low": 1,
    "high": 1,
    "count": 5
  },
  "Compilation.optimize dependencies": {
    "min": 0,
    "max": 0.09090909090909091,
    "mean": 0.01818181818181818,
    "median": 0,
    "variance": 0.0013223140495867767,
    "stdDev": 0.03636363636363636,
    "confidence": 0.06332599785846847,
    "low": 0,
    "high": 0.06332599785846847,
    "count": 5
  },
  "Compilation.rebuild chunk graph": {
    "min": 7.454545454545454,
    "max": 7.818181818181818,
    "mean": 7.745454545454547,
    "median": 7.818181818181818,
    "variance": 0.021157024793388494,
    "stdDev": 0.14545454545454567,
    "confidence": 0.3611534374132024,
    "low": 7.564877826747946,
    "high": 7.926031264161148,
    "count": 5
  },
  "Compilation.create chunks": {
    "min": 14.545454545454545,
    "max": 14.909090909090908,
    "mean": 14.745454545454546,
    "median": 14.727272727272727,
    "variance": 0.014545454545454545,
    "stdDev": 0.12060453783110545,
    "confidence": 0.29945261091167197,
    "low": 14.59572823999871,
    "high": 14.895180850910382,
    "count": 5
  },
  "Compilation.optimize": {
    "min": 0,
    "max": 0,
    "mean": 0,
    "median": 0,
    "variance": 0,
    "stdDev": 0,
    "confidence": 0,
    "low": 0,
    "high": 0,
    "count": 5
  },
  "Compilation.module ids": {
    "min": 0,
    "max": 0,
    "mean": 0,
    "median": 0,
    "variance": 0,
    "stdDev": 0,
    "confidence": 0,
    "low": 0,
    "high": 0,
    "count": 5
  },
  "Compilation.chunk ids": {
    "min": 1,
    "max": 1.1818181818181819,
    "mean": 1.0727272727272728,
    "median": 1.0909090909090908,
    "variance": 0.004628099173553721,
    "stdDev": 0.06803013430498077,
    "confidence": 0.1689140533569886,
    "low": 0.9882702460487784,
    "high": 1.157184299405767,
    "count": 5
  },
  "Compilation.optimize code generation": {
    "min": 0,
    "max": 0,
    "mean": 0,
    "median": 0,
    "variance": 0,
    "stdDev": 0,
    "confidence": 0,
    "low": 0,
    "high": 0,
    "count": 5
  },
  "Compilation.module code generation cache": {
    "min": 0,
    "max": 0,
    "mean": 0,
    "median": 0,
    "variance": 0,
    "stdDev": 0,
    "confidence": 0,
    "low": 0,
    "high": 0,
    "count": 5
  },
  "Compilation.code generation": {
    "min": 0,
    "max": 0,
    "mean": 0,
    "median": 0,
    "variance": 0,
    "stdDev": 0,
    "confidence": 0,
    "low": 0,
    "high": 0,
    "count": 5
  },
  "Compilation.runtime requirements.modules": {
    "min": 0,
    "max": 0,
    "mean": 0,
    "median": 0,
    "variance": 0,
    "stdDev": 0,
    "confidence": 0,
    "low": 0,
    "high": 0,
    "count": 5
  },
  "Compilation.runtime requirements.chunks": {
    "min": 0,
    "max": 0,
    "mean": 0,
    "median": 0,
    "variance": 0,
    "stdDev": 0,
    "confidence": 0,
    "low": 0,
    "high": 0,
    "count": 5
  },
  "Compilation.runtime requirements.entries": {
    "min": 0,
    "max": 0,
    "mean": 0,
    "median": 0,
    "variance": 0,
    "stdDev": 0,
    "confidence": 0,
    "low": 0,
    "high": 0,
    "count": 5
  },
  "Compilation.runtime requirements": {
    "min": 0,
    "max": 0,
    "mean": 0,
    "median": 0,
    "variance": 0,
    "stdDev": 0,
    "confidence": 0,
    "low": 0,
    "high": 0,
    "count": 5
  },
  "Compilation.hashing: hash chunks": {
    "min": 0,
    "max": 0.09090909090909091,
    "mean": 0.03636363636363636,
    "median": 0,
    "variance": 0.0019834710743801653,
    "stdDev": 0.04453617714151233,
    "confidence": 0.09165373889579422,
    "low": 0,
    "high": 0.09165373889579422,
    "count": 5
  },
  "Compilation.hashing: hash runtime chunks": {
    "min": 0,
    "max": 0.18181818181818182,
    "mean": 0.05454545454545454,
    "median": 0,
    "variance": 0.005289256198347108,
    "stdDev": 0.07272727272727272,
    "confidence": 0.14483381389875513,
    "low": 0,
    "high": 0.14483381389875513,
    "count": 5
  },
  "Compilation.hashing: process full hash chunks": {
    "min": 0,
    "max": 0,
    "mean": 0,
    "median": 0,
    "variance": 0,
    "stdDev": 0,
    "confidence": 0,
    "low": 0,
    "high": 0,
    "count": 5
  },
  "Compilation.hashing": {
    "min": 1.0909090909090908,
    "max": 1.2727272727272727,
    "mean": 1.1636363636363636,
    "median": 1.1818181818181819,
    "variance": 0.004628099173553724,
    "stdDev": 0.06803013430498078,
    "confidence": 0.1689140533569886,
    "low": 1.0791793369578693,
    "high": 1.2480933903148579,
    "count": 5
  },
  "Compilation.create module assets": {
    "min": 0,
    "max": 0,
    "mean": 0,
    "median": 0,
    "variance": 0,
    "stdDev": 0,
    "confidence": 0,
    "low": 0,
    "high": 0,
    "count": 5
  },
  "Compilation.create chunk assets": {
    "min": 1,
    "max": 1.0909090909090908,
    "mean": 1.0363636363636364,
    "median": 1,
    "variance": 0.001983471074380162,
    "stdDev": 0.04453617714151229,
    "confidence": 0.11058020506431554,
    "low": 0.9810735338314786,
    "high": 1.091653738895794,
    "count": 5
  },
  "Compilation.process assets": {
    "min": 1.4545454545454546,
    "max": 1.9090909090909092,
    "mean": 1.6363636363636367,
    "median": 1.6363636363636365,
    "variance": 0.02975206611570248,
    "stdDev": 0.17248787237282068,
    "confidence": 0.42827529263429565,
    "low": 1.4222259900464889,
    "high": 1.8505012826807845,
    "count": 5
  },
  "Compilation.after process assets": {
    "min": 0,
    "max": 0,
    "mean": 0,
    "median": 0,
    "variance": 0,
    "stdDev": 0,
    "confidence": 0,
    "low": 0,
    "high": 0,
    "count": 5
  },
  "Compilation.after seal": {
    "min": 0,
    "max": 0,
    "mean": 0,
    "median": 0,
    "variance": 0,
    "stdDev": 0,
    "confidence": 0,
    "low": 0,
    "high": 0,
    "count": 5
  },
  "Compiler.make hook": {
    "min": 0,
    "max": 0,
    "mean": 0,
    "median": 0,
    "variance": 0,
    "stdDev": 0,
    "confidence": 0,
    "low": 0,
    "high": 0,
    "count": 5
  },
  "Compiler.make": {
    "min": 2,
    "max": 2.1818181818181817,
    "mean": 2.0727272727272728,
    "median": 2.090909090909091,
    "variance": 0.0046280991735537114,
    "stdDev": 0.0680301343049807,
    "confidence": 0.1689140533569884,