{
  "stats": {
    "min": 35,
    "max": 35.90909090909091,
    "mean": 35.400000000000006,
    "median": 35.36363636363637,
    "variance": 0.08793388429752004,
    "stdDev": 0.2965364805509097,
    "confidence": 0.7362792887269478,
    "low": 35.03186035563653,
    "high": 35.76813964436348,
    "count": 5
  },
  "heap memory": {
    "min": 61888868.36363637,
    "max": 62920554.18181818,
    "mean": 62276557.81818181,
    "median": 62203826.90909091,
    "variance": 121923061741.38106,
    "stdDev": 349174.8297649489,
    "confidence": 866976.6189409941,
    "low": 61843069.508711316,
    "high": 62710046.12765231,
    "count": 5
  },
  "rss memory": {
    "min": 435786100.3636364,
    "max": 467539781.8181818,
    "mean": 446783934.8363636,
    "median": 444128907.6363636,
    "variance": 118757881262715.03,
    "stdDev": 10897608.969985804,
    "confidence": 27057998.95628035,
    "low": 433254935.35822344,
    "high": 460312934.3145038,
    "count": 5
  },
  "external memory": {
    "min": 3748224.727272727,
    "max": 3802134.1818181816,
    "mean": 3781986.4727272727,
    "median": 3793942.1818181816,
    "variance": 387539933.9583473,
    "stdDev": 19686.033982454344,
    "confidence": 48879.04203735106,
    "low": 3757546.951708597,
    "high": 3806425.993745948,
    "count": 5
  },
  "array buffers memory": {
    "min": 582941,
    "max": 613311,
    "mean": 603945.0545454544,
    "median": 605119,
    "variance": 123591138.2664462,
    "stdDev": 11117.155133686234,
    "confidence": 27603.116686658002,
    "low": 590143.4962021254,
    "high": 617746.6128887834,
    "count": 5
  },
  "Compilation.finish modules": {
    "min": 1,
    "max": 1.0909090909090908,
    "mean": 1.018181818181818,
    "median": 1,
    "variance": 0.0013223140495867746,
    "stdDev": 0.036363636363636334,
    "confidence": 0.0902883593533006,
    "low": 0.9730376385051678,
    "high": 1.0633259978584684,
    "count": 5
  },
  "Compilation.optimize dependencies": {
    "min": 0,
    "max": 0.09090909090909091,
    "mean": 0.01818181818181818,
    "median": 0,
    "variance": 0.0013223140495867767,
    "stdDev": 0.03636363636363636,
    "confidence": 0.06332599785846847,
    "low": 0,
    "high": 0.06332599785846847,
    "count": 5
  },
  "Compilation.rebuild chunk graph": {
    "min": 7.7272727272727275,
    "max": 8,
    "mean": 7.854545454545456,
    "median": 7.818181818181818,
    "variance": 0.008595041322314034,
    "stdDev": 0.09270944570168692,
    "confidence": 0.23019105309637844,
    "low": 7.739449927997267,
    "high": 7.9696409810936455,
    "count": 5
  },
  "Compilation.create chunks": {
    "min": 14.909090909090908,
    "max": 15.090909090909092,
    "mean": 14.963636363636363,
    "median": 14.909090909090908,
    "variance": 0.005289256198347201,
    "stdDev": 0.07272727272727336,
    "confidence": 0.18057671870660386,
    "low": 14.873348004283061,
    "high": 15.053924722989665,
    "count": 5
  },
  "Compilation.optimize": {
    "min": 0,
    "max": 0,
    "mean": 0,
    "median": 0,
    "variance": 0,
    "stdDev": 0,
    "confidence": 0,
    "low": 0,
    "high": 0,
    "count": 5
  },
  "Compilation.module ids": {
    "min": 0,
    "max": 0,
    "mean": 0,
    "median": 0,
    "variance": 0,
    "stdDev": 0,
    "confidence": 0,
    "low": 0,
    "high": 0,
    "count": 5
  },
  "Compilation.chunk ids": {
    "min": 1,
    "max": 1.1818181818181819,
    "mean": 1.0545454545454545,
    "median": 1,
    "variance": 0.0052892561983471096,
    "stdDev": 0.07272727272727274,
    "confidence": 0.1805767187066012,
    "low": 0.9642570951921539,
    "high": 1.144833813898755,
    "count": 5
  },
  "Compilation.optimize code generation": {
    "min": 0,
    "max": 0,
    "mean": 0,
    "median": 0,
    "variance": 0,
    "stdDev": 0,
    "confidence": 0,
    "low": 0,
    "high": 0,
    "count": 5
  },
  "Compilation.module code generation cache": {
    "min": 0,
    "max": 0,
    "mean": 0,
    "median": 0,
    "variance": 0,
    "stdDev": 0,
    "confidence": 0,
    "low": 0,
    "high": 0,
    "count": 5
  },
  "Compilation.code generation": {
    "min": 0,
    "max": 0,
    "mean": 0,
    "median": 0,
    "variance": 0,
    "stdDev": 0,
    "confidence": 0,
    "low": 0,
    "high": 0,
    "count": 5
  },
  "Compilation.runtime requirements.modules": {
    "min": 0,
    "max": 0,
    "mean": 0,
    "median": 0,
    "variance": 0,
    "stdDev": 0,
    "confidence": 0,
    "low": 0,
    "high": 0,
    "count": 5
  },
  "Compilation.runtime requirements.chunks": {
    "min": 0,
    "max": 0,
    "mean": 0,
    "median": 0,
    "variance": 0,
    "stdDev": 0,
    "confidence": 0,
    "low": 0,
    "high": 0,
    "count": 5
  },
  "Compilation.runtime requirements.entries": {
    "min": 0,
    "max": 0,
    "mean": 0,
    "median": 0,
    "variance": 0,
    "stdDev": 0,
    "confidence": 0,
    "low": 0,
    "high": 0,
    "count": 5
  },
  "Compilation.runtime requirements": {
    "min": 0.18181818181818182,
    "max": 0.5454545454545454,
    "mean": 0.34545454545454546,
    "median": 0.2727272727272727,
    "variance": 0.017851239669421485,
    "stdDev": 0.13360853142453696,
    "confidence": 0.3317406151929471,
    "low": 0.17958423785807193,
    "high": 0.511324853051019,
    "count": 5
  },
  "Compilation.hashing: hash chunks": {
    "min": 0,
    "max": 0.18181818181818182,
    "mean": 0.03636363636363636,
    "median": 0,
    "variance": 0.005289256198347107,
    "stdDev": 0.07272727272727272,
    "confidence": 0.12665199571693694,
    "low": 0,
    "high": 0.12665199571693694,
    "count": 5
  },
  "Compilation.hashing: hash runtime chunks": {
    "min": 0,
    "max": 0.2727272727272727,
    "mean": 0.14545454545454545,
    "median": 0.18181818181818182,
    "variance": 0.008595041322314048,
    "stdDev": 0.09270944570168699,
    "confidence": 0.23019105309637866,
    "low": 0.030359018906356117,
    "high": 0.2605500720027348,
    "count": 5
  },
  "Compilation.hashing: process full hash chunks": {
    "min": 0,
    "max": 0,
    "mean": 0,
    "median": 0,
    "variance": 0,
    "stdDev": 0,
    "confidence": 0,
    "low": 0,
    "high": 0,
    "count": 5
  },
  "Compilation.hashing": {
    "min": 1,
    "max": 1.5454545454545454,
    "mean": 1.218181818181818,
    "median": 1.1818181818181819,
    "variance": 0.044958677685950396,
    "stdDev": 0.21203461435801088,
    "confidence": 0.5264670800536013,
    "low": 0.9549482781550174,
    "high": 1.4814153582086187,
    "count": 5
  },
  "Compilation.create module assets": {
    "min": 0,
    "max": 0,
    "mean": 0,
    "median": 0,
    "variance": 0,
    "stdDev": 0,
    "confidence": 0,
    "low": 0,
    "high": 0,
    "count": 5
  },
  "Compilation.create chunk assets": {
    "min": 1,
    "max": 1,
    "mean": 1,
    "median": 1,
    "variance": 0,
    "stdDev": 0,
    "confidence": 0,
    "low": 1,
    "high": 1,
    "count": 5
  },
  "Compilation.process assets": {
    "min": 1.6363636363636365,
    "max": 1.9090909090909092,
    "mean": 1.7454545454545454,
    "median": 1.7272727272727273,
    "variance": 0.011239669421487597,
    "stdDev": 0.10601730717900544,
    "confidence": 0.26323354002680066,
    "low": 1.613837775441145,
    "high": 1.8770713154679457,
    "count": 5
  },
  "Compilation.after process assets": {
    "min": 0,
    "max": 0,
    "mean": 0,
    "median": 0,
    "variance": 0,
    "stdDev": 0,
    "confidence": 0,
    "low": 0,
    "high": 0,
    "count": 5
  },
  "Compilation.after seal": {
    "min": 0,
    "max": 0,
    "mean": 0,
    "median": 0,
    "variance": 0,
    "stdDev": 0,
    "confidence": 0,
    "low": 0,
    "high": 0,
    "count": 5
  },
  "Compiler.make hook": {
    "min": 0,
    "max": 0,
    "mean": 0,
    "median": 0,
    "variance": 0,
    "stdDev": 0,
    "confidence": 0,
    "low": 0,
    "high": 0,
    "count": 5
  },
  "Compiler.make": {
    "min": 2,
    "max": 2.1818181818181817,
    "mean": 2.109090909090909,