{
  "stats": {
    "min": 5609,
    "max": 5812,
    "mean": 5668.5,
    "median": 5644,
    "variance": 5213.85,
    "stdDev": 72.20699412106836,
    "confidence": 103.30036654223477,
    "low": 5616.849816728883,
    "high": 5720.150183271117,
    "count": 10
  },
  "heap memory": {
    "min": 19539320,
    "max": 72986664,
    "mean": 30230808,
    "median": 19572520,
    "variance": 455117339476710.4,
    "stdDev": 21333479.31015263,
    "confidence": 30519982.990358785,
    "low": 14970816.50482061,
    "high": 45490799.49517939,
    "count": 10
  },
  "rss memory": {
    "min": 1029685248,
    "max": 1169739776,
    "mean": 1074397184,
    "median": 1062217728,
    "variance": 1665617570142617.5,
    "stdDev": 40811978.26793768,
    "confidence": 58386204.35193503,
    "low": 1045204081.8240324,
    "high": 1103590286.1759675,
    "count": 10
  },
  "external memory": {
    "min": 46934030,
    "max": 46998363,
    "mean": 46967969.2,
    "median": 46971624.5,
    "variance": 362614259.56,
    "stdDev": 19042.433131299164,
    "confidence": 27242.379304990172,
    "low": 46954348.01034751,
    "high": 46981590.3896525,
    "count": 10
  },
  "array buffers memory": {
    "min": 33273,
    "max": 12618535,
    "mean": 2549120.9,
    "median": 33273,
    "variance": 25317969877838.883,
    "stdDev": 5031696.520840549,
    "confidence": 6148329.683435952,
    "low": 0,
    "high": 6148329.683435952,
    "count": 10
  },
  "Compilation.make hook": {
    "min": 0,
    "max": 0,
    "mean": 0,
    "median": 0,
    "variance": 0,
    "stdDev": 0,
    "confidence": 0,
    "low": 0,
    "high": 0,
    "count": 10
  },
  "Compilation.module add task": {
    "min": 88,
    "max": 99,
    "mean": 93.2,
    "median": 92.5,
    "variance": 8.76,
    "stdDev": 2.9597297173897483,
    "confidence": 4.234231993644187,
    "low": 91.08288400317791,
    "high": 95.3171159968221,
    "count": 10
  },
  "Compilation.module process dependencies task": {
    "min": 75,
    "max": 95,
    "mean": 84.5,
    "median": 82,
    "variance": 50.45,
    "stdDev": 7.102816342831906,
    "confidence": 10.161391436215808,
    "low": 79.4193042818921,
    "high": 89.5806957181079,
    "count": 10
  },
  "Compilation.module factorize task": {
    "min": 60,
    "max": 67,
    "mean": 63.2,
    "median": 63.5,
    "variance": 5.16,
    "stdDev": 2.2715633383201093,
    "confidence": 3.2497312528884663,
    "low": 61.57513437355577,
    "high": 64.82486562644424,
    "count": 10
  },
  "Compilation.module build task": {
    "min": 48,
    "max": 51,
    "mean": 49.2,
    "median": 49,
    "variance": 0.9599999999999997,
    "stdDev": 0.9797958971132711,
    "confidence": 1.4017101326593888,
    "low": 48.49914493367031,
    "high": 49.9008550663297,
    "count": 10
  },
  "Compilation.finish modules": {
    "min": 0,
    "max": 0,
    "mean": 0,
    "median": 0,
    "variance": 0,
    "stdDev": 0,
    "confidence": 0,
    "low": 0,
    "high": 0,
    "count": 10
  },
  "Compilation.optimize dependencies": {
    "min": 109,
    "max": 116,
    "mean": 113,
    "median": 113,
    "variance": 3.6,
    "stdDev": 1.8973665961010275,
    "confidence": 2.714400000000012,
    "low": 111.6428,
    "high": 114.3572,
    "count": 10
  },
  "Compilation.create chunks": {
    "min": 23,
    "max": 26,
    "mean": 24,
    "median": 23.5,
    "variance": 1.2,
    "stdDev": 1.0954451150103321,
    "confidence": 1.5671595706883181,
    "low": 23.21642021465584,
    "high": 24.78357978534416,
    "count": 10
  },
  "Compilation.optimize": {
    "min": 0,
    "max": 0,
    "mean": 0,
    "median": 0,
    "variance": 0,
    "stdDev": 0,
    "confidence": 0,
    "low": 0,
    "high": 0,
    "count": 10
  },
  "Compilation.module ids": {
    "min": 19,
    "max": 24,
    "mean": 20.7,
    "median": 20.5,
    "variance": 2.61,
    "stdDev": 1.6155494421403511,
    "confidence": 2.3112283175835344,
    "low": 19.544385841208232,
    "high": 21.855614158791766,
    "count": 10
  },
  "Compilation.chunk ids": {
    "min": 0,
    "max": 0,
    "mean": 0,
    "median": 0,
    "variance": 0,
    "stdDev": 0,
    "confidence": 0,
    "low": 0,
    "high": 0,
    "count": 10
  },
  "Compilation.optimize code generation": {
    "min": 0,
    "max": 0,
    "mean": 0,
    "median": 0,
    "variance": 0,
    "stdDev": 0,
    "confidence": 0,
    "low": 0,
    "high": 0,
    "count": 10
  },
  "Compilation.code generation": {
    "min": 24,
    "max": 30,
    "mean": 27.6,
    "median": 28,
    "variance": 2.6400000000000006,
    "stdDev": 1.6248076809271923,
    "confidence": 2.3244732874352394,
    "low": 26.43776335628238,
    "high": 28.76223664371762,
    "count": 10
  },
  "Compilation.runtime requirements.modules": {
    "min": 2,
    "max": 2,
    "mean": 2,
    "median": 2,
    "variance": 0,
    "stdDev": 0,
    "confidence": 0,
    "low": 2,
    "high": 2,
    "count": 10
  },
  "Compilation.runtime requirements.chunks": {
    "min": 0,
    "max": 1,
    "mean": 0.9,
    "median": 1,
    "variance": 0.09000000000000001,
    "stdDev": 0.30000000000000004,
    "confidence": 0.4291843240380524,
    "low": 0.6854078379809738,
    "high": 1.1145921620190262,
    "count": 10
  },
  "Compilation.runtime requirements.entries": {
    "min": 0,
    "max": 0,
    "mean": 0,
    "median": 0,
    "variance": 0,
    "stdDev": 0,
    "confidence": 0,
    "low": 0,
    "high": 0,
    "count": 10
  },
  "Compilation.runtime requirements": {
    "min": 3,
    "max": 4,
    "mean": 3.9,
    "median": 4,
    "variance": 0.09,
    "stdDev": 0.3,
    "confidence": 0.4291843240380522,
    "low": 3.6854078379809736,
    "high": 4.114592162019026,
    "count": 10
  },
  "Compilation.hashing: hash chunks": {
    "min": 0,
    "max": 0,
    "mean": 0,
    "median": 0,
    "variance": 0,
    "stdDev": 0,
    "confidence": 0,
    "low": 0,
    "high": 0,
    "count": 10
  },
  "Compilation.hashing: hash runtime chunks": {
    "min": 5,
    "max": 6,
    "mean": 5.9,
    "median": 6,
    "variance": 0.08999999999999997,
    "stdDev": 0.29999999999999993,
    "confidence": 0.4291843240380526,
    "low": 5.685407837980974,
    "high": 6.114592162019027,
    "count": 10
  },
  "Compilation.hashing: process full hash chunks": {
    "min": 0,
    "max": 0,
    "mean": 0,
    "median": 0,
    "variance": 0,
    "stdDev": 0,
    "confidence": 0,
    "low": 0,
    "high": 0,
    "count": 10
  },
  "Compilation.hashing": {
    "min": 6,
    "max": 6,
    "mean": 6,
    "median": 6,
    "variance": 0,
    "stdDev": 0,
    "confidence": 0,
    "low": 6,
    "high": 6,
    "count": 10
  },
  "Compilation.create module assets": {
    "min": 0,
    "max": 0,
    "mean": 0,
    "median": 0,
    "variance": 0,
    "stdDev": 0,
    "confidence": 0,
    "low": 0,
    "high": 0,
    "count": 10
  },
  "Compilation.create chunk assets": {
    "min": 4,
    "max": 5,
    "mean": 4.2,
    "median": 4,
    "variance": 0.15999999999999998,
    "stdDev": 0.39999999999999997,
    "confidence": 0.5722457653840696,
    "low": 3.9138771173079654,
    "high": 4.486122882692035,
    "count": 10
  },
  "Compilation.process assets": {
    "min": 4597,
    "max": 4787,
    "mean": 4648.2,
    "median": 4620.5,
    "variance": 4458.96,
    "stdDev": 66.77544458856114,
    "confidence": 95.52991349360673,
    "low": 4600.435043253196,
    "high": 4695.964956746803,
    "count": 10
  },
  "Compilation.after process assets": {
    "min": 0,
    "max": 0,
    "mean": 0,
    "median": 0,
    "variance": 0,
    "stdDev": 0,
    "confidence": 0,
    "low": 0,
    "high": 0,
    "count": 10
  },
  "Compiler.make": {
    "min": 722,
    "max": 747,
    "mean": 733.4,
    "median": 732.5,
    "variance": 62.43999999999998,
    "stdDev": 7.901898506055363,
    "confidence": 11.304569896462226,
    "low": 727.7477150517689,
    "high": 739.0522849482311,
    "count": 10
  },
  "Compiler.finish make hook": {
    "min": 0,
    "max": 0,
    "mean": 0,
    "median": 0,