{
  "stats": {
    "min": 13735,
    "max": 13964,
    "mean": 13845.4,
    "median": 13824,
    "variance": 9939.44,
    "stdDev": 99.69674016736957,
    "confidence": 247.54001532106122,
    "low": 13721.629992339469,
    "high": 13969.17000766053,
    "count": 5
  },
  "heap memory": {
    "min": 7984584,
    "max": 7995880,
    "mean": 7989129.6,
    "median": 7985240,
    "variance": 27757834.24,
    "stdDev": 5268.570417105574,
    "confidence": 13081.490925189108,
    "low": 7982588.854537405,
    "high": 7995670.345462594,
    "count": 5
  },
  "rss memory": {
    "min": 2017484800,
    "max": 2079289344,
    "mean": 2050272460.8,
    "median": 2042777600,
    "variance": 506748537363497,
    "stdDev": 22511075.88196302,
    "confidence": 55893422.988152504,
    "low": 2022325749.3059237,
    "high": 2078219172.2940762,
    "count": 5
  },
  "external memory": {
    "min": 8364444,
    "max": 8364444,
    "mean": 8364444,
    "median": 8364444,
    "variance": 0,
    "stdDev": 0,
    "confidence": 0,
    "low": 8364444,
    "high": 8364444,
    "count": 5
  },
  "array buffers memory": {
    "min": 10475,
    "max": 10475,
    "mean": 10475,
    "median": 10475,
    "variance": 0,
    "stdDev": 0,
    "confidence": 0,
    "low": 10475,
    "high": 10475,
    "count": 5
  },
  "Compilation.build module graph": {
    "min": 13376,
    "max": 13604,
    "mean": 13490.8,
    "median": 13480,
    "variance": 9816.960000000001,
    "stdDev": 99.08057327246347,
    "confidence": 246.0101161252678,
    "low": 13367.794941937365,
    "high": 13613.805058062633,
    "count": 5
  },
  "Compilation.finish modules": {
    "min": 18,
    "max": 21,
    "mean": 19.4,
    "median": 19,
    "variance": 1.0399999999999998,
    "stdDev": 1.0198039027185568,
    "confidence": 2.5321015840601646,
    "low": 18.133949207969916,
    "high": 20.66605079203008,
    "count": 5
  },
  "Compilation.seal": {
    "min": 0,
    "max": 0,
    "mean": 0,
    "median": 0,
    "variance": 0,
    "stdDev": 0,
    "confidence": 0,
    "low": 0,
    "high": 0,
    "count": 5
  },
  "Compilation.optimize dependencies": {
    "min": 27,
    "max": 30,
    "mean": 28,
    "median": 28,
    "variance": 1.2,
    "stdDev": 1.0954451150103321,
    "confidence": 2.7199134103864395,
    "low": 26.64004329480678,
    "high": 29.35995670519322,
    "count": 5
  },
  "Compilation.rebuild chunk graph": {
    "min": 23,
    "max": 25,
    "mean": 24.4,
    "median": 25,
    "variance": 0.6399999999999999,
    "stdDev": 0.7999999999999999,
    "confidence": 1.986343905772614,
    "low": 23.40682804711369,
    "high": 25.393171952886306,
    "count": 5
  },
  "Compilation.build chunk graph": {
    "min": 23,
    "max": 25,
    "mean": 24.4,
    "median": 25,
    "variance": 0.6399999999999999,
    "stdDev": 0.7999999999999999,
    "confidence": 1.986343905772614,
    "low": 23.40682804711369,
    "high": 25.393171952886306,
    "count": 5
  },
  "Compilation.optimize modules": {
    "min": 0,
    "max": 0,
    "mean": 0,
    "median": 0,
    "variance": 0,
    "stdDev": 0,
    "confidence": 0,
    "low": 0,
    "high": 0,
    "count": 5
  },
  "Compilation.optimize chunks": {
    "min": 23,
    "max": 26,
    "mean": 24.8,
    "median": 25,
    "variance": 1.3599999999999999,
    "stdDev": 1.16619037896906,
    "confidence": 2.895568940294808,
    "low": 23.352215529852597,
    "high": 26.247784470147405,
    "count": 5
  },
  "Compilation.optimize tree": {
    "min": 0,
    "max": 0,
    "mean": 0,
    "median": 0,
    "variance": 0,
    "stdDev": 0,
    "confidence": 0,
    "low": 0,
    "high": 0,
    "count": 5
  },
  "Compilation.optimize chunk modules": {
    "min": 58,
    "max": 63,
    "mean": 61.4,
    "median": 62,
    "variance": 3.44,
    "stdDev": 1.8547236990991407,
    "confidence": 4.605148895747021,
    "low": 59.09742555212649,
    "high": 63.70257444787351,
    "count": 5
  },
  "Compilation.module ids": {
    "min": 1,
    "max": 2,
    "mean": 1.6,
    "median": 2,
    "variance": 0.24,
    "stdDev": 0.4898979485566356,
    "confidence": 1.216382255707473,
    "low": 0.9918088721462637,
    "high": 2.2081911278537367,
    "count": 5
  },
  "Compilation.chunk ids": {
    "min": 2,
    "max": 2,
    "mean": 2,
    "median": 2,
    "variance": 0,
    "stdDev": 0,
    "confidence": 0,
    "low": 2,
    "high": 2,
    "count": 5
  },
  "Compilation.assign runtime ids": {
    "min": 0,
    "max": 0,
    "mean": 0,
    "median": 0,
    "variance": 0,
    "stdDev": 0,
    "confidence": 0,
    "low": 0,
    "high": 0,
    "count": 5
  },
  "Compilation.optimize code generation": {
    "min": 3,
    "max": 4,
    "mean": 3.6,
    "median": 4,
    "variance": 0.24,
    "stdDev": 0.4898979485566356,
    "confidence": 1.2163822557074733,
    "low": 2.9918088721462635,
    "high": 4.208191127853737,
    "count": 5
  },
  "Compilation.create module hashes": {
    "min": 35,
    "max": 42,
    "mean": 39,
    "median": 40,
    "variance": 5.6,
    "stdDev": 2.3664319132398464,
    "confidence": 5.875684511612235,
    "low": 36.06215774419388,
    "high": 41.93784225580612,
    "count": 5
  },
  "Compilation.code generation": {
    "min": 109,
    "max": 114,
    "mean": 111.6,
    "median": 112,
    "variance": 2.6399999999999997,
    "stdDev": 1.624807680927192,
    "confidence": 4.034283543827826,
    "low": 109.58285822808608,
    "high": 113.61714177191391,
    "count": 5
  },
  "Compilation.runtime requirements.modules": {
    "min": 0,
    "max": 0,
    "mean": 0,
    "median": 0,
    "variance": 0,
    "stdDev": 0,
    "confidence": 0,
    "low": 0,
    "high": 0,
    "count": 5
  },
  "Compilation.runtime requirements.chunks": {
    "min": 0,
    "max": 0,
    "mean": 0,
    "median": 0,
    "variance": 0,
    "stdDev": 0,
    "confidence": 0,
    "low": 0,
    "high": 0,
    "count": 5
  },
  "Compilation.runtime requirements.entries": {
    "min": 0,
    "max": 0,
    "mean": 0,
    "median": 0,
    "variance": 0,
    "stdDev": 0,
    "confidence": 0,
    "low": 0,
    "high": 0,
    "count": 5
  },
  "Compilation.runtime requirements": {
    "min": 1,
    "max": 1,
    "mean": 1,
    "median": 1,
    "variance": 0,
    "stdDev": 0,
    "confidence": 0,
    "low": 1,
    "high": 1,
    "count": 5
  },
  "Compilation.hashing: hash chunks": {
    "min": 0,
    "max": 0,
    "mean": 0,
    "median": 0,
    "variance": 0,
    "stdDev": 0,
    "confidence": 0,
    "low": 0,
    "high": 0,
    "count": 5
  },
  "Compilation.hashing: hash runtime chunks": {
    "min": 0,
    "max": 0,
    "mean": 0,
    "median": 0,
    "variance": 0,
    "stdDev": 0,
    "confidence": 0,
    "low": 0,
    "high": 0,
    "count": 5
  },
  "Compilation.hashing: process full hash chunks": {
    "min": 0,
    "max": 0,
    "mean": 0,
    "median": 0,
    "variance": 0,
    "stdDev": 0,
    "confidence": 0,
    "low": 0,
    "high": 0,
    "count": 5
  },
  "Compilation.hashing": {
    "min": 0,
    "max": 1,
    "mean": 0.2,
    "median": 0,
    "variance": 0.16000000000000003,
    "stdDev": 0.4,
    "confidence": 0.6965859764431532,
    "low": 0,
    "high": 0.6965859764431532,
    "count": 5
  },
  "Compilation.create module assets": {
    "min": 0,
    "max": 0,
    "mean": 0,
    "median": 0,
    "variance": 0,
    "stdDev": 0,
    "confidence": 0,
    "low": 0,
    "high": 0,
    "count": 5
  },
  "Compilation.create chunk assets": {
    "min": 1,
    "max": 2,
    "mean": 1.2,
    "median": 1,
    "variance": 0.16,
    "stdDev": 0.4,
    "confidence": 0.9931719528863066,
    "low": 0.7034140235568467,
    "high": 1.6965859764431532,
    "count": 5
  },
  "Compilation.process assets": {
    "min": 0,
    "max": 1,
    "mean": 0.4,
    "median": 0,
    "variance": 0.24000000000000005,
    "stdDev": 0.48989794855663565,
    "confidence": 1.0081911278537365,
    "low": 0,
    "high": 1.0081911278537365,
    "count": 5
  },
  "Compilation.after process assets": {
    "min": 0,
    "max": 0,