{
  "stats": {
    "min": 119.27272727272727,
    "max": 127.9090909090909,
    "mean": 122.6,
    "median": 121.18181818181819,
    "variance": 9.185454545454546,
    "stdDev": 3.0307514819685473,
    "confidence": 7.525143420149419,
    "low": 118.83742828992528,
    "high": 126.3625717100747,
    "count": 5
  },
  "heap memory": {
    "min": 85894037.0909091,
    "max": 90964149.0909091,
    "mean": 87778616.58181818,
    "median": 87097512.72727273,
    "variance": 2935750864515.8945,
    "stdDev": 1713403.298851702,
    "confidence": 4254260.251005948,
    "low": 85651486.4563152,
    "high": 89905746.70732115,
    "count": 5
  },
  "rss memory": {
    "min": 696890833.4545455,
    "max": 725905780.3636364,
    "mean": 712669965.9636364,
    "median": 715522792.7272727,
    "variance": 100249847750690.97,
    "stdDev": 10012484.594279831,
    "confidence": 24860297.194362402,
    "low": 700239817.3664552,
    "high": 725100114.5608176,
    "count": 5
  },
  "external memory": {
    "min": 52723751.72727273,
    "max": 53000106.90909091,
    "mean": 52855063.090909086,
    "median": 52860086.81818182,
    "variance": 11637322725.342031,
    "stdDev": 107876.42339891526,
    "confidence": 267849.5952437222,
    "low": 52721138.293287225,
    "high": 52988987.88853095,
    "count": 5
  },
  "array buffers memory": {
    "min": 25382058.454545453,
    "max": 25513182.818181816,
    "mean": 25450083.309090905,
    "median": 25451211,
    "variance": 2272036674.7622886,
    "stdDev": 47665.88585940986,
    "confidence": 118351.05236261338,
    "low": 25390907.7829096,
    "high": 25509258.83527221,
    "count": 5
  },
  "Compilation.build module graph": {
    "min": 25.181818181818183,
    "max": 27.727272727272727,
    "mean": 25.890909090909094,
    "median": 25.363636363636363,
    "variance": 0.9335537190082631,
    "stdDev": 0.9662058367699209,
    "confidence": 2.3990213444873234,
    "low": 24.691398418665433,
    "high": 27.090419763152756,
    "count": 5
  },
  "Compilation.finish modules": {
    "min": 17.181818181818183,
    "max": 18.818181818181817,
    "mean": 18.163636363636364,
    "median": 18.272727272727273,
    "variance": 0.28561983471074287,
    "stdDev": 0.5344341256981471,
    "confidence": 1.3269624607717887,
    "low": 17.50015513325047,
    "high": 18.82711759402226,
    "count": 5
  },
  "Compilation.seal": {
    "min": 0,
    "max": 0,
    "mean": 0,
    "median": 0,
    "variance": 0,
    "stdDev": 0,
    "confidence": 0,
    "low": 0,
    "high": 0,
    "count": 5
  },
  "Compilation.optimize dependencies": {
    "min": 0,
    "max": 0,
    "mean": 0,
    "median": 0,
    "variance": 0,
    "stdDev": 0,
    "confidence": 0,
    "low": 0,
    "high": 0,
    "count": 5
  },
  "Compilation.rebuild chunk graph": {
    "min": 10.818181818181818,
    "max": 11.636363636363637,
    "mean": 11.236363636363638,
    "median": 11.272727272727273,
    "variance": 0.07471074380165287,
    "stdDev": 0.27333266142496193,
    "confidence": 0.6786658328376021,
    "low": 10.897030719944837,
    "high": 11.57569655278244,
    "count": 5
  },
  "Compilation.build chunk graph": {
    "min": 13.454545454545455,
    "max": 14.636363636363637,
    "mean": 13.90909090909091,
    "median": 13.818181818181818,
    "variance": 0.16528925619834706,
    "stdDev": 0.4065578140908708,
    "confidence": 1.0094545454545454,
    "low": 13.404363636363637,
    "high": 14.413818181818183,
    "count": 5
  },
  "Compilation.optimize modules": {
    "min": 0,
    "max": 0,
    "mean": 0,
    "median": 0,
    "variance": 0,
    "stdDev": 0,
    "confidence": 0,
    "low": 0,
    "high": 0,
    "count": 5
  },
  "Compilation.optimize chunks": {
    "min": 5.636363636363637,
    "max": 6.181818181818182,
    "mean": 5.872727272727272,
    "median": 5.818181818181818,
    "variance": 0.03834710743801646,
    "stdDev": 0.1958241748048909,
    "confidence": 0.48621769528330816,
    "low": 5.629618425085618,
    "high": 6.115836120368926,
    "count": 5
  },
  "Compilation.optimize tree": {
    "min": 0,
    "max": 0,
    "mean": 0,
    "median": 0,
    "variance": 0,
    "stdDev": 0,
    "confidence": 0,
    "low": 0,
    "high": 0,
    "count": 5
  },
  "Compilation.optimize chunk modules": {
    "min": 0,
    "max": 0,
    "mean": 0,
    "median": 0,
    "variance": 0,
    "stdDev": 0,
    "confidence": 0,
    "low": 0,
    "high": 0,
    "count": 5
  },
  "Compilation.module ids": {
    "min": 0,
    "max": 0,
    "mean": 0,
    "median": 0,
    "variance": 0,
    "stdDev": 0,
    "confidence": 0,
    "low": 0,
    "high": 0,
    "count": 5
  },
  "Compilation.chunk ids": {
    "min": 0,
    "max": 0,
    "mean": 0,
    "median": 0,
    "variance": 0,
    "stdDev": 0,
    "confidence": 0,
    "low": 0,
    "high": 0,
    "count": 5
  },
  "Compilation.assign runtime ids": {
    "min": 0,
    "max": 0,
    "mean": 0,
    "median": 0,
    "variance": 0,
    "stdDev": 0,
    "confidence": 0,
    "low": 0,
    "high": 0,
    "count": 5
  },
  "Compilation.optimize code generation": {
    "min": 0,
    "max": 0,
    "mean": 0,
    "median": 0,
    "variance": 0,
    "stdDev": 0,
    "confidence": 0,
    "low": 0,
    "high": 0,
    "count": 5
  },
  "Compilation.create module hashes": {
    "min": 5.818181818181818,
    "max": 6.2727272727272725,
    "mean": 5.981818181818182,
    "median": 5.909090909090909,
    "variance": 0.024462809917355326,
    "stdDev": 0.15640591394622944,
    "confidence": 0.3883449174923612,
    "low": 5.787645723072002,
    "high": 6.175990640564363,
    "count": 5
  },
  "Compilation.module code generation cache": {
    "min": 0,
    "max": 0,
    "mean": 0,
    "median": 0,
    "variance": 0,
    "stdDev": 0,
    "confidence": 0,
    "low": 0,
    "high": 0,
    "count": 5
  },
  "Compilation.code generation": {
    "min": 5.090909090909091,
    "max": 5.363636363636363,
    "mean": 5.2727272727272725,
    "median": 5.2727272727272725,
    "variance": 0.009917355371900808,
    "stdDev": 0.09958591954639374,
    "confidence": 0.2472648554896768,
    "low": 5.149094844982434,
    "high": 5.396359700472111,
    "count": 5
  },
  "Compilation.runtime requirements.modules": {
    "min": 0,
    "max": 0,
    "mean": 0,
    "median": 0,
    "variance": 0,
    "stdDev": 0,
    "confidence": 0,
    "low": 0,
    "high": 0,
    "count": 5
  },
  "Compilation.runtime requirements.chunks": {
    "min": 0,
    "max": 0,
    "mean": 0,
    "median": 0,
    "variance": 0,
    "stdDev": 0,
    "confidence": 0,
    "low": 0,
    "high": 0,
    "count": 5
  },
  "Compilation.runtime requirements.entries": {
    "min": 0,
    "max": 0,
    "mean": 0,
    "median": 0,
    "variance": 0,
    "stdDev": 0,
    "confidence": 0,
    "low": 0,
    "high": 0,
    "count": 5
  },
  "Compilation.runtime requirements": {
    "min": 0,
    "max": 0,
    "mean": 0,
    "median": 0,
    "variance": 0,
    "stdDev": 0,
    "confidence": 0,
    "low": 0,
    "high": 0,
    "count": 5
  },
  "Compilation.hashing: hash chunks": {
    "min": 0,
    "max": 0,
    "mean": 0,
    "median": 0,
    "variance": 0,
    "stdDev": 0,
    "confidence": 0,
    "low": 0,
    "high": 0,
    "count": 5
  },
  "Compilation.hashing: hash runtime chunks": {
    "min": 3,
    "max": 3.1818181818181817,
    "mean": 3.036363636363636,
    "median": 3,
    "variance": 0.005289256198347098,
    "stdDev": 0.07272727272727267,
    "confidence": 0.1805767187066012,
    "low": 2.9460752770103356,
    "high": 3.1266519957169367,
    "count": 5
  },
  "Compilation.hashing: process full hash chunks": {
    "min": 0,
    "max": 0,
    "mean": 0,
    "median": 0,
    "variance": 0,
    "stdDev": 0,
    "confidence": 0,
    "low": 0,
    "high": 0,
    "count": 5
  },
  "Compilation.hashing": {
    "min": 3,
    "max": 3.1818181818181817,
    "mean": 3.036363636363636,
    "median": 3,
    "variance": 0.005289256198347098,
    "stdDev": 0.07272727272727267,
    "confidence": 0.1805767187066012,