{
  "stats": {
    "min": 1835,
    "max": 1913,
    "mean": 1867,
    "median": 1839,
    "variance": 1382,
    "stdDev": 37.17526059088221,
    "confidence": 92.30356540025969,
    "low": 1820.8482172998702,
    "high": 1913.1517827001298,
    "count": 5
  },
  "heap memory": {
    "min": 24839680,
    "max": 25005328,
    "mean": 24885992,
    "median": 24851928,
    "variance": 3874258124.8,
    "stdDev": 62243.53881970401,
    "confidence": 154546.3425102979,
    "low": 24808718.82874485,
    "high": 24963265.17125515,
    "count": 5
  },
  "rss memory": {
    "min": 660869120,
    "max": 729395200,
    "mean": 711580057.6,
    "median": 721633280,
    "variance": 654176693560279.1,
    "stdDev": 25576878.104262043,
    "confidence": 63505594.938862324,
    "low": 679827260.1305689,
    "high": 743332855.0694312,
    "count": 5
  },
  "external memory": {
    "min": 21950214,
    "max": 21950214,
    "mean": 21950214,
    "median": 21950214,
    "variance": 0,
    "stdDev": 0,
    "confidence": 0,
    "low": 21950214,
    "high": 21950214,
    "count": 5
  },
  "array buffers memory": {
    "min": 20086838,
    "max": 20086838,
    "mean": 20086838,
    "median": 20086838,
    "variance": 0,
    "stdDev": 0,
    "confidence": 0,
    "low": 20086838,
    "high": 20086838,
    "count": 5
  },
  "Compilation.finish modules": {
    "min": 7,
    "max": 9,
    "mean": 8,
    "median": 8,
    "variance": 0.4,
    "stdDev": 0.6324555320336759,
    "confidence": 1.5703427396590852,
    "low": 7.214828630170458,
    "high": 8.785171369829543,
    "count": 5
  },
  "Compilation.optimize dependencies": {
    "min": 17,
    "max": 18,
    "mean": 17.8,
    "median": 18,
    "variance": 0.15999999999999998,
    "stdDev": 0.39999999999999997,
    "confidence": 0.993171952886307,
    "low": 17.303414023556847,
    "high": 18.296585976443154,
    "count": 5
  },
  "Compilation.rebuild chunk graph": {
    "min": 13,
    "max": 14,
    "mean": 13.8,
    "median": 14,
    "variance": 0.15999999999999998,
    "stdDev": 0.39999999999999997,
    "confidence": 0.993171952886307,
    "low": 13.303414023556847,
    "high": 14.296585976443154,
    "count": 5
  },
  "Compilation.create chunks": {
    "min": 21,
    "max": 22,
    "mean": 21.4,
    "median": 21,
    "variance": 0.24,
    "stdDev": 0.4898979485566356,
    "confidence": 1.2163822557074724,
    "low": 20.791808872146262,
    "high": 22.008191127853735,
    "count": 5
  },
  "Compilation.optimize": {
    "min": 30,
    "max": 31,
    "mean": 30.2,
    "median": 30,
    "variance": 0.16,
    "stdDev": 0.4,
    "confidence": 0.993171952886307,
    "low": 29.703414023556846,
    "high": 30.696585976443153,
    "count": 5
  },
  "Compilation.module ids": {
    "min": 1,
    "max": 2,
    "mean": 1.8,
    "median": 2,
    "variance": 0.16000000000000006,
    "stdDev": 0.4000000000000001,
    "confidence": 0.9931719528863066,
    "low": 1.3034140235568468,
    "high": 2.2965859764431533,
    "count": 5
  },
  "Compilation.chunk ids": {
    "min": 1,
    "max": 1,
    "mean": 1,
    "median": 1,
    "variance": 0,
    "stdDev": 0,
    "confidence": 0,
    "low": 1,
    "high": 1,
    "count": 5
  },
  "Compilation.optimize code generation": {
    "min": 2,
    "max": 2,
    "mean": 2,
    "median": 2,
    "variance": 0,
    "stdDev": 0,
    "confidence": 0,
    "low": 2,
    "high": 2,
    "count": 5
  },
  "Compilation.module code generation cache": {
    "min": 0,
    "max": 0,
    "mean": 0,
    "median": 0,
    "variance": 0,
    "stdDev": 0,
    "confidence": 0,
    "low": 0,
    "high": 0,
    "count": 5
  },
  "Compilation.code generation": {
    "min": 47,
    "max": 53,
    "mean": 50.2,
    "median": 50,
    "variance": 4.56,
    "stdDev": 2.1354156504062622,
    "confidence": 5.302087329344928,
    "low": 47.54895633532754,
    "high": 52.85104366467247,
    "count": 5
  },
  "Compilation.runtime requirements.modules": {
    "min": 0,
    "max": 0,
    "mean": 0,
    "median": 0,
    "variance": 0,
    "stdDev": 0,
    "confidence": 0,
    "low": 0,
    "high": 0,
    "count": 5
  },
  "Compilation.runtime requirements.chunks": {
    "min": 0,
    "max": 0,
    "mean": 0,
    "median": 0,
    "variance": 0,
    "stdDev": 0,
    "confidence": 0,
    "low": 0,
    "high": 0,
    "count": 5
  },
  "Compilation.runtime requirements.entries": {
    "min": 0,
    "max": 0,
    "mean": 0,
    "median": 0,
    "variance": 0,
    "stdDev": 0,
    "confidence": 0,
    "low": 0,
    "high": 0,
    "count": 5
  },
  "Compilation.runtime requirements": {
    "min": 1,
    "max": 1,
    "mean": 1,
    "median": 1,
    "variance": 0,
    "stdDev": 0,
    "confidence": 0,
    "low": 1,
    "high": 1,
    "count": 5
  },
  "Compilation.hashing: hash chunks": {
    "min": 0,
    "max": 0,
    "mean": 0,
    "median": 0,
    "variance": 0,
    "stdDev": 0,
    "confidence": 0,
    "low": 0,
    "high": 0,
    "count": 5
  },
  "Compilation.hashing: hash runtime chunks": {
    "min": 0,
    "max": 0,
    "mean": 0,
    "median": 0,
    "variance": 0,
    "stdDev": 0,
    "confidence": 0,
    "low": 0,
    "high": 0,
    "count": 5
  },
  "Compilation.hashing: process full hash chunks": {
    "min": 0,
    "max": 0,
    "mean": 0,
    "median": 0,
    "variance": 0,
    "stdDev": 0,
    "confidence": 0,
    "low": 0,
    "high": 0,
    "count": 5
  },
  "Compilation.hashing": {
    "min": 1,
    "max": 1,
    "mean": 1,
    "median": 1,
    "variance": 0,
    "stdDev": 0,
    "confidence": 0,
    "low": 1,
    "high": 1,
    "count": 5
  },
  "Compilation.create module assets": {
    "min": 0,
    "max": 0,
    "mean": 0,
    "median": 0,
    "variance": 0,
    "stdDev": 0,
    "confidence": 0,
    "low": 0,
    "high": 0,
    "count": 5
  },
  "Compilation.create chunk assets": {
    "min": 2,
    "max": 3,
    "mean": 2.6,
    "median": 3,
    "variance": 0.24,
    "stdDev": 0.4898979485566356,
    "confidence": 1.216382255707473,
    "low": 1.9918088721462637,
    "high": 3.2081911278537367,
    "count": 5
  },
  "Compilation.process assets": {
    "min": 1542,
    "max": 1622,
    "mean": 1571.6,
    "median": 1545,
    "variance": 1250.6399999999999,
    "stdDev": 35.3643888678993,
    "confidence": 87.80729788640565,
    "low": 1527.696351056797,
    "high": 1615.5036489432027,
    "count": 5
  },
  "Compilation.after process assets": {
    "min": 0,
    "max": 0,
    "mean": 0,
    "median": 0,
    "variance": 0,
    "stdDev": 0,
    "confidence": 0,
    "low": 0,
    "high": 0,
    "count": 5
  },
  "Compilation.after seal": {
    "min": 0,
    "max": 0,
    "mean": 0,
    "median": 0,
    "variance": 0,
    "stdDev": 0,
    "confidence": 0,
    "low": 0,
    "high": 0,
    "count": 5
  },
  "Compiler.make hook": {
    "min": 56,
    "max": 70,
    "mean": 62,
    "median": 60,
    "variance": 22.4,
    "stdDev": 4.732863826479693,
    "confidence": 11.751369023224477,
    "low": 56.12431548838776,
    "high": 67.87568451161223,
    "count": 5
  },
  "Compiler.make": {
    "min": 61,
    "max": 74,
    "mean": 66.6,
    "median": 65,
    "variance": 20.24,
    "stdDev": 4.498888751680797,
    "confidence": 11.170425318312631,
    "low": 61.014787340843675,
    "high": 72.1852126591563,
    "count": 5
  },
  "Compiler.finish make hook": {
    "min": 0,
    "max": 0,
    "mean": 0,
    "median": 0,
    "variance": 0,
    "stdDev": 0,
    "confidence": 0,
    "low": 0,
    "high": 0,
    "count": 5
  },
  "Compiler.finish compilation": {
    "min": 10,
    "max": 11,
    "mean": 10.2,
    "median": 10,
    "variance": 0.16,
    "stdDev": 0.4,
    "confidence": 0.993171952886307,
    "low": 9.703414023556846,
    "high": 10.696585976443153,
    "count": 5
  },
  "Compiler.seal compilation": {
    "min": 1684,
    "max": 1759,
    "mean": 1712.8,
    "median": 1688,
    "variance": 1118.1599999999999,
    "stdDev": 33.438899503422654,
    "confidence": 83.02644280545792,
    "low": 1671.286778597271,