{
  "stats": {
    "min": 855,
    "max": 874,
    "mean": 868.8,
    "median": 873,
    "variance": 50.56,
    "stdDev": 7.110555533852471,
    "confidence": 17.655010814156867,
    "low": 859.9724945929215,
    "high": 877.6275054070784,
    "count": 5
  },
  "heap memory": {
    "min": 8709432,
    "max": 8739984,
    "mean": 8725145.6,
    "median": 8722872,
    "variance": 117443235.84,
    "stdDev": 10837.123042579151,
    "confidence": 26907.81663966924,
    "low": 8711691.691680165,
    "high": 8738599.508319834,
    "count": 5
  },
  "rss memory": {
    "min": 555511808,
    "max": 580534272,
    "mean": 567613030.4,
    "median": 566333440,
    "variance": 66717999159050.25,
    "stdDev": 8168108.664743035,
    "confidence": 20280841.08487606,
    "low": 557472609.857562,
    "high": 577753450.942438,
    "count": 5
  },
  "external memory": {
    "min": 2836162,
    "max": 2836162,
    "mean": 2836162,
    "median": 2836162,
    "variance": 0,
    "stdDev": 0,
    "confidence": 0,
    "low": 2836162,
    "high": 2836162,
    "count": 5
  },
  "array buffers memory": {
    "min": 10515,
    "max": 10515,
    "mean": 10515,
    "median": 10515,
    "variance": 0,
    "stdDev": 0,
    "confidence": 0,
    "low": 10515,
    "high": 10515,
    "count": 5
  },
  "Compilation.build module graph": {
    "min": 310,
    "max": 322,
    "mean": 318.4,
    "median": 320,
    "variance": 18.240000000000002,
    "stdDev": 4.2708313008125245,
    "confidence": 10.604174658689885,
    "low": 313.09791267065503,
    "high": 323.7020873293449,
    "count": 5
  },
  "Compilation.finish modules": {
    "min": 17,
    "max": 18,
    "mean": 17.8,
    "median": 18,
    "variance": 0.15999999999999998,
    "stdDev": 0.39999999999999997,
    "confidence": 0.993171952886307,
    "low": 17.303414023556847,
    "high": 18.296585976443154,
    "count": 5
  },
  "Compilation.seal": {
    "min": 0,
    "max": 0,
    "mean": 0,
    "median": 0,
    "variance": 0,
    "stdDev": 0,
    "confidence": 0,
    "low": 0,
    "high": 0,
    "count": 5
  },
  "Compilation.optimize dependencies": {
    "min": 25,
    "max": 26,
    "mean": 25.2,
    "median": 25,
    "variance": 0.16,
    "stdDev": 0.4,
    "confidence": 0.993171952886307,
    "low": 24.703414023556846,
    "high": 25.696585976443153,
    "count": 5
  },
  "Compilation.rebuild chunk graph": {
    "min": 19,
    "max": 23,
    "mean": 20.6,
    "median": 20,
    "variance": 1.8399999999999999,
    "stdDev": 1.3564659966250536,
    "confidence": 3.368009957229937,
    "low": 18.915995021385033,
    "high": 22.28400497861497,
    "count": 5
  },
  "Compilation.build chunk graph": {
    "min": 19,
    "max": 23,
    "mean": 20.6,
    "median": 20,
    "variance": 1.8399999999999999,
    "stdDev": 1.3564659966250536,
    "confidence": 3.368009957229937,
    "low": 18.915995021385033,
    "high": 22.28400497861497,
    "count": 5
  },
  "Compilation.optimize modules": {
    "min": 0,
    "max": 0,
    "mean": 0,
    "median": 0,
    "variance": 0,
    "stdDev": 0,
    "confidence": 0,
    "low": 0,
    "high": 0,
    "count": 5
  },
  "Compilation.optimize chunks": {
    "min": 23,
    "max": 25,
    "mean": 24.2,
    "median": 24,
    "variance": 0.56,
    "stdDev": 0.7483314773547883,
    "confidence": 1.858054586926876,
    "low": 23.27097270653656,
    "high": 25.129027293463437,
    "count": 5
  },
  "Compilation.optimize tree": {
    "min": 0,
    "max": 0,
    "mean": 0,
    "median": 0,
    "variance": 0,
    "stdDev": 0,
    "confidence": 0,
    "low": 0,
    "high": 0,
    "count": 5
  },
  "Compilation.optimize chunk modules": {
    "min": 50,
    "max": 50,
    "mean": 50,
    "median": 50,
    "variance": 0,
    "stdDev": 0,
    "confidence": 0,
    "low": 50,
    "high": 50,
    "count": 5
  },
  "Compilation.module ids": {
    "min": 1,
    "max": 1,
    "mean": 1,
    "median": 1,
    "variance": 0,
    "stdDev": 0,
    "confidence": 0,
    "low": 1,
    "high": 1,
    "count": 5
  },
  "Compilation.chunk ids": {
    "min": 1,
    "max": 2,
    "mean": 1.2,
    "median": 1,
    "variance": 0.16,
    "stdDev": 0.4,
    "confidence": 0.9931719528863066,
    "low": 0.7034140235568467,
    "high": 1.6965859764431532,
    "count": 5
  },
  "Compilation.assign runtime ids": {
    "min": 0,
    "max": 0,
    "mean": 0,
    "median": 0,
    "variance": 0,
    "stdDev": 0,
    "confidence": 0,
    "low": 0,
    "high": 0,
    "count": 5
  },
  "Compilation.optimize code generation": {
    "min": 3,
    "max": 3,
    "mean": 3,
    "median": 3,
    "variance": 0,
    "stdDev": 0,
    "confidence": 0,
    "low": 3,
    "high": 3,
    "count": 5
  },
  "Compilation.create module hashes": {
    "min": 29,
    "max": 34,
    "mean": 31.6,
    "median": 31,
    "variance": 3.0400000000000005,
    "stdDev": 1.7435595774162695,
    "confidence": 4.329136176190346,
    "low": 29.43543191190483,
    "high": 33.764568088095174,
    "count": 5
  },
  "Compilation.code generation": {
    "min": 89,
    "max": 94,
    "mean": 91.4,
    "median": 92,
    "variance": 3.04,
    "stdDev": 1.7435595774162693,
    "confidence": 4.32913617619036,
    "low": 89.23543191190483,
    "high": 93.56456808809519,
    "count": 5
  },
  "Compilation.runtime requirements.modules": {
    "min": 0,
    "max": 0,
    "mean": 0,
    "median": 0,
    "variance": 0,
    "stdDev": 0,
    "confidence": 0,
    "low": 0,
    "high": 0,
    "count": 5
  },
  "Compilation.runtime requirements.chunks": {
    "min": 0,
    "max": 0,
    "mean": 0,
    "median": 0,
    "variance": 0,
    "stdDev": 0,
    "confidence": 0,
    "low": 0,
    "high": 0,
    "count": 5
  },
  "Compilation.runtime requirements.entries": {
    "min": 0,
    "max": 0,
    "mean": 0,
    "median": 0,
    "variance": 0,
    "stdDev": 0,
    "confidence": 0,
    "low": 0,
    "high": 0,
    "count": 5
  },
  "Compilation.runtime requirements": {
    "min": 1,
    "max": 1,
    "mean": 1,
    "median": 1,
    "variance": 0,
    "stdDev": 0,
    "confidence": 0,
    "low": 1,
    "high": 1,
    "count": 5
  },
  "Compilation.hashing: hash chunks": {
    "min": 0,
    "max": 0,
    "mean": 0,
    "median": 0,
    "variance": 0,
    "stdDev": 0,
    "confidence": 0,
    "low": 0,
    "high": 0,
    "count": 5
  },
  "Compilation.hashing: hash runtime chunks": {
    "min": 0,
    "max": 0,
    "mean": 0,
    "median": 0,
    "variance": 0,
    "stdDev": 0,
    "confidence": 0,
    "low": 0,
    "high": 0,
    "count": 5
  },
  "Compilation.hashing: process full hash chunks": {
    "min": 0,
    "max": 0,
    "mean": 0,
    "median": 0,
    "variance": 0,
    "stdDev": 0,
    "confidence": 0,
    "low": 0,
    "high": 0,
    "count": 5
  },
  "Compilation.hashing": {
    "min": 0,
    "max": 0,
    "mean": 0,
    "median": 0,
    "variance": 0,
    "stdDev": 0,
    "confidence": 0,
    "low": 0,
    "high": 0,
    "count": 5
  },
  "Compilation.create module assets": {
    "min": 0,
    "max": 0,
    "mean": 0,
    "median": 0,
    "variance": 0,
    "stdDev": 0,
    "confidence": 0,
    "low": 0,
    "high": 0,
    "count": 5
  },
  "Compilation.create chunk assets": {
    "min": 1,
    "max": 1,
    "mean": 1,
    "median": 1,
    "variance": 0,
    "stdDev": 0,
    "confidence": 0,
    "low": 1,
    "high": 1,
    "count": 5
  },
  "Compilation.process assets": {
    "min": 256,
    "max": 260,
    "mean": 257.8,
    "median": 258,
    "variance": 1.7600000000000002,
    "stdDev": 1.32664991614216,
    "confidence": 3.2939787200284627,
    "low": 256.1530106399858,
    "high": 259.44698936001424,
    "count": 5
  },
  "Compilation.after process assets": {
    "min": 0,
    "max": 0,
    "mean": 0,
    "median": 0,
    "variance": 0,
    "stdDev": 0,
    "confidence": 0,
    "low": 0,
    "high": 0,
    "count": 5
  },
  "Compilation.after seal": {
    "min": 0,
    "max": 0,
    "mean": 0,
    "median": 0,
    "variance": 0,
    "stdDev": 0,
    "confidence": 0,
    "low": 0,