{
  "stats": {
    "min": 2852,
    "max": 2973,
    "mean": 2886.1,
    "median": 2876,
    "variance": 1399.2899999999997,
    "stdDev": 37.40708489043218,
    "confidence": 53.51511480978024,
    "low": 2859.34244259511,
    "high": 2912.85755740489,
    "count": 10
  },
  "heap memory": {
    "min": 61678344,
    "max": 91634416,
    "mean": 86178744.8,
    "median": 88502172,
    "variance": 69240643506143.36,
    "stdDev": 8321096.29232491,
    "confidence": 11904280.291590035,
    "low": 80226604.65420498,
    "high": 92130884.94579501,
    "count": 10
  },
  "rss memory": {
    "min": 1216577536,
    "max": 1271390208,
    "mean": 1245737779.2,
    "median": 1244819456,
    "variance": 257336078720040.94,
    "stdDev": 16041698.124576492,
    "confidence": 22949484.553396225,
    "low": 1234263036.923302,
    "high": 1257212521.4766982,
    "count": 10
  },
  "external memory": {
    "min": 72787267,
    "max": 76738352,
    "mean": 73888751.3,
    "median": 73492275.5,
    "variance": 1724549599857.61,
    "stdDev": 1313221.0780586833,
    "confidence": 1878713.0023304522,
    "low": 72949394.79883477,
    "high": 74828107.80116522,
    "count": 10
  },
  "array buffers memory": {
    "min": 521348,
    "max": 7870058,
    "mean": 6926903.6,
    "median": 7846322.5,
    "variance": 4645869096385.24,
    "stdDev": 2155427.8221237753,
    "confidence": 3083586.1095033474,
    "low": 5385110.545248326,
    "high": 8468696.654751673,
    "count": 10
  },
  "Compilation.module add task": {
    "min": 238,
    "max": 248,
    "mean": 241.7,
    "median": 242,
    "variance": 8.409999999999998,
    "stdDev": 2.9,
    "confidence": 4.148781799034509,
    "low": 239.62560910048273,
    "high": 243.77439089951724,
    "count": 10
  },
  "Compilation.module process dependencies task": {
    "min": 223,
    "max": 231,
    "mean": 226.1,
    "median": 226,
    "variance": 5.289999999999999,
    "stdDev": 2.3,
    "confidence": 3.2904131509583863,
    "low": 224.4547934245208,
    "high": 227.7452065754792,
    "count": 10
  },
  "Compilation.module factorize task": {
    "min": 209,
    "max": 217,
    "mean": 211.6,
    "median": 211,
    "variance": 5.239999999999999,
    "stdDev": 2.2891046284519194,
    "confidence": 3.274826075381725,
    "low": 209.96258696230913,
    "high": 213.23741303769086,
    "count": 10
  },
  "Compilation.module build task": {
    "min": 199,
    "max": 205,
    "mean": 200.8,
    "median": 199.5,
    "variance": 4.96,
    "stdDev": 2.227105745132009,
    "confidence": 3.1861295792858186,
    "low": 199.2069352103571,
    "high": 202.39306478964292,
    "count": 10
  },
  "Compilation.module build cache": {
    "min": 0,
    "max": 0,
    "mean": 0,
    "median": 0,
    "variance": 0,
    "stdDev": 0,
    "confidence": 0,
    "low": 0,
    "high": 0,
    "count": 10
  },
  "Compilation.module factorize cache": {
    "min": 0.5,
    "max": 0.5,
    "mean": 0.5,
    "median": 0.5,
    "variance": 0,
    "stdDev": 0,
    "confidence": 0,
    "low": 0.5,
    "high": 0.5,
    "count": 10
  },
  "Compilation.finish modules": {
    "min": 0,
    "max": 0,
    "mean": 0,
    "median": 0,
    "variance": 0,
    "stdDev": 0,
    "confidence": 0,
    "low": 0,
    "high": 0,
    "count": 10
  },
  "Compilation.optimize dependencies": {
    "min": 0,
    "max": 0,
    "mean": 0,
    "median": 0,
    "variance": 0,
    "stdDev": 0,
    "confidence": 0,
    "low": 0,
    "high": 0,
    "count": 10
  },
  "Compilation.create chunks": {
    "min": 53,
    "max": 61,
    "mean": 55.7,
    "median": 54.5,
    "variance": 8.010000000000002,
    "stdDev": 2.8301943396169813,
    "confidence": 4.048916815149454,
    "low": 53.675541592425276,
    "high": 57.72445840757473,
    "count": 10
  },
  "Compilation.optimize": {
    "min": 0,
    "max": 0,
    "mean": 0,
    "median": 0,
    "variance": 0,
    "stdDev": 0,
    "confidence": 0,
    "low": 0,
    "high": 0,
    "count": 10
  },
  "Compilation.module ids": {
    "min": 2,
    "max": 3,
    "mean": 2.3,
    "median": 2,
    "variance": 0.21000000000000002,
    "stdDev": 0.45825756949558405,
    "confidence": 0.6555898839976102,
    "low": 1.9722050580011947,
    "high": 2.627794941998805,
    "count": 10
  },
  "Compilation.chunk ids": {
    "min": 1,
    "max": 2,
    "mean": 1.1,
    "median": 1,
    "variance": 0.09,
    "stdDev": 0.3,
    "confidence": 0.4291843240380525,
    "low": 0.8854078379809739,
    "high": 1.3145921620190264,
    "count": 10
  },
  "Compilation.optimize code generation": {
    "min": 0,
    "max": 0,
    "mean": 0,
    "median": 0,
    "variance": 0,
    "stdDev": 0,
    "confidence": 0,
    "low": 0,
    "high": 0,
    "count": 10
  },
  "Compilation.module code generation cache": {
    "min": 0,
    "max": 0,
    "mean": 0,
    "median": 0,
    "variance": 0,
    "stdDev": 0,
    "confidence": 0,
    "low": 0,
    "high": 0,
    "count": 10
  },
  "Compilation.code generation": {
    "min": 12,
    "max": 13,
    "mean": 12.5,
    "median": 12.5,
    "variance": 0.25,
    "stdDev": 0.5,
    "confidence": 0.7153072067300883,
    "low": 12.142346396634956,
    "high": 12.857653603365044,
    "count": 10
  },
  "Compilation.runtime requirements.modules": {
    "min": 1,
    "max": 1,
    "mean": 1,
    "median": 1,
    "variance": 0,
    "stdDev": 0,
    "confidence": 0,
    "low": 1,
    "high": 1,
    "count": 10
  },
  "Compilation.runtime requirements.chunks": {
    "min": 0,
    "max": 0,
    "mean": 0,
    "median": 0,
    "variance": 0,
    "stdDev": 0,
    "confidence": 0,
    "low": 0,
    "high": 0,
    "count": 10
  },
  "Compilation.runtime requirements.entries": {
    "min": 2,
    "max": 2,
    "mean": 2,
    "median": 2,
    "variance": 0,
    "stdDev": 0,
    "confidence": 0,
    "low": 2,
    "high": 2,
    "count": 10
  },
  "Compilation.runtime requirements": {
    "min": 4,
    "max": 5,
    "mean": 4.2,
    "median": 4,
    "variance": 0.15999999999999998,
    "stdDev": 0.39999999999999997,
    "confidence": 0.5722457653840696,
    "low": 3.9138771173079654,
    "high": 4.486122882692035,
    "count": 10
  },
  "Compilation.hashing: hash chunks": {
    "min": 1,
    "max": 1,
    "mean": 1,
    "median": 1,
    "variance": 0,
    "stdDev": 0,
    "confidence": 0,
    "low": 1,
    "high": 1,
    "count": 10
  },
  "Compilation.hashing: hash runtime chunks": {
    "min": 0,
    "max": 0,
    "mean": 0,
    "median": 0,
    "variance": 0,
    "stdDev": 0,
    "confidence": 0,
    "low": 0,
    "high": 0,
    "count": 10
  },
  "Compilation.hashing: process full hash chunks": {
    "min": 0,
    "max": 0,
    "mean": 0,
    "median": 0,
    "variance": 0,
    "stdDev": 0,
    "confidence": 0,
    "low": 0,
    "high": 0,
    "count": 10
  },
  "Compilation.hashing": {
    "min": 2,
    "max": 2,
    "mean": 2,
    "median": 2,
    "variance": 0,
    "stdDev": 0,
    "confidence": 0,
    "low": 2,
    "high": 2,
    "count": 10
  },
  "Compilation.create module assets": {
    "min": 0,
    "max": 0,
    "mean": 0,
    "median": 0,
    "variance": 0,
    "stdDev": 0,
    "confidence": 0,
    "low": 0,
    "high": 0,
    "count": 10
  },
  "Compilation.create chunk assets": {
    "min": 8,
    "max": 10,
    "mean": 9.2,
    "median": 8,
    "variance": 0.5600000000000002,
    "stdDev": 0.7483314773547883,
    "confidence": 1.0705737975497058,
    "low": 8.664713101225146,
    "high": 9.735286898774852,
    "count": 10
  },
  "Compilation.process assets": {
    "min": 391,
    "max": 424,
    "mean": 408.2,
    "median": 407.5,
    "variance": 73.76000000000002,
    "stdDev": 8.588364221433556,
    "confidence": 12.286637643228573,
    "low": 402.0566811783857,
    "high": 414.3433188216143,
    "count": 10
  },
  "Compilation.after process assets": {
    "min": 0,
    "max": 1,
    "mean": 0.2,
    "median": 0,
    "variance": 0.16000000000000003,
    "stdDev": 0.4,
    "confidence": 0.48612288269203496,
    "low": 0,