{
  "stats": {
    "min": 1496,
    "max": 1561,
    "mean": 1533.4,
    "median": 1536,
    "variance": 445.03999999999996,
    "stdDev": 21.09597117935081,
    "confidence": 52.37981723557277,
    "low": 1507.2100913822137,
    "high": 1559.5899086177865,
    "count": 5
  },
  "heap memory": {
    "min": 85792824,
    "max": 95839264,
    "mean": 90324937.6,
    "median": 90392200,
    "variance": 11331589568880.64,
    "stdDev": 3366242.6485446114,
    "confidence": 8358144.462860554,
    "low": 86145865.36856972,
    "high": 94504009.83143027,
    "count": 5
  },
  "rss memory": {
    "min": 630075392,
    "max": 726634496,
    "mean": 675973529.6,
    "median": 683859968,
    "variance": 1225008415286231,
    "stdDev": 35000120.218168266,
    "confidence": 86902844.37083411,
    "low": 632522107.414583,
    "high": 719424951.7854171,
    "count": 5
  },
  "external memory": {
    "min": 24070544,
    "max": 39434716,
    "mean": 36355307.6,
    "median": 39434716,
    "variance": 37729016242506.25,
    "stdDev": 6142394.992387436,
    "confidence": 15251136.074971247,
    "low": 28729739.562514376,
    "high": 43980875.63748562,
    "count": 5
  },
  "array buffers memory": {
    "min": 2234829,
    "max": 2268227,
    "mean": 2261547.4,
    "median": 2268227,
    "variance": 178468224.64000005,
    "stdDev": 13359.200000000003,
    "confidence": 33169.956882497296,
    "low": 2244962.4215587513,
    "high": 2278132.3784412486,
    "count": 5
  },
  "Compilation.finish modules": {
    "min": 6,
    "max": 7,
    "mean": 6.8,
    "median": 7,
    "variance": 0.15999999999999998,
    "stdDev": 0.39999999999999997,
    "confidence": 0.993171952886307,
    "low": 6.303414023556846,
    "high": 7.296585976443153,
    "count": 5
  },
  "Compilation.optimize dependencies": {
    "min": 2,
    "max": 3,
    "mean": 2.6,
    "median": 3,
    "variance": 0.24,
    "stdDev": 0.4898979485566356,
    "confidence": 1.216382255707473,
    "low": 1.9918088721462637,
    "high": 3.2081911278537367,
    "count": 5
  },
  "Compilation.rebuild chunk graph": {
    "min": 9,
    "max": 9,
    "mean": 9,
    "median": 9,
    "variance": 0,
    "stdDev": 0,
    "confidence": 0,
    "low": 9,
    "high": 9,
    "count": 5
  },
  "Compilation.create chunks": {
    "min": 15,
    "max": 15,
    "mean": 15,
    "median": 15,
    "variance": 0,
    "stdDev": 0,
    "confidence": 0,
    "low": 15,
    "high": 15,
    "count": 5
  },
  "Compilation.optimize": {
    "min": 0,
    "max": 0,
    "mean": 0,
    "median": 0,
    "variance": 0,
    "stdDev": 0,
    "confidence": 0,
    "low": 0,
    "high": 0,
    "count": 5
  },
  "Compilation.module ids": {
    "min": 1,
    "max": 2,
    "mean": 1.2,
    "median": 1,
    "variance": 0.16,
    "stdDev": 0.4,
    "confidence": 0.9931719528863066,
    "low": 0.7034140235568467,
    "high": 1.6965859764431532,
    "count": 5
  },
  "Compilation.chunk ids": {
    "min": 2,
    "max": 2,
    "mean": 2,
    "median": 2,
    "variance": 0,
    "stdDev": 0,
    "confidence": 0,
    "low": 2,
    "high": 2,
    "count": 5
  },
  "Compilation.optimize code generation": {
    "min": 0,
    "max": 0,
    "mean": 0,
    "median": 0,
    "variance": 0,
    "stdDev": 0,
    "confidence": 0,
    "low": 0,
    "high": 0,
    "count": 5
  },
  "Compilation.module code generation cache": {
    "min": 0,
    "max": 0,
    "mean": 0,
    "median": 0,
    "variance": 0,
    "stdDev": 0,
    "confidence": 0,
    "low": 0,
    "high": 0,
    "count": 5
  },
  "Compilation.code generation": {
    "min": 19,
    "max": 22,
    "mean": 20.8,
    "median": 21,
    "variance": 0.96,
    "stdDev": 0.9797958971132712,
    "confidence": 2.4327645114149448,
    "low": 19.58361774429253,
    "high": 22.016382255707473,
    "count": 5
  },
  "Compilation.runtime requirements.modules": {
    "min": 1,
    "max": 1,
    "mean": 1,
    "median": 1,
    "variance": 0,
    "stdDev": 0,
    "confidence": 0,
    "low": 1,
    "high": 1,
    "count": 5
  },
  "Compilation.runtime requirements.chunks": {
    "min": 0,
    "max": 0,
    "mean": 0,
    "median": 0,
    "variance": 0,
    "stdDev": 0,
    "confidence": 0,
    "low": 0,
    "high": 0,
    "count": 5
  },
  "Compilation.runtime requirements.entries": {
    "min": 0,
    "max": 0,
    "mean": 0,
    "median": 0,
    "variance": 0,
    "stdDev": 0,
    "confidence": 0,
    "low": 0,
    "high": 0,
    "count": 5
  },
  "Compilation.runtime requirements": {
    "min": 2,
    "max": 2,
    "mean": 2,
    "median": 2,
    "variance": 0,
    "stdDev": 0,
    "confidence": 0,
    "low": 2,
    "high": 2,
    "count": 5
  },
  "Compilation.hashing: hash chunks": {
    "min": 0,
    "max": 0,
    "mean": 0,
    "median": 0,
    "variance": 0,
    "stdDev": 0,
    "confidence": 0,
    "low": 0,
    "high": 0,
    "count": 5
  },
  "Compilation.hashing: hash runtime chunks": {
    "min": 0,
    "max": 1,
    "mean": 0.2,
    "median": 0,
    "variance": 0.16000000000000003,
    "stdDev": 0.4,
    "confidence": 0.6965859764431532,
    "low": 0,
    "high": 0.6965859764431532,
    "count": 5
  },
  "Compilation.hashing: process full hash chunks": {
    "min": 0,
    "max": 0,
    "mean": 0,
    "median": 0,
    "variance": 0,
    "stdDev": 0,
    "confidence": 0,
    "low": 0,
    "high": 0,
    "count": 5
  },
  "Compilation.hashing": {
    "min": 1,
    "max": 2,
    "mean": 1.4,
    "median": 1,
    "variance": 0.24,
    "stdDev": 0.4898979485566356,
    "confidence": 1.216382255707473,
    "low": 0.7918088721462635,
    "high": 2.0081911278537365,
    "count": 5
  },
  "Compilation.create module assets": {
    "min": 0,
    "max": 0,
    "mean": 0,
    "median": 0,
    "variance": 0,
    "stdDev": 0,
    "confidence": 0,
    "low": 0,
    "high": 0,
    "count": 5
  },
  "Compilation.create chunk assets": {
    "min": 5,
    "max": 6,
    "mean": 5.6,
    "median": 6,
    "variance": 0.24000000000000005,
    "stdDev": 0.48989794855663565,
    "confidence": 1.2163822557074724,
    "low": 4.9918088721462635,
    "high": 6.208191127853736,
    "count": 5
  },
  "Compilation.process assets": {
    "min": 46,
    "max": 55,
    "mean": 50,
    "median": 50,
    "variance": 10.8,
    "stdDev": 3.286335345030997,
    "confidence": 8.159740231159319,
    "low": 45.92012988442034,
    "high": 54.07987011557966,
    "count": 5
  },
  "Compilation.after process assets": {
    "min": 0,
    "max": 0,
    "mean": 0,
    "median": 0,
    "variance": 0,
    "stdDev": 0,
    "confidence": 0,
    "low": 0,
    "high": 0,
    "count": 5
  },
  "Compilation.after seal": {
    "min": 0,
    "max": 0,
    "mean": 0,
    "median": 0,
    "variance": 0,
    "stdDev": 0,
    "confidence": 0,
    "low": 0,
    "high": 0,
    "count": 5
  },
  "Compiler.make hook": {
    "min": 0,
    "max": 0,
    "mean": 0,
    "median": 0,
    "variance": 0,
    "stdDev": 0,
    "confidence": 0,
    "low": 0,
    "high": 0,
    "count": 5
  },
  "Compiler.make": {
    "min": 1321,
    "max": 1363,
    "mean": 1341,
    "median": 1340,
    "variance": 185.2,
    "stdDev": 13.6088206689632,
    "confidence": 33.78974750068437,
    "low": 1324.1051262496578,
    "high": 1357.8948737503422,
    "count": 5
  },
  "Compiler.finish make hook": {
    "min": 0,
    "max": 0,
    "mean": 0,
    "median": 0,
    "variance": 0,
    "stdDev": 0,
    "confidence": 0,
    "low": 0,
    "high": 0,
    "count": 5
  },
  "Compiler.finish compilation": {
    "min": 8,
    "max": 9,
    "mean": 8.4,
    "median": 8,
    "variance": 0.24000000000000005,
    "stdDev": 0.48989794855663565,
    "confidence": 1.2163822557074724,
    "low": 7.791808872146264,
    "high": 9.008191127853737,
    "count": 5
  },
  "Compiler.seal compilation": {
    "min": 103,
    "max": 114,
    "mean": 107.8,
    "median": 106,
    "variance": 16.56,
    "stdDev": 4.069397989875161,
    "confidence": 10.104029871689818,
    "low": 102.74798506415509,
    "high": 112.8520149358449,
    "count": 5
  },