{
  "stats": {
    "min": 3427,
    "max": 3508,
    "mean": 3459.6,
    "median": 3440,
    "variance": 1019.4399999999999,
    "stdDev": 31.92867050160404,
    "confidence": 79.27665008785334,
    "low": 3419.9616749560732,
    "high": 3499.2383250439266,
    "count": 5
  },
  "heap memory": {
    "min": 54316464,
    "max": 58846456,
    "mean": 56654094.4,
    "median": 57388096,
    "variance": 3565877688714.2397,
    "stdDev": 1888353.1684285754,
    "confidence": 4688648.5100681335,
    "low": 54309770.14496593,
    "high": 58998418.655034065,
    "count": 5
  },
  "rss memory": {
    "min": 1031094272,
    "max": 1112100864,
    "mean": 1081384140.8,
    "median": 1087320064,
    "variance": 809886517097922.5,
    "stdDev": 28458505.180313364,
    "confidence": 70660472.91539228,
    "low": 1046053904.3423039,
    "high": 1116714377.2576962,
    "count": 5
  },
  "external memory": {
    "min": 32736509,
    "max": 32931603,
    "mean": 32830168,
    "median": 32828365,
    "variance": 3827822628.8,
    "stdDev": 61869.399777272774,
    "confidence": 153617.3815017417,
    "low": 32753359.30924913,
    "high": 32906976.69075087,
    "count": 5
  },
  "array buffers memory": {
    "min": 4238509,
    "max": 4357654,
    "mean": 4311403.8,
    "median": 4325058,
    "variance": 1582228748.16,
    "stdDev": 39777.23907160979,
    "confidence": 98764.09552294016,
    "low": 4262021.75223853,
    "high": 4360785.84776147,
    "count": 5
  },
  "Compilation.build module graph": {
    "min": 490,
    "max": 537,
    "mean": 506.6,
    "median": 497,
    "variance": 296.23999999999995,
    "stdDev": 17.21162397916013,
    "confidence": 42.7352554993181,
    "low": 485.232372250341,
    "high": 527.9676277496591,
    "count": 5
  },
  "Compilation.finish modules": {
    "min": 13,
    "max": 16,
    "mean": 14.6,
    "median": 15,
    "variance": 1.0399999999999998,
    "stdDev": 1.0198039027185568,
    "confidence": 2.5321015840601646,
    "low": 13.333949207969917,
    "high": 15.866050792030082,
    "count": 5
  },
  "Compilation.seal": {
    "min": 0,
    "max": 0,
    "mean": 0,
    "median": 0,
    "variance": 0,
    "stdDev": 0,
    "confidence": 0,
    "low": 0,
    "high": 0,
    "count": 5
  },
  "Compilation.optimize dependencies": {
    "min": 21,
    "max": 24,
    "mean": 22.4,
    "median": 22,
    "variance": 1.0399999999999998,
    "stdDev": 1.0198039027185568,
    "confidence": 2.5321015840601646,
    "low": 21.133949207969916,
    "high": 23.66605079203008,
    "count": 5
  },
  "Compilation.rebuild chunk graph": {
    "min": 8,
    "max": 9,
    "mean": 8.4,
    "median": 8,
    "variance": 0.24000000000000005,
    "stdDev": 0.48989794855663565,
    "confidence": 1.2163822557074724,
    "low": 7.791808872146264,
    "high": 9.008191127853737,
    "count": 5
  },
  "Compilation.build chunk graph": {
    "min": 8,
    "max": 9,
    "mean": 8.4,
    "median": 8,
    "variance": 0.24000000000000005,
    "stdDev": 0.48989794855663565,
    "confidence": 1.2163822557074724,
    "low": 7.791808872146264,
    "high": 9.008191127853737,
    "count": 5
  },
  "Compilation.optimize modules": {
    "min": 0,
    "max": 0,
    "mean": 0,
    "median": 0,
    "variance": 0,
    "stdDev": 0,
    "confidence": 0,
    "low": 0,
    "high": 0,
    "count": 5
  },
  "Compilation.optimize chunks": {
    "min": 5,
    "max": 6,
    "mean": 5.8,
    "median": 6,
    "variance": 0.15999999999999998,
    "stdDev": 0.39999999999999997,
    "confidence": 0.993171952886307,
    "low": 5.303414023556846,
    "high": 6.296585976443153,
    "count": 5
  },
  "Compilation.optimize tree": {
    "min": 0,
    "max": 0,
    "mean": 0,
    "median": 0,
    "variance": 0,
    "stdDev": 0,
    "confidence": 0,
    "low": 0,
    "high": 0,
    "count": 5
  },
  "Compilation.optimize chunk modules": {
    "min": 21,
    "max": 23,
    "mean": 22,
    "median": 22,
    "variance": 0.8,
    "stdDev": 0.8944271909999159,
    "confidence": 2.220799999999997,
    "low": 20.8896,
    "high": 23.1104,
    "count": 5
  },
  "Compilation.module ids": {
    "min": 0,
    "max": 0,
    "mean": 0,
    "median": 0,
    "variance": 0,
    "stdDev": 0,
    "confidence": 0,
    "low": 0,
    "high": 0,
    "count": 5
  },
  "Compilation.chunk ids": {
    "min": 0,
    "max": 0,
    "mean": 0,
    "median": 0,
    "variance": 0,
    "stdDev": 0,
    "confidence": 0,
    "low": 0,
    "high": 0,
    "count": 5
  },
  "Compilation.assign runtime ids": {
    "min": 0,
    "max": 0,
    "mean": 0,
    "median": 0,
    "variance": 0,
    "stdDev": 0,
    "confidence": 0,
    "low": 0,
    "high": 0,
    "count": 5
  },
  "Compilation.optimize code generation": {
    "min": 3,
    "max": 4,
    "mean": 3.2,
    "median": 3,
    "variance": 0.15999999999999998,
    "stdDev": 0.39999999999999997,
    "confidence": 0.9931719528863061,
    "low": 2.703414023556847,
    "high": 3.6965859764431532,
    "count": 5
  },
  "Compilation.create module hashes": {
    "min": 10,
    "max": 15,
    "mean": 12.2,
    "median": 11,
    "variance": 3.7600000000000002,
    "stdDev": 1.9390719429665317,
    "confidence": 4.814579670957787,
    "low": 9.792710164521106,
    "high": 14.607289835478893,
    "count": 5
  },
  "Compilation.code generation": {
    "min": 97,
    "max": 100,
    "mean": 99.2,
    "median": 100,
    "variance": 1.3599999999999999,
    "stdDev": 1.16619037896906,
    "confidence": 2.895568940294794,
    "low": 97.7522155298526,
    "high": 100.6477844701474,
    "count": 5
  },
  "Compilation.runtime requirements.modules": {
    "min": 0,
    "max": 0,
    "mean": 0,
    "median": 0,
    "variance": 0,
    "stdDev": 0,
    "confidence": 0,
    "low": 0,
    "high": 0,
    "count": 5
  },
  "Compilation.runtime requirements.chunks": {
    "min": 0,
    "max": 0,
    "mean": 0,
    "median": 0,
    "variance": 0,
    "stdDev": 0,
    "confidence": 0,
    "low": 0,
    "high": 0,
    "count": 5
  },
  "Compilation.runtime requirements.entries": {
    "min": 0,
    "max": 0,
    "mean": 0,
    "median": 0,
    "variance": 0,
    "stdDev": 0,
    "confidence": 0,
    "low": 0,
    "high": 0,
    "count": 5
  },
  "Compilation.runtime requirements": {
    "min": 0,
    "max": 0,
    "mean": 0,
    "median": 0,
    "variance": 0,
    "stdDev": 0,
    "confidence": 0,
    "low": 0,
    "high": 0,
    "count": 5
  },
  "Compilation.hashing: hash chunks": {
    "min": 0,
    "max": 0,
    "mean": 0,
    "median": 0,
    "variance": 0,
    "stdDev": 0,
    "confidence": 0,
    "low": 0,
    "high": 0,
    "count": 5
  },
  "Compilation.hashing: hash runtime chunks": {
    "min": 0,
    "max": 0,
    "mean": 0,
    "median": 0,
    "variance": 0,
    "stdDev": 0,
    "confidence": 0,
    "low": 0,
    "high": 0,
    "count": 5
  },
  "Compilation.hashing: process full hash chunks": {
    "min": 0,
    "max": 0,
    "mean": 0,
    "median": 0,
    "variance": 0,
    "stdDev": 0,
    "confidence": 0,
    "low": 0,
    "high": 0,
    "count": 5
  },
  "Compilation.hashing": {
    "min": 0,
    "max": 0,
    "mean": 0,
    "median": 0,
    "variance": 0,
    "stdDev": 0,
    "confidence": 0,
    "low": 0,
    "high": 0,
    "count": 5
  },
  "Compilation.create module assets": {
    "min": 0,
    "max": 0,
    "mean": 0,
    "median": 0,
    "variance": 0,
    "stdDev": 0,
    "confidence": 0,
    "low": 0,
    "high": 0,
    "count": 5
  },
  "Compilation.create chunk assets": {
    "min": 0,
    "max": 0,
    "mean": 0,
    "median": 0,
    "variance": 0,
    "stdDev": 0,
    "confidence": 0,
    "low": 0,
    "high": 0,
    "count": 5
  },
  "Compilation.process assets": {
    "min": 2718,
    "max": 2753,
    "mean": 2734.4,
    "median": 2729,
    "variance": 187.44,
    "stdDev": 13.690872872099865,
    "confidence": 33.99347736775417,
    "low": 2717.403261316123,
    "high": 2751.396738683877,
    "count": 5
  },
  "Compilation.after process assets": {
    "min": 0,
    "max": 0,