{
  "stats": {
    "min": 3036,
    "max": 3108,
    "mean": 3079.8,
    "median": 3099,
    "variance": 794.1600000000001,
    "stdDev": 28.18084455796171,
    "confidence": 69.97106105904095,
    "low": 3044.8144694704797,
    "high": 3114.7855305295207,
    "count": 5
  },
  "heap memory": {
    "min": 92386984,
    "max": 99219800,
    "mean": 94908928,
    "median": 94627000,
    "variance": 5843433234227.2,
    "stdDev": 2417319.4315661304,
    "confidence": 6002034.651496381,
    "low": 91907910.67425181,
    "high": 97909945.32574819,
    "count": 5
  },
  "rss memory": {
    "min": 745705472,
    "max": 825909248,
    "mean": 780798361.6,
    "median": 770686976,
    "variance": 730538896827351,
    "stdDev": 27028483.065598615,
    "confidence": 67109828.27453756,
    "low": 747243447.4627312,
    "high": 814353275.7372688,
    "count": 5
  },
  "external memory": {
    "min": 28598869,
    "max": 28668094,
    "mean": 28651173.8,
    "median": 28664902,
    "variance": 701109715.36,
    "stdDev": 26478.476454660304,
    "confidence": 65744.20042482018,
    "low": 28618301.69978759,
    "high": 28684045.90021241,
    "count": 5
  },
  "array buffers memory": {
    "min": 623192,
    "max": 693236,
    "mean": 676152,
    "median": 690044,
    "variance": 718352089.6,
    "stdDev": 26802.09114229709,
    "confidence": 66547.71300307987,
    "low": 642878.1434984601,
    "high": 709425.8565015399,
    "count": 5
  },
  "Compilation.finish modules": {
    "min": 7,
    "max": 8,
    "mean": 7.4,
    "median": 7,
    "variance": 0.24000000000000005,
    "stdDev": 0.48989794855663565,
    "confidence": 1.2163822557074724,
    "low": 6.791808872146264,
    "high": 8.008191127853737,
    "count": 5
  },
  "Compilation.optimize dependencies": {
    "min": 17,
    "max": 18,
    "mean": 17.2,
    "median": 17,
    "variance": 0.16,
    "stdDev": 0.4,
    "confidence": 0.993171952886307,
    "low": 16.703414023556846,
    "high": 17.696585976443153,
    "count": 5
  },
  "Compilation.rebuild chunk graph": {
    "min": 10,
    "max": 11,
    "mean": 10.6,
    "median": 11,
    "variance": 0.24000000000000005,
    "stdDev": 0.48989794855663565,
    "confidence": 1.2163822557074724,
    "low": 9.991808872146263,
    "high": 11.208191127853736,
    "count": 5
  },
  "Compilation.create chunks": {
    "min": 16,
    "max": 20,
    "mean": 17.2,
    "median": 17,
    "variance": 2.16,
    "stdDev": 1.469693845669907,
    "confidence": 3.649146767122417,
    "low": 15.37542661643879,
    "high": 19.024573383561208,
    "count": 5
  },
  "Compilation.optimize": {
    "min": 28,
    "max": 31,
    "mean": 29.4,
    "median": 29,
    "variance": 1.0399999999999998,
    "stdDev": 1.0198039027185568,
    "confidence": 2.5321015840601646,
    "low": 28.133949207969916,
    "high": 30.66605079203008,
    "count": 5
  },
  "Compilation.module ids": {
    "min": 1,
    "max": 3,
    "mean": 2,
    "median": 2,
    "variance": 0.8,
    "stdDev": 0.8944271909999159,
    "confidence": 2.2207999999999997,
    "low": 0.8896000000000002,
    "high": 3.1104,
    "count": 5
  },
  "Compilation.chunk ids": {
    "min": 1,
    "max": 1,
    "mean": 1,
    "median": 1,
    "variance": 0,
    "stdDev": 0,
    "confidence": 0,
    "low": 1,
    "high": 1,
    "count": 5
  },
  "Compilation.optimize code generation": {
    "min": 2,
    "max": 2,
    "mean": 2,
    "median": 2,
    "variance": 0,
    "stdDev": 0,
    "confidence": 0,
    "low": 2,
    "high": 2,
    "count": 5
  },
  "Compilation.code generation": {
    "min": 47,
    "max": 51,
    "mean": 49.6,
    "median": 50,
    "variance": 2.24,
    "stdDev": 1.4966629547095767,
    "confidence": 3.716109173853752,
    "low": 47.741945413073125,
    "high": 51.45805458692688,
    "count": 5
  },
  "Compilation.runtime requirements.modules": {
    "min": 0,
    "max": 2,
    "mean": 0.4,
    "median": 0,
    "variance": 0.6400000000000001,
    "stdDev": 0.8,
    "confidence": 1.3931719528863065,
    "low": 0,
    "high": 1.3931719528863065,
    "count": 5
  },
  "Compilation.runtime requirements.chunks": {
    "min": 0,
    "max": 0,
    "mean": 0,
    "median": 0,
    "variance": 0,
    "stdDev": 0,
    "confidence": 0,
    "low": 0,
    "high": 0,
    "count": 5
  },
  "Compilation.runtime requirements.entries": {
    "min": 0,
    "max": 0,
    "mean": 0,
    "median": 0,
    "variance": 0,
    "stdDev": 0,
    "confidence": 0,
    "low": 0,
    "high": 0,
    "count": 5
  },
  "Compilation.runtime requirements": {
    "min": 1,
    "max": 3,
    "mean": 1.4,
    "median": 1,
    "variance": 0.64,
    "stdDev": 0.8,
    "confidence": 1.986343905772613,
    "low": 0.40682804711369336,
    "high": 2.3931719528863065,
    "count": 5
  },
  "Compilation.hashing: hash chunks": {
    "min": 0,
    "max": 0,
    "mean": 0,
    "median": 0,
    "variance": 0,
    "stdDev": 0,
    "confidence": 0,
    "low": 0,
    "high": 0,
    "count": 5
  },
  "Compilation.hashing: hash runtime chunks": {
    "min": 0,
    "max": 1,
    "mean": 0.2,
    "median": 0,
    "variance": 0.16000000000000003,
    "stdDev": 0.4,
    "confidence": 0.6965859764431532,
    "low": 0,
    "high": 0.6965859764431532,
    "count": 5
  },
  "Compilation.hashing: process full hash chunks": {
    "min": 0,
    "max": 0,
    "mean": 0,
    "median": 0,
    "variance": 0,
    "stdDev": 0,
    "confidence": 0,
    "low": 0,
    "high": 0,
    "count": 5
  },
  "Compilation.hashing": {
    "min": 1,
    "max": 1,
    "mean": 1,
    "median": 1,
    "variance": 0,
    "stdDev": 0,
    "confidence": 0,
    "low": 1,
    "high": 1,
    "count": 5
  },
  "Compilation.create module assets": {
    "min": 0,
    "max": 0,
    "mean": 0,
    "median": 0,
    "variance": 0,
    "stdDev": 0,
    "confidence": 0,
    "low": 0,
    "high": 0,
    "count": 5
  },
  "Compilation.create chunk assets": {
    "min": 2,
    "max": 2,
    "mean": 2,
    "median": 2,
    "variance": 0,
    "stdDev": 0,
    "confidence": 0,
    "low": 2,
    "high": 2,
    "count": 5
  },
  "Compilation.process assets": {
    "min": 1522,
    "max": 1560,
    "mean": 1533,
    "median": 1527,
    "variance": 197.2,
    "stdDev": 14.042791745233567,
    "confidence": 34.867267253973296,
    "low": 1515.5663663730134,
    "high": 1550.4336336269866,
    "count": 5
  },
  "Compilation.after process assets": {
    "min": 0,
    "max": 0,
    "mean": 0,
    "median": 0,
    "variance": 0,
    "stdDev": 0,
    "confidence": 0,
    "low": 0,
    "high": 0,
    "count": 5
  },
  "Compilation.after seal": {
    "min": 0,
    "max": 0,
    "mean": 0,
    "median": 0,
    "variance": 0,
    "stdDev": 0,
    "confidence": 0,
    "low": 0,
    "high": 0,
    "count": 5
  },
  "Compiler.make hook": {
    "min": 0,
    "max": 0,
    "mean": 0,
    "median": 0,
    "variance": 0,
    "stdDev": 0,
    "confidence": 0,
    "low": 0,
    "high": 0,
    "count": 5
  },
  "Compiler.make": {
    "min": 1250,
    "max": 1351,
    "mean": 1316.6,
    "median": 1341,
    "variance": 1489.0399999999997,
    "stdDev": 38.58808106138474,
    "confidence": 95.81149956467652,
    "low": 1268.6942502176616,
    "high": 1364.5057497823382,
    "count": 5
  },
  "Compiler.finish make hook": {
    "min": 0,
    "max": 0,
    "mean": 0,
    "median": 0,
    "variance": 0,
    "stdDev": 0,
    "confidence": 0,
    "low": 0,
    "high": 0,
    "count": 5
  },
  "Compiler.finish compilation": {
    "min": 9,
    "max": 10,
    "mean": 9.4,
    "median": 9,
    "variance": 0.24000000000000005,
    "stdDev": 0.48989794855663565,
    "confidence": 1.2163822557074724,
    "low": 8.791808872146264,
    "high": 10.008191127853737,
    "count": 5
  },
  "Compiler.seal compilation": {
    "min": 1657,
    "max": 1700,
    "mean": 1669.2,
    "median": 1661,
    "variance": 253.76,
    "stdDev": 15.929846201391902,
    "confidence": 39.552691152537136,
    "low": 1649.4236544237315,
    "high": 1688.9763455762686,
    "count": 5
  },