{
  "stats": {
    "min": 3472,
    "max": 3509,
    "mean": 3492.8,
    "median": 3499,
    "variance": 166.56,
    "stdDev": 12.905812643921342,
    "confidence": 32.04422786787018,
    "low": 3476.777886066065,
    "high": 3508.8221139339353,
    "count": 5
  },
  "heap memory": {
    "min": 55714440,
    "max": 56122336,
    "mean": 55908048,
    "median": 55923600,
    "variance": 18274906854.4,
    "stdDev": 135184.71383407223,
    "confidence": 335654.165597409,
    "low": 55740220.917201295,
    "high": 56075875.082798705,
    "count": 5
  },
  "rss memory": {
    "min": 665538560,
    "max": 841101312,
    "mean": 794542899.2,
    "median": 817577984,
    "variance": 4254556293651497,
    "stdDev": 65226959.86822855,
    "confidence": 161953967.7829132,
    "low": 713565915.3085434,
    "high": 875519883.0914567,
    "count": 5
  },
  "external memory": {
    "min": 32024493,
    "max": 32149645,
    "mean": 32088226.4,
    "median": 32092232,
    "variance": 3054295499.44,
    "stdDev": 55265.68102755995,
    "confidence": 137220.81088433415,
    "low": 32019615.99455783,
    "high": 32156836.805442166,
    "count": 5
  },
  "array buffers memory": {
    "min": 4279330,
    "max": 4321384,
    "mean": 4299331.8,
    "median": 4293725,
    "variance": 222052188.56,
    "stdDev": 14901.41565623884,
    "confidence": 36999.17022019252,
    "low": 4280832.214889904,
    "high": 4317831.385110096,
    "count": 5
  },
  "Compilation.finish modules": {
    "min": 14,
    "max": 14,
    "mean": 14,
    "median": 14,
    "variance": 0,
    "stdDev": 0,
    "confidence": 0,
    "low": 14,
    "high": 14,
    "count": 5
  },
  "Compilation.optimize dependencies": {
    "min": 28,
    "max": 29,
    "mean": 28.4,
    "median": 28,
    "variance": 0.24,
    "stdDev": 0.4898979485566356,
    "confidence": 1.2163822557074724,
    "low": 27.791808872146262,
    "high": 29.008191127853735,
    "count": 5
  },
  "Compilation.rebuild chunk graph": {
    "min": 10,
    "max": 10,
    "mean": 10,
    "median": 10,
    "variance": 0,
    "stdDev": 0,
    "confidence": 0,
    "low": 10,
    "high": 10,
    "count": 5
  },
  "Compilation.create chunks": {
    "min": 17,
    "max": 18,
    "mean": 17.4,
    "median": 17,
    "variance": 0.24,
    "stdDev": 0.4898979485566356,
    "confidence": 1.2163822557074724,
    "low": 16.791808872146262,
    "high": 18.008191127853735,
    "count": 5
  },
  "Compilation.optimize": {
    "min": 24,
    "max": 25,
    "mean": 24.4,
    "median": 24,
    "variance": 0.24,
    "stdDev": 0.4898979485566356,
    "confidence": 1.2163822557074724,
    "low": 23.791808872146262,
    "high": 25.008191127853735,
    "count": 5
  },
  "Compilation.module ids": {
    "min": 0,
    "max": 0,
    "mean": 0,
    "median": 0,
    "variance": 0,
    "stdDev": 0,
    "confidence": 0,
    "low": 0,
    "high": 0,
    "count": 5
  },
  "Compilation.chunk ids": {
    "min": 0,
    "max": 0,
    "mean": 0,
    "median": 0,
    "variance": 0,
    "stdDev": 0,
    "confidence": 0,
    "low": 0,
    "high": 0,
    "count": 5
  },
  "Compilation.optimize code generation": {
    "min": 3,
    "max": 3,
    "mean": 3,
    "median": 3,
    "variance": 0,
    "stdDev": 0,
    "confidence": 0,
    "low": 3,
    "high": 3,
    "count": 5
  },
  "Compilation.code generation": {
    "min": 128,
    "max": 130,
    "mean": 129.4,
    "median": 130,
    "variance": 0.64,
    "stdDev": 0.8,
    "confidence": 1.9863439057726282,
    "low": 128.4068280471137,
    "high": 130.39317195288632,
    "count": 5
  },
  "Compilation.runtime requirements.modules": {
    "min": 0,
    "max": 1,
    "mean": 0.6,
    "median": 1,
    "variance": 0.24000000000000005,
    "stdDev": 0.48989794855663565,
    "confidence": 1.2081911278537363,
    "low": 0,
    "high": 1.2081911278537363,
    "count": 5
  },
  "Compilation.runtime requirements.chunks": {
    "min": 0,
    "max": 0,
    "mean": 0,
    "median": 0,
    "variance": 0,
    "stdDev": 0,
    "confidence": 0,
    "low": 0,
    "high": 0,
    "count": 5
  },
  "Compilation.runtime requirements.entries": {
    "min": 0,
    "max": 0,
    "mean": 0,
    "median": 0,
    "variance": 0,
    "stdDev": 0,
    "confidence": 0,
    "low": 0,
    "high": 0,
    "count": 5
  },
  "Compilation.runtime requirements": {
    "min": 1,
    "max": 1,
    "mean": 1,
    "median": 1,
    "variance": 0,
    "stdDev": 0,
    "confidence": 0,
    "low": 1,
    "high": 1,
    "count": 5
  },
  "Compilation.hashing: hash chunks": {
    "min": 0,
    "max": 0,
    "mean": 0,
    "median": 0,
    "variance": 0,
    "stdDev": 0,
    "confidence": 0,
    "low": 0,
    "high": 0,
    "count": 5
  },
  "Compilation.hashing: hash runtime chunks": {
    "min": 0,
    "max": 1,
    "mean": 0.8,
    "median": 1,
    "variance": 0.16000000000000006,
    "stdDev": 0.4000000000000001,
    "confidence": 0.9931719528863066,
    "low": 0.30341402355684677,
    "high": 1.2965859764431533,
    "count": 5
  },
  "Compilation.hashing: process full hash chunks": {
    "min": 0,
    "max": 0,
    "mean": 0,
    "median": 0,
    "variance": 0,
    "stdDev": 0,
    "confidence": 0,
    "low": 0,
    "high": 0,
    "count": 5
  },
  "Compilation.hashing": {
    "min": 1,
    "max": 1,
    "mean": 1,
    "median": 1,
    "variance": 0,
    "stdDev": 0,
    "confidence": 0,
    "low": 1,
    "high": 1,
    "count": 5
  },
  "Compilation.create module assets": {
    "min": 0,
    "max": 0,
    "mean": 0,
    "median": 0,
    "variance": 0,
    "stdDev": 0,
    "confidence": 0,
    "low": 0,
    "high": 0,
    "count": 5
  },
  "Compilation.create chunk assets": {
    "min": 0,
    "max": 1,
    "mean": 0.4,
    "median": 0,
    "variance": 0.24000000000000005,
    "stdDev": 0.48989794855663565,
    "confidence": 1.0081911278537365,
    "low": 0,
    "high": 1.0081911278537365,
    "count": 5
  },
  "Compilation.process assets": {
    "min": 2687,
    "max": 2714,
    "mean": 2697.4,
    "median": 2698,
    "variance": 87.84,
    "stdDev": 9.372299611087985,
    "confidence": 23.270762769449902,
    "low": 2685.764618615275,
    "high": 2709.035381384725,
    "count": 5
  },
  "Compilation.after process assets": {
    "min": 0,
    "max": 0,
    "mean": 0,
    "median": 0,
    "variance": 0,
    "stdDev": 0,
    "confidence": 0,
    "low": 0,
    "high": 0,
    "count": 5
  },
  "Compilation.after seal": {
    "min": 0,
    "max": 0,
    "mean": 0,
    "median": 0,
    "variance": 0,
    "stdDev": 0,
    "confidence": 0,
    "low": 0,
    "high": 0,
    "count": 5
  },
  "Compiler.make hook": {
    "min": 0,
    "max": 0,
    "mean": 0,
    "median": 0,
    "variance": 0,
    "stdDev": 0,
    "confidence": 0,
    "low": 0,
    "high": 0,
    "count": 5
  },
  "Compiler.make": {
    "min": 511,
    "max": 530,
    "mean": 520.8,
    "median": 523,
    "variance": 40.96,
    "stdDev": 6.4,
    "confidence": 15.890751246180798,
    "low": 512.8546243769096,
    "high": 528.7453756230904,
    "count": 5
  },
  "Compiler.finish make hook": {
    "min": 0,
    "max": 0,
    "mean": 0,
    "median": 0,
    "variance": 0,
    "stdDev": 0,
    "confidence": 0,
    "low": 0,
    "high": 0,
    "count": 5
  },
  "Compiler.finish compilation": {
    "min": 19,
    "max": 20,
    "mean": 19.8,
    "median": 20,
    "variance": 0.15999999999999998,
    "stdDev": 0.39999999999999997,
    "confidence": 0.993171952886307,
    "low": 19.303414023556847,
    "high": 20.296585976443154,
    "count": 5
  },
  "Compiler.seal compilation": {
    "min": 2910,
    "max": 2935,
    "mean": 2920,
    "median": 2920,
    "variance": 70,
    "stdDev": 8.366600265340756,
    "confidence": 20.773681811368988,
    "low": 2909.6131590943155,
    "high": 2930.3868409056845,
    "count": 5
  },
  "Compiler.emitAssets": {
    "min": 18,
    "max": 33,
    "mean": 22.6,
    "median": 21,
    "variance": 29.04,
    "stdDev": 5.388877434122992,
    "confidence": 13.380204812782198,