{
  "stats": {
    "min": 2906,
    "max": 2946,
    "mean": 2924.4,
    "median": 2925,
    "variance": 179.44,
    "stdDev": 13.395521639712282,
    "confidence": 33.26014096710969,
    "low": 2907.7699295164452,
    "high": 2941.030070483555,
    "count": 5
  },
  "heap memory": {
    "min": 54032280,
    "max": 61350432,
    "mean": 56562401.6,
    "median": 54792056,
    "variance": 8255123488343.041,
    "stdDev": 2873173.0696815047,
    "confidence": 7133887.271489814,
    "low": 52995457.964255095,
    "high": 60129345.23574491,
    "count": 5
  },
  "rss memory": {
    "min": 752619520,
    "max": 767975424,
    "mean": 759624499.2,
    "median": 760553472,
    "variance": 28081981971496.957,
    "stdDev": 5299243.528230889,
    "confidence": 13157650.109382868,
    "low": 753045674.1453086,
    "high": 766203324.2546915,
    "count": 5
  },
  "external memory": {
    "min": 12271244,
    "max": 12820842,
    "mean": 12540317.2,
    "median": 12464593,
    "variance": 52445226439.759995,
    "stdDev": 229009.22784848648,
    "confidence": 568613.8551281653,
    "low": 12256010.272435917,
    "high": 12824624.127564082,
    "count": 5
  },
  "array buffers memory": {
    "min": 4240650,
    "max": 4487050,
    "mean": 4325632.2,
    "median": 4300519,
    "variance": 7046102511.360001,
    "stdDev": 83941.06570302762,
    "confidence": 208419.78037908487,
    "low": 4221422.309810458,
    "high": 4429842.090189543,
    "count": 5
  },
  "Compilation.build module graph": {
    "min": 519,
    "max": 541,
    "mean": 530,
    "median": 531,
    "variance": 51.2,
    "stdDev": 7.155417527999327,
    "confidence": 17.766399999999976,
    "low": 521.1168,
    "high": 538.8832,
    "count": 5
  },
  "Compilation.finish modules": {
    "min": 18,
    "max": 19,
    "mean": 18.6,
    "median": 19,
    "variance": 0.24,
    "stdDev": 0.4898979485566356,
    "confidence": 1.2163822557074724,
    "low": 17.991808872146265,
    "high": 19.208191127853738,
    "count": 5
  },
  "Compilation.seal": {
    "min": 0,
    "max": 0,
    "mean": 0,
    "median": 0,
    "variance": 0,
    "stdDev": 0,
    "confidence": 0,
    "low": 0,
    "high": 0,
    "count": 5
  },
  "Compilation.optimize dependencies": {
    "min": 24,
    "max": 25,
    "mean": 24.8,
    "median": 25,
    "variance": 0.15999999999999998,
    "stdDev": 0.39999999999999997,
    "confidence": 0.993171952886307,
    "low": 24.303414023556847,
    "high": 25.296585976443154,
    "count": 5
  },
  "Compilation.rebuild chunk graph": {
    "min": 11,
    "max": 12,
    "mean": 11.4,
    "median": 11,
    "variance": 0.24000000000000005,
    "stdDev": 0.48989794855663565,
    "confidence": 1.2163822557074724,
    "low": 10.791808872146264,
    "high": 12.008191127853737,
    "count": 5
  },
  "Compilation.build chunk graph": {
    "min": 11,
    "max": 12,
    "mean": 11.4,
    "median": 11,
    "variance": 0.24000000000000005,
    "stdDev": 0.48989794855663565,
    "confidence": 1.2163822557074724,
    "low": 10.791808872146264,
    "high": 12.008191127853737,
    "count": 5
  },
  "Compilation.optimize modules": {
    "min": 0,
    "max": 0,
    "mean": 0,
    "median": 0,
    "variance": 0,
    "stdDev": 0,
    "confidence": 0,
    "low": 0,
    "high": 0,
    "count": 5
  },
  "Compilation.optimize chunks": {
    "min": 6,
    "max": 7,
    "mean": 6.6,
    "median": 7,
    "variance": 0.24000000000000005,
    "stdDev": 0.48989794855663565,
    "confidence": 1.2163822557074724,
    "low": 5.9918088721462635,
    "high": 7.208191127853736,
    "count": 5
  },
  "Compilation.optimize tree": {
    "min": 0,
    "max": 0,
    "mean": 0,
    "median": 0,
    "variance": 0,
    "stdDev": 0,
    "confidence": 0,
    "low": 0,
    "high": 0,
    "count": 5
  },
  "Compilation.optimize chunk modules": {
    "min": 25,
    "max": 28,
    "mean": 26.4,
    "median": 26,
    "variance": 1.0399999999999998,
    "stdDev": 1.0198039027185568,
    "confidence": 2.5321015840601646,
    "low": 25.133949207969916,
    "high": 27.66605079203008,
    "count": 5
  },
  "Compilation.module ids": {
    "min": 0,
    "max": 0,
    "mean": 0,
    "median": 0,
    "variance": 0,
    "stdDev": 0,
    "confidence": 0,
    "low": 0,
    "high": 0,
    "count": 5
  },
  "Compilation.chunk ids": {
    "min": 0,
    "max": 0,
    "mean": 0,
    "median": 0,
    "variance": 0,
    "stdDev": 0,
    "confidence": 0,
    "low": 0,
    "high": 0,
    "count": 5
  },
  "Compilation.assign runtime ids": {
    "min": 0,
    "max": 0,
    "mean": 0,
    "median": 0,
    "variance": 0,
    "stdDev": 0,
    "confidence": 0,
    "low": 0,
    "high": 0,
    "count": 5
  },
  "Compilation.optimize code generation": {
    "min": 3,
    "max": 3,
    "mean": 3,
    "median": 3,
    "variance": 0,
    "stdDev": 0,
    "confidence": 0,
    "low": 3,
    "high": 3,
    "count": 5
  },
  "Compilation.create module hashes": {
    "min": 14,
    "max": 14,
    "mean": 14,
    "median": 14,
    "variance": 0,
    "stdDev": 0,
    "confidence": 0,
    "low": 14,
    "high": 14,
    "count": 5
  },
  "Compilation.code generation": {
    "min": 128,
    "max": 129,
    "mean": 128.6,
    "median": 129,
    "variance": 0.24,
    "stdDev": 0.4898979485566356,
    "confidence": 1.2163822557074724,
    "low": 127.99180887214625,
    "high": 129.20819112785372,
    "count": 5
  },
  "Compilation.runtime requirements.modules": {
    "min": 0,
    "max": 0,
    "mean": 0,
    "median": 0,
    "variance": 0,
    "stdDev": 0,
    "confidence": 0,
    "low": 0,
    "high": 0,
    "count": 5
  },
  "Compilation.runtime requirements.chunks": {
    "min": 0,
    "max": 0,
    "mean": 0,
    "median": 0,
    "variance": 0,
    "stdDev": 0,
    "confidence": 0,
    "low": 0,
    "high": 0,
    "count": 5
  },
  "Compilation.runtime requirements.entries": {
    "min": 0,
    "max": 0,
    "mean": 0,
    "median": 0,
    "variance": 0,
    "stdDev": 0,
    "confidence": 0,
    "low": 0,
    "high": 0,
    "count": 5
  },
  "Compilation.runtime requirements": {
    "min": 0,
    "max": 0,
    "mean": 0,
    "median": 0,
    "variance": 0,
    "stdDev": 0,
    "confidence": 0,
    "low": 0,
    "high": 0,
    "count": 5
  },
  "Compilation.hashing: hash chunks": {
    "min": 0,
    "max": 0,
    "mean": 0,
    "median": 0,
    "variance": 0,
    "stdDev": 0,
    "confidence": 0,
    "low": 0,
    "high": 0,
    "count": 5
  },
  "Compilation.hashing: hash runtime chunks": {
    "min": 0,
    "max": 0,
    "mean": 0,
    "median": 0,
    "variance": 0,
    "stdDev": 0,
    "confidence": 0,
    "low": 0,
    "high": 0,
    "count": 5
  },
  "Compilation.hashing: process full hash chunks": {
    "min": 0,
    "max": 0,
    "mean": 0,
    "median": 0,
    "variance": 0,
    "stdDev": 0,
    "confidence": 0,
    "low": 0,
    "high": 0,
    "count": 5
  },
  "Compilation.hashing": {
    "min": 0,
    "max": 0,
    "mean": 0,
    "median": 0,
    "variance": 0,
    "stdDev": 0,
    "confidence": 0,
    "low": 0,
    "high": 0,
    "count": 5
  },
  "Compilation.create module assets": {
    "min": 0,
    "max": 0,
    "mean": 0,
    "median": 0,
    "variance": 0,
    "stdDev": 0,
    "confidence": 0,
    "low": 0,
    "high": 0,
    "count": 5
  },
  "Compilation.create chunk assets": {
    "min": 0,
    "max": 0,
    "mean": 0,
    "median": 0,
    "variance": 0,
    "stdDev": 0,
    "confidence": 0,
    "low": 0,
    "high": 0,
    "count": 5
  },
  "Compilation.process assets": {
    "min": 2130,
    "max": 2148,
    "mean": 2138.8,
    "median": 2139,
    "variance": 34.959999999999994,
    "stdDev": 5.912698199637792,
    "confidence": 14.680815044403971,
    "low": 2131.459592477798,
    "high": 2146.140407522202,
    "count": 5
  },
  "Compilation.after process assets": {
    "min": 0,
    "max": 0,
    "mean": 0,
    "median": 0,
    "variance": 0,
    "stdDev": 0,
    "confidence": 0,
    "low": 0,
    "high": 0,
    "count": 5
  },