{
  "stats": {
    "min": 2116,
    "max": 2185,
    "mean": 2142.4,
    "median": 2134,
    "variance": 530.64,
    "stdDev": 23.03562458454296,
    "confidence": 57.19584063646562,
    "low": 2113.8020796817673,
    "high": 2170.997920318233,
    "count": 5
  },
  "heap memory": {
    "min": 178065248,
    "max": 178962200,
    "mean": 178396043.2,
    "median": 178365824,
    "variance": 92993716648.96,
    "stdDev": 304948.7115056563,
    "confidence": 757166.2683405876,
    "low": 178017460.0658297,
    "high": 178774626.33417028,
    "count": 5
  },
  "rss memory": {
    "min": 999002112,
    "max": 1020080128,
    "mean": 1010578227.2,
    "median": 1017339904,
    "variance": 62294684818472.96,
    "stdDev": 7892698.196337736,
    "confidence": 19597016.202997446,
    "low": 1000779719.0985013,
    "high": 1020376735.3014988,
    "count": 5
  },
  "external memory": {
    "min": 34681303,
    "max": 34698763,
    "mean": 34688511,
    "median": 34687705,
    "variance": 32081732.8,
    "stdDev": 5664.073869574796,
    "confidence": 14063.498265847564,
    "low": 34681479.250867076,
    "high": 34695542.749132924,
    "count": 5
  },
  "array buffers memory": {
    "min": 468296,
    "max": 476488,
    "mean": 474849.6,
    "median": 476488,
    "variance": 10737418.24,
    "stdDev": 3276.8,
    "confidence": 8136.064638044569,
    "low": 470781.5676809777,
    "high": 478917.63231902226,
    "count": 5
  },
  "Compilation.finish modules": {
    "min": 25,
    "max": 25,
    "mean": 25,
    "median": 25,
    "variance": 0,
    "stdDev": 0,
    "confidence": 0,
    "low": 25,
    "high": 25,
    "count": 5
  },
  "Compilation.optimize dependencies": {
    "min": 0,
    "max": 1,
    "mean": 0.2,
    "median": 0,
    "variance": 0.16000000000000003,
    "stdDev": 0.4,
    "confidence": 0.6965859764431532,
    "low": 0,
    "high": 0.6965859764431532,
    "count": 5
  },
  "Compilation.rebuild chunk graph": {
    "min": 34,
    "max": 36,
    "mean": 35,
    "median": 35,
    "variance": 0.8,
    "stdDev": 0.8944271909999159,
    "confidence": 2.220799999999997,
    "low": 33.8896,
    "high": 36.1104,
    "count": 5
  },
  "Compilation.create chunks": {
    "min": 63,
    "max": 66,
    "mean": 64.6,
    "median": 65,
    "variance": 1.04,
    "stdDev": 1.019803902718557,
    "confidence": 2.5321015840601717,
    "low": 63.33394920796991,
    "high": 65.86605079203008,
    "count": 5
  },
  "Compilation.optimize": {
    "min": 0,
    "max": 0,
    "mean": 0,
    "median": 0,
    "variance": 0,
    "stdDev": 0,
    "confidence": 0,
    "low": 0,
    "high": 0,
    "count": 5
  },
  "Compilation.module ids": {
    "min": 10,
    "max": 11,
    "mean": 10.2,
    "median": 10,
    "variance": 0.16,
    "stdDev": 0.4,
    "confidence": 0.993171952886307,
    "low": 9.703414023556846,
    "high": 10.696585976443153,
    "count": 5
  },
  "Compilation.chunk ids": {
    "min": 4,
    "max": 4,
    "mean": 4,
    "median": 4,
    "variance": 0,
    "stdDev": 0,
    "confidence": 0,
    "low": 4,
    "high": 4,
    "count": 5
  },
  "Compilation.optimize code generation": {
    "min": 0,
    "max": 0,
    "mean": 0,
    "median": 0,
    "variance": 0,
    "stdDev": 0,
    "confidence": 0,
    "low": 0,
    "high": 0,
    "count": 5
  },
  "Compilation.module code generation cache": {
    "min": 0,
    "max": 0,
    "mean": 0,
    "median": 0,
    "variance": 0,
    "stdDev": 0,
    "confidence": 0,
    "low": 0,
    "high": 0,
    "count": 5
  },
  "Compilation.code generation": {
    "min": 93,
    "max": 95,
    "mean": 93.6,
    "median": 93,
    "variance": 0.64,
    "stdDev": 0.8,
    "confidence": 1.9863439057725998,
    "low": 92.6068280471137,
    "high": 94.5931719528863,
    "count": 5
  },
  "Compilation.runtime requirements.modules": {
    "min": 10,
    "max": 10,
    "mean": 10,
    "median": 10,
    "variance": 0,
    "stdDev": 0,
    "confidence": 0,
    "low": 10,
    "high": 10,
    "count": 5
  },
  "Compilation.runtime requirements.chunks": {
    "min": 0,
    "max": 0,
    "mean": 0,
    "median": 0,
    "variance": 0,
    "stdDev": 0,
    "confidence": 0,
    "low": 0,
    "high": 0,
    "count": 5
  },
  "Compilation.runtime requirements.entries": {
    "min": 0,
    "max": 0,
    "mean": 0,
    "median": 0,
    "variance": 0,
    "stdDev": 0,
    "confidence": 0,
    "low": 0,
    "high": 0,
    "count": 5
  },
  "Compilation.runtime requirements": {
    "min": 11,
    "max": 12,
    "mean": 11.8,
    "median": 12,
    "variance": 0.15999999999999998,
    "stdDev": 0.39999999999999997,
    "confidence": 0.993171952886307,
    "low": 11.303414023556847,
    "high": 12.296585976443154,
    "count": 5
  },
  "Compilation.hashing: hash chunks": {
    "min": 1,
    "max": 2,
    "mean": 1.2,
    "median": 1,
    "variance": 0.16,
    "stdDev": 0.4,
    "confidence": 0.9931719528863066,
    "low": 0.7034140235568467,
    "high": 1.6965859764431532,
    "count": 5
  },
  "Compilation.hashing: hash runtime chunks": {
    "min": 5,
    "max": 6,
    "mean": 5.4,
    "median": 5,
    "variance": 0.24000000000000005,
    "stdDev": 0.48989794855663565,
    "confidence": 1.2163822557074724,
    "low": 4.791808872146264,
    "high": 6.0081911278537365,
    "count": 5
  },
  "Compilation.hashing: process full hash chunks": {
    "min": 0,
    "max": 0,
    "mean": 0,
    "median": 0,
    "variance": 0,
    "stdDev": 0,
    "confidence": 0,
    "low": 0,
    "high": 0,
    "count": 5
  },
  "Compilation.hashing": {
    "min": 7,
    "max": 8,
    "mean": 7.4,
    "median": 7,
    "variance": 0.24000000000000005,
    "stdDev": 0.48989794855663565,
    "confidence": 1.2163822557074724,
    "low": 6.791808872146264,
    "high": 8.008191127853737,
    "count": 5
  },
  "Compilation.create module assets": {
    "min": 0,
    "max": 0,
    "mean": 0,
    "median": 0,
    "variance": 0,
    "stdDev": 0,
    "confidence": 0,
    "low": 0,
    "high": 0,
    "count": 5
  },
  "Compilation.create chunk assets": {
    "min": 12,
    "max": 13,
    "mean": 12.2,
    "median": 12,
    "variance": 0.16,
    "stdDev": 0.4,
    "confidence": 0.993171952886307,
    "low": 11.703414023556846,
    "high": 12.696585976443153,
    "count": 5
  },
  "Compilation.process assets": {
    "min": 129,
    "max": 138,
    "mean": 132.4,
    "median": 132,
    "variance": 9.04,
    "stdDev": 3.0066592756745814,
    "confidence": 7.46532416121363,
    "low": 128.6673379193932,
    "high": 136.13266208060682,
    "count": 5
  },
  "Compilation.after process assets": {
    "min": 0,
    "max": 0,
    "mean": 0,
    "median": 0,
    "variance": 0,
    "stdDev": 0,
    "confidence": 0,
    "low": 0,
    "high": 0,
    "count": 5
  },
  "Compilation.after seal": {
    "min": 0,
    "max": 0,
    "mean": 0,
    "median": 0,
    "variance": 0,
    "stdDev": 0,
    "confidence": 0,
    "low": 0,
    "high": 0,
    "count": 5
  },
  "Compiler.make hook": {
    "min": 0,
    "max": 0,
    "mean": 0,
    "median": 0,
    "variance": 0,
    "stdDev": 0,
    "confidence": 0,
    "low": 0,
    "high": 0,
    "count": 5
  },
  "Compiler.make": {
    "min": 1647,
    "max": 1700,
    "mean": 1664.2,
    "median": 1655,
    "variance": 363.76,
    "stdDev": 19.072493282211425,
    "confidence": 47.35566349876217,
    "low": 1640.522168250619,
    "high": 1687.8778317493811,
    "count": 5
  },
  "Compiler.finish make hook": {
    "min": 0,
    "max": 3,
    "mean": 0.6,
    "median": 0,
    "variance": 1.44,
    "stdDev": 1.2,
    "confidence": 2.0897579293294597,
    "low": 0,
    "high": 2.0897579293294597,
    "count": 5
  },
  "Compiler.finish compilation": {
    "min": 30,
    "max": 31,
    "mean": 30.6,
    "median": 31,
    "variance": 0.24,
    "stdDev": 0.4898979485566356,
    "confidence": 1.2163822557074724,
    "low": 29.991808872146265,
    "high": 31.208191127853738,
    "count": 5
  },
  "Compiler.seal compilation": {
    "min": 356,
    "max": 368,
    "mean": 359.2,