{
  "stats": {
    "min": 2273,
    "max": 2408,
    "mean": 2334.6,
    "median": 2330,
    "variance": 1975.4399999999998,
    "stdDev": 44.44592219765498,
    "confidence": 110.35610836719479,
    "low": 2279.4219458164025,
    "high": 2389.7780541835973,
    "count": 5
  },
  "heap memory": {
    "min": 44848008,
    "max": 48019328,
    "mean": 45871153.6,
    "median": 45572000,
    "variance": 1235426130365.44,
    "stdDev": 1111497.247124544,
    "confidence": 2759769.7288860977,
    "low": 44491268.73555695,
    "high": 47251038.46444305,
    "count": 5
  },
  "rss memory": {
    "min": 663646208,
    "max": 673755136,
    "mean": 669238067.2,
    "median": 668880896,
    "variance": 15809388069519.36,
    "stdDev": 3976102.1201069974,
    "confidence": 9872382.768755198,
    "low": 664301875.8156224,
    "high": 674174258.5843776,
    "count": 5
  },
  "external memory": {
    "min": 8519510,
    "max": 10003095,
    "mean": 9705886.6,
    "median": 10002276,
    "variance": 351872459871.04,
    "stdDev": 593188.3848079293,
    "confidence": 1472845.166422911,
    "low": 8969464.016788544,
    "high": 10442309.183211455,
    "count": 5
  },
  "array buffers memory": {
    "min": 497314,
    "max": 505506,
    "mean": 498952.4,
    "median": 497314,
    "variance": 10737418.24,
    "stdDev": 3276.8,
    "confidence": 8136.064638044569,
    "low": 494884.36768097774,
    "high": 503020.4323190223,
    "count": 5
  },
  "Compilation.build module graph": {
    "min": 1036,
    "max": 1164,
    "mean": 1091.8,
    "median": 1077,
    "variance": 2171.7599999999998,
    "stdDev": 46.60214587333935,
    "confidence": 115.70986056429228,
    "low": 1033.9450697178538,
    "high": 1149.654930282146,
    "count": 5
  },
  "Compilation.finish modules": {
    "min": 5,
    "max": 12,
    "mean": 6.4,
    "median": 5,
    "variance": 7.840000000000001,
    "stdDev": 2.8000000000000003,
    "confidence": 6.952203670204145,
    "low": 2.923898164897927,
    "high": 9.876101835102073,
    "count": 5
  },
  "Compilation.seal": {
    "min": 0,
    "max": 0,
    "mean": 0,
    "median": 0,
    "variance": 0,
    "stdDev": 0,
    "confidence": 0,
    "low": 0,
    "high": 0,
    "count": 5
  },
  "Compilation.optimize dependencies": {
    "min": 10,
    "max": 14,
    "mean": 10.8,
    "median": 10,
    "variance": 2.5599999999999996,
    "stdDev": 1.5999999999999999,
    "confidence": 3.9726878115452244,
    "low": 8.813656094227388,
    "high": 12.786343905772613,
    "count": 5
  },
  "Compilation.rebuild chunk graph": {
    "min": 8,
    "max": 8,
    "mean": 8,
    "median": 8,
    "variance": 0,
    "stdDev": 0,
    "confidence": 0,
    "low": 8,
    "high": 8,
    "count": 5
  },
  "Compilation.build chunk graph": {
    "min": 8,
    "max": 8,
    "mean": 8,
    "median": 8,
    "variance": 0,
    "stdDev": 0,
    "confidence": 0,
    "low": 8,
    "high": 8,
    "count": 5
  },
  "Compilation.optimize modules": {
    "min": 0,
    "max": 0,
    "mean": 0,
    "median": 0,
    "variance": 0,
    "stdDev": 0,
    "confidence": 0,
    "low": 0,
    "high": 0,
    "count": 5
  },
  "Compilation.optimize chunks": {
    "min": 5,
    "max": 6,
    "mean": 5.8,
    "median": 6,
    "variance": 0.15999999999999998,
    "stdDev": 0.39999999999999997,
    "confidence": 0.993171952886307,
    "low": 5.303414023556846,
    "high": 6.296585976443153,
    "count": 5
  },
  "Compilation.optimize tree": {
    "min": 0,
    "max": 0,
    "mean": 0,
    "median": 0,
    "variance": 0,
    "stdDev": 0,
    "confidence": 0,
    "low": 0,
    "high": 0,
    "count": 5
  },
  "Compilation.optimize chunk modules": {
    "min": 13,
    "max": 14,
    "mean": 13.8,
    "median": 14,
    "variance": 0.15999999999999998,
    "stdDev": 0.39999999999999997,
    "confidence": 0.993171952886307,
    "low": 13.303414023556847,
    "high": 14.296585976443154,
    "count": 5
  },
  "Compilation.module ids": {
    "min": 1,
    "max": 1,
    "mean": 1,
    "median": 1,
    "variance": 0,
    "stdDev": 0,
    "confidence": 0,
    "low": 1,
    "high": 1,
    "count": 5
  },
  "Compilation.chunk ids": {
    "min": 1,
    "max": 1,
    "mean": 1,
    "median": 1,
    "variance": 0,
    "stdDev": 0,
    "confidence": 0,
    "low": 1,
    "high": 1,
    "count": 5
  },
  "Compilation.assign runtime ids": {
    "min": 0,
    "max": 0,
    "mean": 0,
    "median": 0,
    "variance": 0,
    "stdDev": 0,
    "confidence": 0,
    "low": 0,
    "high": 0,
    "count": 5
  },
  "Compilation.optimize code generation": {
    "min": 0,
    "max": 0,
    "mean": 0,
    "median": 0,
    "variance": 0,
    "stdDev": 0,
    "confidence": 0,
    "low": 0,
    "high": 0,
    "count": 5
  },
  "Compilation.create module hashes": {
    "min": 6,
    "max": 7,
    "mean": 6.2,
    "median": 6,
    "variance": 0.15999999999999998,
    "stdDev": 0.39999999999999997,
    "confidence": 0.993171952886307,
    "low": 5.703414023556847,
    "high": 6.696585976443154,
    "count": 5
  },
  "Compilation.code generation": {
    "min": 36,
    "max": 39,
    "mean": 37.6,
    "median": 38,
    "variance": 1.0399999999999998,
    "stdDev": 1.0198039027185568,
    "confidence": 2.5321015840601575,
    "low": 36.33394920796992,
    "high": 38.86605079203008,
    "count": 5
  },
  "Compilation.runtime requirements.modules": {
    "min": 0,
    "max": 0,
    "mean": 0,
    "median": 0,
    "variance": 0,
    "stdDev": 0,
    "confidence": 0,
    "low": 0,
    "high": 0,
    "count": 5
  },
  "Compilation.runtime requirements.chunks": {
    "min": 0,
    "max": 0,
    "mean": 0,
    "median": 0,
    "variance": 0,
    "stdDev": 0,
    "confidence": 0,
    "low": 0,
    "high": 0,
    "count": 5
  },
  "Compilation.runtime requirements.entries": {
    "min": 0,
    "max": 0,
    "mean": 0,
    "median": 0,
    "variance": 0,
    "stdDev": 0,
    "confidence": 0,
    "low": 0,
    "high": 0,
    "count": 5
  },
  "Compilation.runtime requirements": {
    "min": 1,
    "max": 1,
    "mean": 1,
    "median": 1,
    "variance": 0,
    "stdDev": 0,
    "confidence": 0,
    "low": 1,
    "high": 1,
    "count": 5
  },
  "Compilation.hashing: hash chunks": {
    "min": 0,
    "max": 0,
    "mean": 0,
    "median": 0,
    "variance": 0,
    "stdDev": 0,
    "confidence": 0,
    "low": 0,
    "high": 0,
    "count": 5
  },
  "Compilation.hashing: hash runtime chunks": {
    "min": 0,
    "max": 0,
    "mean": 0,
    "median": 0,
    "variance": 0,
    "stdDev": 0,
    "confidence": 0,
    "low": 0,
    "high": 0,
    "count": 5
  },
  "Compilation.hashing: process full hash chunks": {
    "min": 0,
    "max": 0,
    "mean": 0,
    "median": 0,
    "variance": 0,
    "stdDev": 0,
    "confidence": 0,
    "low": 0,
    "high": 0,
    "count": 5
  },
  "Compilation.hashing": {
    "min": 1,
    "max": 1,
    "mean": 1,
    "median": 1,
    "variance": 0,
    "stdDev": 0,
    "confidence": 0,
    "low": 1,
    "high": 1,
    "count": 5
  },
  "Compilation.create module assets": {
    "min": 0,
    "max": 0,
    "mean": 0,
    "median": 0,
    "variance": 0,
    "stdDev": 0,
    "confidence": 0,
    "low": 0,
    "high": 0,
    "count": 5
  },
  "Compilation.create chunk assets": {
    "min": 1,
    "max": 2,
    "mean": 1.8,
    "median": 2,
    "variance": 0.16000000000000006,
    "stdDev": 0.4000000000000001,
    "confidence": 0.9931719528863066,
    "low": 1.3034140235568468,
    "high": 2.2965859764431533,
    "count": 5
  },
  "Compilation.process assets": {
    "min": 1076,
    "max": 1113,
    "mean": 1098.8,
    "median": 1102,
    "variance": 157.35999999999996,
    "stdDev": 12.544321424453376,
    "confidence": 31.146670516894574,
    "low": 1083.2266647415527,
    "high": 1114.3733352584472,
    "count": 5
  },
  "Compilation.after process assets": {
    "min": 0,
    "max": 0,
    "mean": 0,
    "median": 0,
    "variance": 0,
    "stdDev": 0,
    "confidence": 0,
    "low": 0,
    "high": 0,
    "count": 5
  },