{
  "stats": {
    "min": 226.1818181818182,
    "max": 230.72727272727272,
    "mean": 227.27272727272725,
    "median": 226.45454545454547,
    "variance": 3.004958677685932,
    "stdDev": 1.733481663498617,
    "confidence": 4.304113422573835,
    "low": 225.12067056144033,
    "high": 229.42478398401417,
    "count": 5
  },
  "heap memory": {
    "min": 61154548.36363637,
    "max": 64647051.63636363,
    "mean": 62580759.27272727,
    "median": 61309634.90909091,
    "variance": 2671700404318.1445,
    "stdDev": 1634533.6962932714,
    "confidence": 4058432.558015153,
    "low": 60551542.9937197,
    "high": 64609975.55173485,
    "count": 5
  },
  "rss memory": {
    "min": 763187572.3636364,
    "max": 777446493.0909091,
    "mean": 767148106.4727272,
    "median": 765339834.1818181,
    "variance": 27155278164305.28,
    "stdDev": 5211072.65006978,
    "confidence": 12938728.001255512,
    "low": 760678742.4720994,
    "high": 773617470.4733549,
    "count": 5
  },
  "external memory": {
    "min": 37585471.54545455,
    "max": 40364665.36363637,
    "mean": 38697149.07272728,
    "median": 37585471.54545455,
    "variance": 1853740386964.8105,
    "stdDev": 1361521.3501685571,
    "confidence": 3380562.045608267,
    "low": 37006868.049923144,
    "high": 40387430.09553141,
    "count": 5
  },
  "array buffers memory": {
    "min": 17077223.181818184,
    "max": 17077223.181818184,
    "mean": 17077223.181818184,
    "median": 17077223.181818184,
    "variance": 0,
    "stdDev": 0,
    "confidence": 0,
    "low": 17077223.181818184,
    "high": 17077223.181818184,
    "count": 5
  },
  "Compilation.finish modules": {
    "min": 8.090909090909092,
    "max": 8.636363636363637,
    "mean": 8.290909090909091,
    "median": 8.181818181818182,
    "variance": 0.047603305785123916,
    "stdDev": 0.21818181818181806,
    "confidence": 0.5417301561198045,
    "low": 8.020044012849189,
    "high": 8.561774168968993,
    "count": 5
  },
  "Compilation.optimize dependencies": {
    "min": 1,
    "max": 1.0909090909090908,
    "mean": 1.018181818181818,
    "median": 1,
    "variance": 0.0013223140495867746,
    "stdDev": 0.036363636363636334,
    "confidence": 0.0902883593533006,
    "low": 0.9730376385051678,
    "high": 1.0633259978584684,
    "count": 5
  },
  "Compilation.rebuild chunk graph": {
    "min": 37.18181818181818,
    "max": 39.90909090909091,
    "mean": 38.163636363636364,
    "median": 37.90909090909091,
    "variance": 0.8542148760330571,
    "stdDev": 0.9242374565191875,
    "confidence": 2.294816799054587,
    "low": 37.01622796410907,
    "high": 39.31104476316366,
    "count": 5
  },
  "Compilation.create chunks": {
    "min": 64.9090909090909,
    "max": 67.72727272727273,
    "mean": 66.58181818181819,
    "median": 66.81818181818181,
    "variance": 0.8714049586776902,
    "stdDev": 0.9334907383995249,
    "confidence": 2.317792049143833,
    "low": 65.42292215724628,
    "high": 67.74071420639011,
    "count": 5
  },
  "Compilation.optimize": {
    "min": 0,
    "max": 0,
    "mean": 0,
    "median": 0,
    "variance": 0,
    "stdDev": 0,
    "confidence": 0,
    "low": 0,
    "high": 0,
    "count": 5
  },
  "Compilation.module ids": {
    "min": 1.9090909090909092,
    "max": 2,
    "mean": 1.981818181818182,
    "median": 2,
    "variance": 0.0013223140495867748,
    "stdDev": 0.036363636363636334,
    "confidence": 0.09028835935330037,
    "low": 1.9366740021415316,
    "high": 2.026962361494832,
    "count": 5
  },
  "Compilation.chunk ids": {
    "min": 4,
    "max": 4,
    "mean": 4,
    "median": 4,
    "variance": 0,
    "stdDev": 0,
    "confidence": 0,
    "low": 4,
    "high": 4,
    "count": 5
  },
  "Compilation.optimize code generation": {
    "min": 0,
    "max": 0,
    "mean": 0,
    "median": 0,
    "variance": 0,
    "stdDev": 0,
    "confidence": 0,
    "low": 0,
    "high": 0,
    "count": 5
  },
  "Compilation.module code generation cache": {
    "min": 0,
    "max": 0,
    "mean": 0,
    "median": 0,
    "variance": 0,
    "stdDev": 0,
    "confidence": 0,
    "low": 0,
    "high": 0,
    "count": 5
  },
  "Compilation.code generation": {
    "min": 0,
    "max": 0,
    "mean": 0,
    "median": 0,
    "variance": 0,
    "stdDev": 0,
    "confidence": 0,
    "low": 0,
    "high": 0,
    "count": 5
  },
  "Compilation.runtime requirements.modules": {
    "min": 0,
    "max": 0,
    "mean": 0,
    "median": 0,
    "variance": 0,
    "stdDev": 0,
    "confidence": 0,
    "low": 0,
    "high": 0,
    "count": 5
  },
  "Compilation.runtime requirements.chunks": {
    "min": 0,
    "max": 0,
    "mean": 0,
    "median": 0,
    "variance": 0,
    "stdDev": 0,
    "confidence": 0,
    "low": 0,
    "high": 0,
    "count": 5
  },
  "Compilation.runtime requirements.entries": {
    "min": 0,
    "max": 0.09090909090909091,
    "mean": 0.01818181818181818,
    "median": 0,
    "variance": 0.0013223140495867767,
    "stdDev": 0.03636363636363636,
    "confidence": 0.06332599785846847,
    "low": 0,
    "high": 0.06332599785846847,
    "count": 5
  },
  "Compilation.runtime requirements": {
    "min": 1,
    "max": 1.1818181818181819,
    "mean": 1.0363636363636364,
    "median": 1,
    "variance": 0.005289256198347111,
    "stdDev": 0.07272727272727275,
    "confidence": 0.1805767187066012,
    "low": 0.9460752770103358,
    "high": 1.126651995716937,
    "count": 5
  },
  "Compilation.hashing: hash chunks": {
    "min": 1,
    "max": 1.1818181818181819,
    "mean": 1.0727272727272728,
    "median": 1.0909090909090908,
    "variance": 0.004628099173553721,
    "stdDev": 0.06803013430498077,
    "confidence": 0.1689140533569886,
    "low": 0.9882702460487784,
    "high": 1.157184299405767,
    "count": 5
  },
  "Compilation.hashing: hash runtime chunks": {
    "min": 5.090909090909091,
    "max": 5.181818181818182,
    "mean": 5.109090909090909,
    "median": 5.090909090909091,
    "variance": 0.0013223140495867744,
    "stdDev": 0.03636363636363633,
    "confidence": 0.09028835935330015,
    "low": 5.063946729414259,
    "high": 5.154235088767559,
    "count": 5
  },
  "Compilation.hashing: process full hash chunks": {
    "min": 0,
    "max": 0,
    "mean": 0,
    "median": 0,
    "variance": 0,
    "stdDev": 0,
    "confidence": 0,
    "low": 0,
    "high": 0,
    "count": 5
  },
  "Compilation.hashing": {
    "min": 7.090909090909091,
    "max": 7.181818181818182,
    "mean": 7.109090909090909,
    "median": 7.090909090909091,
    "variance": 0.0013223140495867744,
    "stdDev": 0.03636363636363633,
    "confidence": 0.09028835935330015,
    "low": 7.063946729414259,
    "high": 7.154235088767559,
    "count": 5
  },
  "Compilation.create module assets": {
    "min": 0,
    "max": 0.18181818181818182,
    "mean": 0.12727272727272726,
    "median": 0.18181818181818182,
    "variance": 0.005289256198347108,
    "stdDev": 0.07272727272727272,
    "confidence": 0.1805767187066012,
    "low": 0.03698436791942668,
    "high": 0.21756108662602786,
    "count": 5
  },
  "Compilation.create chunk assets": {
    "min": 10.363636363636363,
    "max": 10.727272727272727,
    "mean": 10.545454545454545,
    "median": 10.454545454545455,
    "variance": 0.02314049586776849,
    "stdDev": 0.15212000482437701,
    "confidence": 0.3777033056612531,
    "low": 10.356602892623918,
    "high": 10.734306198285172,
    "count": 5
  },
  "Compilation.process assets": {
    "min": 43.90909090909091,
    "max": 45.45454545454545,
    "mean": 44.836363636363636,
    "median": 45.09090909090909,
    "variance": 0.28231404958677825,
    "stdDev": 0.5313323344073634,
    "confidence": 1.319260930487502,
    "low": 44.176733171119885,
    "high": 45.49599410160739,
    "count": 5
  },
  "Compilation.after process assets": {
    "min": 0,
    "max": 0,
    "mean": 0,
    "median": 0,
    "variance": 0,
    "stdDev": 0,
    "confidence": 0,
    "low": 0,
    "high": 0,
    "count": 5
  },
  "Compilation.after seal": {
    "min": 0,