{
  "stats": {
    "min": 2105,
    "max": 2145,
    "mean": 2123,
    "median": 2123,
    "variance": 195.6,
    "stdDev": 13.98570698963767,
    "confidence": 34.72552980848559,
    "low": 2105.637235095757,
    "high": 2140.362764904243,
    "count": 5
  },
  "heap memory": {
    "min": 18925544,
    "max": 19094616,
    "mean": 19035342.4,
    "median": 19093040,
    "variance": 5293330672.640001,
    "stdDev": 72755.27934548806,
    "confidence": 180646.25717587024,
    "low": 18945019.271412063,
    "high": 19125665.528587934,
    "count": 5
  },
  "rss memory": {
    "min": 778878976,
    "max": 816459776,
    "mean": 794460979.2,
    "median": 793100288,
    "variance": 168945588014940.16,
    "stdDev": 12997907.062867474,
    "confidence": 32272891.85265708,
    "low": 778324533.2736715,
    "high": 810597425.1263286,
    "count": 5
  },
  "external memory": {
    "min": 7138299,
    "max": 7138299,
    "mean": 7138299,
    "median": 7138299,
    "variance": 0,
    "stdDev": 0,
    "confidence": 0,
    "low": 7138299,
    "high": 7138299,
    "count": 5
  },
  "array buffers memory": {
    "min": 16663,
    "max": 16663,
    "mean": 16663,
    "median": 16663,
    "variance": 0,
    "stdDev": 0,
    "confidence": 0,
    "low": 16663,
    "high": 16663,
    "count": 5
  },
  "Compilation.finish modules": {
    "min": 21,
    "max": 23,
    "mean": 21.8,
    "median": 22,
    "variance": 0.56,
    "stdDev": 0.7483314773547883,
    "confidence": 1.858054586926876,
    "low": 20.870972706536563,
    "high": 22.72902729346344,
    "count": 5
  },
  "Compilation.optimize dependencies": {
    "min": 101,
    "max": 109,
    "mean": 104.6,
    "median": 105,
    "variance": 8.239999999999998,
    "stdDev": 2.8705400188814645,
    "confidence": 7.127349590976991,
    "low": 101.0363252045115,
    "high": 108.16367479548849,
    "count": 5
  },
  "Compilation.rebuild chunk graph": {
    "min": 35,
    "max": 37,
    "mean": 36.2,
    "median": 36,
    "variance": 0.5599999999999999,
    "stdDev": 0.7483314773547882,
    "confidence": 1.858054586926869,
    "low": 35.27097270653657,
    "high": 37.12902729346344,
    "count": 5
  },
  "Compilation.create chunks": {
    "min": 57,
    "max": 61,
    "mean": 59,
    "median": 59,
    "variance": 2,
    "stdDev": 1.4142135623730951,
    "confidence": 3.5113931138509713,
    "low": 57.244303443074514,
    "high": 60.755696556925486,
    "count": 5
  },
  "Compilation.optimize": {
    "min": 154,
    "max": 158,
    "mean": 156.4,
    "median": 157,
    "variance": 2.6399999999999997,
    "stdDev": 1.624807680927192,
    "confidence": 4.034283543827826,
    "low": 154.3828582280861,
    "high": 158.41714177191392,
    "count": 5
  },
  "Compilation.module ids": {
    "min": 3,
    "max": 3,
    "mean": 3,
    "median": 3,
    "variance": 0,
    "stdDev": 0,
    "confidence": 0,
    "low": 3,
    "high": 3,
    "count": 5
  },
  "Compilation.chunk ids": {
    "min": 3,
    "max": 3,
    "mean": 3,
    "median": 3,
    "variance": 0,
    "stdDev": 0,
    "confidence": 0,
    "low": 3,
    "high": 3,
    "count": 5
  },
  "Compilation.optimize code generation": {
    "min": 27,
    "max": 33,
    "mean": 30,
    "median": 30,
    "variance": 4,
    "stdDev": 2,
    "confidence": 4.965859764431531,
    "low": 27.517070117784233,
    "high": 32.482929882215764,
    "count": 5
  },
  "Compilation.module code generation cache": {
    "min": 0,
    "max": 0,
    "mean": 0,
    "median": 0,
    "variance": 0,
    "stdDev": 0,
    "confidence": 0,
    "low": 0,
    "high": 0,
    "count": 5
  },
  "Compilation.code generation": {
    "min": 307,
    "max": 310,
    "mean": 308.6,
    "median": 309,
    "variance": 1.8399999999999999,
    "stdDev": 1.3564659966250536,
    "confidence": 3.3680099572299014,
    "low": 306.9159950213851,
    "high": 310.284004978615,
    "count": 5
  },
  "Compilation.runtime requirements.modules": {
    "min": 3,
    "max": 7,
    "mean": 4.2,
    "median": 4,
    "variance": 2.16,
    "stdDev": 1.469693845669907,
    "confidence": 3.6491467671224185,
    "low": 2.375426616438791,
    "high": 6.02457338356121,
    "count": 5
  },
  "Compilation.runtime requirements.chunks": {
    "min": 0,
    "max": 0,
    "mean": 0,
    "median": 0,
    "variance": 0,
    "stdDev": 0,
    "confidence": 0,
    "low": 0,
    "high": 0,
    "count": 5
  },
  "Compilation.runtime requirements.entries": {
    "min": 0,
    "max": 0,
    "mean": 0,
    "median": 0,
    "variance": 0,
    "stdDev": 0,
    "confidence": 0,
    "low": 0,
    "high": 0,
    "count": 5
  },
  "Compilation.runtime requirements": {
    "min": 5,
    "max": 9,
    "mean": 6,
    "median": 5,
    "variance": 2.4,
    "stdDev": 1.5491933384829668,
    "confidence": 3.8465384334489627,
    "low": 4.076730783275519,
    "high": 7.923269216724481,
    "count": 5
  },
  "Compilation.hashing: hash chunks": {
    "min": 0,
    "max": 0,
    "mean": 0,
    "median": 0,
    "variance": 0,
    "stdDev": 0,
    "confidence": 0,
    "low": 0,
    "high": 0,
    "count": 5
  },
  "Compilation.hashing: hash runtime chunks": {
    "min": 0,
    "max": 0,
    "mean": 0,
    "median": 0,
    "variance": 0,
    "stdDev": 0,
    "confidence": 0,
    "low": 0,
    "high": 0,
    "count": 5
  },
  "Compilation.hashing: process full hash chunks": {
    "min": 0,
    "max": 0,
    "mean": 0,
    "median": 0,
    "variance": 0,
    "stdDev": 0,
    "confidence": 0,
    "low": 0,
    "high": 0,
    "count": 5
  },
  "Compilation.hashing": {
    "min": 0,
    "max": 0,
    "mean": 0,
    "median": 0,
    "variance": 0,
    "stdDev": 0,
    "confidence": 0,
    "low": 0,
    "high": 0,
    "count": 5
  },
  "Compilation.create module assets": {
    "min": 0,
    "max": 1,
    "mean": 0.8,
    "median": 1,
    "variance": 0.16000000000000006,
    "stdDev": 0.4000000000000001,
    "confidence": 0.9931719528863066,
    "low": 0.30341402355684677,
    "high": 1.2965859764431533,
    "count": 5
  },
  "Compilation.create chunk assets": {
    "min": 1,
    "max": 1,
    "mean": 1,
    "median": 1,
    "variance": 0,
    "stdDev": 0,
    "confidence": 0,
    "low": 1,
    "high": 1,
    "count": 5
  },
  "Compilation.process assets": {
    "min": 512,
    "max": 534,
    "mean": 524.2,
    "median": 525,
    "variance": 59.36,
    "stdDev": 7.704544113703289,
    "confidence": 19.129842808763442,
    "low": 514.6350785956183,
    "high": 533.7649214043818,
    "count": 5
  },
  "Compilation.after process assets": {
    "min": 0,
    "max": 0,
    "mean": 0,
    "median": 0,
    "variance": 0,
    "stdDev": 0,
    "confidence": 0,
    "low": 0,
    "high": 0,
    "count": 5
  },
  "Compilation.after seal": {
    "min": 0,
    "max": 0,
    "mean": 0,
    "median": 0,
    "variance": 0,
    "stdDev": 0,
    "confidence": 0,
    "low": 0,
    "high": 0,
    "count": 5
  },
  "Compiler.make hook": {
    "min": 0,
    "max": 0,
    "mean": 0,
    "median": 0,
    "variance": 0,
    "stdDev": 0,
    "confidence": 0,
    "low": 0,
    "high": 0,
    "count": 5
  },
  "Compiler.make": {
    "min": 622,
    "max": 637,
    "mean": 630,
    "median": 627,
    "variance": 36,
    "stdDev": 6,
    "confidence": 14.897579293294712,
    "low": 622.5512103533526,
    "high": 637.4487896466474,
    "count": 5
  },
  "Compiler.finish make hook": {
    "min": 0,
    "max": 0,
    "mean": 0,
    "median": 0,
    "variance": 0,
    "stdDev": 0,
    "confidence": 0,
    "low": 0,
    "high": 0,
    "count": 5
  },
  "Compiler.finish compilation": {
    "min": 58,
    "max": 65,
    "mean": 60.4,
    "median": 59,
    "variance": 7.44,
    "stdDev": 2.727636339397171,
    "confidence": 6.772529774906857,
    "low": 57.01373511254657,
    "high": 63.78626488745343,
    "count": 5
  },
  "Compiler.seal compilation": {
    "min": 1324,
    "max": 1366,
    "mean": 1340,
    "median": 1337,
    "variance": 229.2,
    "stdDev": 15.139352694220449,
    "confidence": 37.58995120188365,