{
  "stats": {
    "min": 2627,
    "max": 2751,
    "mean": 2682.2,
    "median": 2690,
    "variance": 1766.1599999999999,
    "stdDev": 42.025706418809904,
    "confidence": 104.34688228848972,
    "low": 2630.026558855755,
    "high": 2734.3734411442447,
    "count": 5
  },
  "heap memory": {
    "min": 63071768,
    "max": 63425896,
    "mean": 63185422.4,
    "median": 63145248,
    "variance": 16603410621.439999,
    "stdDev": 128854.22236558645,
    "confidence": 319935.99916118383,
    "low": 63025454.40041941,
    "high": 63345390.39958059,
    "count": 5
  },
  "rss memory": {
    "min": 603652096,
    "max": 677740544,
    "mean": 635915468.8,
    "median": 629166080,
    "variance": 630239014116393,
    "stdDev": 25104561.619681653,
    "confidence": 62332866.22543454,
    "low": 604749035.6872827,
    "high": 667081901.9127172,
    "count": 5
  },
  "external memory": {
    "min": 28571863,
    "max": 28588247,
    "mean": 28580027,
    "median": 28580055,
    "variance": 26846681.6,
    "stdDev": 5181.378349435602,
    "confidence": 12864.999134875834,
    "low": 28573594.500432562,
    "high": 28586459.499567438,
    "count": 5
  },
  "array buffers memory": {
    "min": 581398,
    "max": 597782,
    "mean": 589590,
    "median": 589590,
    "variance": 26843545.6,
    "stdDev": 5181.075718419873,
    "confidence": 12864.247723287204,
    "low": 583157.8761383564,
    "high": 596022.1238616436,
    "count": 5
  },
  "Compilation.finish modules": {
    "min": 7,
    "max": 9,
    "mean": 7.8,
    "median": 8,
    "variance": 0.5599999999999999,
    "stdDev": 0.7483314773547882,
    "confidence": 1.8580545869268743,
    "low": 6.870972706536563,
    "high": 8.729027293463437,
    "count": 5
  },
  "Compilation.optimize dependencies": {
    "min": 12,
    "max": 14,
    "mean": 12.8,
    "median": 13,
    "variance": 0.56,
    "stdDev": 0.7483314773547883,
    "confidence": 1.858054586926876,
    "low": 11.870972706536563,
    "high": 13.729027293463439,
    "count": 5
  },
  "Compilation.rebuild chunk graph": {
    "min": 8,
    "max": 11,
    "mean": 8.6,
    "median": 8,
    "variance": 1.44,
    "stdDev": 1.2,
    "confidence": 2.9795158586589183,
    "low": 7.11024207067054,
    "high": 10.089757929329458,
    "count": 5
  },
  "Compilation.create chunks": {
    "min": 14,
    "max": 18,
    "mean": 15.4,
    "median": 15,
    "variance": 2.2399999999999998,
    "stdDev": 1.4966629547095764,
    "confidence": 3.7161091738537486,
    "low": 13.541945413073126,
    "high": 17.258054586926875,
    "count": 5
  },
  "Compilation.optimize": {
    "min": 13,
    "max": 15,
    "mean": 14,
    "median": 14,
    "variance": 0.4,
    "stdDev": 0.6324555320336759,
    "confidence": 1.570342739659086,
    "low": 13.214828630170457,
    "high": 14.785171369829543,
    "count": 5
  },
  "Compilation.module ids": {
    "min": 1,
    "max": 1,
    "mean": 1,
    "median": 1,
    "variance": 0,
    "stdDev": 0,
    "confidence": 0,
    "low": 1,
    "high": 1,
    "count": 5
  },
  "Compilation.chunk ids": {
    "min": 1,
    "max": 1,
    "mean": 1,
    "median": 1,
    "variance": 0,
    "stdDev": 0,
    "confidence": 0,
    "low": 1,
    "high": 1,
    "count": 5
  },
  "Compilation.optimize code generation": {
    "min": 0,
    "max": 1,
    "mean": 0.2,
    "median": 0,
    "variance": 0.16000000000000003,
    "stdDev": 0.4,
    "confidence": 0.6965859764431532,
    "low": 0,
    "high": 0.6965859764431532,
    "count": 5
  },
  "Compilation.code generation": {
    "min": 41,
    "max": 47,
    "mean": 42.6,
    "median": 42,
    "variance": 5.040000000000001,
    "stdDev": 2.244994432064365,
    "confidence": 5.574163760780621,
    "low": 39.81291811960969,
    "high": 45.38708188039031,
    "count": 5
  },
  "Compilation.runtime requirements.modules": {
    "min": 0,
    "max": 2,
    "mean": 0.8,
    "median": 0,
    "variance": 0.9600000000000002,
    "stdDev": 0.9797958971132713,
    "confidence": 2.016382255707473,
    "low": 0,
    "high": 2.016382255707473,
    "count": 5
  },
  "Compilation.runtime requirements.chunks": {
    "min": 0,
    "max": 0,
    "mean": 0,
    "median": 0,
    "variance": 0,
    "stdDev": 0,
    "confidence": 0,
    "low": 0,
    "high": 0,
    "count": 5
  },
  "Compilation.runtime requirements.entries": {
    "min": 0,
    "max": 0,
    "mean": 0,
    "median": 0,
    "variance": 0,
    "stdDev": 0,
    "confidence": 0,
    "low": 0,
    "high": 0,
    "count": 5
  },
  "Compilation.runtime requirements": {
    "min": 1,
    "max": 3,
    "mean": 1.8,
    "median": 1,
    "variance": 0.9600000000000002,
    "stdDev": 0.9797958971132713,
    "confidence": 2.4327645114149457,
    "low": 0.5836177442925272,
    "high": 3.016382255707473,
    "count": 5
  },
  "Compilation.hashing: hash chunks": {
    "min": 0,
    "max": 0,
    "mean": 0,
    "median": 0,
    "variance": 0,
    "stdDev": 0,
    "confidence": 0,
    "low": 0,
    "high": 0,
    "count": 5
  },
  "Compilation.hashing: hash runtime chunks": {
    "min": 0,
    "max": 0,
    "mean": 0,
    "median": 0,
    "variance": 0,
    "stdDev": 0,
    "confidence": 0,
    "low": 0,
    "high": 0,
    "count": 5
  },
  "Compilation.hashing: process full hash chunks": {
    "min": 0,
    "max": 0,
    "mean": 0,
    "median": 0,
    "variance": 0,
    "stdDev": 0,
    "confidence": 0,
    "low": 0,
    "high": 0,
    "count": 5
  },
  "Compilation.hashing": {
    "min": 1,
    "max": 1,
    "mean": 1,
    "median": 1,
    "variance": 0,
    "stdDev": 0,
    "confidence": 0,
    "low": 1,
    "high": 1,
    "count": 5
  },
  "Compilation.create module assets": {
    "min": 0,
    "max": 0,
    "mean": 0,
    "median": 0,
    "variance": 0,
    "stdDev": 0,
    "confidence": 0,
    "low": 0,
    "high": 0,
    "count": 5
  },
  "Compilation.create chunk assets": {
    "min": 2,
    "max": 2,
    "mean": 2,
    "median": 2,
    "variance": 0,
    "stdDev": 0,
    "confidence": 0,
    "low": 2,
    "high": 2,
    "count": 5
  },
  "Compilation.process assets": {
    "min": 1315,
    "max": 1352,
    "mean": 1335.8,
    "median": 1333,
    "variance": 208.56,
    "stdDev": 14.441606558828557,
    "confidence": 35.85749647211878,
    "low": 1317.8712517639406,
    "high": 1353.7287482360593,
    "count": 5
  },
  "Compilation.after process assets": {
    "min": 0,
    "max": 0,
    "mean": 0,
    "median": 0,
    "variance": 0,
    "stdDev": 0,
    "confidence": 0,
    "low": 0,
    "high": 0,
    "count": 5
  },
  "Compilation.after seal": {
    "min": 0,
    "max": 0,
    "mean": 0,
    "median": 0,
    "variance": 0,
    "stdDev": 0,
    "confidence": 0,
    "low": 0,
    "high": 0,
    "count": 5
  },
  "Compiler.make hook": {
    "min": 0,
    "max": 0,
    "mean": 0,
    "median": 0,
    "variance": 0,
    "stdDev": 0,
    "confidence": 0,
    "low": 0,
    "high": 0,
    "count": 5
  },
  "Compiler.make": {
    "min": 1104,
    "max": 1195,
    "mean": 1153.6,
    "median": 1154,
    "variance": 869.8399999999998,
    "stdDev": 29.49305002877796,
    "confidence": 73.22917523413753,
    "low": 1116.9854123829311,
    "high": 1190.2145876170687,
    "count": 5
  },
  "Compiler.finish make hook": {
    "min": 0,
    "max": 0,
    "mean": 0,
    "median": 0,
    "variance": 0,
    "stdDev": 0,
    "confidence": 0,
    "low": 0,
    "high": 0,
    "count": 5
  },
  "Compiler.finish compilation": {
    "min": 0,
    "max": 0,
    "mean": 0,
    "median": 0,
    "variance": 0,
    "stdDev": 0,
    "confidence": 0,
    "low": 0,
    "high": 0,
    "count": 5
  },
  "Compiler.seal compilation": {
    "min": 2552,
    "max": 2676,
    "mean": 2607.6,
    "median": 2611,
    "variance": 1767.4399999999998,
    "stdDev": 42.04093243494963,
    "confidence": 104.3846874189503,
    "low": 2555.4076562905248,
    "high": 2659.792343709475,
    "count": 5
  },
  "Compiler.emitAssets": {
    "min": 56,
    "max": 65,
    "mean": 60.6,
    "median": 61,