{
  "stats": {
    "min": 1483,
    "max": 1527,
    "mean": 1508.4,
    "median": 1518,
    "variance": 295.84000000000003,
    "stdDev": 17.2,
    "confidence": 42.70639397411105,
    "low": 1487.0468030129446,
    "high": 1529.7531969870556,
    "count": 5
  },
  "heap memory": {
    "min": 34204584,
    "max": 35176912,
    "mean": 34492848,
    "median": 34352528,
    "variance": 122182634316.8,
    "stdDev": 349546.32642440975,
    "confidence": 867899.0190979093,
    "low": 34058898.490451045,
    "high": 34926797.509548955,
    "count": 5
  },
  "rss memory": {
    "min": 735088640,
    "max": 740003840,
    "mean": 737075200,
    "median": 737173504,
    "variance": 2877936789094.4,
    "stdDev": 1696448.2865959692,
    "confidence": 4212162.14442277,
    "low": 734969118.9277886,
    "high": 739181281.0722114,
    "count": 5
  },
  "external memory": {
    "min": 32621134,
    "max": 32621134,
    "mean": 32621134,
    "median": 32621134,
    "variance": 0,
    "stdDev": 0,
    "confidence": 0,
    "low": 32621134,
    "high": 32621134,
    "count": 5
  },
  "array buffers memory": {
    "min": 16623,
    "max": 16623,
    "mean": 16623,
    "median": 16623,
    "variance": 0,
    "stdDev": 0,
    "confidence": 0,
    "low": 16623,
    "high": 16623,
    "count": 5
  },
  "Compilation.finish modules": {
    "min": 26,
    "max": 29,
    "mean": 27.2,
    "median": 27,
    "variance": 0.9600000000000002,
    "stdDev": 0.9797958971132713,
    "confidence": 2.4327645114149448,
    "low": 25.983617744292527,
    "high": 28.41638225570747,
    "count": 5
  },
  "Compilation.optimize dependencies": {
    "min": 1,
    "max": 1,
    "mean": 1,
    "median": 1,
    "variance": 0,
    "stdDev": 0,
    "confidence": 0,
    "low": 1,
    "high": 1,
    "count": 5
  },
  "Compilation.rebuild chunk graph": {
    "min": 50,
    "max": 52,
    "mean": 51,
    "median": 51,
    "variance": 0.8,
    "stdDev": 0.8944271909999159,
    "confidence": 2.220799999999997,
    "low": 49.8896,
    "high": 52.1104,
    "count": 5
  },
  "Compilation.create chunks": {
    "min": 66,
    "max": 69,
    "mean": 67.6,
    "median": 68,
    "variance": 1.04,
    "stdDev": 1.019803902718557,
    "confidence": 2.5321015840601717,
    "low": 66.33394920796991,
    "high": 68.86605079203008,
    "count": 5
  },
  "Compilation.optimize": {
    "min": 0,
    "max": 0,
    "mean": 0,
    "median": 0,
    "variance": 0,
    "stdDev": 0,
    "confidence": 0,
    "low": 0,
    "high": 0,
    "count": 5
  },
  "Compilation.module ids": {
    "min": 10,
    "max": 10,
    "mean": 10,
    "median": 10,
    "variance": 0,
    "stdDev": 0,
    "confidence": 0,
    "low": 10,
    "high": 10,
    "count": 5
  },
  "Compilation.chunk ids": {
    "min": 6,
    "max": 6,
    "mean": 6,
    "median": 6,
    "variance": 0,
    "stdDev": 0,
    "confidence": 0,
    "low": 6,
    "high": 6,
    "count": 5
  },
  "Compilation.optimize code generation": {
    "min": 0,
    "max": 0,
    "mean": 0,
    "median": 0,
    "variance": 0,
    "stdDev": 0,
    "confidence": 0,
    "low": 0,
    "high": 0,
    "count": 5
  },
  "Compilation.module code generation cache": {
    "min": 0,
    "max": 0,
    "mean": 0,
    "median": 0,
    "variance": 0,
    "stdDev": 0,
    "confidence": 0,
    "low": 0,
    "high": 0,
    "count": 5
  },
  "Compilation.code generation": {
    "min": 93,
    "max": 98,
    "mean": 95.8,
    "median": 97,
    "variance": 3.7599999999999993,
    "stdDev": 1.9390719429665315,
    "confidence": 4.814579670957784,
    "low": 93.3927101645211,
    "high": 98.20728983547889,
    "count": 5
  },
  "Compilation.runtime requirements.modules": {
    "min": 9,
    "max": 11,
    "mean": 10,
    "median": 11,
    "variance": 0.8,
    "stdDev": 0.8944271909999159,
    "confidence": 2.2208000000000006,
    "low": 8.8896,
    "high": 11.1104,
    "count": 5
  },
  "Compilation.runtime requirements.chunks": {
    "min": 0,
    "max": 0,
    "mean": 0,
    "median": 0,
    "variance": 0,
    "stdDev": 0,
    "confidence": 0,
    "low": 0,
    "high": 0,
    "count": 5
  },
  "Compilation.runtime requirements.entries": {
    "min": 0,
    "max": 0,
    "mean": 0,
    "median": 0,
    "variance": 0,
    "stdDev": 0,
    "confidence": 0,
    "low": 0,
    "high": 0,
    "count": 5
  },
  "Compilation.runtime requirements": {
    "min": 11,
    "max": 14,
    "mean": 12.4,
    "median": 12,
    "variance": 1.8399999999999999,
    "stdDev": 1.3564659966250536,
    "confidence": 3.368009957229937,
    "low": 10.715995021385032,
    "high": 14.084004978614969,
    "count": 5
  },
  "Compilation.hashing: hash chunks": {
    "min": 2,
    "max": 2,
    "mean": 2,
    "median": 2,
    "variance": 0,
    "stdDev": 0,
    "confidence": 0,
    "low": 2,
    "high": 2,
    "count": 5
  },
  "Compilation.hashing: hash runtime chunks": {
    "min": 2,
    "max": 2,
    "mean": 2,
    "median": 2,
    "variance": 0,
    "stdDev": 0,
    "confidence": 0,
    "low": 2,
    "high": 2,
    "count": 5
  },
  "Compilation.hashing: process full hash chunks": {
    "min": 0,
    "max": 0,
    "mean": 0,
    "median": 0,
    "variance": 0,
    "stdDev": 0,
    "confidence": 0,
    "low": 0,
    "high": 0,
    "count": 5
  },
  "Compilation.hashing": {
    "min": 6,
    "max": 7,
    "mean": 6.4,
    "median": 6,
    "variance": 0.24000000000000005,
    "stdDev": 0.48989794855663565,
    "confidence": 1.2163822557074724,
    "low": 5.791808872146264,
    "high": 7.0081911278537365,
    "count": 5
  },
  "Compilation.create module assets": {
    "min": 0,
    "max": 0,
    "mean": 0,
    "median": 0,
    "variance": 0,
    "stdDev": 0,
    "confidence": 0,
    "low": 0,
    "high": 0,
    "count": 5
  },
  "Compilation.create chunk assets": {
    "min": 27,
    "max": 29,
    "mean": 27.8,
    "median": 28,
    "variance": 0.56,
    "stdDev": 0.7483314773547883,
    "confidence": 1.858054586926876,
    "low": 26.870972706536563,
    "high": 28.72902729346344,
    "count": 5
  },
  "Compilation.process assets": {
    "min": 50,
    "max": 52,
    "mean": 50.8,
    "median": 51,
    "variance": 0.5599999999999999,
    "stdDev": 0.7483314773547882,
    "confidence": 1.858054586926869,
    "low": 49.87097270653656,
    "high": 51.72902729346343,
    "count": 5
  },
  "Compilation.after process assets": {
    "min": 0,
    "max": 0,
    "mean": 0,
    "median": 0,
    "variance": 0,
    "stdDev": 0,
    "confidence": 0,
    "low": 0,
    "high": 0,
    "count": 5
  },
  "Compilation.after seal": {
    "min": 0,
    "max": 0,
    "mean": 0,
    "median": 0,
    "variance": 0,
    "stdDev": 0,
    "confidence": 0,
    "low": 0,
    "high": 0,
    "count": 5
  },
  "Compiler.make hook": {
    "min": 0,
    "max": 0,
    "mean": 0,
    "median": 0,
    "variance": 0,
    "stdDev": 0,
    "confidence": 0,
    "low": 0,
    "high": 0,
    "count": 5
  },
  "Compiler.make": {
    "min": 966,
    "max": 973,
    "mean": 969.8,
    "median": 969,
    "variance": 6.160000000000001,
    "stdDev": 2.4819347291981715,
    "confidence": 6.162469904835234,
    "low": 966.7187650475823,
    "high": 972.8812349524176,
    "count": 5
  },
  "Compiler.finish make hook": {
    "min": 0,
    "max": 0,
    "mean": 0,
    "median": 0,
    "variance": 0,
    "stdDev": 0,
    "confidence": 0,
    "low": 0,
    "high": 0,
    "count": 5
  },
  "Compiler.finish compilation": {
    "min": 32,
    "max": 34,
    "mean": 32.8,
    "median": 33,
    "variance": 0.5599999999999999,
    "stdDev": 0.7483314773547882,
    "confidence": 1.8580545869268725,
    "low": 31.87097270653656,
    "high": 33.72902729346343,
    "count": 5
  },
  "Compiler.seal compilation": {
    "min": 297,
    "max": 308,
    "mean": 302,
    "median": 302,
    "variance": 17.2,
    "stdDev": 4.147288270665544,
    "confidence": 10.297425977398461,
    "low": 296.85128701130077,
    "high": 307.14871298869923,
    "count": 5
  },
  "Compiler.emitAssets": {
    "min": 163,