{
  "stats": {
    "min": 2621,
    "max": 2874,
    "mean": 2713.6,
    "median": 2681,
    "variance": 8363.439999999999,
    "stdDev": 91.4518452520232,
    "confidence": 227.06851936002022,
    "low": 2600.06574031999,
    "high": 2827.13425968001,
    "count": 5
  },
  "heap memory": {
    "min": 59573192,
    "max": 60767456,
    "mean": 60065334.4,
    "median": 59886624,
    "variance": 172904270781.44,
    "stdDev": 415817.5931600778,
    "confidence": 1032445.927608192,
    "low": 59549111.4361959,
    "high": 60581557.363804094,
    "count": 5
  },
  "rss memory": {
    "min": 604954624,
    "max": 648912896,
    "mean": 630098329.6,
    "median": 643366912,
    "variance": 382902532613079,
    "stdDev": 19567895.456923287,
    "confidence": 48585712.36206889,
    "low": 605805473.4189656,
    "high": 654391185.7810345,
    "count": 5
  },
  "external memory": {
    "min": 28570001,
    "max": 28578193,
    "mean": 28576554.6,
    "median": 28578193,
    "variance": 10737418.239999998,
    "stdDev": 3276.7999999999997,
    "confidence": 8136.06463804096,
    "low": 28572486.56768098,
    "high": 28580622.632319022,
    "count": 5
  },
  "array buffers memory": {
    "min": 581275,
    "max": 589467,
    "mean": 587828.6,
    "median": 589467,
    "variance": 10737418.24,
    "stdDev": 3276.8,
    "confidence": 8136.064638044685,
    "low": 583760.5676809776,
    "high": 591896.6323190223,
    "count": 5
  },
  "Compilation.finish modules": {
    "min": 6,
    "max": 10,
    "mean": 7.4,
    "median": 7,
    "variance": 1.8399999999999999,
    "stdDev": 1.3564659966250536,
    "confidence": 3.368009957229937,
    "low": 5.715995021385032,
    "high": 9.084004978614969,
    "count": 5
  },
  "Compilation.optimize dependencies": {
    "min": 12,
    "max": 16,
    "mean": 13.8,
    "median": 14,
    "variance": 1.7600000000000002,
    "stdDev": 1.32664991614216,
    "confidence": 3.2939787200284094,
    "low": 12.153010639985796,
    "high": 15.446989360014205,
    "count": 5
  },
  "Compilation.rebuild chunk graph": {
    "min": 9,
    "max": 9,
    "mean": 9,
    "median": 9,
    "variance": 0,
    "stdDev": 0,
    "confidence": 0,
    "low": 9,
    "high": 9,
    "count": 5
  },
  "Compilation.create chunks": {
    "min": 15,
    "max": 16,
    "mean": 15.4,
    "median": 15,
    "variance": 0.24000000000000005,
    "stdDev": 0.48989794855663565,
    "confidence": 1.2163822557074742,
    "low": 14.791808872146264,
    "high": 16.00819112785374,
    "count": 5
  },
  "Compilation.optimize": {
    "min": 13,
    "max": 14,
    "mean": 13.8,
    "median": 14,
    "variance": 0.15999999999999998,
    "stdDev": 0.39999999999999997,
    "confidence": 0.993171952886307,
    "low": 13.303414023556847,
    "high": 14.296585976443154,
    "count": 5
  },
  "Compilation.module ids": {
    "min": 1,
    "max": 1,
    "mean": 1,
    "median": 1,
    "variance": 0,
    "stdDev": 0,
    "confidence": 0,
    "low": 1,
    "high": 1,
    "count": 5
  },
  "Compilation.chunk ids": {
    "min": 2,
    "max": 2,
    "mean": 2,
    "median": 2,
    "variance": 0,
    "stdDev": 0,
    "confidence": 0,
    "low": 2,
    "high": 2,
    "count": 5
  },
  "Compilation.optimize code generation": {
    "min": 0,
    "max": 1,
    "mean": 0.2,
    "median": 0,
    "variance": 0.16000000000000003,
    "stdDev": 0.4,
    "confidence": 0.6965859764431532,
    "low": 0,
    "high": 0.6965859764431532,
    "count": 5
  },
  "Compilation.code generation": {
    "min": 39,
    "max": 43,
    "mean": 40.6,
    "median": 40,
    "variance": 1.8399999999999999,
    "stdDev": 1.3564659966250536,
    "confidence": 3.36800995722993,
    "low": 38.91599502138504,
    "high": 42.284004978614966,
    "count": 5
  },
  "Compilation.runtime requirements.modules": {
    "min": 0,
    "max": 1,
    "mean": 0.4,
    "median": 0,
    "variance": 0.24000000000000005,
    "stdDev": 0.48989794855663565,
    "confidence": 1.0081911278537365,
    "low": 0,
    "high": 1.0081911278537365,
    "count": 5
  },
  "Compilation.runtime requirements.chunks": {
    "min": 0,
    "max": 0,
    "mean": 0,
    "median": 0,
    "variance": 0,
    "stdDev": 0,
    "confidence": 0,
    "low": 0,
    "high": 0,
    "count": 5
  },
  "Compilation.runtime requirements.entries": {
    "min": 0,
    "max": 0,
    "mean": 0,
    "median": 0,
    "variance": 0,
    "stdDev": 0,
    "confidence": 0,
    "low": 0,
    "high": 0,
    "count": 5
  },
  "Compilation.runtime requirements": {
    "min": 1,
    "max": 2,
    "mean": 1.2,
    "median": 1,
    "variance": 0.16,
    "stdDev": 0.4,
    "confidence": 0.9931719528863066,
    "low": 0.7034140235568467,
    "high": 1.6965859764431532,
    "count": 5
  },
  "Compilation.hashing: hash chunks": {
    "min": 0,
    "max": 0,
    "mean": 0,
    "median": 0,
    "variance": 0,
    "stdDev": 0,
    "confidence": 0,
    "low": 0,
    "high": 0,
    "count": 5
  },
  "Compilation.hashing: hash runtime chunks": {
    "min": 0,
    "max": 0,
    "mean": 0,
    "median": 0,
    "variance": 0,
    "stdDev": 0,
    "confidence": 0,
    "low": 0,
    "high": 0,
    "count": 5
  },
  "Compilation.hashing: process full hash chunks": {
    "min": 0,
    "max": 0,
    "mean": 0,
    "median": 0,
    "variance": 0,
    "stdDev": 0,
    "confidence": 0,
    "low": 0,
    "high": 0,
    "count": 5
  },
  "Compilation.hashing": {
    "min": 1,
    "max": 1,
    "mean": 1,
    "median": 1,
    "variance": 0,
    "stdDev": 0,
    "confidence": 0,
    "low": 1,
    "high": 1,
    "count": 5
  },
  "Compilation.create module assets": {
    "min": 0,
    "max": 0,
    "mean": 0,
    "median": 0,
    "variance": 0,
    "stdDev": 0,
    "confidence": 0,
    "low": 0,
    "high": 0,
    "count": 5
  },
  "Compilation.create chunk assets": {
    "min": 1,
    "max": 2,
    "mean": 1.4,
    "median": 1,
    "variance": 0.24,
    "stdDev": 0.4898979485566356,
    "confidence": 1.216382255707473,
    "low": 0.7918088721462635,
    "high": 2.0081911278537365,
    "count": 5
  },
  "Compilation.process assets": {
    "min": 1306,
    "max": 1552,
    "mean": 1384.4,
    "median": 1347,
    "variance": 7468.24,
    "stdDev": 86.41897939688943,
    "confidence": 214.57226633512528,
    "low": 1277.1138668324375,
    "high": 1491.6861331675627,
    "count": 5
  },
  "Compilation.after process assets": {
    "min": 0,
    "max": 0,
    "mean": 0,
    "median": 0,
    "variance": 0,
    "stdDev": 0,
    "confidence": 0,
    "low": 0,
    "high": 0,
    "count": 5
  },
  "Compilation.after seal": {
    "min": 0,
    "max": 0,
    "mean": 0,
    "median": 0,
    "variance": 0,
    "stdDev": 0,
    "confidence": 0,
    "low": 0,
    "high": 0,
    "count": 5
  },
  "Compiler.make hook": {
    "min": 0,
    "max": 0,
    "mean": 0,
    "median": 0,
    "variance": 0,
    "stdDev": 0,
    "confidence": 0,
    "low": 0,
    "high": 0,
    "count": 5
  },
  "Compiler.make": {
    "min": 1091,
    "max": 1189,
    "mean": 1132,
    "median": 1125,
    "variance": 1012,
    "stdDev": 31.811947441173732,
    "confidence": 78.98683491316751,
    "low": 1092.5065825434162,
    "high": 1171.4934174565838,
    "count": 5
  },
  "Compiler.finish make hook": {
    "min": 0,
    "max": 0,
    "mean": 0,
    "median": 0,
    "variance": 0,
    "stdDev": 0,
    "confidence": 0,
    "low": 0,
    "high": 0,
    "count": 5
  },
  "Compiler.finish compilation": {
    "min": 0,
    "max": 0,
    "mean": 0,
    "median": 0,
    "variance": 0,
    "stdDev": 0,
    "confidence": 0,
    "low": 0,
    "high": 0,
    "count": 5
  },
  "Compiler.seal compilation": {
    "min": 2549,
    "max": 2799,
    "mean": 2634.2,
    "median": 2590,
    "variance": 8962.16,
    "stdDev": 94.66868542448448,
    "confidence": 235.055707950537,
    "low": 2516.6721460247313,
    "high": 2751.7278539752683,
    "count": 5
  },
  "Compiler.emitAssets": {
    "min": 58,
    "max": 77,
    "mean": 65.2,
    "median": 59,