{
  "stats": {
    "min": 1414,
    "max": 1429,
    "mean": 1420.2,
    "median": 1416,
    "variance": 41.36,
    "stdDev": 6.43117407632541,
    "confidence": 15.96815429183971,
    "low": 1412.2159228540802,
    "high": 1428.18407714592,
    "count": 5
  },
  "heap memory": {
    "min": 19521352,
    "max": 19674832,
    "mean": 19608136,
    "median": 19611576,
    "variance": 2541482982.4,
    "stdDev": 50413.1231169028,
    "confidence": 125172.24984277785,
    "low": 19545549.87507861,
    "high": 19670722.12492139,
    "count": 5
  },
  "rss memory": {
    "min": 675205120,
    "max": 682876928,
    "mean": 678400819.2,
    "median": 677687296,
    "variance": 7361737690972.159,
    "stdDev": 2713252.2350441655,
    "confidence": 6736815.052379847,
    "low": 675032411.6738101,
    "high": 681769226.72619,
    "count": 5
  },
  "external memory": {
    "min": 26730723,
    "max": 26730723,
    "mean": 26730723,
    "median": 26730723,
    "variance": 0,
    "stdDev": 0,
    "confidence": 0,
    "low": 26730723,
    "high": 26730723,
    "count": 5
  },
  "array buffers memory": {
    "min": 10475,
    "max": 10475,
    "mean": 10475,
    "median": 10475,
    "variance": 0,
    "stdDev": 0,
    "confidence": 0,
    "low": 10475,
    "high": 10475,
    "count": 5
  },
  "Compilation.finish modules": {
    "min": 27,
    "max": 28,
    "mean": 27.4,
    "median": 27,
    "variance": 0.24,
    "stdDev": 0.4898979485566356,
    "confidence": 1.2163822557074724,
    "low": 26.791808872146262,
    "high": 28.008191127853735,
    "count": 5
  },
  "Compilation.optimize dependencies": {
    "min": 0,
    "max": 1,
    "mean": 0.2,
    "median": 0,
    "variance": 0.16000000000000003,
    "stdDev": 0.4,
    "confidence": 0.6965859764431532,
    "low": 0,
    "high": 0.6965859764431532,
    "count": 5
  },
  "Compilation.rebuild chunk graph": {
    "min": 45,
    "max": 48,
    "mean": 46.6,
    "median": 47,
    "variance": 1.0399999999999998,
    "stdDev": 1.0198039027185568,
    "confidence": 2.5321015840601575,
    "low": 45.33394920796992,
    "high": 47.86605079203008,
    "count": 5
  },
  "Compilation.create chunks": {
    "min": 69,
    "max": 71,
    "mean": 70.4,
    "median": 71,
    "variance": 0.64,
    "stdDev": 0.8,
    "confidence": 1.9863439057725998,
    "low": 69.4068280471137,
    "high": 71.3931719528863,
    "count": 5
  },
  "Compilation.optimize": {
    "min": 0,
    "max": 0,
    "mean": 0,
    "median": 0,
    "variance": 0,
    "stdDev": 0,
    "confidence": 0,
    "low": 0,
    "high": 0,
    "count": 5
  },
  "Compilation.module ids": {
    "min": 9,
    "max": 10,
    "mean": 9.2,
    "median": 9,
    "variance": 0.15999999999999998,
    "stdDev": 0.39999999999999997,
    "confidence": 0.993171952886307,
    "low": 8.703414023556846,
    "high": 9.696585976443153,
    "count": 5
  },
  "Compilation.chunk ids": {
    "min": 6,
    "max": 7,
    "mean": 6.8,
    "median": 7,
    "variance": 0.15999999999999998,
    "stdDev": 0.39999999999999997,
    "confidence": 0.993171952886307,
    "low": 6.303414023556846,
    "high": 7.296585976443153,
    "count": 5
  },
  "Compilation.optimize code generation": {
    "min": 0,
    "max": 0,
    "mean": 0,
    "median": 0,
    "variance": 0,
    "stdDev": 0,
    "confidence": 0,
    "low": 0,
    "high": 0,
    "count": 5
  },
  "Compilation.module code generation cache": {
    "min": 0,
    "max": 0,
    "mean": 0,
    "median": 0,
    "variance": 0,
    "stdDev": 0,
    "confidence": 0,
    "low": 0,
    "high": 0,
    "count": 5
  },
  "Compilation.code generation": {
    "min": 73,
    "max": 75,
    "mean": 74,
    "median": 74,
    "variance": 0.8,
    "stdDev": 0.8944271909999159,
    "confidence": 2.220799999999997,
    "low": 72.8896,
    "high": 75.1104,
    "count": 5
  },
  "Compilation.runtime requirements.modules": {
    "min": 7,
    "max": 8,
    "mean": 7.8,
    "median": 8,
    "variance": 0.15999999999999998,
    "stdDev": 0.39999999999999997,
    "confidence": 0.9931719528863061,
    "low": 7.303414023556846,
    "high": 8.296585976443152,
    "count": 5
  },
  "Compilation.runtime requirements.chunks": {
    "min": 0,
    "max": 0,
    "mean": 0,
    "median": 0,
    "variance": 0,
    "stdDev": 0,
    "confidence": 0,
    "low": 0,
    "high": 0,
    "count": 5
  },
  "Compilation.runtime requirements.entries": {
    "min": 0,
    "max": 0,
    "mean": 0,
    "median": 0,
    "variance": 0,
    "stdDev": 0,
    "confidence": 0,
    "low": 0,
    "high": 0,
    "count": 5
  },
  "Compilation.runtime requirements": {
    "min": 9,
    "max": 10,
    "mean": 9.8,
    "median": 10,
    "variance": 0.16,
    "stdDev": 0.4,
    "confidence": 0.993171952886307,
    "low": 9.303414023556847,
    "high": 10.296585976443154,
    "count": 5
  },
  "Compilation.hashing: hash chunks": {
    "min": 1,
    "max": 2,
    "mean": 1.8,
    "median": 2,
    "variance": 0.16000000000000006,
    "stdDev": 0.4000000000000001,
    "confidence": 0.9931719528863066,
    "low": 1.3034140235568468,
    "high": 2.2965859764431533,
    "count": 5
  },
  "Compilation.hashing: hash runtime chunks": {
    "min": 1,
    "max": 2,
    "mean": 1.6,
    "median": 2,
    "variance": 0.24,
    "stdDev": 0.4898979485566356,
    "confidence": 1.216382255707473,
    "low": 0.9918088721462637,
    "high": 2.2081911278537367,
    "count": 5
  },
  "Compilation.hashing: process full hash chunks": {
    "min": 0,
    "max": 0,
    "mean": 0,
    "median": 0,
    "variance": 0,
    "stdDev": 0,
    "confidence": 0,
    "low": 0,
    "high": 0,
    "count": 5
  },
  "Compilation.hashing": {
    "min": 5,
    "max": 6,
    "mean": 5.4,
    "median": 5,
    "variance": 0.24000000000000005,
    "stdDev": 0.48989794855663565,
    "confidence": 1.2163822557074724,
    "low": 4.791808872146264,
    "high": 6.0081911278537365,
    "count": 5
  },
  "Compilation.create module assets": {
    "min": 0,
    "max": 0,
    "mean": 0,
    "median": 0,
    "variance": 0,
    "stdDev": 0,
    "confidence": 0,
    "low": 0,
    "high": 0,
    "count": 5
  },
  "Compilation.create chunk assets": {
    "min": 19,
    "max": 20,
    "mean": 19.8,
    "median": 20,
    "variance": 0.15999999999999998,
    "stdDev": 0.39999999999999997,
    "confidence": 0.993171952886307,
    "low": 19.303414023556847,
    "high": 20.296585976443154,
    "count": 5
  },
  "Compilation.process assets": {
    "min": 43,
    "max": 45,
    "mean": 44,
    "median": 44,
    "variance": 0.4,
    "stdDev": 0.6324555320336759,
    "confidence": 1.5703427396590826,
    "low": 43.21482863017046,
    "high": 44.78517136982954,
    "count": 5
  },
  "Compilation.after process assets": {
    "min": 0,
    "max": 0,
    "mean": 0,
    "median": 0,
    "variance": 0,
    "stdDev": 0,
    "confidence": 0,
    "low": 0,
    "high": 0,
    "count": 5
  },
  "Compilation.after seal": {
    "min": 0,
    "max": 0,
    "mean": 0,
    "median": 0,
    "variance": 0,
    "stdDev": 0,
    "confidence": 0,
    "low": 0,
    "high": 0,
    "count": 5
  },
  "Compiler.make hook": {
    "min": 0,
    "max": 0,
    "mean": 0,
    "median": 0,
    "variance": 0,
    "stdDev": 0,
    "confidence": 0,
    "low": 0,
    "high": 0,
    "count": 5
  },
  "Compiler.make": {
    "min": 935,
    "max": 948,
    "mean": 939.2,
    "median": 937,
    "variance": 20.96,
    "stdDev": 4.578209256903839,
    "confidence": 11.367372571003443,
    "low": 933.5163137144983,
    "high": 944.8836862855018,
    "count": 5
  },
  "Compiler.finish make hook": {
    "min": 0,
    "max": 0,
    "mean": 0,
    "median": 0,
    "variance": 0,
    "stdDev": 0,
    "confidence": 0,
    "low": 0,
    "high": 0,
    "count": 5
  },
  "Compiler.finish compilation": {
    "min": 0,
    "max": 0,
    "mean": 0,
    "median": 0,
    "variance": 0,
    "stdDev": 0,
    "confidence": 0,
    "low": 0,
    "high": 0,
    "count": 5
  },
  "Compiler.seal compilation": {
    "min": 1233,
    "max": 1248,