{
  "stats": {
    "min": 1214,
    "max": 1288,
    "mean": 1237,
    "median": 1228,
    "variance": 679.2,
    "stdDev": 26.06146580681908,
    "confidence": 64.70879222609528,
    "low": 1204.6456038869524,
    "high": 1269.3543961130476,
    "count": 5
  },
  "heap memory": {
    "min": 20262552,
    "max": 20374936,
    "mean": 20299123.2,
    "median": 20284632,
    "variance": 1603900508.16,
    "stdDev": 40048.726673391255,
    "confidence": 99438.180202052,
    "low": 20249404.109898973,
    "high": 20348842.290101025,
    "count": 5
  },
  "rss memory": {
    "min": 729903104,
    "max": 740909056,
    "mean": 735566233.6,
    "median": 735723520,
    "variance": 13486899268157.441,
    "stdDev": 3672451.397657625,
    "confidence": 9118439.316229105,
    "low": 731007013.9418855,
    "high": 740125453.2581146,
    "count": 5
  },
  "external memory": {
    "min": 34429241,
    "max": 34429241,
    "mean": 34429241,
    "median": 34429241,
    "variance": 0,
    "stdDev": 0,
    "confidence": 0,
    "low": 34429241,
    "high": 34429241,
    "count": 5
  },
  "array buffers memory": {
    "min": 16623,
    "max": 16623,
    "mean": 16623,
    "median": 16623,
    "variance": 0,
    "stdDev": 0,
    "confidence": 0,
    "low": 16623,
    "high": 16623,
    "count": 5
  },
  "Compilation.finish modules": {
    "min": 23,
    "max": 25,
    "mean": 24.2,
    "median": 24,
    "variance": 0.56,
    "stdDev": 0.7483314773547883,
    "confidence": 1.858054586926876,
    "low": 23.27097270653656,
    "high": 25.129027293463437,
    "count": 5
  },
  "Compilation.optimize dependencies": {
    "min": 0,
    "max": 0,
    "mean": 0,
    "median": 0,
    "variance": 0,
    "stdDev": 0,
    "confidence": 0,
    "low": 0,
    "high": 0,
    "count": 5
  },
  "Compilation.rebuild chunk graph": {
    "min": 32,
    "max": 36,
    "mean": 33.6,
    "median": 33,
    "variance": 1.8399999999999999,
    "stdDev": 1.3564659966250536,
    "confidence": 3.3680099572299333,
    "low": 31.915995021385033,
    "high": 35.284004978614966,
    "count": 5
  },
  "Compilation.create chunks": {
    "min": 48,
    "max": 51,
    "mean": 49,
    "median": 49,
    "variance": 1.2,
    "stdDev": 1.0954451150103321,
    "confidence": 2.7199134103864395,
    "low": 47.64004329480678,
    "high": 50.35995670519322,
    "count": 5
  },
  "Compilation.optimize": {
    "min": 0,
    "max": 0,
    "mean": 0,
    "median": 0,
    "variance": 0,
    "stdDev": 0,
    "confidence": 0,
    "low": 0,
    "high": 0,
    "count": 5
  },
  "Compilation.module ids": {
    "min": 10,
    "max": 11,
    "mean": 10.2,
    "median": 10,
    "variance": 0.16,
    "stdDev": 0.4,
    "confidence": 0.993171952886307,
    "low": 9.703414023556846,
    "high": 10.696585976443153,
    "count": 5
  },
  "Compilation.chunk ids": {
    "min": 4,
    "max": 4,
    "mean": 4,
    "median": 4,
    "variance": 0,
    "stdDev": 0,
    "confidence": 0,
    "low": 4,
    "high": 4,
    "count": 5
  },
  "Compilation.optimize code generation": {
    "min": 0,
    "max": 0,
    "mean": 0,
    "median": 0,
    "variance": 0,
    "stdDev": 0,
    "confidence": 0,
    "low": 0,
    "high": 0,
    "count": 5
  },
  "Compilation.module code generation cache": {
    "min": 0,
    "max": 0,
    "mean": 0,
    "median": 0,
    "variance": 0,
    "stdDev": 0,
    "confidence": 0,
    "low": 0,
    "high": 0,
    "count": 5
  },
  "Compilation.code generation": {
    "min": 91,
    "max": 93,
    "mean": 92,
    "median": 92,
    "variance": 0.8,
    "stdDev": 0.8944271909999159,
    "confidence": 2.220799999999997,
    "low": 90.8896,
    "high": 93.1104,
    "count": 5
  },
  "Compilation.runtime requirements.modules": {
    "min": 9,
    "max": 11,
    "mean": 9.6,
    "median": 9,
    "variance": 0.6399999999999999,
    "stdDev": 0.7999999999999999,
    "confidence": 1.986343905772614,
    "low": 8.606828047113693,
    "high": 10.593171952886307,
    "count": 5
  },
  "Compilation.runtime requirements.chunks": {
    "min": 0,
    "max": 1,
    "mean": 0.2,
    "median": 0,
    "variance": 0.16000000000000003,
    "stdDev": 0.4,
    "confidence": 0.6965859764431532,
    "low": 0,
    "high": 0.6965859764431532,
    "count": 5
  },
  "Compilation.runtime requirements.entries": {
    "min": 0,
    "max": 0,
    "mean": 0,
    "median": 0,
    "variance": 0,
    "stdDev": 0,
    "confidence": 0,
    "low": 0,
    "high": 0,
    "count": 5
  },
  "Compilation.runtime requirements": {
    "min": 10,
    "max": 13,
    "mean": 11.4,
    "median": 11,
    "variance": 1.0399999999999998,
    "stdDev": 1.0198039027185568,
    "confidence": 2.5321015840601646,
    "low": 10.133949207969918,
    "high": 12.666050792030083,
    "count": 5
  },
  "Compilation.hashing: hash chunks": {
    "min": 2,
    "max": 2,
    "mean": 2,
    "median": 2,
    "variance": 0,
    "stdDev": 0,
    "confidence": 0,
    "low": 2,
    "high": 2,
    "count": 5
  },
  "Compilation.hashing: hash runtime chunks": {
    "min": 7,
    "max": 7,
    "mean": 7,
    "median": 7,
    "variance": 0,
    "stdDev": 0,
    "confidence": 0,
    "low": 7,
    "high": 7,
    "count": 5
  },
  "Compilation.hashing: process full hash chunks": {
    "min": 0,
    "max": 0,
    "mean": 0,
    "median": 0,
    "variance": 0,
    "stdDev": 0,
    "confidence": 0,
    "low": 0,
    "high": 0,
    "count": 5
  },
  "Compilation.hashing": {
    "min": 9,
    "max": 9,
    "mean": 9,
    "median": 9,
    "variance": 0,
    "stdDev": 0,
    "confidence": 0,
    "low": 9,
    "high": 9,
    "count": 5
  },
  "Compilation.create module assets": {
    "min": 0,
    "max": 0,
    "mean": 0,
    "median": 0,
    "variance": 0,
    "stdDev": 0,
    "confidence": 0,
    "low": 0,
    "high": 0,
    "count": 5
  },
  "Compilation.create chunk assets": {
    "min": 12,
    "max": 12,
    "mean": 12,
    "median": 12,
    "variance": 0,
    "stdDev": 0,
    "confidence": 0,
    "low": 12,
    "high": 12,
    "count": 5
  },
  "Compilation.process assets": {
    "min": 127,
    "max": 129,
    "mean": 128.2,
    "median": 129,
    "variance": 0.96,
    "stdDev": 0.9797958971132712,
    "confidence": 2.432764511414959,
    "low": 126.98361774429252,
    "high": 129.41638225570748,
    "count": 5
  },
  "Compilation.after process assets": {
    "min": 0,
    "max": 0,
    "mean": 0,
    "median": 0,
    "variance": 0,
    "stdDev": 0,
    "confidence": 0,
    "low": 0,
    "high": 0,
    "count": 5
  },
  "Compilation.after seal": {
    "min": 0,
    "max": 0,
    "mean": 0,
    "median": 0,
    "variance": 0,
    "stdDev": 0,
    "confidence": 0,
    "low": 0,
    "high": 0,
    "count": 5
  },
  "Compiler.make hook": {
    "min": 0,
    "max": 0,
    "mean": 0,
    "median": 0,
    "variance": 0,
    "stdDev": 0,
    "confidence": 0,
    "low": 0,
    "high": 0,
    "count": 5
  },
  "Compiler.make": {
    "min": 766,
    "max": 827,
    "mean": 782.4,
    "median": 773,
    "variance": 505.03999999999996,
    "stdDev": 22.473095024940378,
    "confidence": 55.7991191832989,
    "low": 754.5004404083505,
    "high": 810.2995595916494,
    "count": 5
  },
  "Compiler.finish make hook": {
    "min": 0,
    "max": 0,
    "mean": 0,
    "median": 0,
    "variance": 0,
    "stdDev": 0,
    "confidence": 0,
    "low": 0,
    "high": 0,
    "count": 5
  },
  "Compiler.finish compilation": {
    "min": 29,
    "max": 31,
    "mean": 29.8,
    "median": 30,
    "variance": 0.56,
    "stdDev": 0.7483314773547883,
    "confidence": 1.858054586926876,
    "low": 28.870972706536563,
    "high": 30.72902729346344,
    "count": 5
  },
  "Compiler.seal compilation": {
    "min": 337,
    "max": 344,
    "mean": 340.4,
    "median": 340,
    "variance": 7.44,
    "stdDev": 2.727636339397171,
    "confidence": 6.772529774906843,
    "low": 337.01373511254656,
    "high": 343.7862648874534,
    "count": 5
  },
  "Compiler.emitAssets": {
    "min": 65,
    "max": 77,
    "mean": 69.2,
    "median": 66,