{
  "stats": {
    "min": 2660,
    "max": 2745,
    "mean": 2696.4,
    "median": 2694,
    "variance": 756.24,
    "stdDev": 27.499818181217126,
    "confidence": 68.2801203176441,
    "low": 2662.259939841178,
    "high": 2730.540060158822,
    "count": 5
  },
  "heap memory": {
    "min": 55076912,
    "max": 56058856,
    "mean": 55757776,
    "median": 55969160,
    "variance": 132159159552,
    "stdDev": 363537.012630076,
    "confidence": 902636.9119506627,
    "low": 55306457.54402467,
    "high": 56209094.45597533,
    "count": 5
  },
  "rss memory": {
    "min": 636059648,
    "max": 657973248,
    "mean": 644230348.8,
    "median": 642949120,
    "variance": 57796478327848.95,
    "stdDev": 7602399.511197037,
    "confidence": 18876224.922893763,
    "low": 634792236.3385531,
    "high": 653668461.2614468,
    "count": 5
  },
  "external memory": {
    "min": 12064647,
    "max": 12512023,
    "mean": 12276067.6,
    "median": 12278991,
    "variance": 28544495647.039997,
    "stdDev": 168951.16349714788,
    "confidence": 419493.8924821913,
    "low": 12066320.653758904,
    "high": 12485814.546241095,
    "count": 5
  },
  "array buffers memory": {
    "min": 4178541,
    "max": 4351733,
    "mean": 4284830.6,
    "median": 4287398,
    "variance": 3469493790.640001,
    "stdDev": 58902.409039359336,
    "confidence": 146250.55153832212,
    "low": 4211705.324230839,
    "high": 4357955.875769161,
    "count": 5
  },
  "Compilation.build module graph": {
    "min": 466.004596,
    "max": 502.68206,
    "mean": 477.4046034,
    "median": 474.735152,
    "variance": 171.73040812262929,
    "stdDev": 13.104594924019182,
    "confidence": 32.537790331180304,
    "low": 461.13570823440983,
    "high": 493.67349856559014,
    "count": 5
  },
  "Compilation.finish modules": {
    "min": 10.352415,
    "max": 10.856764,
    "mean": 10.643904000000001,
    "median": 10.754051,
    "variance": 0.03850524418839997,
    "stdDev": 0.19622753167789675,
    "confidence": 0.48721920211649206,
    "low": 10.400294398941755,
    "high": 10.887513601058247,
    "count": 5
  },
  "Compilation.seal": {
    "min": 0.003489,
    "max": 0.00382,
    "mean": 0.0036522,
    "median": 0.003658,
    "variance": 1.4739359999999998e-8,
    "stdDev": 0.00012140576592567586,
    "confidence": 0.0003014420040901534,
    "low": 0.0035014789979549233,
    "high": 0.0038029210020450767,
    "count": 5
  },
  "Compilation.optimize dependencies": {
    "min": 17.872342,
    "max": 18.464484,
    "mean": 18.1658594,
    "median": 18.208357,
    "variance": 0.05946746846863989,
    "stdDev": 0.2438595260977924,
    "confidence": 0.6054861044111846,
    "low": 17.863116347794406,
    "high": 18.46860245220559,
    "count": 5
  },
  "Compilation.rebuild chunk graph": {
    "min": 7.109317,
    "max": 7.275795,
    "mean": 7.2086574,
    "median": 7.245448,
    "variance": 0.004886899490639981,
    "stdDev": 0.06990636230444251,
    "confidence": 0.17357259592270147,
    "low": 7.121871102038649,
    "high": 7.295443697961351,
    "count": 5
  },
  "Compilation.build chunk graph": {
    "min": 7.14195,
    "max": 7.284314,
    "mean": 7.225078600000001,
    "median": 7.271062,
    "variance": 0.004294422227840004,
    "stdDev": 0.065531841328014,
    "confidence": 0.16271096706994825,
    "low": 7.143723116465027,
    "high": 7.306434083534975,
    "count": 5
  },
  "Compilation.optimize modules": {
    "min": 3.527594,
    "max": 3.848463,
    "mean": 3.6342890000000003,
    "median": 3.575402,
    "variance": 0.013409851054000017,
    "stdDev": 0.11580091128311563,
    "confidence": 0.28752554301266464,
    "low": 3.490526228493668,
    "high": 3.7780517715063326,
    "count": 5
  },
  "Compilation.optimize chunks": {
    "min": 6.173303,
    "max": 7.164469,
    "mean": 6.665896000000001,
    "median": 6.624517,
    "variance": 0.11737758455280019,
    "stdDev": 0.3426041222063742,
    "confidence": 0.8506620127965085,
    "low": 6.240564993601747,
    "high": 7.091227006398255,
    "count": 5
  },
  "Compilation.optimize tree": {
    "min": 0.0024,
    "max": 0.003116,
    "mean": 0.0026807999999999997,
    "median": 0.002532,
    "variance": 7.329096e-8,
    "stdDev": 0.00027072303189791595,
    "confidence": 0.0006721863057033879,
    "low": 0.0023447068471483057,
    "high": 0.0030168931528516936,
    "count": 5
  },
  "Compilation.optimize chunk modules": {
    "min": 20.250172,
    "max": 21.589886,
    "mean": 21.0445828,
    "median": 21.120377,
    "variance": 0.19602754003896017,
    "stdDev": 0.44274997463462396,
    "confidence": 1.0993171423705803,
    "low": 20.49492422881471,
    "high": 21.59424137118529,
    "count": 5
  },
  "Compilation.module ids": {
    "min": 0.208354,
    "max": 0.241291,
    "mean": 0.225395,
    "median": 0.224245,
    "variance": 0.00011217471399999993,
    "stdDev": 0.010591256488254826,
    "confidence": 0.026297347224899514,
    "low": 0.21224632638755025,
    "high": 0.23854367361244977,
    "count": 5
  },
  "Compilation.chunk ids": {
    "min": 0.012805,
    "max": 0.014254,
    "mean": 0.013888600000000001,
    "median": 0.014229,
    "variance": 3.0916503999999975e-7,
    "stdDev": 0.0005560261144946339,
    "confidence": 0.0013805738549710518,
    "low": 0.013198313072514475,
    "high": 0.014578886927485527,
    "count": 5
  },
  "Compilation.assign runtime ids": {
    "min": 0.002672,
    "max": 0.003425,
    "mean": 0.0029204,
    "median": 0.0028,
    "variance": 7.188904000000003e-8,
    "stdDev": 0.0002681213158255047,
    "confidence": 0.0006657264271221564,
    "low": 0.002587536786438922,
    "high": 0.0032532632135610783,
    "count": 5
  },
  "Compilation.optimize code generation": {
    "min": 2.874534,
    "max": 3.132715,
    "mean": 3.0334659999999998,
    "median": 3.029448,
    "variance": 0.008492127346800002,
    "stdDev": 0.09215273922570073,
    "confidence": 0.22880878995152898,
    "low": 2.9190616050242353,
    "high": 3.1478703949757643,
    "count": 5
  },
  "Compilation.create module hashes": {
    "min": 11.241339,
    "max": 12.8618,
    "mean": 11.9848326,
    "median": 11.875601,
    "variance": 0.4778598857170399,
    "stdDev": 0.6912741031725692,
    "confidence": 1.716385127569076,
    "low": 11.126640036215463,
    "high": 12.843025163784539,
    "count": 5
  },
  "Compilation.code generation": {
    "min": 83.626765,
    "max": 88.261025,
    "mean": 86.63052640000001,
    "median": 87.187589,
    "variance": 2.786842360280639,
    "stdDev": 1.669383826530208,
    "confidence": 4.144962987779564,
    "low": 84.55804490611023,
    "high": 88.70300789388979,
    "count": 5
  },
  "Compilation.runtime requirements.modules": {
    "min": 0.087741,
    "max": 0.154541,
    "mean": 0.10894080000000002,
    "median": 0.102536,
    "variance": 0.0005951118789600002,
    "stdDev": 0.024394915022602562,
    "confidence": 0.06057086348373421,
    "low": 0.07865536825813292,
    "high": 0.13922623174186713,
    "count": 5
  },
  "Compilation.runtime requirements.chunks": {
    "min": 0.047912,
    "max": 0.087326,
    "mean": 0.0683406,
    "median": 0.065615,
    "variance": 0.00018793043823999998,
    "stdDev": 0.01370877230972927,
    "confidence": 0.03403792041631886,
    "low": 0.051321639791840575,
    "high": 0.08535956020815944,
    "count": 5
  },
  "Compilation.runtime requirements.entries": {
    "min": 0.085076,
    "max": 0.090098,
    "mean": 0.0879442,
    "median": 0.089404,
    "variance": 0.000005369422559999992,
    "stdDev": 0.002317201450025438,
    "confidence": 0.0057534487233818765,
    "low": 0.08506747563830906,
    "high": 0.09082092436169094,
    "count": 5
  },
  "Compilation.runtime requirements": {
    "min": 0.316136,
    "max": 0.414864,
    "mean": 0.3473058,
    "median": 0.328841,
    "variance": 0.0012453957153600007,
    "stdDev": 0.03529016456974947,
    "confidence": 0.08762300415854307,
    "low": 0.30349429792072846,
    "high": 0.39111730207927153,