{
  "stats": {
    "min": 3530,
    "max": 3581,
    "mean": 3560.8,
    "median": 3558,
    "variance": 334.96000000000004,
    "stdDev": 18.301912468373352,
    "confidence": 45.44236536942117,
    "low": 3538.0788173152896,
    "high": 3583.5211826847108,
    "count": 5
  },
  "heap memory": {
    "min": 57441584,
    "max": 64348856,
    "mean": 60741156.8,
    "median": 61509520,
    "variance": 6019059641564.16,
    "stdDev": 2453377.1910499535,
    "confidence": 6091563.540004507,
    "low": 57695375.02999774,
    "high": 63786938.57000225,
    "count": 5
  },
  "rss memory": {
    "min": 703545344,
    "max": 813273088,
    "mean": 770424832,
    "median": 774119424,
    "variance": 1326939655425228.8,
    "stdDev": 36427182.91915021,
    "confidence": 90446140.99489784,
    "low": 725201761.5025511,
    "high": 815647902.4974489,
    "count": 5
  },
  "external memory": {
    "min": 32654760,
    "max": 33158621,
    "mean": 32924174.4,
    "median": 32910322,
    "variance": 28935612128.24,
    "stdDev": 170104.70930647393,
    "confidence": 422358.0658426732,
    "low": 32712995.367078662,
    "high": 33135353.432921335,
    "count": 5
  },
  "array buffers memory": {
    "min": 4283247,
    "max": 4563333,
    "mean": 4374764.4,
    "median": 4355337,
    "variance": 9853006560.64,
    "stdDev": 99262.31188442066,
    "confidence": 246461.36035564914,
    "low": 4251533.719822176,
    "high": 4497995.080177825,
    "count": 5
  },
  "Compilation.finish modules": {
    "min": 14,
    "max": 15,
    "mean": 14.4,
    "median": 14,
    "variance": 0.24000000000000005,
    "stdDev": 0.48989794855663565,
    "confidence": 1.2163822557074724,
    "low": 13.791808872146264,
    "high": 15.008191127853737,
    "count": 5
  },
  "Compilation.optimize dependencies": {
    "min": 26,
    "max": 27,
    "mean": 26.2,
    "median": 26,
    "variance": 0.16,
    "stdDev": 0.4,
    "confidence": 0.993171952886307,
    "low": 25.703414023556846,
    "high": 26.696585976443153,
    "count": 5
  },
  "Compilation.rebuild chunk graph": {
    "min": 10,
    "max": 12,
    "mean": 11.2,
    "median": 11,
    "variance": 0.56,
    "stdDev": 0.7483314773547883,
    "confidence": 1.858054586926876,
    "low": 10.270972706536561,
    "high": 12.129027293463437,
    "count": 5
  },
  "Compilation.optimize modules": {
    "min": 0,
    "max": 0,
    "mean": 0,
    "median": 0,
    "variance": 0,
    "stdDev": 0,
    "confidence": 0,
    "low": 0,
    "high": 0,
    "count": 5
  },
  "Compilation.optimize chunks": {
    "min": 8,
    "max": 8,
    "mean": 8,
    "median": 8,
    "variance": 0,
    "stdDev": 0,
    "confidence": 0,
    "low": 8,
    "high": 8,
    "count": 5
  },
  "Compilation.optimize tree": {
    "min": 0,
    "max": 0,
    "mean": 0,
    "median": 0,
    "variance": 0,
    "stdDev": 0,
    "confidence": 0,
    "low": 0,
    "high": 0,
    "count": 5
  },
  "Compilation.optimize chunk modules": {
    "min": 30,
    "max": 31,
    "mean": 30.6,
    "median": 31,
    "variance": 0.24,
    "stdDev": 0.4898979485566356,
    "confidence": 1.2163822557074724,
    "low": 29.991808872146265,
    "high": 31.208191127853738,
    "count": 5
  },
  "Compilation.module ids": {
    "min": 0,
    "max": 0,
    "mean": 0,
    "median": 0,
    "variance": 0,
    "stdDev": 0,
    "confidence": 0,
    "low": 0,
    "high": 0,
    "count": 5
  },
  "Compilation.chunk ids": {
    "min": 0,
    "max": 0,
    "mean": 0,
    "median": 0,
    "variance": 0,
    "stdDev": 0,
    "confidence": 0,
    "low": 0,
    "high": 0,
    "count": 5
  },
  "Compilation.optimize code generation": {
    "min": 4,
    "max": 4,
    "mean": 4,
    "median": 4,
    "variance": 0,
    "stdDev": 0,
    "confidence": 0,
    "low": 4,
    "high": 4,
    "count": 5
  },
  "Compilation.code generation": {
    "min": 123,
    "max": 128,
    "mean": 125,
    "median": 124,
    "variance": 3.2,
    "stdDev": 1.7888543819998317,
    "confidence": 4.441599999999994,
    "low": 122.7792,
    "high": 127.2208,
    "count": 5
  },
  "Compilation.runtime requirements.modules": {
    "min": 1,
    "max": 1,
    "mean": 1,
    "median": 1,
    "variance": 0,
    "stdDev": 0,
    "confidence": 0,
    "low": 1,
    "high": 1,
    "count": 5
  },
  "Compilation.runtime requirements.chunks": {
    "min": 0,
    "max": 0,
    "mean": 0,
    "median": 0,
    "variance": 0,
    "stdDev": 0,
    "confidence": 0,
    "low": 0,
    "high": 0,
    "count": 5
  },
  "Compilation.runtime requirements.entries": {
    "min": 0,
    "max": 0,
    "mean": 0,
    "median": 0,
    "variance": 0,
    "stdDev": 0,
    "confidence": 0,
    "low": 0,
    "high": 0,
    "count": 5
  },
  "Compilation.runtime requirements": {
    "min": 1,
    "max": 1,
    "mean": 1,
    "median": 1,
    "variance": 0,
    "stdDev": 0,
    "confidence": 0,
    "low": 1,
    "high": 1,
    "count": 5
  },
  "Compilation.hashing: hash chunks": {
    "min": 0,
    "max": 0,
    "mean": 0,
    "median": 0,
    "variance": 0,
    "stdDev": 0,
    "confidence": 0,
    "low": 0,
    "high": 0,
    "count": 5
  },
  "Compilation.hashing: hash runtime chunks": {
    "min": 1,
    "max": 1,
    "mean": 1,
    "median": 1,
    "variance": 0,
    "stdDev": 0,
    "confidence": 0,
    "low": 1,
    "high": 1,
    "count": 5
  },
  "Compilation.hashing: process full hash chunks": {
    "min": 0,
    "max": 0,
    "mean": 0,
    "median": 0,
    "variance": 0,
    "stdDev": 0,
    "confidence": 0,
    "low": 0,
    "high": 0,
    "count": 5
  },
  "Compilation.hashing": {
    "min": 1,
    "max": 1,
    "mean": 1,
    "median": 1,
    "variance": 0,
    "stdDev": 0,
    "confidence": 0,
    "low": 1,
    "high": 1,
    "count": 5
  },
  "Compilation.create module assets": {
    "min": 0,
    "max": 0,
    "mean": 0,
    "median": 0,
    "variance": 0,
    "stdDev": 0,
    "confidence": 0,
    "low": 0,
    "high": 0,
    "count": 5
  },
  "Compilation.create chunk assets": {
    "min": 0,
    "max": 1,
    "mean": 0.2,
    "median": 0,
    "variance": 0.16000000000000003,
    "stdDev": 0.4,
    "confidence": 0.6965859764431532,
    "low": 0,
    "high": 0.6965859764431532,
    "count": 5
  },
  "Compilation.process assets": {
    "min": 2728,
    "max": 2778,
    "mean": 2753.4,
    "median": 2752,
    "variance": 347.04,
    "stdDev": 18.62900963551203,
    "confidence": 46.254524700098045,
    "low": 2730.272737649951,
    "high": 2776.527262350049,
    "count": 5
  },
  "Compilation.after process assets": {
    "min": 0,
    "max": 0,
    "mean": 0,
    "median": 0,
    "variance": 0,
    "stdDev": 0,
    "confidence": 0,
    "low": 0,
    "high": 0,
    "count": 5
  },
  "Compilation.after seal": {
    "min": 0,
    "max": 0,
    "mean": 0,
    "median": 0,
    "variance": 0,
    "stdDev": 0,
    "confidence": 0,
    "low": 0,
    "high": 0,
    "count": 5
  },
  "Compiler.make hook": {
    "min": 0,
    "max": 0,
    "mean": 0,
    "median": 0,
    "variance": 0,
    "stdDev": 0,
    "confidence": 0,
    "low": 0,
    "high": 0,
    "count": 5
  },
  "Compiler.build module graph": {
    "min": 522,
    "max": 535,
    "mean": 526.6,
    "median": 524,
    "variance": 26.24,
    "stdDev": 5.122499389946279,
    "confidence": 12.718806806929706,
    "low": 520.2405965965352,
    "high": 532.9594034034649,
    "count": 5
  },
  "Compiler.finish make hook": {
    "min": 0,
    "max": 0,
    "mean": 0,
    "median": 0,
    "variance": 0,
    "stdDev": 0,
    "confidence": 0,
    "low": 0,
    "high": 0,
    "count": 5
  },
  "Compiler.finish compilation": {
    "min": 0,
    "max": 0,
    "mean": 0,
    "median": 0,
    "variance": 0,
    "stdDev": 0,
    "confidence": 0,
    "low": 0,
    "high": 0,
    "count": 5
  },
  "Compiler.seal compilation": {
    "min": 3502,
    "max": 3550,
    "mean": 3530,
    "median": 3529,
    "variance": 298,
    "stdDev": 17.26267650163207,
    "confidence": 42.8620153329266,
    "low": 3508.5689923335367,