{
  "stats": {
    "min": 1233,
    "max": 1272,
    "mean": 1254.4,
    "median": 1260,
    "variance": 196.24,
    "stdDev": 14.008568806269968,
    "confidence": 34.78229409616324,
    "low": 1237.0088529519185,
    "high": 1271.7911470480817,
    "count": 5
  },
  "heap memory": {
    "min": 20273896,
    "max": 20336384,
    "mean": 20305956.8,
    "median": 20301296,
    "variance": 581411599.36,
    "stdDev": 24112.47808417874,
    "confidence": 59869.59236948192,
    "low": 20276022.00381526,
    "high": 20335891.59618474,
    "count": 5
  },
  "rss memory": {
    "min": 712826880,
    "max": 736497664,
    "mean": 726469017.6,
    "median": 727822336,
    "variance": 63619126567895.04,
    "stdDev": 7976159.888561352,
    "confidence": 19804245.73263979,
    "low": 716566894.7336801,
    "high": 736371140.4663199,
    "count": 5
  },
  "external memory": {
    "min": 34169215,
    "max": 34169215,
    "mean": 34169215,
    "median": 34169215,
    "variance": 0,
    "stdDev": 0,
    "confidence": 0,
    "low": 34169215,
    "high": 34169215,
    "count": 5
  },
  "array buffers memory": {
    "min": 16623,
    "max": 16623,
    "mean": 16623,
    "median": 16623,
    "variance": 0,
    "stdDev": 0,
    "confidence": 0,
    "low": 16623,
    "high": 16623,
    "count": 5
  },
  "Compilation.finish modules": {
    "min": 24,
    "max": 25,
    "mean": 24.6,
    "median": 25,
    "variance": 0.24,
    "stdDev": 0.4898979485566356,
    "confidence": 1.2163822557074724,
    "low": 23.991808872146265,
    "high": 25.208191127853738,
    "count": 5
  },
  "Compilation.optimize dependencies": {
    "min": 0,
    "max": 1,
    "mean": 0.4,
    "median": 0,
    "variance": 0.24000000000000005,
    "stdDev": 0.48989794855663565,
    "confidence": 1.0081911278537365,
    "low": 0,
    "high": 1.0081911278537365,
    "count": 5
  },
  "Compilation.rebuild chunk graph": {
    "min": 34,
    "max": 37,
    "mean": 35.6,
    "median": 36,
    "variance": 1.0399999999999998,
    "stdDev": 1.0198039027185568,
    "confidence": 2.5321015840601575,
    "low": 34.33394920796992,
    "high": 36.86605079203008,
    "count": 5
  },
  "Compilation.create chunks": {
    "min": 48,
    "max": 54,
    "mean": 51.4,
    "median": 52,
    "variance": 3.84,
    "stdDev": 1.9595917942265424,
    "confidence": 4.8655290228298895,
    "low": 48.967235488585054,
    "high": 53.83276451141494,
    "count": 5
  },
  "Compilation.optimize": {
    "min": 0,
    "max": 0,
    "mean": 0,
    "median": 0,
    "variance": 0,
    "stdDev": 0,
    "confidence": 0,
    "low": 0,
    "high": 0,
    "count": 5
  },
  "Compilation.module ids": {
    "min": 10,
    "max": 11,
    "mean": 10.2,
    "median": 10,
    "variance": 0.16,
    "stdDev": 0.4,
    "confidence": 0.993171952886307,
    "low": 9.703414023556846,
    "high": 10.696585976443153,
    "count": 5
  },
  "Compilation.chunk ids": {
    "min": 4,
    "max": 4,
    "mean": 4,
    "median": 4,
    "variance": 0,
    "stdDev": 0,
    "confidence": 0,
    "low": 4,
    "high": 4,
    "count": 5
  },
  "Compilation.optimize code generation": {
    "min": 0,
    "max": 0,
    "mean": 0,
    "median": 0,
    "variance": 0,
    "stdDev": 0,
    "confidence": 0,
    "low": 0,
    "high": 0,
    "count": 5
  },
  "Compilation.module code generation cache": {
    "min": 0,
    "max": 0,
    "mean": 0,
    "median": 0,
    "variance": 0,
    "stdDev": 0,
    "confidence": 0,
    "low": 0,
    "high": 0,
    "count": 5
  },
  "Compilation.code generation": {
    "min": 94,
    "max": 97,
    "mean": 95.4,
    "median": 96,
    "variance": 1.44,
    "stdDev": 1.2,
    "confidence": 2.979515858658914,
    "low": 93.91024207067055,
    "high": 96.88975792932946,
    "count": 5
  },
  "Compilation.runtime requirements.modules": {
    "min": 7,
    "max": 11,
    "mean": 9.4,
    "median": 11,
    "variance": 1.8399999999999999,
    "stdDev": 1.3564659966250536,
    "confidence": 3.368009957229937,
    "low": 7.715995021385032,
    "high": 11.084004978614969,
    "count": 5
  },
  "Compilation.runtime requirements.chunks": {
    "min": 0,
    "max": 1,
    "mean": 0.2,
    "median": 0,
    "variance": 0.16000000000000003,
    "stdDev": 0.4,
    "confidence": 0.6965859764431532,
    "low": 0,
    "high": 0.6965859764431532,
    "count": 5
  },
  "Compilation.runtime requirements.entries": {
    "min": 0,
    "max": 0,
    "mean": 0,
    "median": 0,
    "variance": 0,
    "stdDev": 0,
    "confidence": 0,
    "low": 0,
    "high": 0,
    "count": 5
  },
  "Compilation.runtime requirements": {
    "min": 9,
    "max": 13,
    "mean": 11.4,
    "median": 12,
    "variance": 1.8399999999999999,
    "stdDev": 1.3564659966250536,
    "confidence": 3.368009957229937,
    "low": 9.715995021385032,
    "high": 13.084004978614969,
    "count": 5
  },
  "Compilation.hashing: hash chunks": {
    "min": 2,
    "max": 2,
    "mean": 2,
    "median": 2,
    "variance": 0,
    "stdDev": 0,
    "confidence": 0,
    "low": 2,
    "high": 2,
    "count": 5
  },
  "Compilation.hashing: hash runtime chunks": {
    "min": 7,
    "max": 7,
    "mean": 7,
    "median": 7,
    "variance": 0,
    "stdDev": 0,
    "confidence": 0,
    "low": 7,
    "high": 7,
    "count": 5
  },
  "Compilation.hashing: process full hash chunks": {
    "min": 0,
    "max": 0,
    "mean": 0,
    "median": 0,
    "variance": 0,
    "stdDev": 0,
    "confidence": 0,
    "low": 0,
    "high": 0,
    "count": 5
  },
  "Compilation.hashing": {
    "min": 9,
    "max": 10,
    "mean": 9.4,
    "median": 9,
    "variance": 0.24000000000000005,
    "stdDev": 0.48989794855663565,
    "confidence": 1.2163822557074724,
    "low": 8.791808872146264,
    "high": 10.008191127853737,
    "count": 5
  },
  "Compilation.create module assets": {
    "min": 0,
    "max": 0,
    "mean": 0,
    "median": 0,
    "variance": 0,
    "stdDev": 0,
    "confidence": 0,
    "low": 0,
    "high": 0,
    "count": 5
  },
  "Compilation.create chunk assets": {
    "min": 12,
    "max": 13,
    "mean": 12.4,
    "median": 12,
    "variance": 0.24000000000000005,
    "stdDev": 0.48989794855663565,
    "confidence": 1.2163822557074724,
    "low": 11.791808872146264,
    "high": 13.008191127853737,
    "count": 5
  },
  "Compilation.process assets": {
    "min": 131,
    "max": 134,
    "mean": 132.2,
    "median": 132,
    "variance": 1.36,
    "stdDev": 1.1661903789690602,
    "confidence": 2.8955689402948224,
    "low": 130.75221552985258,
    "high": 133.6477844701474,
    "count": 5
  },
  "Compilation.after process assets": {
    "min": 0,
    "max": 0,
    "mean": 0,
    "median": 0,
    "variance": 0,
    "stdDev": 0,
    "confidence": 0,
    "low": 0,
    "high": 0,
    "count": 5
  },
  "Compilation.after seal": {
    "min": 0,
    "max": 0,
    "mean": 0,
    "median": 0,
    "variance": 0,
    "stdDev": 0,
    "confidence": 0,
    "low": 0,
    "high": 0,
    "count": 5
  },
  "Compiler.make hook": {
    "min": 0,
    "max": 0,
    "mean": 0,
    "median": 0,
    "variance": 0,
    "stdDev": 0,
    "confidence": 0,
    "low": 0,
    "high": 0,
    "count": 5
  },
  "Compiler.make": {
    "min": 767,
    "max": 805,
    "mean": 784.6,
    "median": 782,
    "variance": 154.64,
    "stdDev": 12.43543324536785,
    "confidence": 30.87630880322331,
    "low": 769.1618455983884,
    "high": 800.0381544016117,
    "count": 5
  },
  "Compiler.finish make hook": {
    "min": 0,
    "max": 0,
    "mean": 0,
    "median": 0,
    "variance": 0,
    "stdDev": 0,
    "confidence": 0,
    "low": 0,
    "high": 0,
    "count": 5
  },
  "Compiler.finish compilation": {
    "min": 29,
    "max": 31,
    "mean": 30.6,
    "median": 31,
    "variance": 0.6399999999999999,
    "stdDev": 0.7999999999999999,
    "confidence": 1.986343905772614,
    "low": 29.606828047113694,
    "high": 31.59317195288631,
    "count": 5
  },
  "Compiler.seal compilation": {
    "min": 346,
    "max": 354,
    "mean": 350.8,
    "median": 353,