{
  "stats": {
    "min": 1018,
    "max": 1035,
    "mean": 1026.4,
    "median": 1025,
    "variance": 35.839999999999996,
    "stdDev": 5.986651818838306,
    "confidence": 14.864436695414952,
    "low": 1018.9677816522926,
    "high": 1033.8322183477076,
    "count": 5
  },
  "heap memory": {
    "min": 8746336,
    "max": 8770616,
    "mean": 8755244.8,
    "median": 8749976,
    "variance": 78100162.56,
    "stdDev": 8837.429635363442,
    "confidence": 21942.71812362224,
    "low": 8744273.44093819,
    "high": 8766216.159061812,
    "count": 5
  },
  "rss memory": {
    "min": 764878848,
    "max": 778510336,
    "mean": 771103129.6,
    "median": 768368640,
    "variance": 28358122867261.438,
    "stdDev": 5325234.53636189,
    "confidence": 13222183.960140467,
    "low": 764492037.6199298,
    "high": 777714221.5800703,
    "count": 5
  },
  "external memory": {
    "min": 2836162,
    "max": 2836162,
    "mean": 2836162,
    "median": 2836162,
    "variance": 0,
    "stdDev": 0,
    "confidence": 0,
    "low": 2836162,
    "high": 2836162,
    "count": 5
  },
  "array buffers memory": {
    "min": 10515,
    "max": 10515,
    "mean": 10515,
    "median": 10515,
    "variance": 0,
    "stdDev": 0,
    "confidence": 0,
    "low": 10515,
    "high": 10515,
    "count": 5
  },
  "Compilation.build module graph": {
    "min": 392,
    "max": 404,
    "mean": 398,
    "median": 398,
    "variance": 20.8,
    "stdDev": 4.560701700396552,
    "confidence": 11.323902535786829,
    "low": 392.3380487321066,
    "high": 403.6619512678934,
    "count": 5
  },
  "Compilation.finish modules": {
    "min": 19,
    "max": 22,
    "mean": 20.2,
    "median": 20,
    "variance": 1.3599999999999999,
    "stdDev": 1.16619037896906,
    "confidence": 2.895568940294808,
    "low": 18.752215529852595,
    "high": 21.647784470147403,
    "count": 5
  },
  "Compilation.seal": {
    "min": 0,
    "max": 0,
    "mean": 0,
    "median": 0,
    "variance": 0,
    "stdDev": 0,
    "confidence": 0,
    "low": 0,
    "high": 0,
    "count": 5
  },
  "Compilation.optimize dependencies": {
    "min": 27,
    "max": 28,
    "mean": 27.4,
    "median": 27,
    "variance": 0.24,
    "stdDev": 0.4898979485566356,
    "confidence": 1.2163822557074724,
    "low": 26.791808872146262,
    "high": 28.008191127853735,
    "count": 5
  },
  "Compilation.rebuild chunk graph": {
    "min": 25,
    "max": 26,
    "mean": 25.6,
    "median": 26,
    "variance": 0.24,
    "stdDev": 0.4898979485566356,
    "confidence": 1.2163822557074724,
    "low": 24.991808872146265,
    "high": 26.208191127853738,
    "count": 5
  },
  "Compilation.build chunk graph": {
    "min": 27,
    "max": 29,
    "mean": 27.8,
    "median": 28,
    "variance": 0.56,
    "stdDev": 0.7483314773547883,
    "confidence": 1.858054586926876,
    "low": 26.870972706536563,
    "high": 28.72902729346344,
    "count": 5
  },
  "Compilation.optimize modules": {
    "min": 0,
    "max": 0,
    "mean": 0,
    "median": 0,
    "variance": 0,
    "stdDev": 0,
    "confidence": 0,
    "low": 0,
    "high": 0,
    "count": 5
  },
  "Compilation.optimize chunks": {
    "min": 22,
    "max": 23,
    "mean": 22.4,
    "median": 22,
    "variance": 0.24,
    "stdDev": 0.4898979485566356,
    "confidence": 1.2163822557074724,
    "low": 21.791808872146262,
    "high": 23.008191127853735,
    "count": 5
  },
  "Compilation.optimize tree": {
    "min": 0,
    "max": 0,
    "mean": 0,
    "median": 0,
    "variance": 0,
    "stdDev": 0,
    "confidence": 0,
    "low": 0,
    "high": 0,
    "count": 5
  },
  "Compilation.optimize chunk modules": {
    "min": 50,
    "max": 51,
    "mean": 50.8,
    "median": 51,
    "variance": 0.16,
    "stdDev": 0.4,
    "confidence": 0.9931719528862999,
    "low": 50.30341402355685,
    "high": 51.29658597644315,
    "count": 5
  },
  "Compilation.module ids": {
    "min": 1,
    "max": 1,
    "mean": 1,
    "median": 1,
    "variance": 0,
    "stdDev": 0,
    "confidence": 0,
    "low": 1,
    "high": 1,
    "count": 5
  },
  "Compilation.chunk ids": {
    "min": 1,
    "max": 2,
    "mean": 1.4,
    "median": 1,
    "variance": 0.24,
    "stdDev": 0.4898979485566356,
    "confidence": 1.216382255707473,
    "low": 0.7918088721462635,
    "high": 2.0081911278537365,
    "count": 5
  },
  "Compilation.assign runtime ids": {
    "min": 0,
    "max": 0,
    "mean": 0,
    "median": 0,
    "variance": 0,
    "stdDev": 0,
    "confidence": 0,
    "low": 0,
    "high": 0,
    "count": 5
  },
  "Compilation.optimize code generation": {
    "min": 3,
    "max": 3,
    "mean": 3,
    "median": 3,
    "variance": 0,
    "stdDev": 0,
    "confidence": 0,
    "low": 3,
    "high": 3,
    "count": 5
  },
  "Compilation.create module hashes": {
    "min": 30,
    "max": 33,
    "mean": 32,
    "median": 32,
    "variance": 1.2,
    "stdDev": 1.0954451150103321,
    "confidence": 2.7199134103864395,
    "low": 30.64004329480678,
    "high": 33.35995670519322,
    "count": 5
  },
  "Compilation.module code generation cache": {
    "min": 0,
    "max": 0,
    "mean": 0,
    "median": 0,
    "variance": 0,
    "stdDev": 0,
    "confidence": 0,
    "low": 0,
    "high": 0,
    "count": 5
  },
  "Compilation.code generation": {
    "min": 90,
    "max": 94,
    "mean": 92.6,
    "median": 93,
    "variance": 2.2399999999999998,
    "stdDev": 1.4966629547095764,
    "confidence": 3.716109173853738,
    "low": 90.74194541307313,
    "high": 94.45805458692686,
    "count": 5
  },
  "Compilation.runtime requirements.modules": {
    "min": 0,
    "max": 1,
    "mean": 0.4,
    "median": 0,
    "variance": 0.24000000000000005,
    "stdDev": 0.48989794855663565,
    "confidence": 1.0081911278537365,
    "low": 0,
    "high": 1.0081911278537365,
    "count": 5
  },
  "Compilation.runtime requirements.chunks": {
    "min": 0,
    "max": 0,
    "mean": 0,
    "median": 0,
    "variance": 0,
    "stdDev": 0,
    "confidence": 0,
    "low": 0,
    "high": 0,
    "count": 5
  },
  "Compilation.runtime requirements.entries": {
    "min": 0,
    "max": 0,
    "mean": 0,
    "median": 0,
    "variance": 0,
    "stdDev": 0,
    "confidence": 0,
    "low": 0,
    "high": 0,
    "count": 5
  },
  "Compilation.runtime requirements": {
    "min": 1,
    "max": 2,
    "mean": 1.2,
    "median": 1,
    "variance": 0.16,
    "stdDev": 0.4,
    "confidence": 0.9931719528863066,
    "low": 0.7034140235568467,
    "high": 1.6965859764431532,
    "count": 5
  },
  "Compilation.hashing: hash chunks": {
    "min": 0,
    "max": 0,
    "mean": 0,
    "median": 0,
    "variance": 0,
    "stdDev": 0,
    "confidence": 0,
    "low": 0,
    "high": 0,
    "count": 5
  },
  "Compilation.hashing: hash runtime chunks": {
    "min": 0,
    "max": 0,
    "mean": 0,
    "median": 0,
    "variance": 0,
    "stdDev": 0,
    "confidence": 0,
    "low": 0,
    "high": 0,
    "count": 5
  },
  "Compilation.hashing: process full hash chunks": {
    "min": 0,
    "max": 0,
    "mean": 0,
    "median": 0,
    "variance": 0,
    "stdDev": 0,
    "confidence": 0,
    "low": 0,
    "high": 0,
    "count": 5
  },
  "Compilation.hashing": {
    "min": 0,
    "max": 0,
    "mean": 0,
    "median": 0,
    "variance": 0,
    "stdDev": 0,
    "confidence": 0,
    "low": 0,
    "high": 0,
    "count": 5
  },
  "Compilation.create module assets": {
    "min": 0,
    "max": 0,
    "mean": 0,
    "median": 0,
    "variance": 0,
    "stdDev": 0,
    "confidence": 0,
    "low": 0,
    "high": 0,
    "count": 5
  },
  "Compilation.create chunk assets": {
    "min": 1,
    "max": 1,
    "mean": 1,
    "median": 1,
    "variance": 0,
    "stdDev": 0,
    "confidence": 0,
    "low": 1,
    "high": 1,
    "count": 5
  },
  "Compilation.process assets": {
    "min": 264,
    "max": 278,
    "mean": 272.4,
    "median": 275,
    "variance": 26.639999999999997,
    "stdDev": 5.161395160225576,
    "confidence": 12.815382277247863,
    "low": 265.99230886137605,