{
  "stats": {
    "min": 981,
    "max": 1005,
    "mean": 995.2,
    "median": 981,
    "variance": 80.96000000000001,
    "stdDev": 8.997777503361595,
    "confidence": 22.34085063662519,
    "low": 984.0295746816874,
    "high": 1006.3704253183126,
    "count": 5
  },
  "heap memory": {
    "min": 20251144,
    "max": 20412632,
    "mean": 20326048,
    "median": 20328120,
    "variance": 3006936320,
    "stdDev": 54835.53884115665,
    "confidence": 136152.7979961112,
    "low": 20257971.601001944,
    "high": 20394124.398998056,
    "count": 5
  },
  "rss memory": {
    "min": 763891712,
    "max": 811696128,
    "mean": 782554726.4,
    "median": 778731520,
    "variance": 248372547068887.06,
    "stdDev": 15759839.690456469,
    "confidence": 39130576.90636444,
    "low": 762989437.9468178,
    "high": 802120014.8531822,
    "count": 5
  },
  "external memory": {
    "min": 7084404,
    "max": 7084404,
    "mean": 7084404,
    "median": 7084404,
    "variance": 0,
    "stdDev": 0,
    "confidence": 0,
    "low": 7084404,
    "high": 7084404,
    "count": 5
  },
  "array buffers memory": {
    "min": 5223839,
    "max": 5223839,
    "mean": 5223839,
    "median": 5223839,
    "variance": 0,
    "stdDev": 0,
    "confidence": 0,
    "low": 5223839,
    "high": 5223839,
    "count": 5
  },
  "Compilation.finish modules": {
    "min": 22,
    "max": 24,
    "mean": 23,
    "median": 23,
    "variance": 0.4,
    "stdDev": 0.6324555320336759,
    "confidence": 1.5703427396590826,
    "low": 22.21482863017046,
    "high": 23.78517136982954,
    "count": 5
  },
  "Compilation.optimize dependencies": {
    "min": 33,
    "max": 35,
    "mean": 34.2,
    "median": 34,
    "variance": 0.5599999999999999,
    "stdDev": 0.7483314773547882,
    "confidence": 1.858054586926869,
    "low": 33.27097270653657,
    "high": 35.12902729346344,
    "count": 5
  },
  "Compilation.rebuild chunk graph": {
    "min": 32,
    "max": 34,
    "mean": 33,
    "median": 33,
    "variance": 0.8,
    "stdDev": 0.8944271909999159,
    "confidence": 2.220799999999997,
    "low": 31.8896,
    "high": 34.1104,
    "count": 5
  },
  "Compilation.create chunks": {
    "min": 61,
    "max": 63,
    "mean": 62.2,
    "median": 63,
    "variance": 0.96,
    "stdDev": 0.9797958971132712,
    "confidence": 2.4327645114149448,
    "low": 60.98361774429253,
    "high": 63.416382255707475,
    "count": 5
  },
  "Compilation.optimize": {
    "min": 62,
    "max": 68,
    "mean": 65,
    "median": 65,
    "variance": 4,
    "stdDev": 2,
    "confidence": 4.965859764431535,
    "low": 62.517070117784236,
    "high": 67.48292988221577,
    "count": 5
  },
  "Compilation.module ids": {
    "min": 2,
    "max": 2,
    "mean": 2,
    "median": 2,
    "variance": 0,
    "stdDev": 0,
    "confidence": 0,
    "low": 2,
    "high": 2,
    "count": 5
  },
  "Compilation.chunk ids": {
    "min": 2,
    "max": 3,
    "mean": 2.8,
    "median": 3,
    "variance": 0.15999999999999998,
    "stdDev": 0.39999999999999997,
    "confidence": 0.9931719528863061,
    "low": 2.3034140235568468,
    "high": 3.296585976443153,
    "count": 5
  },
  "Compilation.optimize code generation": {
    "min": 4,
    "max": 4,
    "mean": 4,
    "median": 4,
    "variance": 0,
    "stdDev": 0,
    "confidence": 0,
    "low": 4,
    "high": 4,
    "count": 5
  },
  "Compilation.module code generation cache": {
    "min": 0,
    "max": 0,
    "mean": 0,
    "median": 0,
    "variance": 0,
    "stdDev": 0,
    "confidence": 0,
    "low": 0,
    "high": 0,
    "count": 5
  },
  "Compilation.code generation": {
    "min": 134,
    "max": 141,
    "mean": 137.8,
    "median": 138,
    "variance": 5.36,
    "stdDev": 2.3151673805580453,
    "confidence": 5.748398271518795,
    "low": 134.9258008642406,
    "high": 140.6741991357594,
    "count": 5
  },
  "Compilation.runtime requirements.modules": {
    "min": 2,
    "max": 3,
    "mean": 2.4,
    "median": 2,
    "variance": 0.24,
    "stdDev": 0.4898979485566356,
    "confidence": 1.216382255707473,
    "low": 1.7918088721462635,
    "high": 3.0081911278537365,
    "count": 5
  },
  "Compilation.runtime requirements.chunks": {
    "min": 0,
    "max": 0,
    "mean": 0,
    "median": 0,
    "variance": 0,
    "stdDev": 0,
    "confidence": 0,
    "low": 0,
    "high": 0,
    "count": 5
  },
  "Compilation.runtime requirements.entries": {
    "min": 0,
    "max": 0,
    "mean": 0,
    "median": 0,
    "variance": 0,
    "stdDev": 0,
    "confidence": 0,
    "low": 0,
    "high": 0,
    "count": 5
  },
  "Compilation.runtime requirements": {
    "min": 3,
    "max": 5,
    "mean": 3.8,
    "median": 3,
    "variance": 0.96,
    "stdDev": 0.9797958971132712,
    "confidence": 2.432764511414946,
    "low": 2.583617744292527,
    "high": 5.016382255707473,
    "count": 5
  },
  "Compilation.hashing: hash chunks": {
    "min": 0,
    "max": 0,
    "mean": 0,
    "median": 0,
    "variance": 0,
    "stdDev": 0,
    "confidence": 0,
    "low": 0,
    "high": 0,
    "count": 5
  },
  "Compilation.hashing: hash runtime chunks": {
    "min": 0,
    "max": 0,
    "mean": 0,
    "median": 0,
    "variance": 0,
    "stdDev": 0,
    "confidence": 0,
    "low": 0,
    "high": 0,
    "count": 5
  },
  "Compilation.hashing: process full hash chunks": {
    "min": 0,
    "max": 0,
    "mean": 0,
    "median": 0,
    "variance": 0,
    "stdDev": 0,
    "confidence": 0,
    "low": 0,
    "high": 0,
    "count": 5
  },
  "Compilation.hashing": {
    "min": 0,
    "max": 0,
    "mean": 0,
    "median": 0,
    "variance": 0,
    "stdDev": 0,
    "confidence": 0,
    "low": 0,
    "high": 0,
    "count": 5
  },
  "Compilation.create module assets": {
    "min": 0,
    "max": 1,
    "mean": 0.6,
    "median": 1,
    "variance": 0.24000000000000005,
    "stdDev": 0.48989794855663565,
    "confidence": 1.2081911278537363,
    "low": 0,
    "high": 1.2081911278537363,
    "count": 5
  },
  "Compilation.create chunk assets": {
    "min": 1,
    "max": 1,
    "mean": 1,
    "median": 1,
    "variance": 0,
    "stdDev": 0,
    "confidence": 0,
    "low": 1,
    "high": 1,
    "count": 5
  },
  "Compilation.process assets": {
    "min": 434,
    "max": 460,
    "mean": 445.2,
    "median": 443,
    "variance": 70.96,
    "stdDev": 8.423775875461075,
    "confidence": 20.91564484227058,
    "low": 434.7421775788647,
    "high": 455.6578224211353,
    "count": 5
  },
  "Compilation.after process assets": {
    "min": 0,
    "max": 0,
    "mean": 0,
    "median": 0,
    "variance": 0,
    "stdDev": 0,
    "confidence": 0,
    "low": 0,
    "high": 0,
    "count": 5
  },
  "Compilation.after seal": {
    "min": 0,
    "max": 0,
    "mean": 0,
    "median": 0,
    "variance": 0,
    "stdDev": 0,
    "confidence": 0,
    "low": 0,
    "high": 0,
    "count": 5
  },
  "Compiler.make hook": {
    "min": 90,
    "max": 99,
    "mean": 94.2,
    "median": 94,
    "variance": 14.559999999999999,
    "stdDev": 3.8157568056677826,
    "confidence": 9.474256596060712,
    "low": 89.46287170196965,
    "high": 98.93712829803036,
    "count": 5
  },
  "Compiler.make": {
    "min": 92,
    "max": 101,
    "mean": 96,
    "median": 92,
    "variance": 13.2,
    "stdDev": 3.63318042491699,
    "confidence": 9.020932244507776,
    "low": 91.48953387774611,
    "high": 100.51046612225389,
    "count": 5
  },
  "Compiler.finish make hook": {
    "min": 0,
    "max": 0,
    "mean": 0,
    "median": 0,
    "variance": 0,
    "stdDev": 0,
    "confidence": 0,
    "low": 0,
    "high": 0,
    "count": 5
  },
  "Compiler.finish compilation": {
    "min": 27,
    "max": 29,
    "mean": 28,
    "median": 28,
    "variance": 0.4,
    "stdDev": 0.6324555320336759,
    "confidence": 1.5703427396590826,
    "low": 27.21482863017046,
    "high": 28.78517136982954,
    "count": 5
  },
  "Compiler.seal compilation": {
    "min": 789,
    "max": 815,
    "mean": 801.4,
    "median": 801,
    "variance": 107.83999999999999,