{
  "stats": {
    "min": 38.45454545454545,
    "max": 39.72727272727273,
    "mean": 39.12727272727273,
    "median": 39.36363636363637,
    "variance": 0.21685950413223232,
    "stdDev": 0.46568176272239,
    "confidence": 1.1562551642663408,
    "low": 38.54914514513956,
    "high": 39.7054003094059,
    "count": 5
  },
  "heap memory": {
    "min": 64372978.18181818,
    "max": 65872821.09090909,
    "mean": 64815387.2,
    "median": 64620515.63636363,
    "variance": 306087378388.9689,
    "stdDev": 553251.6411082473,
    "confidence": 1373685.0320925862,
    "low": 64128544.68395371,
    "high": 65502229.716046296,
    "count": 5
  },
  "rss memory": {
    "min": 525164171.6363636,
    "max": 535945216,
    "mean": 528046191.709091,
    "median": 526273442.90909094,
    "variance": 16134406780164.99,
    "stdDev": 4016765.7113858396,
    "confidence": 9973347.614659548,
    "low": 523059517.90176123,
    "high": 533032865.5164208,
    "count": 5
  },
  "external memory": {
    "min": 15479604.909090908,
    "max": 19919839.727272727,
    "mean": 19011304.81818182,
    "median": 19896434.90909091,
    "variance": 3118539422690.561,
    "stdDev": 1765938.680331387,
    "confidence": 4384701.919555478,
    "low": 16818953.85840408,
    "high": 21203655.77795956,
    "count": 5
  },
  "array buffers memory": {
    "min": 490333.63636363635,
    "max": 498525.63636363635,
    "mean": 496872.0909090908,
    "median": 498525.63636363635,
    "variance": 10688707.153719032,
    "stdDev": 3269.3588291466313,
    "confidence": 8117.588732574135,
    "low": 492813.29654280376,
    "high": 500930.8852753779,
    "count": 5
  },
  "Compilation.build module graph": {
    "min": 3,
    "max": 3.090909090909091,
    "mean": 3.036363636363636,
    "median": 3,
    "variance": 0.001983471074380162,
    "stdDev": 0.04453617714151229,
    "confidence": 0.11058020506431543,
    "low": 2.9810735338314784,
    "high": 3.091653738895794,
    "count": 5
  },
  "Compilation.finish modules": {
    "min": 1.0909090909090908,
    "max": 1.2727272727272727,
    "mean": 1.1636363636363636,
    "median": 1.1818181818181819,
    "variance": 0.004628099173553724,
    "stdDev": 0.06803013430498078,
    "confidence": 0.1689140533569886,
    "low": 1.0791793369578693,
    "high": 1.2480933903148579,
    "count": 5
  },
  "Compilation.seal": {
    "min": 0,
    "max": 0,
    "mean": 0,
    "median": 0,
    "variance": 0,
    "stdDev": 0,
    "confidence": 0,
    "low": 0,
    "high": 0,
    "count": 5
  },
  "Compilation.optimize dependencies": {
    "min": 0.09090909090909091,
    "max": 0.36363636363636365,
    "mean": 0.18181818181818182,
    "median": 0.18181818181818182,
    "variance": 0.009917355371900827,
    "stdDev": 0.09958591954639384,
    "confidence": 0.24726485548967647,
    "low": 0.0581857540733436,
    "high": 0.30545060956302006,
    "count": 5
  },
  "Compilation.rebuild chunk graph": {
    "min": 8.909090909090908,
    "max": 9.272727272727273,
    "mean": 9.09090909090909,
    "median": 9.090909090909092,
    "variance": 0.016528925619834812,
    "stdDev": 0.1285648693066454,
    "confidence": 0.3192175558046344,
    "low": 8.931300313006773,
    "high": 9.250517868811407,
    "count": 5
  },
  "Compilation.build chunk graph": {
    "min": 10.454545454545455,
    "max": 11,
    "mean": 10.781818181818181,
    "median": 10.818181818181818,
    "variance": 0.0350413223140495,
    "stdDev": 0.1871932752906725,
    "confidence": 0.4647877769690538,
    "low": 10.549424293333654,
    "high": 11.014212070302708,
    "count": 5
  },
  "Compilation.optimize modules": {
    "min": 0,
    "max": 0,
    "mean": 0,
    "median": 0,
    "variance": 0,
    "stdDev": 0,
    "confidence": 0,
    "low": 0,
    "high": 0,
    "count": 5
  },
  "Compilation.optimize chunks": {
    "min": 6,
    "max": 6.2727272727272725,
    "mean": 6.054545454545455,
    "median": 6,
    "variance": 0.01190082644628097,
    "stdDev": 0.10909090909090899,
    "confidence": 0.27086507805990223,
    "low": 5.919112915515504,
    "high": 6.189977993575406,
    "count": 5
  },
  "Compilation.optimize tree": {
    "min": 0,
    "max": 0,
    "mean": 0,
    "median": 0,
    "variance": 0,
    "stdDev": 0,
    "confidence": 0,
    "low": 0,
    "high": 0,
    "count": 5
  },
  "Compilation.optimize chunk modules": {
    "min": 0,
    "max": 0,
    "mean": 0,
    "median": 0,
    "variance": 0,
    "stdDev": 0,
    "confidence": 0,
    "low": 0,
    "high": 0,
    "count": 5
  },
  "Compilation.module ids": {
    "min": 0,
    "max": 0,
    "mean": 0,
    "median": 0,
    "variance": 0,
    "stdDev": 0,
    "confidence": 0,
    "low": 0,
    "high": 0,
    "count": 5
  },
  "Compilation.chunk ids": {
    "min": 1.5454545454545454,
    "max": 1.7272727272727273,
    "mean": 1.6727272727272726,
    "median": 1.7272727272727273,
    "variance": 0.005289256198347109,
    "stdDev": 0.07272727272727274,
    "confidence": 0.1805767187066012,
    "low": 1.582438913373972,
    "high": 1.7630156320805732,
    "count": 5
  },
  "Compilation.assign runtime ids": {
    "min": 0,
    "max": 0,
    "mean": 0,
    "median": 0,
    "variance": 0,
    "stdDev": 0,
    "confidence": 0,
    "low": 0,
    "high": 0,
    "count": 5
  },
  "Compilation.optimize code generation": {
    "min": 0,
    "max": 0,
    "mean": 0,
    "median": 0,
    "variance": 0,
    "stdDev": 0,
    "confidence": 0,
    "low": 0,
    "high": 0,
    "count": 5
  },
  "Compilation.create module hashes": {
    "min": 2.909090909090909,
    "max": 3.090909090909091,
    "mean": 2.981818181818182,
    "median": 3,
    "variance": 0.0046280991735537114,
    "stdDev": 0.0680301343049807,
    "confidence": 0.16891405335698817,
    "low": 2.897361155139688,
    "high": 3.066275208496676,
    "count": 5
  },
  "Compilation.module code generation cache": {
    "min": 0,
    "max": 0,
    "mean": 0,
    "median": 0,
    "variance": 0,
    "stdDev": 0,
    "confidence": 0,
    "low": 0,
    "high": 0,
    "count": 5
  },
  "Compilation.code generation": {
    "min": 0,
    "max": 0,
    "mean": 0,
    "median": 0,
    "variance": 0,
    "stdDev": 0,
    "confidence": 0,
    "low": 0,
    "high": 0,
    "count": 5
  },
  "Compilation.runtime requirements.modules": {
    "min": 0,
    "max": 0,
    "mean": 0,
    "median": 0,
    "variance": 0,
    "stdDev": 0,
    "confidence": 0,
    "low": 0,
    "high": 0,
    "count": 5
  },
  "Compilation.runtime requirements.chunks": {
    "min": 0,
    "max": 0,
    "mean": 0,
    "median": 0,
    "variance": 0,
    "stdDev": 0,
    "confidence": 0,
    "low": 0,
    "high": 0,
    "count": 5
  },
  "Compilation.runtime requirements.entries": {
    "min": 0,
    "max": 0.09090909090909091,
    "mean": 0.05454545454545454,
    "median": 0.09090909090909091,
    "variance": 0.0019834710743801653,
    "stdDev": 0.04453617714151233,
    "confidence": 0.10983555707761239,
    "low": 0,
    "high": 0.10983555707761239,
    "count": 5
  },
  "Compilation.runtime requirements": {
    "min": 0.45454545454545453,
    "max": 0.8181818181818182,
    "mean": 0.6545454545454545,
    "median": 0.6363636363636364,
    "variance": 0.01454545454545455,
    "stdDev": 0.12060453783110547,
    "confidence": 0.29945261091167374,
    "low": 0.5048191490896177,
    "high": 0.8042717600012914,
    "count": 5
  },
  "Compilation.hashing: hash chunks": {
    "min": 0,
    "max": 0.45454545454545453,
    "mean": 0.2,
    "median": 0.2727272727272727,
    "variance": 0.031074380165289257,
    "stdDev": 0.17627926754241197,
    "confidence": 0.41884453049808124,
    "low": 0,
    "high": 0.41884453049808124,
    "count": 5
  },
  "Compilation.hashing: hash runtime chunks": {
    "min": 0.2727272727272727,
    "max": 0.5454545454545454,
    "mean": 0.36363636363636365,
    "median": 0.36363636363636365,
    "variance": 0.009917355371900824,
    "stdDev": 0.09958591954639383,
    "confidence": 0.24726485548967636,
    "low": 0.24000393589152547,