{
  "stats": {
    "min": 705,
    "max": 724,
    "mean": 715.4,
    "median": 719,
    "variance": 68.24,
    "stdDev": 8.260750571225353,
    "confidence": 20.51086444282646,
    "low": 705.1445677785867,
    "high": 725.6554322214132,
    "count": 5
  },
  "heap memory": {
    "min": 75856968,
    "max": 77877632,
    "mean": 76730848,
    "median": 76486664,
    "variance": 627816344422.4,
    "stdDev": 792348.6255572102,
    "confidence": 1967346.0795286,
    "low": 75747174.9602357,
    "high": 77714521.0397643,
    "count": 5
  },
  "rss memory": {
    "min": 528932864,
    "max": 555597824,
    "mean": 543246745.6,
    "median": 548773888,
    "variance": 110076506029424.66,
    "stdDev": 10491735.1295877,
    "confidence": 26050242.669546187,
    "low": 530221624.2652269,
    "high": 556271866.9347731,
    "count": 5
  },
  "external memory": {
    "min": 21546928,
    "max": 22562044,
    "mean": 22113598.2,
    "median": 22374714,
    "variance": 182592682464.96002,
    "stdDev": 427308.65011717234,
    "confidence": 1060977.4163052067,
    "low": 21583109.491847396,
    "high": 22644086.908152603,
    "count": 5
  },
  "array buffers memory": {
    "min": 4241362,
    "max": 4448856,
    "mean": 4310703.8,
    "median": 4284047,
    "variance": 5114837294.559999,
    "stdDev": 71518.09068033066,
    "confidence": 177574.40446921065,
    "low": 4221916.5977653945,
    "high": 4399491.002234605,
    "count": 5
  },
  "Compilation.build module graph": {
    "min": 581,
    "max": 600,
    "mean": 590.6,
    "median": 591,
    "variance": 53.04,
    "stdDev": 7.28285658241325,
    "confidence": 18.0828222363657,
    "low": 581.5585888818172,
    "high": 599.6414111181829,
    "count": 5
  },
  "Compilation.finish modules": {
    "min": 17,
    "max": 19,
    "mean": 17.4,
    "median": 17,
    "variance": 0.64,
    "stdDev": 0.8,
    "confidence": 1.986343905772614,
    "low": 16.40682804711369,
    "high": 18.393171952886306,
    "count": 5
  },
  "Compilation.seal": {
    "min": 0,
    "max": 0,
    "mean": 0,
    "median": 0,
    "variance": 0,
    "stdDev": 0,
    "confidence": 0,
    "low": 0,
    "high": 0,
    "count": 5
  },
  "Compilation.optimize dependencies": {
    "min": 0,
    "max": 0,
    "mean": 0,
    "median": 0,
    "variance": 0,
    "stdDev": 0,
    "confidence": 0,
    "low": 0,
    "high": 0,
    "count": 5
  },
  "Compilation.rebuild chunk graph": {
    "min": 11,
    "max": 12,
    "mean": 11.4,
    "median": 11,
    "variance": 0.24000000000000005,
    "stdDev": 0.48989794855663565,
    "confidence": 1.2163822557074724,
    "low": 10.791808872146264,
    "high": 12.008191127853737,
    "count": 5
  },
  "Compilation.build chunk graph": {
    "min": 11,
    "max": 12,
    "mean": 11.6,
    "median": 12,
    "variance": 0.24000000000000005,
    "stdDev": 0.48989794855663565,
    "confidence": 1.2163822557074724,
    "low": 10.991808872146263,
    "high": 12.208191127853736,
    "count": 5
  },
  "Compilation.optimize modules": {
    "min": 0,
    "max": 0,
    "mean": 0,
    "median": 0,
    "variance": 0,
    "stdDev": 0,
    "confidence": 0,
    "low": 0,
    "high": 0,
    "count": 5
  },
  "Compilation.optimize chunks": {
    "min": 6,
    "max": 7,
    "mean": 6.4,
    "median": 6,
    "variance": 0.24000000000000005,
    "stdDev": 0.48989794855663565,
    "confidence": 1.2163822557074724,
    "low": 5.791808872146264,
    "high": 7.0081911278537365,
    "count": 5
  },
  "Compilation.optimize tree": {
    "min": 0,
    "max": 0,
    "mean": 0,
    "median": 0,
    "variance": 0,
    "stdDev": 0,
    "confidence": 0,
    "low": 0,
    "high": 0,
    "count": 5
  },
  "Compilation.optimize chunk modules": {
    "min": 0,
    "max": 0,
    "mean": 0,
    "median": 0,
    "variance": 0,
    "stdDev": 0,
    "confidence": 0,
    "low": 0,
    "high": 0,
    "count": 5
  },
  "Compilation.module ids": {
    "min": 3,
    "max": 4,
    "mean": 3.2,
    "median": 3,
    "variance": 0.15999999999999998,
    "stdDev": 0.39999999999999997,
    "confidence": 0.9931719528863061,
    "low": 2.703414023556847,
    "high": 3.6965859764431532,
    "count": 5
  },
  "Compilation.chunk ids": {
    "min": 0,
    "max": 0,
    "mean": 0,
    "median": 0,
    "variance": 0,
    "stdDev": 0,
    "confidence": 0,
    "low": 0,
    "high": 0,
    "count": 5
  },
  "Compilation.assign runtime ids": {
    "min": 0,
    "max": 0,
    "mean": 0,
    "median": 0,
    "variance": 0,
    "stdDev": 0,
    "confidence": 0,
    "low": 0,
    "high": 0,
    "count": 5
  },
  "Compilation.optimize code generation": {
    "min": 0,
    "max": 0,
    "mean": 0,
    "median": 0,
    "variance": 0,
    "stdDev": 0,
    "confidence": 0,
    "low": 0,
    "high": 0,
    "count": 5
  },
  "Compilation.create module hashes": {
    "min": 5,
    "max": 5,
    "mean": 5,
    "median": 5,
    "variance": 0,
    "stdDev": 0,
    "confidence": 0,
    "low": 5,
    "high": 5,
    "count": 5
  },
  "Compilation.module code generation cache": {
    "min": 0,
    "max": 0,
    "mean": 0,
    "median": 0,
    "variance": 0,
    "stdDev": 0,
    "confidence": 0,
    "low": 0,
    "high": 0,
    "count": 5
  },
  "Compilation.code generation": {
    "min": 29,
    "max": 31,
    "mean": 30.6,
    "median": 31,
    "variance": 0.6399999999999999,
    "stdDev": 0.7999999999999999,
    "confidence": 1.986343905772614,
    "low": 29.606828047113694,
    "high": 31.59317195288631,
    "count": 5
  },
  "Compilation.runtime requirements.modules": {
    "min": 2,
    "max": 3,
    "mean": 2.6,
    "median": 3,
    "variance": 0.24,
    "stdDev": 0.4898979485566356,
    "confidence": 1.216382255707473,
    "low": 1.9918088721462637,
    "high": 3.2081911278537367,
    "count": 5
  },
  "Compilation.runtime requirements.chunks": {
    "min": 0,
    "max": 0,
    "mean": 0,
    "median": 0,
    "variance": 0,
    "stdDev": 0,
    "confidence": 0,
    "low": 0,
    "high": 0,
    "count": 5
  },
  "Compilation.runtime requirements.entries": {
    "min": 0,
    "max": 0,
    "mean": 0,
    "median": 0,
    "variance": 0,
    "stdDev": 0,
    "confidence": 0,
    "low": 0,
    "high": 0,
    "count": 5
  },
  "Compilation.runtime requirements": {
    "min": 3,
    "max": 4,
    "mean": 3.2,
    "median": 3,
    "variance": 0.15999999999999998,
    "stdDev": 0.39999999999999997,
    "confidence": 0.9931719528863061,
    "low": 2.703414023556847,
    "high": 3.6965859764431532,
    "count": 5
  },
  "Compilation.hashing: hash chunks": {
    "min": 0,
    "max": 0,
    "mean": 0,
    "median": 0,
    "variance": 0,
    "stdDev": 0,
    "confidence": 0,
    "low": 0,
    "high": 0,
    "count": 5
  },
  "Compilation.hashing: hash runtime chunks": {
    "min": 2,
    "max": 3,
    "mean": 2.8,
    "median": 3,
    "variance": 0.15999999999999998,
    "stdDev": 0.39999999999999997,
    "confidence": 0.9931719528863061,
    "low": 2.3034140235568468,
    "high": 3.296585976443153,
    "count": 5
  },
  "Compilation.hashing: process full hash chunks": {
    "min": 0,
    "max": 0,
    "mean": 0,
    "median": 0,
    "variance": 0,
    "stdDev": 0,
    "confidence": 0,
    "low": 0,
    "high": 0,
    "count": 5
  },
  "Compilation.hashing": {
    "min": 3,
    "max": 3,
    "mean": 3,
    "median": 3,
    "variance": 0,
    "stdDev": 0,
    "confidence": 0,
    "low": 3,
    "high": 3,
    "count": 5
  },
  "Compilation.create module assets": {
    "min": 0,
    "max": 0,
    "mean": 0,
    "median": 0,
    "variance": 0,
    "stdDev": 0,
    "confidence": 0,
    "low": 0,
    "high": 0,
    "count": 5
  },
  "Compilation.create chunk assets": {
    "min": 6,
    "max": 6,
    "mean": 6,
    "median": 6,
    "variance": 0,
    "stdDev": 0,
    "confidence": 0,
    "low": 6,
    "high": 6,
    "count": 5
  },
  "Compilation.process assets": {
    "min": 0,
    "max": 0,
    "mean": 0,
    "median": 0,
    "variance": 0,
    "stdDev": 0,
    "confidence": 0,
    "low": 0,
    "high": 0,