{
  "stats": {
    "min": 2668,
    "max": 2735,
    "mean": 2702.6,
    "median": 2705,
    "variance": 847.4399999999999,
    "stdDev": 29.110822729699688,
    "confidence": 72.28013165145694,
    "low": 2666.4599341742714,
    "high": 2738.7400658257284,
    "count": 5
  },
  "heap memory": {
    "min": 50015472,
    "max": 50341232,
    "mean": 50209358.4,
    "median": 50225384,
    "variance": 13863067683.84,
    "stdDev": 117741.52913836307,
    "confidence": 292343.96107542515,
    "low": 50063186.419462286,
    "high": 50355530.38053771,
    "count": 5
  },
  "rss memory": {
    "min": 614645760,
    "max": 675082240,
    "mean": 644173004.8,
    "median": 654884864,
    "variance": 580632222378229.8,
    "stdDev": 24096311.385318495,
    "confidence": 59829451.58978319,
    "low": 614258279.0051084,
    "high": 674087730.5948915,
    "count": 5
  },
  "external memory": {
    "min": 28578165,
    "max": 28586357,
    "mean": 28579803.4,
    "median": 28578165,
    "variance": 10737418.239999998,
    "stdDev": 3276.7999999999997,
    "confidence": 8136.06463804096,
    "low": 28575735.367680978,
    "high": 28583871.43231902,
    "count": 5
  },
  "array buffers memory": {
    "min": 589467,
    "max": 597659,
    "mean": 591105.4,
    "median": 589467,
    "variance": 10737418.24,
    "stdDev": 3276.8,
    "confidence": 8136.064638044685,
    "low": 587037.3676809777,
    "high": 595173.4323190224,
    "count": 5
  },
  "Compilation.finish modules": {
    "min": 7,
    "max": 11,
    "mean": 7.8,
    "median": 7,
    "variance": 2.560000000000001,
    "stdDev": 1.6000000000000003,
    "confidence": 3.972687811545226,
    "low": 5.813656094227387,
    "high": 9.786343905772613,
    "count": 5
  },
  "Compilation.optimize dependencies": {
    "min": 13,
    "max": 15,
    "mean": 14,
    "median": 14,
    "variance": 0.8,
    "stdDev": 0.8944271909999159,
    "confidence": 2.2208000000000006,
    "low": 12.8896,
    "high": 15.1104,
    "count": 5
  },
  "Compilation.rebuild chunk graph": {
    "min": 9,
    "max": 9,
    "mean": 9,
    "median": 9,
    "variance": 0,
    "stdDev": 0,
    "confidence": 0,
    "low": 9,
    "high": 9,
    "count": 5
  },
  "Compilation.create chunks": {
    "min": 15,
    "max": 16,
    "mean": 15.8,
    "median": 16,
    "variance": 0.15999999999999998,
    "stdDev": 0.39999999999999997,
    "confidence": 0.993171952886307,
    "low": 15.303414023556847,
    "high": 16.296585976443154,
    "count": 5
  },
  "Compilation.optimize": {
    "min": 14,
    "max": 15,
    "mean": 14.2,
    "median": 14,
    "variance": 0.16,
    "stdDev": 0.4,
    "confidence": 0.993171952886307,
    "low": 13.703414023556846,
    "high": 14.696585976443153,
    "count": 5
  },
  "Compilation.module ids": {
    "min": 1,
    "max": 1,
    "mean": 1,
    "median": 1,
    "variance": 0,
    "stdDev": 0,
    "confidence": 0,
    "low": 1,
    "high": 1,
    "count": 5
  },
  "Compilation.chunk ids": {
    "min": 2,
    "max": 2,
    "mean": 2,
    "median": 2,
    "variance": 0,
    "stdDev": 0,
    "confidence": 0,
    "low": 2,
    "high": 2,
    "count": 5
  },
  "Compilation.optimize code generation": {
    "min": 0,
    "max": 0,
    "mean": 0,
    "median": 0,
    "variance": 0,
    "stdDev": 0,
    "confidence": 0,
    "low": 0,
    "high": 0,
    "count": 5
  },
  "Compilation.code generation": {
    "min": 40,
    "max": 44,
    "mean": 42.6,
    "median": 43,
    "variance": 2.24,
    "stdDev": 1.4966629547095767,
    "confidence": 3.716109173853752,
    "low": 40.741945413073125,
    "high": 44.45805458692688,
    "count": 5
  },
  "Compilation.runtime requirements.modules": {
    "min": 0,
    "max": 1,
    "mean": 0.2,
    "median": 0,
    "variance": 0.16000000000000003,
    "stdDev": 0.4,
    "confidence": 0.6965859764431532,
    "low": 0,
    "high": 0.6965859764431532,
    "count": 5
  },
  "Compilation.runtime requirements.chunks": {
    "min": 0,
    "max": 0,
    "mean": 0,
    "median": 0,
    "variance": 0,
    "stdDev": 0,
    "confidence": 0,
    "low": 0,
    "high": 0,
    "count": 5
  },
  "Compilation.runtime requirements.entries": {
    "min": 0,
    "max": 1,
    "mean": 0.2,
    "median": 0,
    "variance": 0.16000000000000003,
    "stdDev": 0.4,
    "confidence": 0.6965859764431532,
    "low": 0,
    "high": 0.6965859764431532,
    "count": 5
  },
  "Compilation.runtime requirements": {
    "min": 1,
    "max": 3,
    "mean": 1.4,
    "median": 1,
    "variance": 0.64,
    "stdDev": 0.8,
    "confidence": 1.986343905772613,
    "low": 0.40682804711369336,
    "high": 2.3931719528863065,
    "count": 5
  },
  "Compilation.hashing: hash chunks": {
    "min": 0,
    "max": 0,
    "mean": 0,
    "median": 0,
    "variance": 0,
    "stdDev": 0,
    "confidence": 0,
    "low": 0,
    "high": 0,
    "count": 5
  },
  "Compilation.hashing: hash runtime chunks": {
    "min": 0,
    "max": 0,
    "mean": 0,
    "median": 0,
    "variance": 0,
    "stdDev": 0,
    "confidence": 0,
    "low": 0,
    "high": 0,
    "count": 5
  },
  "Compilation.hashing: process full hash chunks": {
    "min": 0,
    "max": 0,
    "mean": 0,
    "median": 0,
    "variance": 0,
    "stdDev": 0,
    "confidence": 0,
    "low": 0,
    "high": 0,
    "count": 5
  },
  "Compilation.hashing": {
    "min": 1,
    "max": 1,
    "mean": 1,
    "median": 1,
    "variance": 0,
    "stdDev": 0,
    "confidence": 0,
    "low": 1,
    "high": 1,
    "count": 5
  },
  "Compilation.create module assets": {
    "min": 0,
    "max": 0,
    "mean": 0,
    "median": 0,
    "variance": 0,
    "stdDev": 0,
    "confidence": 0,
    "low": 0,
    "high": 0,
    "count": 5
  },
  "Compilation.create chunk assets": {
    "min": 1,
    "max": 2,
    "mean": 1.2,
    "median": 1,
    "variance": 0.16,
    "stdDev": 0.4,
    "confidence": 0.9931719528863066,
    "low": 0.7034140235568467,
    "high": 1.6965859764431532,
    "count": 5
  },
  "Compilation.process assets": {
    "min": 1316,
    "max": 1336,
    "mean": 1325.8,
    "median": 1323,
    "variance": 48.56,
    "stdDev": 6.968500556073739,
    "confidence": 17.30229826491268,
    "low": 1317.1488508675436,
    "high": 1334.4511491324563,
    "count": 5
  },
  "Compilation.after process assets": {
    "min": 0,
    "max": 0,
    "mean": 0,
    "median": 0,
    "variance": 0,
    "stdDev": 0,
    "confidence": 0,
    "low": 0,
    "high": 0,
    "count": 5
  },
  "Compilation.after seal": {
    "min": 0,
    "max": 0,
    "mean": 0,
    "median": 0,
    "variance": 0,
    "stdDev": 0,
    "confidence": 0,
    "low": 0,
    "high": 0,
    "count": 5
  },
  "Compiler.make hook": {
    "min": 0,
    "max": 0,
    "mean": 0,
    "median": 0,
    "variance": 0,
    "stdDev": 0,
    "confidence": 0,
    "low": 0,
    "high": 0,
    "count": 5
  },
  "Compiler.make": {
    "min": 1139,
    "max": 1213,
    "mean": 1166.6,
    "median": 1153,
    "variance": 752.24,
    "stdDev": 27.42699400225989,
    "confidence": 68.09930298756353,
    "low": 1132.5503485062181,
    "high": 1200.6496514937817,
    "count": 5
  },
  "Compiler.finish make hook": {
    "min": 0,
    "max": 0,
    "mean": 0,
    "median": 0,
    "variance": 0,
    "stdDev": 0,
    "confidence": 0,
    "low": 0,
    "high": 0,
    "count": 5
  },
  "Compiler.finish compilation": {
    "min": 0,
    "max": 0,
    "mean": 0,
    "median": 0,
    "variance": 0,
    "stdDev": 0,
    "confidence": 0,
    "low": 0,
    "high": 0,
    "count": 5
  },
  "Compiler.seal compilation": {
    "min": 2584,
    "max": 2656,
    "mean": 2613.4,
    "median": 2611,
    "variance": 760.24,
    "stdDev": 27.57245001808871,
    "confidence": 68.46046007581299,
    "low": 2579.1697699620936,
    "high": 2647.6302300379066,
    "count": 5
  },
  "Compiler.emitAssets": {
    "min": 65,
    "max": 89,
    "mean": 75.2,
    "median": 72,
    "variance": 70.96,
    "stdDev": 8.423775875461075,
    "confidence": 20.91564484227058,
    "low": 64.74217757886471,