{
  "stats": {
    "min": 34,
    "max": 34.72727272727273,
    "mean": 34.41818181818182,
    "median": 34.54545454545455,
    "variance": 0.09785123966942107,
    "stdDev": 0.3128118278924585,
    "confidence": 0.7766898349847224,
    "low": 34.02983690068946,
    "high": 34.80652673567418,
    "count": 5
  },
  "heap memory": {
    "min": 65888134.54545455,
    "max": 68123777.45454545,
    "mean": 66991960.72727273,
    "median": 66784664,
    "variance": 576799269184.5277,
    "stdDev": 759473.0207087857,
    "confidence": 1885718.2578545138,
    "low": 66049101.598345466,
    "high": 67934819.85619998,
    "count": 5
  },
  "rss memory": {
    "min": 495789149.09090906,
    "max": 508977524.3636364,
    "mean": 502715931.9272728,
    "median": 503053218.90909094,
    "variance": 17712528898314.176,
    "stdDev": 4208625.535529881,
    "confidence": 10449722.105223417,
    "low": 497491070.8746611,
    "high": 507940792.9798845,
    "count": 5
  },
  "external memory": {
    "min": 3108358.6363636362,
    "max": 19858295.454545453,
    "mean": 9056537.78181818,
    "median": 3108358.6363636362,
    "variance": 53966840750650.8,
    "stdDev": 7346212.680739021,
    "confidence": 18176603.27487783,
    "low": 0,
    "high": 18176603.27487783,
    "count": 5
  },
  "array buffers memory": {
    "min": 498449.9090909091,
    "max": 598870.6363636364,
    "mean": 520202.7454545454,
    "median": 498525.63636363635,
    "variance": 1557102669.981487,
    "stdDev": 39460.140268142575,
    "confidence": 97976.7614281968,
    "low": 471214.364740447,
    "high": 569191.1261686438,
    "count": 5
  },
  "Compilation.build module graph": {
    "min": 3,
    "max": 3.090909090909091,
    "mean": 3.036363636363636,
    "median": 3,
    "variance": 0.001983471074380162,
    "stdDev": 0.04453617714151229,
    "confidence": 0.11058020506431543,
    "low": 2.9810735338314784,
    "high": 3.091653738895794,
    "count": 5
  },
  "Compilation.finish modules": {
    "min": 1,
    "max": 1.2727272727272727,
    "mean": 1.0909090909090908,
    "median": 1.0909090909090908,
    "variance": 0.009917355371900824,
    "stdDev": 0.09958591954639383,
    "confidence": 0.24726485548967636,
    "low": 0.9672766631642526,
    "high": 1.214541518653929,
    "count": 5
  },
  "Compilation.seal": {
    "min": 0,
    "max": 0,
    "mean": 0,
    "median": 0,
    "variance": 0,
    "stdDev": 0,
    "confidence": 0,
    "low": 0,
    "high": 0,
    "count": 5
  },
  "Compilation.optimize dependencies": {
    "min": 0,
    "max": 0,
    "mean": 0,
    "median": 0,
    "variance": 0,
    "stdDev": 0,
    "confidence": 0,
    "low": 0,
    "high": 0,
    "count": 5
  },
  "Compilation.rebuild chunk graph": {
    "min": 8.363636363636363,
    "max": 8.727272727272727,
    "mean": 8.454545454545455,
    "median": 8.363636363636363,
    "variance": 0.019834710743801616,
    "stdDev": 0.14083575804390594,
    "confidence": 0.34968531213172227,
    "low": 8.279702798479594,
    "high": 8.629388110611316,
    "count": 5
  },
  "Compilation.build chunk graph": {
    "min": 9.090909090909092,
    "max": 9.363636363636363,
    "mean": 9.218181818181819,
    "median": 9.272727272727273,
    "variance": 0.011900826446280918,
    "stdDev": 0.10909090909090875,
    "confidence": 0.27086507805990223,
    "low": 9.082749279151868,
    "high": 9.35361435721177,
    "count": 5
  },
  "Compilation.optimize modules": {
    "min": 0,
    "max": 0,
    "mean": 0,
    "median": 0,
    "variance": 0,
    "stdDev": 0,
    "confidence": 0,
    "low": 0,
    "high": 0,
    "count": 5
  },
  "Compilation.optimize chunks": {
    "min": 6,
    "max": 6.636363636363637,
    "mean": 6.436363636363637,
    "median": 6.545454545454546,
    "variance": 0.05090909090909097,
    "stdDev": 0.22563042992710663,
    "confidence": 0.5602245368032044,
    "low": 6.156251367962035,
    "high": 6.71647590476524,
    "count": 5
  },
  "Compilation.optimize tree": {
    "min": 0,
    "max": 0,
    "mean": 0,
    "median": 0,
    "variance": 0,
    "stdDev": 0,
    "confidence": 0,
    "low": 0,
    "high": 0,
    "count": 5
  },
  "Compilation.optimize chunk modules": {
    "min": 0,
    "max": 0,
    "mean": 0,
    "median": 0,
    "variance": 0,
    "stdDev": 0,
    "confidence": 0,
    "low": 0,
    "high": 0,
    "count": 5
  },
  "Compilation.module ids": {
    "min": 0,
    "max": 0,
    "mean": 0,
    "median": 0,
    "variance": 0,
    "stdDev": 0,
    "confidence": 0,
    "low": 0,
    "high": 0,
    "count": 5
  },
  "Compilation.chunk ids": {
    "min": 1,
    "max": 1.0909090909090908,
    "mean": 1.0363636363636364,
    "median": 1,
    "variance": 0.001983471074380162,
    "stdDev": 0.04453617714151229,
    "confidence": 0.11058020506431554,
    "low": 0.9810735338314786,
    "high": 1.091653738895794,
    "count": 5
  },
  "Compilation.assign runtime ids": {
    "min": 0,
    "max": 0,
    "mean": 0,
    "median": 0,
    "variance": 0,
    "stdDev": 0,
    "confidence": 0,
    "low": 0,
    "high": 0,
    "count": 5
  },
  "Compilation.optimize code generation": {
    "min": 0,
    "max": 0,
    "mean": 0,
    "median": 0,
    "variance": 0,
    "stdDev": 0,
    "confidence": 0,
    "low": 0,
    "high": 0,
    "count": 5
  },
  "Compilation.create module hashes": {
    "min": 2,
    "max": 2.090909090909091,
    "mean": 2.0545454545454547,
    "median": 2.090909090909091,
    "variance": 0.001983471074380162,
    "stdDev": 0.04453617714151229,
    "confidence": 0.11058020506431543,
    "low": 1.999255352013297,
    "high": 2.1098355570776124,
    "count": 5
  },
  "Compilation.module code generation cache": {
    "min": 0,
    "max": 0,
    "mean": 0,
    "median": 0,
    "variance": 0,
    "stdDev": 0,
    "confidence": 0,
    "low": 0,
    "high": 0,
    "count": 5
  },
  "Compilation.code generation": {
    "min": 0,
    "max": 0,
    "mean": 0,
    "median": 0,
    "variance": 0,
    "stdDev": 0,
    "confidence": 0,
    "low": 0,
    "high": 0,
    "count": 5
  },
  "Compilation.runtime requirements.modules": {
    "min": 0,
    "max": 0,
    "mean": 0,
    "median": 0,
    "variance": 0,
    "stdDev": 0,
    "confidence": 0,
    "low": 0,
    "high": 0,
    "count": 5
  },
  "Compilation.runtime requirements.chunks": {
    "min": 0,
    "max": 0,
    "mean": 0,
    "median": 0,
    "variance": 0,
    "stdDev": 0,
    "confidence": 0,
    "low": 0,
    "high": 0,
    "count": 5
  },
  "Compilation.runtime requirements.entries": {
    "min": 0,
    "max": 0,
    "mean": 0,
    "median": 0,
    "variance": 0,
    "stdDev": 0,
    "confidence": 0,
    "low": 0,
    "high": 0,
    "count": 5
  },
  "Compilation.runtime requirements": {
    "min": 0,
    "max": 0,
    "mean": 0,
    "median": 0,
    "variance": 0,
    "stdDev": 0,
    "confidence": 0,
    "low": 0,
    "high": 0,
    "count": 5
  },
  "Compilation.hashing: hash chunks": {
    "min": 0,
    "max": 0,
    "mean": 0,
    "median": 0,
    "variance": 0,
    "stdDev": 0,
    "confidence": 0,
    "low": 0,
    "high": 0,
    "count": 5
  },
  "Compilation.hashing: hash runtime chunks": {
    "min": 0,
    "max": 0.18181818181818182,
    "mean": 0.07272727272727272,
    "median": 0.09090909090909091,
    "variance": 0.004628099173553719,
    "stdDev": 0.06803013430498075,
    "confidence": 0.15718429940576703,
    "low": 0,
    "high": 0.15718429940576703,
    "count": 5
  },
  "Compilation.hashing: process full hash chunks": {
    "min": 0,
    "max": 0,
    "mean": 0,
    "median": 0,
    "variance": 0,
    "stdDev": 0,
    "confidence": 0,
    "low": 0,
    "high": 0,
    "count": 5
  },
  "Compilation.hashing": {
    "min": 1,
    "max": 1.1818181818181819,
    "mean": 1.0909090909090908,
    "median": 1.0909090909090908,
    "variance": 0.0066115702479338885,
    "stdDev": 0.0813115628181742,
    "confidence": 0.20189090909090923,
    "low": 0.9899636363636363,
    "high": 1.1918545454545455,
    "count": 5
  },