{
  "stats": {
    "min": 1577,
    "max": 1642,
    "mean": 1606.6,
    "median": 1592,
    "variance": 636.24,
    "stdDev": 25.223798286538845,
    "confidence": 62.62892250863024,
    "low": 1575.2855387456848,
    "high": 1637.914461254315,
    "count": 5
  },
  "heap memory": {
    "min": 12225352,
    "max": 19335792,
    "mean": 14648513.6,
    "median": 13897288,
    "variance": 5910383535447.04,
    "stdDev": 2431128.037649815,
    "confidence": 6036320.452173304,
    "low": 11630353.373913348,
    "high": 17666673.82608665,
    "count": 5
  },
  "rss memory": {
    "min": 567738368,
    "max": 584437760,
    "mean": 578204467.2,
    "median": 580112384,
    "variance": 32624896387317.76,
    "stdDev": 5711820.759382928,
    "confidence": 14182050.445332289,
    "low": 571113441.9773339,
    "high": 585295492.4226662,
    "count": 5
  },
  "external memory": {
    "min": 4198472,
    "max": 4198512,
    "mean": 4198504,
    "median": 4198512,
    "variance": 256,
    "stdDev": 16,
    "confidence": 39.72687811590731,
    "low": 4198484.136560942,
    "high": 4198523.863439058,
    "count": 5
  },
  "array buffers memory": {
    "min": 10475,
    "max": 10475,
    "mean": 10475,
    "median": 10475,
    "variance": 0,
    "stdDev": 0,
    "confidence": 0,
    "low": 10475,
    "high": 10475,
    "count": 5
  },
  "Compilation.finish modules": {
    "min": 24,
    "max": 28,
    "mean": 26,
    "median": 26,
    "variance": 2,
    "stdDev": 1.4142135623730951,
    "confidence": 3.5113931138509713,
    "low": 24.244303443074514,
    "high": 27.755696556925486,
    "count": 5
  },
  "Compilation.optimize dependencies": {
    "min": 163,
    "max": 165,
    "mean": 164.2,
    "median": 165,
    "variance": 0.96,
    "stdDev": 0.9797958971132712,
    "confidence": 2.432764511414973,
    "low": 162.9836177442925,
    "high": 165.41638225570748,
    "count": 5
  },
  "Compilation.rebuild chunk graph": {
    "min": 39,
    "max": 39,
    "mean": 39,
    "median": 39,
    "variance": 0,
    "stdDev": 0,
    "confidence": 0,
    "low": 39,
    "high": 39,
    "count": 5
  },
  "Compilation.create chunks": {
    "min": 62,
    "max": 64,
    "mean": 63.4,
    "median": 64,
    "variance": 0.6399999999999999,
    "stdDev": 0.7999999999999999,
    "confidence": 1.986343905772614,
    "low": 62.40682804711369,
    "high": 64.3931719528863,
    "count": 5
  },
  "Compilation.optimize": {
    "min": 56,
    "max": 58,
    "mean": 57,
    "median": 57,
    "variance": 0.8,
    "stdDev": 0.8944271909999159,
    "confidence": 2.220799999999997,
    "low": 55.8896,
    "high": 58.1104,
    "count": 5
  },
  "Compilation.module ids": {
    "min": 5,
    "max": 5,
    "mean": 5,
    "median": 5,
    "variance": 0,
    "stdDev": 0,
    "confidence": 0,
    "low": 5,
    "high": 5,
    "count": 5
  },
  "Compilation.chunk ids": {
    "min": 4,
    "max": 5,
    "mean": 4.4,
    "median": 4,
    "variance": 0.24000000000000005,
    "stdDev": 0.48989794855663565,
    "confidence": 1.2163822557074724,
    "low": 3.791808872146264,
    "high": 5.0081911278537365,
    "count": 5
  },
  "Compilation.optimize code generation": {
    "min": 4,
    "max": 4,
    "mean": 4,
    "median": 4,
    "variance": 0,
    "stdDev": 0,
    "confidence": 0,
    "low": 4,
    "high": 4,
    "count": 5
  },
  "Compilation.code generation": {
    "min": 109,
    "max": 112,
    "mean": 110.6,
    "median": 111,
    "variance": 1.04,
    "stdDev": 1.019803902718557,
    "confidence": 2.5321015840601717,
    "low": 109.33394920796991,
    "high": 111.86605079203008,
    "count": 5
  },
  "Compilation.runtime requirements.modules": {
    "min": 2,
    "max": 3,
    "mean": 2.8,
    "median": 3,
    "variance": 0.15999999999999998,
    "stdDev": 0.39999999999999997,
    "confidence": 0.9931719528863061,
    "low": 2.3034140235568468,
    "high": 3.296585976443153,
    "count": 5
  },
  "Compilation.runtime requirements.chunks": {
    "min": 0,
    "max": 0,
    "mean": 0,
    "median": 0,
    "variance": 0,
    "stdDev": 0,
    "confidence": 0,
    "low": 0,
    "high": 0,
    "count": 5
  },
  "Compilation.runtime requirements.entries": {
    "min": 0,
    "max": 0,
    "mean": 0,
    "median": 0,
    "variance": 0,
    "stdDev": 0,
    "confidence": 0,
    "low": 0,
    "high": 0,
    "count": 5
  },
  "Compilation.runtime requirements": {
    "min": 5,
    "max": 5,
    "mean": 5,
    "median": 5,
    "variance": 0,
    "stdDev": 0,
    "confidence": 0,
    "low": 5,
    "high": 5,
    "count": 5
  },
  "Compilation.hashing: hash chunks": {
    "min": 1,
    "max": 2,
    "mean": 1.2,
    "median": 1,
    "variance": 0.16,
    "stdDev": 0.4,
    "confidence": 0.9931719528863066,
    "low": 0.7034140235568467,
    "high": 1.6965859764431532,
    "count": 5
  },
  "Compilation.hashing: hash runtime chunks": {
    "min": 1,
    "max": 1,
    "mean": 1,
    "median": 1,
    "variance": 0,
    "stdDev": 0,
    "confidence": 0,
    "low": 1,
    "high": 1,
    "count": 5
  },
  "Compilation.hashing: process full hash chunks": {
    "min": 0,
    "max": 0,
    "mean": 0,
    "median": 0,
    "variance": 0,
    "stdDev": 0,
    "confidence": 0,
    "low": 0,
    "high": 0,
    "count": 5
  },
  "Compilation.hashing": {
    "min": 4,
    "max": 5,
    "mean": 4.2,
    "median": 4,
    "variance": 0.15999999999999998,
    "stdDev": 0.39999999999999997,
    "confidence": 0.9931719528863066,
    "low": 3.703414023556847,
    "high": 4.696585976443154,
    "count": 5
  },
  "Compilation.create module assets": {
    "min": 1,
    "max": 1,
    "mean": 1,
    "median": 1,
    "variance": 0,
    "stdDev": 0,
    "confidence": 0,
    "low": 1,
    "high": 1,
    "count": 5
  },
  "Compilation.create chunk assets": {
    "min": 6,
    "max": 7,
    "mean": 6.6,
    "median": 7,
    "variance": 0.24000000000000005,
    "stdDev": 0.48989794855663565,
    "confidence": 1.2163822557074724,
    "low": 5.9918088721462635,
    "high": 7.208191127853736,
    "count": 5
  },
  "Compilation.process assets": {
    "min": 131,
    "max": 135,
    "mean": 132.4,
    "median": 132,
    "variance": 2.2399999999999998,
    "stdDev": 1.4966629547095764,
    "confidence": 3.716109173853738,
    "low": 130.54194541307314,
    "high": 134.25805458692687,
    "count": 5
  },
  "Compilation.after process assets": {
    "min": 0,
    "max": 0,
    "mean": 0,
    "median": 0,
    "variance": 0,
    "stdDev": 0,
    "confidence": 0,
    "low": 0,
    "high": 0,
    "count": 5
  },
  "Compilation.after seal": {
    "min": 0,
    "max": 0,
    "mean": 0,
    "median": 0,
    "variance": 0,
    "stdDev": 0,
    "confidence": 0,
    "low": 0,
    "high": 0,
    "count": 5
  },
  "Compiler.make hook": {
    "min": 0,
    "max": 0,
    "mean": 0,
    "median": 0,
    "variance": 0,
    "stdDev": 0,
    "confidence": 0,
    "low": 0,
    "high": 0,
    "count": 5
  },
  "Compiler.make": {
    "min": 754,
    "max": 800,
    "mean": 773.6,
    "median": 776,
    "variance": 265.84,
    "stdDev": 16.304600577751053,
    "confidence": 40.48317999209053,
    "low": 753.3584100039548,
    "high": 793.8415899960453,
    "count": 5
  },
  "Compiler.finish make hook": {
    "min": 0,
    "max": 0,
    "mean": 0,
    "median": 0,
    "variance": 0,
    "stdDev": 0,
    "confidence": 0,
    "low": 0,
    "high": 0,
    "count": 5
  },
  "Compiler.finish compilation": {
    "min": 0,
    "max": 0,
    "mean": 0,
    "median": 0,
    "variance": 0,
    "stdDev": 0,
    "confidence": 0,
    "low": 0,
    "high": 0,
    "count": 5
  },
  "Compiler.seal compilation": {
    "min": 1394,
    "max": 1441,
    "mean": 1411.8,
    "median": 1411,
    "variance": 307.76,
    "stdDev": 17.54308980767071,
    "confidence": 43.55826190986045,
    "low": 1390.0208690450697,
    "high": 1433.5791309549302,
    "count": 5
  },
  "Compiler.emitAssets": {
    "min": 171,
    "max": 214,
    "mean": 185.6,
    "median": 181,
    "variance": 236.24,