{
  "stats": {
    "min": 1322,
    "max": 1355,
    "mean": 1333,
    "median": 1329,
    "variance": 134,
    "stdDev": 11.575836902790225,
    "confidence": 28.741991357593633,
    "low": 1318.6290043212032,
    "high": 1347.3709956787968,
    "count": 5
  },
  "heap memory": {
    "min": 8542272,
    "max": 8551248,
    "mean": 8547427.2,
    "median": 8549352,
    "variance": 13888373.76,
    "stdDev": 3726.710850066047,
    "confidence": 9253.161732006818,
    "low": 8542800.619133996,
    "high": 8552053.780866003,
    "count": 5
  },
  "rss memory": {
    "min": 711454720,
    "max": 747044864,
    "mean": 727948492.8,
    "median": 721973248,
    "variance": 169158759321436.2,
    "stdDev": 13006104.6943901,
    "confidence": 32293245.996927977,
    "low": 711801869.801536,
    "high": 744095115.798464,
    "count": 5
  },
  "external memory": {
    "min": 6705266,
    "max": 6705266,
    "mean": 6705266,
    "median": 6705266,
    "variance": 0,
    "stdDev": 0,
    "confidence": 0,
    "low": 6705266,
    "high": 6705266,
    "count": 5
  },
  "array buffers memory": {
    "min": 15323,
    "max": 15323,
    "mean": 15323,
    "median": 15323,
    "variance": 0,
    "stdDev": 0,
    "confidence": 0,
    "low": 15323,
    "high": 15323,
    "count": 5
  },
  "Compilation.finish modules": {
    "min": 23,
    "max": 24,
    "mean": 23.2,
    "median": 23,
    "variance": 0.16,
    "stdDev": 0.4,
    "confidence": 0.993171952886307,
    "low": 22.703414023556846,
    "high": 23.696585976443153,
    "count": 5
  },
  "Compilation.optimize dependencies": {
    "min": 36,
    "max": 38,
    "mean": 37.2,
    "median": 37,
    "variance": 0.5599999999999999,
    "stdDev": 0.7483314773547882,
    "confidence": 1.858054586926869,
    "low": 36.27097270653657,
    "high": 38.12902729346344,
    "count": 5
  },
  "Compilation.rebuild chunk graph": {
    "min": 28,
    "max": 29,
    "mean": 28.8,
    "median": 29,
    "variance": 0.15999999999999998,
    "stdDev": 0.39999999999999997,
    "confidence": 0.993171952886307,
    "low": 28.303414023556847,
    "high": 29.296585976443154,
    "count": 5
  },
  "Compilation.create chunks": {
    "min": 56,
    "max": 58,
    "mean": 56.6,
    "median": 56,
    "variance": 0.64,
    "stdDev": 0.8,
    "confidence": 1.986343905772614,
    "low": 55.606828047113694,
    "high": 57.59317195288631,
    "count": 5
  },
  "Compilation.optimize": {
    "min": 54,
    "max": 57,
    "mean": 56,
    "median": 56,
    "variance": 1.2,
    "stdDev": 1.0954451150103321,
    "confidence": 2.7199134103864395,
    "low": 54.64004329480678,
    "high": 57.35995670519322,
    "count": 5
  },
  "Compilation.module ids": {
    "min": 2,
    "max": 2,
    "mean": 2,
    "median": 2,
    "variance": 0,
    "stdDev": 0,
    "confidence": 0,
    "low": 2,
    "high": 2,
    "count": 5
  },
  "Compilation.chunk ids": {
    "min": 2,
    "max": 2,
    "mean": 2,
    "median": 2,
    "variance": 0,
    "stdDev": 0,
    "confidence": 0,
    "low": 2,
    "high": 2,
    "count": 5
  },
  "Compilation.optimize code generation": {
    "min": 3,
    "max": 4,
    "mean": 3.6,
    "median": 4,
    "variance": 0.24,
    "stdDev": 0.4898979485566356,
    "confidence": 1.2163822557074733,
    "low": 2.9918088721462635,
    "high": 4.208191127853737,
    "count": 5
  },
  "Compilation.module code generation cache": {
    "min": 0,
    "max": 0,
    "mean": 0,
    "median": 0,
    "variance": 0,
    "stdDev": 0,
    "confidence": 0,
    "low": 0,
    "high": 0,
    "count": 5
  },
  "Compilation.code generation": {
    "min": 121,
    "max": 124,
    "mean": 123,
    "median": 123,
    "variance": 1.2,
    "stdDev": 1.0954451150103321,
    "confidence": 2.7199134103864537,
    "low": 121.64004329480677,
    "high": 124.35995670519323,
    "count": 5
  },
  "Compilation.runtime requirements.modules": {
    "min": 2,
    "max": 2,
    "mean": 2,
    "median": 2,
    "variance": 0,
    "stdDev": 0,
    "confidence": 0,
    "low": 2,
    "high": 2,
    "count": 5
  },
  "Compilation.runtime requirements.chunks": {
    "min": 0,
    "max": 0,
    "mean": 0,
    "median": 0,
    "variance": 0,
    "stdDev": 0,
    "confidence": 0,
    "low": 0,
    "high": 0,
    "count": 5
  },
  "Compilation.runtime requirements.entries": {
    "min": 0,
    "max": 0,
    "mean": 0,
    "median": 0,
    "variance": 0,
    "stdDev": 0,
    "confidence": 0,
    "low": 0,
    "high": 0,
    "count": 5
  },
  "Compilation.runtime requirements": {
    "min": 3,
    "max": 4,
    "mean": 3.2,
    "median": 3,
    "variance": 0.15999999999999998,
    "stdDev": 0.39999999999999997,
    "confidence": 0.9931719528863061,
    "low": 2.703414023556847,
    "high": 3.6965859764431532,
    "count": 5
  },
  "Compilation.hashing: hash chunks": {
    "min": 0,
    "max": 0,
    "mean": 0,
    "median": 0,
    "variance": 0,
    "stdDev": 0,
    "confidence": 0,
    "low": 0,
    "high": 0,
    "count": 5
  },
  "Compilation.hashing: hash runtime chunks": {
    "min": 0,
    "max": 0,
    "mean": 0,
    "median": 0,
    "variance": 0,
    "stdDev": 0,
    "confidence": 0,
    "low": 0,
    "high": 0,
    "count": 5
  },
  "Compilation.hashing: process full hash chunks": {
    "min": 0,
    "max": 0,
    "mean": 0,
    "median": 0,
    "variance": 0,
    "stdDev": 0,
    "confidence": 0,
    "low": 0,
    "high": 0,
    "count": 5
  },
  "Compilation.hashing": {
    "min": 0,
    "max": 0,
    "mean": 0,
    "median": 0,
    "variance": 0,
    "stdDev": 0,
    "confidence": 0,
    "low": 0,
    "high": 0,
    "count": 5
  },
  "Compilation.create module assets": {
    "min": 0,
    "max": 1,
    "mean": 0.2,
    "median": 0,
    "variance": 0.16000000000000003,
    "stdDev": 0.4,
    "confidence": 0.6965859764431532,
    "low": 0,
    "high": 0.6965859764431532,
    "count": 5
  },
  "Compilation.create chunk assets": {
    "min": 1,
    "max": 2,
    "mean": 1.2,
    "median": 1,
    "variance": 0.16,
    "stdDev": 0.4,
    "confidence": 0.9931719528863066,
    "low": 0.7034140235568467,
    "high": 1.6965859764431532,
    "count": 5
  },
  "Compilation.process assets": {
    "min": 372,
    "max": 391,
    "mean": 380,
    "median": 381,
    "variance": 45.2,
    "stdDev": 6.723094525588644,
    "confidence": 16.692972298545328,
    "low": 371.65351385072734,
    "high": 388.34648614927266,
    "count": 5
  },
  "Compilation.after process assets": {
    "min": 0,
    "max": 0,
    "mean": 0,
    "median": 0,
    "variance": 0,
    "stdDev": 0,
    "confidence": 0,
    "low": 0,
    "high": 0,
    "count": 5
  },
  "Compilation.after seal": {
    "min": 0,
    "max": 0,
    "mean": 0,
    "median": 0,
    "variance": 0,
    "stdDev": 0,
    "confidence": 0,
    "low": 0,
    "high": 0,
    "count": 5
  },
  "Compiler.make hook": {
    "min": 0,
    "max": 0,
    "mean": 0,
    "median": 0,
    "variance": 0,
    "stdDev": 0,
    "confidence": 0,
    "low": 0,
    "high": 0,
    "count": 5
  },
  "Compiler.make": {
    "min": 444,
    "max": 465,
    "mean": 456.4,
    "median": 461,
    "variance": 69.43999999999998,
    "stdDev": 8.333066662399862,
    "confidence": 20.690420226568563,
    "low": 446.0547898867157,
    "high": 466.74521011328426,
    "count": 5
  },
  "Compiler.finish make hook": {
    "min": 0,
    "max": 0,
    "mean": 0,
    "median": 0,
    "variance": 0,
    "stdDev": 0,
    "confidence": 0,
    "low": 0,
    "high": 0,
    "count": 5
  },
  "Compiler.finish compilation": {
    "min": 32,
    "max": 38,
    "mean": 34.2,
    "median": 33,
    "variance": 5.76,
    "stdDev": 2.4,
    "confidence": 5.959031717317842,
    "low": 31.220484141341082,
    "high": 37.179515858658924,
    "count": 5
  },
  "Compiler.seal compilation": {
    "min": 1220,
    "max": 1251,
    "mean": 1229.8,
    "median": 1226,
    "variance": 124.16,
    "stdDev": 11.142710621747295,
    "confidence": 27.666569171619358,
    "low": 1215.9667154141903,
    "high": 1243.6332845858096,