{
  "stats": {
    "min": 993,
    "max": 1023,
    "mean": 1007.4,
    "median": 1023,
    "variance": 155.44,
    "stdDev": 12.467557900406959,
    "confidence": 30.95607206917566,
    "low": 991.9219639654121,
    "high": 1022.8780360345878,
    "count": 5
  },
  "heap memory": {
    "min": 20262600,
    "max": 20446928,
    "mean": 20345428.8,
    "median": 20316240,
    "variance": 5580277442.56,
    "stdDev": 74701.25462507307,
    "confidence": 185477.97734760493,
    "low": 20252689.8113262,
    "high": 20438167.788673803,
    "count": 5
  },
  "rss memory": {
    "min": 778211328,
    "max": 823918592,
    "mean": 803735142.4,
    "median": 811757568,
    "variance": 280097484062064.66,
    "stdDev": 16736113.170687651,
    "confidence": 41554595.50364518,
    "low": 782957844.6481774,
    "high": 824512440.1518226,
    "count": 5
  },
  "external memory": {
    "min": 7084404,
    "max": 7084404,
    "mean": 7084404,
    "median": 7084404,
    "variance": 0,
    "stdDev": 0,
    "confidence": 0,
    "low": 7084404,
    "high": 7084404,
    "count": 5
  },
  "array buffers memory": {
    "min": 5223839,
    "max": 5223839,
    "mean": 5223839,
    "median": 5223839,
    "variance": 0,
    "stdDev": 0,
    "confidence": 0,
    "low": 5223839,
    "high": 5223839,
    "count": 5
  },
  "Compilation.finish modules": {
    "min": 22,
    "max": 24,
    "mean": 23,
    "median": 23,
    "variance": 0.4,
    "stdDev": 0.6324555320336759,
    "confidence": 1.5703427396590826,
    "low": 22.21482863017046,
    "high": 23.78517136982954,
    "count": 5
  },
  "Compilation.optimize dependencies": {
    "min": 35,
    "max": 36,
    "mean": 35.6,
    "median": 36,
    "variance": 0.24,
    "stdDev": 0.4898979485566356,
    "confidence": 1.2163822557074724,
    "low": 34.991808872146265,
    "high": 36.20819112785374,
    "count": 5
  },
  "Compilation.rebuild chunk graph": {
    "min": 33,
    "max": 34,
    "mean": 33.4,
    "median": 33,
    "variance": 0.24,
    "stdDev": 0.4898979485566356,
    "confidence": 1.2163822557074724,
    "low": 32.79180887214626,
    "high": 34.008191127853735,
    "count": 5
  },
  "Compilation.create chunks": {
    "min": 63,
    "max": 67,
    "mean": 65,
    "median": 65,
    "variance": 2,
    "stdDev": 1.4142135623730951,
    "confidence": 3.5113931138509713,
    "low": 63.244303443074514,
    "high": 66.75569655692549,
    "count": 5
  },
  "Compilation.optimize": {
    "min": 63,
    "max": 70,
    "mean": 65.6,
    "median": 65,
    "variance": 5.839999999999999,
    "stdDev": 2.416609194718914,
    "confidence": 6.000271183204973,
    "low": 62.59986440839751,
    "high": 68.60013559160248,
    "count": 5
  },
  "Compilation.module ids": {
    "min": 2,
    "max": 2,
    "mean": 2,
    "median": 2,
    "variance": 0,
    "stdDev": 0,
    "confidence": 0,
    "low": 2,
    "high": 2,
    "count": 5
  },
  "Compilation.chunk ids": {
    "min": 3,
    "max": 3,
    "mean": 3,
    "median": 3,
    "variance": 0,
    "stdDev": 0,
    "confidence": 0,
    "low": 3,
    "high": 3,
    "count": 5
  },
  "Compilation.optimize code generation": {
    "min": 4,
    "max": 5,
    "mean": 4.2,
    "median": 4,
    "variance": 0.15999999999999998,
    "stdDev": 0.39999999999999997,
    "confidence": 0.9931719528863066,
    "low": 3.703414023556847,
    "high": 4.696585976443154,
    "count": 5
  },
  "Compilation.module code generation cache": {
    "min": 0,
    "max": 0,
    "mean": 0,
    "median": 0,
    "variance": 0,
    "stdDev": 0,
    "confidence": 0,
    "low": 0,
    "high": 0,
    "count": 5
  },
  "Compilation.code generation": {
    "min": 136,
    "max": 145,
    "mean": 140.2,
    "median": 140,
    "variance": 14.559999999999999,
    "stdDev": 3.8157568056677826,
    "confidence": 9.47425659606074,
    "low": 135.46287170196962,
    "high": 144.93712829803036,
    "count": 5
  },
  "Compilation.runtime requirements.modules": {
    "min": 2,
    "max": 2,
    "mean": 2,
    "median": 2,
    "variance": 0,
    "stdDev": 0,
    "confidence": 0,
    "low": 2,
    "high": 2,
    "count": 5
  },
  "Compilation.runtime requirements.chunks": {
    "min": 0,
    "max": 0,
    "mean": 0,
    "median": 0,
    "variance": 0,
    "stdDev": 0,
    "confidence": 0,
    "low": 0,
    "high": 0,
    "count": 5
  },
  "Compilation.runtime requirements.entries": {
    "min": 0,
    "max": 0,
    "mean": 0,
    "median": 0,
    "variance": 0,
    "stdDev": 0,
    "confidence": 0,
    "low": 0,
    "high": 0,
    "count": 5
  },
  "Compilation.runtime requirements": {
    "min": 3,
    "max": 3,
    "mean": 3,
    "median": 3,
    "variance": 0,
    "stdDev": 0,
    "confidence": 0,
    "low": 3,
    "high": 3,
    "count": 5
  },
  "Compilation.hashing: hash chunks": {
    "min": 0,
    "max": 0,
    "mean": 0,
    "median": 0,
    "variance": 0,
    "stdDev": 0,
    "confidence": 0,
    "low": 0,
    "high": 0,
    "count": 5
  },
  "Compilation.hashing: hash runtime chunks": {
    "min": 0,
    "max": 0,
    "mean": 0,
    "median": 0,
    "variance": 0,
    "stdDev": 0,
    "confidence": 0,
    "low": 0,
    "high": 0,
    "count": 5
  },
  "Compilation.hashing: process full hash chunks": {
    "min": 0,
    "max": 0,
    "mean": 0,
    "median": 0,
    "variance": 0,
    "stdDev": 0,
    "confidence": 0,
    "low": 0,
    "high": 0,
    "count": 5
  },
  "Compilation.hashing": {
    "min": 0,
    "max": 0,
    "mean": 0,
    "median": 0,
    "variance": 0,
    "stdDev": 0,
    "confidence": 0,
    "low": 0,
    "high": 0,
    "count": 5
  },
  "Compilation.create module assets": {
    "min": 0,
    "max": 1,
    "mean": 0.4,
    "median": 0,
    "variance": 0.24000000000000005,
    "stdDev": 0.48989794855663565,
    "confidence": 1.0081911278537365,
    "low": 0,
    "high": 1.0081911278537365,
    "count": 5
  },
  "Compilation.create chunk assets": {
    "min": 1,
    "max": 1,
    "mean": 1,
    "median": 1,
    "variance": 0,
    "stdDev": 0,
    "confidence": 0,
    "low": 1,
    "high": 1,
    "count": 5
  },
  "Compilation.process assets": {
    "min": 436,
    "max": 471,
    "mean": 452.4,
    "median": 456,
    "variance": 165.04,
    "stdDev": 12.84678948220138,
    "confidence": 31.89767749589305,
    "low": 436.45116125205345,
    "high": 468.3488387479465,
    "count": 5
  },
  "Compilation.after process assets": {
    "min": 0,
    "max": 0,
    "mean": 0,
    "median": 0,
    "variance": 0,
    "stdDev": 0,
    "confidence": 0,
    "low": 0,
    "high": 0,
    "count": 5
  },
  "Compilation.after seal": {
    "min": 0,
    "max": 0,
    "mean": 0,
    "median": 0,
    "variance": 0,
    "stdDev": 0,
    "confidence": 0,
    "low": 0,
    "high": 0,
    "count": 5
  },
  "Compiler.make hook": {
    "min": 84,
    "max": 94,
    "mean": 88.8,
    "median": 88,
    "variance": 16.560000000000002,
    "stdDev": 4.069397989875161,
    "confidence": 10.104029871689818,
    "low": 83.74798506415509,
    "high": 93.8520149358449,
    "count": 5
  },
  "Compiler.make": {
    "min": 86,
    "max": 96,
    "mean": 90.4,
    "median": 89,
    "variance": 15.439999999999998,
    "stdDev": 3.9293765408777,
    "confidence": 9.756366431822869,
    "low": 85.52181678408857,
    "high": 95.27818321591144,
    "count": 5
  },
  "Compiler.finish make hook": {
    "min": 0,
    "max": 0,
    "mean": 0,
    "median": 0,
    "variance": 0,
    "stdDev": 0,
    "confidence": 0,
    "low": 0,
    "high": 0,
    "count": 5
  },
  "Compiler.finish compilation": {
    "min": 27,
    "max": 29,
    "mean": 28.4,
    "median": 29,
    "variance": 0.6399999999999999,
    "stdDev": 0.7999999999999999,
    "confidence": 1.986343905772614,
    "low": 27.40682804711369,
    "high": 29.393171952886306,
    "count": 5
  },
  "Compiler.seal compilation": {
    "min": 801,
    "max": 832,
    "mean": 816.2,
    "median": 821,
    "variance": 147.76,
    "stdDev": 12.155657119218196,
    "confidence": 30.181644299275604,