{
  "stats": {
    "min": 13686,
    "max": 14211,
    "mean": 13877.2,
    "median": 13808,
    "variance": 32605.359999999997,
    "stdDev": 180.5695433897976,
    "confidence": 448.34151510058655,
    "low": 13653.029242449707,
    "high": 14101.370757550294,
    "count": 5
  },
  "heap memory": {
    "min": 7966768,
    "max": 7982728,
    "mean": 7975235.2,
    "median": 7975672,
    "variance": 25735772.159999996,
    "stdDev": 5073.043678108833,
    "confidence": 12596.011742161587,
    "low": 7968937.194128919,
    "high": 7981533.205871081,
    "count": 5
  },
  "rss memory": {
    "min": 2047733760,
    "max": 2111176704,
    "mean": 2079809536,
    "median": 2083721216,
    "variance": 447182733836288,
    "stdDev": 21146695.577235892,
    "confidence": 52505762.358839035,
    "low": 2053556654.8205805,
    "high": 2106062417.1794195,
    "count": 5
  },
  "external memory": {
    "min": 8364438,
    "max": 8364438,
    "mean": 8364438,
    "median": 8364438,
    "variance": 0,
    "stdDev": 0,
    "confidence": 0,
    "low": 8364438,
    "high": 8364438,
    "count": 5
  },
  "array buffers memory": {
    "min": 10475,
    "max": 10475,
    "mean": 10475,
    "median": 10475,
    "variance": 0,
    "stdDev": 0,
    "confidence": 0,
    "low": 10475,
    "high": 10475,
    "count": 5
  },
  "Compilation.build module graph": {
    "min": 13328,
    "max": 13850,
    "mean": 13516.6,
    "median": 13455,
    "variance": 32188.639999999996,
    "stdDev": 179.41192825450597,
    "confidence": 445.46723788906456,
    "low": 13293.866381055468,
    "high": 13739.333618944533,
    "count": 5
  },
  "Compilation.finish modules": {
    "min": 18,
    "max": 24,
    "mean": 20.4,
    "median": 20,
    "variance": 4.24,
    "stdDev": 2.0591260281974,
    "confidence": 5.112665546659585,
    "low": 17.843667226670206,
    "high": 22.95633277332979,
    "count": 5
  },
  "Compilation.seal": {
    "min": 0,
    "max": 0,
    "mean": 0,
    "median": 0,
    "variance": 0,
    "stdDev": 0,
    "confidence": 0,
    "low": 0,
    "high": 0,
    "count": 5
  },
  "Compilation.optimize dependencies": {
    "min": 27,
    "max": 30,
    "mean": 28,
    "median": 28,
    "variance": 1.2,
    "stdDev": 1.0954451150103321,
    "confidence": 2.7199134103864395,
    "low": 26.64004329480678,
    "high": 29.35995670519322,
    "count": 5
  },
  "Compilation.rebuild chunk graph": {
    "min": 21,
    "max": 27,
    "mean": 24.4,
    "median": 24,
    "variance": 4.24,
    "stdDev": 2.0591260281974,
    "confidence": 5.112665546659585,
    "low": 21.843667226670206,
    "high": 26.95633277332979,
    "count": 5
  },
  "Compilation.build chunk graph": {
    "min": 21,
    "max": 27,
    "mean": 24.4,
    "median": 24,
    "variance": 4.24,
    "stdDev": 2.0591260281974,
    "confidence": 5.112665546659585,
    "low": 21.843667226670206,
    "high": 26.95633277332979,
    "count": 5
  },
  "Compilation.optimize modules": {
    "min": 0,
    "max": 0,
    "mean": 0,
    "median": 0,
    "variance": 0,
    "stdDev": 0,
    "confidence": 0,
    "low": 0,
    "high": 0,
    "count": 5
  },
  "Compilation.optimize chunks": {
    "min": 25,
    "max": 25,
    "mean": 25,
    "median": 25,
    "variance": 0,
    "stdDev": 0,
    "confidence": 0,
    "low": 25,
    "high": 25,
    "count": 5
  },
  "Compilation.optimize tree": {
    "min": 0,
    "max": 0,
    "mean": 0,
    "median": 0,
    "variance": 0,
    "stdDev": 0,
    "confidence": 0,
    "low": 0,
    "high": 0,
    "count": 5
  },
  "Compilation.optimize chunk modules": {
    "min": 57,
    "max": 63,
    "mean": 59.6,
    "median": 60,
    "variance": 4.24,
    "stdDev": 2.0591260281974,
    "confidence": 5.112665546659585,
    "low": 57.04366722667021,
    "high": 62.156332773329794,
    "count": 5
  },
  "Compilation.module ids": {
    "min": 1,
    "max": 2,
    "mean": 1.2,
    "median": 1,
    "variance": 0.16,
    "stdDev": 0.4,
    "confidence": 0.9931719528863066,
    "low": 0.7034140235568467,
    "high": 1.6965859764431532,
    "count": 5
  },
  "Compilation.chunk ids": {
    "min": 2,
    "max": 2,
    "mean": 2,
    "median": 2,
    "variance": 0,
    "stdDev": 0,
    "confidence": 0,
    "low": 2,
    "high": 2,
    "count": 5
  },
  "Compilation.assign runtime ids": {
    "min": 0,
    "max": 0,
    "mean": 0,
    "median": 0,
    "variance": 0,
    "stdDev": 0,
    "confidence": 0,
    "low": 0,
    "high": 0,
    "count": 5
  },
  "Compilation.optimize code generation": {
    "min": 3,
    "max": 4,
    "mean": 3.4,
    "median": 3,
    "variance": 0.24,
    "stdDev": 0.4898979485566356,
    "confidence": 1.2163822557074733,
    "low": 2.7918088721462633,
    "high": 4.0081911278537365,
    "count": 5
  },
  "Compilation.create module hashes": {
    "min": 36,
    "max": 39,
    "mean": 37.6,
    "median": 37,
    "variance": 1.44,
    "stdDev": 1.2,
    "confidence": 2.979515858658914,
    "low": 36.110242070670544,
    "high": 39.08975792932946,
    "count": 5
  },
  "Compilation.code generation": {
    "min": 116,
    "max": 121,
    "mean": 118.2,
    "median": 119,
    "variance": 3.7599999999999993,
    "stdDev": 1.9390719429665315,
    "confidence": 4.814579670957784,
    "low": 115.79271016452111,
    "high": 120.6072898354789,
    "count": 5
  },
  "Compilation.runtime requirements.modules": {
    "min": 0,
    "max": 0,
    "mean": 0,
    "median": 0,
    "variance": 0,
    "stdDev": 0,
    "confidence": 0,
    "low": 0,
    "high": 0,
    "count": 5
  },
  "Compilation.runtime requirements.chunks": {
    "min": 0,
    "max": 0,
    "mean": 0,
    "median": 0,
    "variance": 0,
    "stdDev": 0,
    "confidence": 0,
    "low": 0,
    "high": 0,
    "count": 5
  },
  "Compilation.runtime requirements.entries": {
    "min": 0,
    "max": 0,
    "mean": 0,
    "median": 0,
    "variance": 0,
    "stdDev": 0,
    "confidence": 0,
    "low": 0,
    "high": 0,
    "count": 5
  },
  "Compilation.runtime requirements": {
    "min": 1,
    "max": 1,
    "mean": 1,
    "median": 1,
    "variance": 0,
    "stdDev": 0,
    "confidence": 0,
    "low": 1,
    "high": 1,
    "count": 5
  },
  "Compilation.hashing: hash chunks": {
    "min": 0,
    "max": 0,
    "mean": 0,
    "median": 0,
    "variance": 0,
    "stdDev": 0,
    "confidence": 0,
    "low": 0,
    "high": 0,
    "count": 5
  },
  "Compilation.hashing: hash runtime chunks": {
    "min": 0,
    "max": 0,
    "mean": 0,
    "median": 0,
    "variance": 0,
    "stdDev": 0,
    "confidence": 0,
    "low": 0,
    "high": 0,
    "count": 5
  },
  "Compilation.hashing: process full hash chunks": {
    "min": 0,
    "max": 0,
    "mean": 0,
    "median": 0,
    "variance": 0,
    "stdDev": 0,
    "confidence": 0,
    "low": 0,
    "high": 0,
    "count": 5
  },
  "Compilation.hashing": {
    "min": 0,
    "max": 0,
    "mean": 0,
    "median": 0,
    "variance": 0,
    "stdDev": 0,
    "confidence": 0,
    "low": 0,
    "high": 0,
    "count": 5
  },
  "Compilation.create module assets": {
    "min": 0,
    "max": 0,
    "mean": 0,
    "median": 0,
    "variance": 0,
    "stdDev": 0,
    "confidence": 0,
    "low": 0,
    "high": 0,
    "count": 5
  },
  "Compilation.create chunk assets": {
    "min": 1,
    "max": 1,
    "mean": 1,
    "median": 1,
    "variance": 0,
    "stdDev": 0,
    "confidence": 0,
    "low": 1,
    "high": 1,
    "count": 5
  },
  "Compilation.process assets": {
    "min": 0,
    "max": 1,
    "mean": 0.2,
    "median": 0,
    "variance": 0.16000000000000003,
    "stdDev": 0.4,
    "confidence": 0.6965859764431532,
    "low": 0,
    "high": 0.6965859764431532,
    "count": 5
  },
  "Compilation.after process assets": {
    "min": 0,
    "max": 0,
    "mean": 0,
    "median": 0,
    "variance": 0,
    "stdDev": 0,
    "confidence": 0,
    "low": 0,
    "high": 0,
    "count": 5
  },
  "Compilation.after seal": {
    "min": 0,
    "max": 0,
    "mean": 0,
    "median": 0,
    "variance": 0,
    "stdDev": 0,