{
  "stats": {
    "min": 2309,
    "max": 2433,
    "mean": 2377.6,
    "median": 2381,
    "variance": 2071.04,
    "stdDev": 45.508680490649255,
    "confidence": 112.99486269044246,
    "low": 2321.1025686547787,
    "high": 2434.097431345221,
    "count": 5
  },
  "heap memory": {
    "min": 44585712,
    "max": 44868440,
    "mean": 44686593.6,
    "median": 44680984,
    "variance": 10637753431.039999,
    "stdDev": 103139.48531498497,
    "confidence": 256088.11012493074,
    "low": 44558549.544937536,
    "high": 44814637.65506247,
    "count": 5
  },
  "rss memory": {
    "min": 771588096,
    "max": 788430848,
    "mean": 778600448,
    "median": 778792960,
    "variance": 32828803986227.2,
    "stdDev": 5729642.570547242,
    "confidence": 14226300.752827406,
    "low": 771487297.6235863,
    "high": 785713598.3764137,
    "count": 5
  },
  "external memory": {
    "min": 10004906,
    "max": 10005725,
    "mean": 10005233.6,
    "median": 10004906,
    "variance": 160982.63999999998,
    "stdDev": 401.22641986788454,
    "confidence": 996.2170674242079,
    "low": 10004735.491466288,
    "high": 10005731.708533712,
    "count": 5
  },
  "array buffers memory": {
    "min": 497314,
    "max": 497314,
    "mean": 497314,
    "median": 497314,
    "variance": 0,
    "stdDev": 0,
    "confidence": 0,
    "low": 497314,
    "high": 497314,
    "count": 5
  },
  "Compilation.build module graph": {
    "min": 1067,
    "max": 1146,
    "mean": 1116,
    "median": 1132,
    "variance": 808.4,
    "stdDev": 28.432375911977527,
    "confidence": 70.59559577424079,
    "low": 1080.7022021128796,
    "high": 1151.2977978871204,
    "count": 5
  },
  "Compilation.finish modules": {
    "min": 4,
    "max": 4,
    "mean": 4,
    "median": 4,
    "variance": 0,
    "stdDev": 0,
    "confidence": 0,
    "low": 4,
    "high": 4,
    "count": 5
  },
  "Compilation.seal": {
    "min": 0,
    "max": 0,
    "mean": 0,
    "median": 0,
    "variance": 0,
    "stdDev": 0,
    "confidence": 0,
    "low": 0,
    "high": 0,
    "count": 5
  },
  "Compilation.optimize dependencies": {
    "min": 9,
    "max": 9,
    "mean": 9,
    "median": 9,
    "variance": 0,
    "stdDev": 0,
    "confidence": 0,
    "low": 9,
    "high": 9,
    "count": 5
  },
  "Compilation.rebuild chunk graph": {
    "min": 8,
    "max": 8,
    "mean": 8,
    "median": 8,
    "variance": 0,
    "stdDev": 0,
    "confidence": 0,
    "low": 8,
    "high": 8,
    "count": 5
  },
  "Compilation.build chunk graph": {
    "min": 8,
    "max": 9,
    "mean": 8.6,
    "median": 9,
    "variance": 0.24000000000000005,
    "stdDev": 0.48989794855663565,
    "confidence": 1.2163822557074724,
    "low": 7.9918088721462635,
    "high": 9.208191127853736,
    "count": 5
  },
  "Compilation.optimize modules": {
    "min": 0,
    "max": 0,
    "mean": 0,
    "median": 0,
    "variance": 0,
    "stdDev": 0,
    "confidence": 0,
    "low": 0,
    "high": 0,
    "count": 5
  },
  "Compilation.optimize chunks": {
    "min": 5,
    "max": 5,
    "mean": 5,
    "median": 5,
    "variance": 0,
    "stdDev": 0,
    "confidence": 0,
    "low": 5,
    "high": 5,
    "count": 5
  },
  "Compilation.optimize tree": {
    "min": 0,
    "max": 0,
    "mean": 0,
    "median": 0,
    "variance": 0,
    "stdDev": 0,
    "confidence": 0,
    "low": 0,
    "high": 0,
    "count": 5
  },
  "Compilation.optimize chunk modules": {
    "min": 11,
    "max": 12,
    "mean": 11.6,
    "median": 12,
    "variance": 0.24000000000000005,
    "stdDev": 0.48989794855663565,
    "confidence": 1.2163822557074724,
    "low": 10.991808872146263,
    "high": 12.208191127853736,
    "count": 5
  },
  "Compilation.module ids": {
    "min": 1,
    "max": 1,
    "mean": 1,
    "median": 1,
    "variance": 0,
    "stdDev": 0,
    "confidence": 0,
    "low": 1,
    "high": 1,
    "count": 5
  },
  "Compilation.chunk ids": {
    "min": 1,
    "max": 1,
    "mean": 1,
    "median": 1,
    "variance": 0,
    "stdDev": 0,
    "confidence": 0,
    "low": 1,
    "high": 1,
    "count": 5
  },
  "Compilation.assign runtime ids": {
    "min": 0,
    "max": 0,
    "mean": 0,
    "median": 0,
    "variance": 0,
    "stdDev": 0,
    "confidence": 0,
    "low": 0,
    "high": 0,
    "count": 5
  },
  "Compilation.optimize code generation": {
    "min": 0,
    "max": 0,
    "mean": 0,
    "median": 0,
    "variance": 0,
    "stdDev": 0,
    "confidence": 0,
    "low": 0,
    "high": 0,
    "count": 5
  },
  "Compilation.create module hashes": {
    "min": 5,
    "max": 6,
    "mean": 5.8,
    "median": 6,
    "variance": 0.15999999999999998,
    "stdDev": 0.39999999999999997,
    "confidence": 0.993171952886307,
    "low": 5.303414023556846,
    "high": 6.296585976443153,
    "count": 5
  },
  "Compilation.module code generation cache": {
    "min": 0,
    "max": 0,
    "mean": 0,
    "median": 0,
    "variance": 0,
    "stdDev": 0,
    "confidence": 0,
    "low": 0,
    "high": 0,
    "count": 5
  },
  "Compilation.code generation": {
    "min": 35,
    "max": 39,
    "mean": 36.4,
    "median": 36,
    "variance": 1.8399999999999999,
    "stdDev": 1.3564659966250536,
    "confidence": 3.36800995722993,
    "low": 34.715995021385034,
    "high": 38.08400497861496,
    "count": 5
  },
  "Compilation.runtime requirements.modules": {
    "min": 0,
    "max": 0,
    "mean": 0,
    "median": 0,
    "variance": 0,
    "stdDev": 0,
    "confidence": 0,
    "low": 0,
    "high": 0,
    "count": 5
  },
  "Compilation.runtime requirements.chunks": {
    "min": 0,
    "max": 0,
    "mean": 0,
    "median": 0,
    "variance": 0,
    "stdDev": 0,
    "confidence": 0,
    "low": 0,
    "high": 0,
    "count": 5
  },
  "Compilation.runtime requirements.entries": {
    "min": 0,
    "max": 0,
    "mean": 0,
    "median": 0,
    "variance": 0,
    "stdDev": 0,
    "confidence": 0,
    "low": 0,
    "high": 0,
    "count": 5
  },
  "Compilation.runtime requirements": {
    "min": 1,
    "max": 1,
    "mean": 1,
    "median": 1,
    "variance": 0,
    "stdDev": 0,
    "confidence": 0,
    "low": 1,
    "high": 1,
    "count": 5
  },
  "Compilation.hashing: hash chunks": {
    "min": 0,
    "max": 0,
    "mean": 0,
    "median": 0,
    "variance": 0,
    "stdDev": 0,
    "confidence": 0,
    "low": 0,
    "high": 0,
    "count": 5
  },
  "Compilation.hashing: hash runtime chunks": {
    "min": 0,
    "max": 0,
    "mean": 0,
    "median": 0,
    "variance": 0,
    "stdDev": 0,
    "confidence": 0,
    "low": 0,
    "high": 0,
    "count": 5
  },
  "Compilation.hashing: process full hash chunks": {
    "min": 0,
    "max": 0,
    "mean": 0,
    "median": 0,
    "variance": 0,
    "stdDev": 0,
    "confidence": 0,
    "low": 0,
    "high": 0,
    "count": 5
  },
  "Compilation.hashing": {
    "min": 1,
    "max": 1,
    "mean": 1,
    "median": 1,
    "variance": 0,
    "stdDev": 0,
    "confidence": 0,
    "low": 1,
    "high": 1,
    "count": 5
  },
  "Compilation.create module assets": {
    "min": 0,
    "max": 0,
    "mean": 0,
    "median": 0,
    "variance": 0,
    "stdDev": 0,
    "confidence": 0,
    "low": 0,
    "high": 0,
    "count": 5
  },
  "Compilation.create chunk assets": {
    "min": 1,
    "max": 2,
    "mean": 1.6,
    "median": 2,
    "variance": 0.24,
    "stdDev": 0.4898979485566356,
    "confidence": 1.216382255707473,
    "low": 0.9918088721462637,
    "high": 2.2081911278537367,
    "count": 5
  },
  "Compilation.process assets": {
    "min": 1058,
    "max": 1111,
    "mean": 1076.4,
    "median": 1064,
    "variance": 412.23999999999995,
    "stdDev": 20.303694245136768,
    "confidence": 50.41264916062255,
    "low": 1051.1936754196888,
    "high": 1101.6063245803114,
    "count": 5
  },
  "Compilation.after process assets": {
    "min": 0,
    "max": 0,
    "mean": 0,
    "median": 0,
    "variance": 0,
    "stdDev": 0,
    "confidence": 0,
    "low": 0,
    "high": 0,
    "count": 5
  },
  "Compilation.after seal": {
    "min": 0,
    "max": 0,