{
  "stats": {
    "min": 873,
    "max": 933,
    "mean": 890.6,
    "median": 881,
    "variance": 488.64,
    "stdDev": 22.10520300743696,
    "confidence": 54.88566909961105,
    "low": 863.1571654501945,
    "high": 918.0428345498055,
    "count": 5
  },
  "heap memory": {
    "min": 105355952,
    "max": 107601944,
    "mean": 106206288,
    "median": 106165448,
    "variance": 668478707046.4,
    "stdDev": 817605.4715120245,
    "confidence": 2030057.0570803285,
    "low": 105191259.47145984,
    "high": 107221316.52854016,
    "count": 5
  },
  "rss memory": {
    "min": 642981888,
    "max": 659808256,
    "mean": 651377868.8,
    "median": 653856768,
    "variance": 43420900665589.766,
    "stdDev": 6589453.745614258,
    "confidence": 16361151.61246419,
    "low": 643197292.9937679,
    "high": 659558444.606232,
    "count": 5
  },
  "external memory": {
    "min": 43282035,
    "max": 44171198,
    "mean": 43612187.8,
    "median": 43584690,
    "variance": 107882229742.96,
    "stdDev": 328454.30388862314,
    "confidence": 815529.0060674399,
    "low": 43204423.29696628,
    "high": 44019952.30303372,
    "count": 5
  },
  "array buffers memory": {
    "min": 7929831,
    "max": 8168368,
    "mean": 8086702.8,
    "median": 8110743,
    "variance": 6664216624.96,
    "stdDev": 81634.65333398557,
    "confidence": 202693.12018727697,
    "low": 7985356.239906361,
    "high": 8188049.360093638,
    "count": 5
  },
  "Compilation.finish modules": {
    "min": 14,
    "max": 14,
    "mean": 14,
    "median": 14,
    "variance": 0,
    "stdDev": 0,
    "confidence": 0,
    "low": 14,
    "high": 14,
    "count": 5
  },
  "Compilation.optimize dependencies": {
    "min": 0,
    "max": 0,
    "mean": 0,
    "median": 0,
    "variance": 0,
    "stdDev": 0,
    "confidence": 0,
    "low": 0,
    "high": 0,
    "count": 5
  },
  "Compilation.rebuild chunk graph": {
    "min": 11,
    "max": 11,
    "mean": 11,
    "median": 11,
    "variance": 0,
    "stdDev": 0,
    "confidence": 0,
    "low": 11,
    "high": 11,
    "count": 5
  },
  "Compilation.create chunks": {
    "min": 16,
    "max": 17,
    "mean": 16.6,
    "median": 17,
    "variance": 0.24,
    "stdDev": 0.4898979485566356,
    "confidence": 1.2163822557074724,
    "low": 15.991808872146265,
    "high": 17.208191127853738,
    "count": 5
  },
  "Compilation.optimize": {
    "min": 0,
    "max": 0,
    "mean": 0,
    "median": 0,
    "variance": 0,
    "stdDev": 0,
    "confidence": 0,
    "low": 0,
    "high": 0,
    "count": 5
  },
  "Compilation.module ids": {
    "min": 3,
    "max": 4,
    "mean": 3.2,
    "median": 3,
    "variance": 0.15999999999999998,
    "stdDev": 0.39999999999999997,
    "confidence": 0.9931719528863061,
    "low": 2.703414023556847,
    "high": 3.6965859764431532,
    "count": 5
  },
  "Compilation.chunk ids": {
    "min": 0,
    "max": 0,
    "mean": 0,
    "median": 0,
    "variance": 0,
    "stdDev": 0,
    "confidence": 0,
    "low": 0,
    "high": 0,
    "count": 5
  },
  "Compilation.optimize code generation": {
    "min": 0,
    "max": 0,
    "mean": 0,
    "median": 0,
    "variance": 0,
    "stdDev": 0,
    "confidence": 0,
    "low": 0,
    "high": 0,
    "count": 5
  },
  "Compilation.module code generation cache": {
    "min": 0,
    "max": 0,
    "mean": 0,
    "median": 0,
    "variance": 0,
    "stdDev": 0,
    "confidence": 0,
    "low": 0,
    "high": 0,
    "count": 5
  },
  "Compilation.code generation": {
    "min": 37,
    "max": 39,
    "mean": 38.2,
    "median": 38,
    "variance": 0.5599999999999999,
    "stdDev": 0.7483314773547882,
    "confidence": 1.858054586926869,
    "low": 37.27097270653657,
    "high": 39.12902729346344,
    "count": 5
  },
  "Compilation.runtime requirements.modules": {
    "min": 3,
    "max": 4,
    "mean": 3.8,
    "median": 4,
    "variance": 0.15999999999999998,
    "stdDev": 0.39999999999999997,
    "confidence": 0.9931719528863066,
    "low": 3.3034140235568468,
    "high": 4.296585976443153,
    "count": 5
  },
  "Compilation.runtime requirements.chunks": {
    "min": 0,
    "max": 0,
    "mean": 0,
    "median": 0,
    "variance": 0,
    "stdDev": 0,
    "confidence": 0,
    "low": 0,
    "high": 0,
    "count": 5
  },
  "Compilation.runtime requirements.entries": {
    "min": 0,
    "max": 0,
    "mean": 0,
    "median": 0,
    "variance": 0,
    "stdDev": 0,
    "confidence": 0,
    "low": 0,
    "high": 0,
    "count": 5
  },
  "Compilation.runtime requirements": {
    "min": 4,
    "max": 5,
    "mean": 4.2,
    "median": 4,
    "variance": 0.15999999999999998,
    "stdDev": 0.39999999999999997,
    "confidence": 0.9931719528863066,
    "low": 3.703414023556847,
    "high": 4.696585976443154,
    "count": 5
  },
  "Compilation.hashing: hash chunks": {
    "min": 0,
    "max": 0,
    "mean": 0,
    "median": 0,
    "variance": 0,
    "stdDev": 0,
    "confidence": 0,
    "low": 0,
    "high": 0,
    "count": 5
  },
  "Compilation.hashing: hash runtime chunks": {
    "min": 3,
    "max": 3,
    "mean": 3,
    "median": 3,
    "variance": 0,
    "stdDev": 0,
    "confidence": 0,
    "low": 3,
    "high": 3,
    "count": 5
  },
  "Compilation.hashing: process full hash chunks": {
    "min": 0,
    "max": 0,
    "mean": 0,
    "median": 0,
    "variance": 0,
    "stdDev": 0,
    "confidence": 0,
    "low": 0,
    "high": 0,
    "count": 5
  },
  "Compilation.hashing": {
    "min": 3,
    "max": 3,
    "mean": 3,
    "median": 3,
    "variance": 0,
    "stdDev": 0,
    "confidence": 0,
    "low": 3,
    "high": 3,
    "count": 5
  },
  "Compilation.create module assets": {
    "min": 0,
    "max": 0,
    "mean": 0,
    "median": 0,
    "variance": 0,
    "stdDev": 0,
    "confidence": 0,
    "low": 0,
    "high": 0,
    "count": 5
  },
  "Compilation.create chunk assets": {
    "min": 5,
    "max": 5,
    "mean": 5,
    "median": 5,
    "variance": 0,
    "stdDev": 0,
    "confidence": 0,
    "low": 5,
    "high": 5,
    "count": 5
  },
  "Compilation.process assets": {
    "min": 145,
    "max": 157,
    "mean": 148,
    "median": 146,
    "variance": 20.8,
    "stdDev": 4.560701700396552,
    "confidence": 11.323902535786829,
    "low": 142.33804873210659,
    "high": 153.66195126789341,
    "count": 5
  },
  "Compilation.after process assets": {
    "min": 0,
    "max": 0,
    "mean": 0,
    "median": 0,
    "variance": 0,
    "stdDev": 0,
    "confidence": 0,
    "low": 0,
    "high": 0,
    "count": 5
  },
  "Compilation.after seal": {
    "min": 0,
    "max": 0,
    "mean": 0,
    "median": 0,
    "variance": 0,
    "stdDev": 0,
    "confidence": 0,
    "low": 0,
    "high": 0,
    "count": 5
  },
  "Compiler.make hook": {
    "min": 0,
    "max": 0,
    "mean": 0,
    "median": 0,
    "variance": 0,
    "stdDev": 0,
    "confidence": 0,
    "low": 0,
    "high": 0,
    "count": 5
  },
  "Compiler.make": {
    "min": 564,
    "max": 589,
    "mean": 573.4,
    "median": 573,
    "variance": 74.63999999999999,
    "stdDev": 8.63944442658207,
    "confidence": 21.45113473250308,
    "low": 562.6744326337484,
    "high": 584.1255673662515,
    "count": 5
  },
  "Compiler.finish make hook": {
    "min": 0,
    "max": 0,
    "mean": 0,
    "median": 0,
    "variance": 0,
    "stdDev": 0,
    "confidence": 0,
    "low": 0,
    "high": 0,
    "count": 5
  },
  "Compiler.finish compilation": {
    "min": 20,
    "max": 21,
    "mean": 20.2,
    "median": 20,
    "variance": 0.16,
    "stdDev": 0.4,
    "confidence": 0.993171952886307,
    "low": 19.703414023556846,
    "high": 20.696585976443153,
    "count": 5
  },
  "Compiler.seal compilation": {
    "min": 224,
    "max": 239,
    "mean": 229,
    "median": 228,
    "variance": 27.2,
    "stdDev": 5.215361924162119,
    "confidence": 12.94937796807244,
    "low": 222.52531101596378,
    "high": 235.47468898403622,
    "count": 5
  },
  "Compiler.emitAssets": {
    "min": 50,
    "max": 75,
    "mean": 57.6,
    "median": 53,