{
  "stats": {
    "min": 875,
    "max": 894,
    "mean": 885.2,
    "median": 883,
    "variance": 52.96,
    "stdDev": 7.277362159464101,
    "confidence": 18.069179969439574,
    "low": 876.1654100152803,
    "high": 894.2345899847198,
    "count": 5
  },
  "heap memory": {
    "min": 9008480,
    "max": 9065400,
    "mean": 9028123.2,
    "median": 9016208,
    "variance": 427583759.36,
    "stdDev": 20678.098543144628,
    "confidence": 51342.2687801756,
    "low": 9002452.065609911,
    "high": 9053794.334390087,
    "count": 5
  },
  "rss memory": {
    "min": 839479296,
    "max": 860082176,
    "mean": 848800972.8,
    "median": 846307328,
    "variance": 55133524784578.555,
    "stdDev": 7425195.269121113,
    "confidence": 18436239.214987993,
    "low": 839582853.192506,
    "high": 858019092.407494,
    "count": 5
  },
  "external memory": {
    "min": 2766258,
    "max": 2766258,
    "mean": 2766258,
    "median": 2766258,
    "variance": 0,
    "stdDev": 0,
    "confidence": 0,
    "low": 2766258,
    "high": 2766258,
    "count": 5
  },
  "array buffers memory": {
    "min": 898203,
    "max": 898203,
    "mean": 898203,
    "median": 898203,
    "variance": 0,
    "stdDev": 0,
    "confidence": 0,
    "low": 898203,
    "high": 898203,
    "count": 5
  },
  "Compilation.build module graph": {
    "min": 172,
    "max": 175,
    "mean": 173.4,
    "median": 173,
    "variance": 1.04,
    "stdDev": 1.019803902718557,
    "confidence": 2.5321015840601717,
    "low": 172.13394920796992,
    "high": 174.6660507920301,
    "count": 5
  },
  "Compilation.finish modules": {
    "min": 26,
    "max": 29,
    "mean": 27.6,
    "median": 28,
    "variance": 1.0399999999999998,
    "stdDev": 1.0198039027185568,
    "confidence": 2.5321015840601646,
    "low": 26.33394920796992,
    "high": 28.866050792030084,
    "count": 5
  },
  "Compilation.seal": {
    "min": 0,
    "max": 0,
    "mean": 0,
    "median": 0,
    "variance": 0,
    "stdDev": 0,
    "confidence": 0,
    "low": 0,
    "high": 0,
    "count": 5
  },
  "Compilation.optimize dependencies": {
    "min": 28,
    "max": 32,
    "mean": 30.6,
    "median": 31,
    "variance": 2.24,
    "stdDev": 1.4966629547095767,
    "confidence": 3.716109173853752,
    "low": 28.741945413073125,
    "high": 32.45805458692688,
    "count": 5
  },
  "Compilation.rebuild chunk graph": {
    "min": 33,
    "max": 40,
    "mean": 35.6,
    "median": 35,
    "variance": 5.840000000000001,
    "stdDev": 2.4166091947189146,
    "confidence": 6.000271183204973,
    "low": 32.599864408397515,
    "high": 38.60013559160249,
    "count": 5
  },
  "Compilation.build chunk graph": {
    "min": 35,
    "max": 42,
    "mean": 37.2,
    "median": 37,
    "variance": 6.56,
    "stdDev": 2.5612496949731396,
    "confidence": 6.359403403464825,
    "low": 34.02029829826759,
    "high": 40.379701701732415,
    "count": 5
  },
  "Compilation.optimize modules": {
    "min": 0,
    "max": 0,
    "mean": 0,
    "median": 0,
    "variance": 0,
    "stdDev": 0,
    "confidence": 0,
    "low": 0,
    "high": 0,
    "count": 5
  },
  "Compilation.optimize chunks": {
    "min": 23,
    "max": 25,
    "mean": 23.8,
    "median": 24,
    "variance": 0.56,
    "stdDev": 0.7483314773547883,
    "confidence": 1.858054586926876,
    "low": 22.870972706536563,
    "high": 24.72902729346344,
    "count": 5
  },
  "Compilation.optimize tree": {
    "min": 0,
    "max": 0,
    "mean": 0,
    "median": 0,
    "variance": 0,
    "stdDev": 0,
    "confidence": 0,
    "low": 0,
    "high": 0,
    "count": 5
  },
  "Compilation.optimize chunk modules": {
    "min": 60,
    "max": 63,
    "mean": 62,
    "median": 63,
    "variance": 1.6,
    "stdDev": 1.2649110640673518,
    "confidence": 3.140685479318165,
    "low": 60.42965726034092,
    "high": 63.57034273965908,
    "count": 5
  },
  "Compilation.module ids": {
    "min": 2,
    "max": 2,
    "mean": 2,
    "median": 2,
    "variance": 0,
    "stdDev": 0,
    "confidence": 0,
    "low": 2,
    "high": 2,
    "count": 5
  },
  "Compilation.chunk ids": {
    "min": 2,
    "max": 2,
    "mean": 2,
    "median": 2,
    "variance": 0,
    "stdDev": 0,
    "confidence": 0,
    "low": 2,
    "high": 2,
    "count": 5
  },
  "Compilation.assign runtime ids": {
    "min": 0,
    "max": 0,
    "mean": 0,
    "median": 0,
    "variance": 0,
    "stdDev": 0,
    "confidence": 0,
    "low": 0,
    "high": 0,
    "count": 5
  },
  "Compilation.optimize code generation": {
    "min": 4,
    "max": 4,
    "mean": 4,
    "median": 4,
    "variance": 0,
    "stdDev": 0,
    "confidence": 0,
    "low": 4,
    "high": 4,
    "count": 5
  },
  "Compilation.create module hashes": {
    "min": 39,
    "max": 45,
    "mean": 41.8,
    "median": 42,
    "variance": 3.7599999999999993,
    "stdDev": 1.9390719429665315,
    "confidence": 4.814579670957784,
    "low": 39.392710164521105,
    "high": 44.20728983547889,
    "count": 5
  },
  "Compilation.module code generation cache": {
    "min": 0,
    "max": 0,
    "mean": 0,
    "median": 0,
    "variance": 0,
    "stdDev": 0,
    "confidence": 0,
    "low": 0,
    "high": 0,
    "count": 5
  },
  "Compilation.code generation": {
    "min": 123,
    "max": 131,
    "mean": 126.6,
    "median": 125,
    "variance": 10.639999999999999,
    "stdDev": 3.261901286060018,
    "confidence": 8.099072175996469,
    "low": 122.55046391200176,
    "high": 130.64953608799823,
    "count": 5
  },
  "Compilation.runtime requirements.modules": {
    "min": 0,
    "max": 0,
    "mean": 0,
    "median": 0,
    "variance": 0,
    "stdDev": 0,
    "confidence": 0,
    "low": 0,
    "high": 0,
    "count": 5
  },
  "Compilation.runtime requirements.chunks": {
    "min": 0,
    "max": 0,
    "mean": 0,
    "median": 0,
    "variance": 0,
    "stdDev": 0,
    "confidence": 0,
    "low": 0,
    "high": 0,
    "count": 5
  },
  "Compilation.runtime requirements.entries": {
    "min": 0,
    "max": 0,
    "mean": 0,
    "median": 0,
    "variance": 0,
    "stdDev": 0,
    "confidence": 0,
    "low": 0,
    "high": 0,
    "count": 5
  },
  "Compilation.runtime requirements": {
    "min": 1,
    "max": 1,
    "mean": 1,
    "median": 1,
    "variance": 0,
    "stdDev": 0,
    "confidence": 0,
    "low": 1,
    "high": 1,
    "count": 5
  },
  "Compilation.hashing: hash chunks": {
    "min": 0,
    "max": 0,
    "mean": 0,
    "median": 0,
    "variance": 0,
    "stdDev": 0,
    "confidence": 0,
    "low": 0,
    "high": 0,
    "count": 5
  },
  "Compilation.hashing: hash runtime chunks": {
    "min": 0,
    "max": 0,
    "mean": 0,
    "median": 0,
    "variance": 0,
    "stdDev": 0,
    "confidence": 0,
    "low": 0,
    "high": 0,
    "count": 5
  },
  "Compilation.hashing: process full hash chunks": {
    "min": 0,
    "max": 0,
    "mean": 0,
    "median": 0,
    "variance": 0,
    "stdDev": 0,
    "confidence": 0,
    "low": 0,
    "high": 0,
    "count": 5
  },
  "Compilation.hashing": {
    "min": 0,
    "max": 0,
    "mean": 0,
    "median": 0,
    "variance": 0,
    "stdDev": 0,
    "confidence": 0,
    "low": 0,
    "high": 0,
    "count": 5
  },
  "Compilation.create module assets": {
    "min": 0,
    "max": 0,
    "mean": 0,
    "median": 0,
    "variance": 0,
    "stdDev": 0,
    "confidence": 0,
    "low": 0,
    "high": 0,
    "count": 5
  },
  "Compilation.create chunk assets": {
    "min": 1,
    "max": 1,
    "mean": 1,
    "median": 1,
    "variance": 0,
    "stdDev": 0,
    "confidence": 0,
    "low": 1,
    "high": 1,
    "count": 5
  },
  "Compilation.process assets": {
    "min": 256,
    "max": 279,
    "mean": 262.6,
    "median": 258,
    "variance": 71.03999999999999,
    "stdDev": 8.42852300228219,
    "confidence": 20.927431625309396,
    "low": 252.13628418734532,
    "high": 273.0637158126547,
    "count": 5
  },
  "Compilation.after process assets": {
    "min": 0,
    "max": 0,
    "mean": 0,
    "median": 0,
    "variance": 0,
    "stdDev": 0,