{
  "stats": {
    "min": 37.45454545454545,
    "max": 38.18181818181818,
    "mean": 37.8,
    "median": 37.90909090909091,
    "variance": 0.0707438016528921,
    "stdDev": 0.2659770697877772,
    "confidence": 0.6604024145602665,
    "low": 37.469798792719864,
    "high": 38.13020120728013,
    "count": 5
  },
  "heap memory": {
    "min": 64420016,
    "max": 67286290.18181819,
    "mean": 65931810.03636364,
    "median": 66042592,
    "variance": 850612392367.0559,
    "stdDev": 922286.5023229256,
    "confidence": 2289972.7165818512,
    "low": 64786823.67807271,
    "high": 67076796.394654565,
    "count": 5
  },
  "rss memory": {
    "min": 495292788.3636364,
    "max": 511904302.54545456,
    "mean": 504547067.3454546,
    "median": 505626996.3636364,
    "variance": 28563035279981.53,
    "stdDev": 5344439.660056191,
    "confidence": 13269868.935652614,
    "low": 497912132.87762827,
    "high": 511182001.8132809,
    "count": 5
  },
  "external memory": {
    "min": 12706656.363636363,
    "max": 19889421.363636363,
    "mean": 18357445.818181816,
    "median": 19743566.727272727,
    "variance": 7987019192909.161,
    "stdDev": 2826131.488963166,
    "confidence": 7017086.325017579,
    "low": 14848902.655673027,
    "high": 21865988.980690606,
    "count": 5
  },
  "array buffers memory": {
    "min": 490257.9090909091,
    "max": 498449.9090909091,
    "mean": 491926.6,
    "median": 490333.63636363635,
    "variance": 10639537.297851287,
    "stdDev": 3261.830360066459,
    "confidence": 8098.89607172762,
    "low": 487877.15196413617,
    "high": 495976.0480358638,
    "count": 5
  },
  "Compilation.finish modules": {
    "min": 1,
    "max": 1,
    "mean": 1,
    "median": 1,
    "variance": 0,
    "stdDev": 0,
    "confidence": 0,
    "low": 1,
    "high": 1,
    "count": 5
  },
  "Compilation.build module graph": {
    "min": 4,
    "max": 4.181818181818182,
    "mean": 4.054545454545455,
    "median": 4,
    "variance": 0.005289256198347097,
    "stdDev": 0.07272727272727265,
    "confidence": 0.18057671870660075,
    "low": 3.964257095192154,
    "high": 4.144833813898755,
    "count": 5
  },
  "Compilation.seal": {
    "min": 0,
    "max": 0,
    "mean": 0,
    "median": 0,
    "variance": 0,
    "stdDev": 0,
    "confidence": 0,
    "low": 0,
    "high": 0,
    "count": 5
  },
  "Compilation.optimize dependencies": {
    "min": 0,
    "max": 0.09090909090909091,
    "mean": 0.01818181818181818,
    "median": 0,
    "variance": 0.0013223140495867767,
    "stdDev": 0.03636363636363636,
    "confidence": 0.06332599785846847,
    "low": 0,
    "high": 0.06332599785846847,
    "count": 5
  },
  "Compilation.rebuild chunk graph": {
    "min": 9.454545454545455,
    "max": 9.727272727272727,
    "mean": 9.618181818181817,
    "median": 9.727272727272727,
    "variance": 0.017851239669421336,
    "stdDev": 0.1336085314245364,
    "confidence": 0.3317406151929454,
    "low": 9.452311510585345,
    "high": 9.78405212577829,
    "count": 5
  },
  "Compilation.build chunk graph": {
    "min": 10,
    "max": 10.454545454545455,
    "mean": 10.236363636363638,
    "median": 10.272727272727273,
    "variance": 0.028429752066115692,
    "stdDev": 0.16861124537264913,
    "confidence": 0.41864989961336363,
    "low": 10.027038686556956,
    "high": 10.44568858617032,
    "count": 5
  },
  "Compilation.optimize modules": {
    "min": 0,
    "max": 0,
    "mean": 0,
    "median": 0,
    "variance": 0,
    "stdDev": 0,
    "confidence": 0,
    "low": 0,
    "high": 0,
    "count": 5
  },
  "Compilation.optimize chunks": {
    "min": 6.545454545454546,
    "max": 6.7272727272727275,
    "mean": 6.6909090909090905,
    "median": 6.7272727272727275,
    "variance": 0.005289256198347097,
    "stdDev": 0.07272727272727265,
    "confidence": 0.1805767187066003,
    "low": 6.60062073155579,
    "high": 6.781197450262391,
    "count": 5
  },
  "Compilation.optimize tree": {
    "min": 0,
    "max": 0,
    "mean": 0,
    "median": 0,
    "variance": 0,
    "stdDev": 0,
    "confidence": 0,
    "low": 0,
    "high": 0,
    "count": 5
  },
  "Compilation.optimize chunk modules": {
    "min": 0,
    "max": 0,
    "mean": 0,
    "median": 0,
    "variance": 0,
    "stdDev": 0,
    "confidence": 0,
    "low": 0,
    "high": 0,
    "count": 5
  },
  "Compilation.module ids": {
    "min": 0,
    "max": 0,
    "mean": 0,
    "median": 0,
    "variance": 0,
    "stdDev": 0,
    "confidence": 0,
    "low": 0,
    "high": 0,
    "count": 5
  },
  "Compilation.chunk ids": {
    "min": 1.4545454545454546,
    "max": 1.9090909090909092,
    "mean": 1.7090909090909094,
    "median": 1.7272727272727273,
    "variance": 0.02446280991735537,
    "stdDev": 0.15640591394622957,
    "confidence": 0.3883449174923612,
    "low": 1.5149184503447288,
    "high": 1.90326336783709,
    "count": 5
  },
  "Compilation.assign runtime ids": {
    "min": 0,
    "max": 0,
    "mean": 0,
    "median": 0,
    "variance": 0,
    "stdDev": 0,
    "confidence": 0,
    "low": 0,
    "high": 0,
    "count": 5
  },
  "Compilation.optimize code generation": {
    "min": 0,
    "max": 0,
    "mean": 0,
    "median": 0,
    "variance": 0,
    "stdDev": 0,
    "confidence": 0,
    "low": 0,
    "high": 0,
    "count": 5
  },
  "Compilation.create module hashes": {
    "min": 2.3636363636363638,
    "max": 2.909090909090909,
    "mean": 2.618181818181818,
    "median": 2.5454545454545454,
    "variance": 0.034380165289256186,
    "stdDev": 0.18541889140337395,
    "confidence": 0.4603821061927569,
    "low": 2.3879907650854397,
    "high": 2.8483728712781966,
    "count": 5
  },
  "Compilation.module code generation cache": {
    "min": 0,
    "max": 0,
    "mean": 0,
    "median": 0,
    "variance": 0,
    "stdDev": 0,
    "confidence": 0,
    "low": 0,
    "high": 0,
    "count": 5
  },
  "Compilation.code generation": {
    "min": 0,
    "max": 0,
    "mean": 0,
    "median": 0,
    "variance": 0,
    "stdDev": 0,
    "confidence": 0,
    "low": 0,
    "high": 0,
    "count": 5
  },
  "Compilation.runtime requirements.modules": {
    "min": 0,
    "max": 0,
    "mean": 0,
    "median": 0,
    "variance": 0,
    "stdDev": 0,
    "confidence": 0,
    "low": 0,
    "high": 0,
    "count": 5
  },
  "Compilation.runtime requirements.chunks": {
    "min": 0,
    "max": 0,
    "mean": 0,
    "median": 0,
    "variance": 0,
    "stdDev": 0,
    "confidence": 0,
    "low": 0,
    "high": 0,
    "count": 5
  },
  "Compilation.runtime requirements.entries": {
    "min": 0,
    "max": 0,
    "mean": 0,
    "median": 0,
    "variance": 0,
    "stdDev": 0,
    "confidence": 0,
    "low": 0,
    "high": 0,
    "count": 5
  },
  "Compilation.runtime requirements": {
    "min": 0.2727272727272727,
    "max": 0.5454545454545454,
    "mean": 0.3818181818181818,
    "median": 0.36363636363636365,
    "variance": 0.011239669421487603,
    "stdDev": 0.10601730717900545,
    "confidence": 0.26323354002680077,
    "low": 0.2502014118047814,
    "high": 0.5134349518315822,
    "count": 5
  },
  "Compilation.hashing: hash chunks": {
    "min": 0,
    "max": 0.2727272727272727,
    "mean": 0.12727272727272726,
    "median": 0.09090909090909091,
    "variance": 0.01520661157024793,
    "stdDev": 0.12331509060227759,
    "confidence": 0.2803640889649971,
    "low": 0,
    "high": 0.2803640889649971,
    "count": 5
  },
  "Compilation.hashing: hash runtime chunks": {
    "min": 0.2727272727272727,
    "max": 0.7272727272727273,
    "mean": 0.4545454545454545,
    "median": 0.45454545454545453,
    "variance": 0.02975206611570248,
    "stdDev": 0.17248787237282068,
    "confidence": 0.4282752926342958,
    "low": 0.2404078082283066,
    "high": 0.6686831008626024,
    "count": 5
  },
  "Compilation.hashing: process full hash chunks": {
    "min": 0,
    "max": 0,
    "mean": 0,
    "median": 0,
    "variance": 0,
    "stdDev": 0,
    "confidence": 0,
    "low": 0,
    "high": 0,
    "count": 5
  },