{
  "stats": {
    "min": 1574,
    "max": 1605,
    "mean": 1588.2,
    "median": 1584,
    "variance": 126.16,
    "stdDev": 11.232096865679177,
    "confidence": 27.888508947736682,
    "low": 1574.2557455261317,
    "high": 1602.1442544738684,
    "count": 5
  },
  "heap memory": {
    "min": 33117752,
    "max": 34964688,
    "mean": 34188035.2,
    "median": 34320360,
    "variance": 368262763893.75995,
    "stdDev": 606846.5736030483,
    "confidence": 1506757.4915192574,
    "low": 33434656.454240374,
    "high": 34941413.94575963,
    "count": 5
  },
  "rss memory": {
    "min": 745816064,
    "max": 754630656,
    "mean": 749364019.2,
    "median": 747663360,
    "variance": 10222138933903.36,
    "stdDev": 3197207.9904040275,
    "confidence": 7938443.259033203,
    "low": 745394797.5704834,
    "high": 753333240.8295166,
    "count": 5
  },
  "external memory": {
    "min": 22744682,
    "max": 32623945,
    "mean": 30648092.4,
    "median": 32623945,
    "variance": 15615973987707.041,
    "stdDev": 3951705.2,
    "confidence": 9811806.926787432,
    "low": 25742188.936606284,
    "high": 35553995.86339372,
    "count": 5
  },
  "array buffers memory": {
    "min": 16623,
    "max": 16623,
    "mean": 16623,
    "median": 16623,
    "variance": 0,
    "stdDev": 0,
    "confidence": 0,
    "low": 16623,
    "high": 16623,
    "count": 5
  },
  "Compilation.finish modules": {
    "min": 27,
    "max": 27,
    "mean": 27,
    "median": 27,
    "variance": 0,
    "stdDev": 0,
    "confidence": 0,
    "low": 27,
    "high": 27,
    "count": 5
  },
  "Compilation.optimize dependencies": {
    "min": 1,
    "max": 1,
    "mean": 1,
    "median": 1,
    "variance": 0,
    "stdDev": 0,
    "confidence": 0,
    "low": 1,
    "high": 1,
    "count": 5
  },
  "Compilation.rebuild chunk graph": {
    "min": 60,
    "max": 63,
    "mean": 61.6,
    "median": 62,
    "variance": 1.0399999999999998,
    "stdDev": 1.0198039027185568,
    "confidence": 2.5321015840601575,
    "low": 60.33394920796992,
    "high": 62.86605079203008,
    "count": 5
  },
  "Compilation.create chunks": {
    "min": 75,
    "max": 78,
    "mean": 77,
    "median": 77,
    "variance": 1.2,
    "stdDev": 1.0954451150103321,
    "confidence": 2.7199134103864537,
    "low": 75.64004329480677,
    "high": 78.35995670519323,
    "count": 5
  },
  "Compilation.optimize": {
    "min": 0,
    "max": 0,
    "mean": 0,
    "median": 0,
    "variance": 0,
    "stdDev": 0,
    "confidence": 0,
    "low": 0,
    "high": 0,
    "count": 5
  },
  "Compilation.module ids": {
    "min": 10,
    "max": 10,
    "mean": 10,
    "median": 10,
    "variance": 0,
    "stdDev": 0,
    "confidence": 0,
    "low": 10,
    "high": 10,
    "count": 5
  },
  "Compilation.chunk ids": {
    "min": 6,
    "max": 7,
    "mean": 6.2,
    "median": 6,
    "variance": 0.15999999999999998,
    "stdDev": 0.39999999999999997,
    "confidence": 0.993171952886307,
    "low": 5.703414023556847,
    "high": 6.696585976443154,
    "count": 5
  },
  "Compilation.optimize code generation": {
    "min": 0,
    "max": 0,
    "mean": 0,
    "median": 0,
    "variance": 0,
    "stdDev": 0,
    "confidence": 0,
    "low": 0,
    "high": 0,
    "count": 5
  },
  "Compilation.module code generation cache": {
    "min": 0,
    "max": 0,
    "mean": 0,
    "median": 0,
    "variance": 0,
    "stdDev": 0,
    "confidence": 0,
    "low": 0,
    "high": 0,
    "count": 5
  },
  "Compilation.code generation": {
    "min": 112,
    "max": 114,
    "mean": 112.8,
    "median": 113,
    "variance": 0.5599999999999999,
    "stdDev": 0.7483314773547882,
    "confidence": 1.858054586926869,
    "low": 111.87097270653656,
    "high": 113.72902729346343,
    "count": 5
  },
  "Compilation.runtime requirements.modules": {
    "min": 11,
    "max": 12,
    "mean": 11.8,
    "median": 12,
    "variance": 0.15999999999999998,
    "stdDev": 0.39999999999999997,
    "confidence": 0.993171952886307,
    "low": 11.303414023556847,
    "high": 12.296585976443154,
    "count": 5
  },
  "Compilation.runtime requirements.chunks": {
    "min": 1,
    "max": 1,
    "mean": 1,
    "median": 1,
    "variance": 0,
    "stdDev": 0,
    "confidence": 0,
    "low": 1,
    "high": 1,
    "count": 5
  },
  "Compilation.runtime requirements.entries": {
    "min": 0,
    "max": 0,
    "mean": 0,
    "median": 0,
    "variance": 0,
    "stdDev": 0,
    "confidence": 0,
    "low": 0,
    "high": 0,
    "count": 5
  },
  "Compilation.runtime requirements": {
    "min": 14,
    "max": 15,
    "mean": 14.8,
    "median": 15,
    "variance": 0.15999999999999998,
    "stdDev": 0.39999999999999997,
    "confidence": 0.993171952886307,
    "low": 14.303414023556847,
    "high": 15.296585976443154,
    "count": 5
  },
  "Compilation.hashing: hash chunks": {
    "min": 2,
    "max": 3,
    "mean": 2.2,
    "median": 2,
    "variance": 0.15999999999999998,
    "stdDev": 0.39999999999999997,
    "confidence": 0.9931719528863063,
    "low": 1.703414023556847,
    "high": 2.6965859764431532,
    "count": 5
  },
  "Compilation.hashing: hash runtime chunks": {
    "min": 2,
    "max": 2,
    "mean": 2,
    "median": 2,
    "variance": 0,
    "stdDev": 0,
    "confidence": 0,
    "low": 2,
    "high": 2,
    "count": 5
  },
  "Compilation.hashing: process full hash chunks": {
    "min": 0,
    "max": 0,
    "mean": 0,
    "median": 0,
    "variance": 0,
    "stdDev": 0,
    "confidence": 0,
    "low": 0,
    "high": 0,
    "count": 5
  },
  "Compilation.hashing": {
    "min": 6,
    "max": 8,
    "mean": 7,
    "median": 7,
    "variance": 0.4,
    "stdDev": 0.6324555320336759,
    "confidence": 1.5703427396590843,
    "low": 6.214828630170458,
    "high": 7.785171369829542,
    "count": 5
  },
  "Compilation.create module assets": {
    "min": 0,
    "max": 0,
    "mean": 0,
    "median": 0,
    "variance": 0,
    "stdDev": 0,
    "confidence": 0,
    "low": 0,
    "high": 0,
    "count": 5
  },
  "Compilation.create chunk assets": {
    "min": 26,
    "max": 29,
    "mean": 28,
    "median": 28,
    "variance": 1.2,
    "stdDev": 1.0954451150103321,
    "confidence": 2.7199134103864395,
    "low": 26.64004329480678,
    "high": 29.35995670519322,
    "count": 5
  },
  "Compilation.process assets": {
    "min": 53,
    "max": 54,
    "mean": 53.6,
    "median": 54,
    "variance": 0.24,
    "stdDev": 0.4898979485566356,
    "confidence": 1.2163822557074724,
    "low": 52.991808872146265,
    "high": 54.20819112785374,
    "count": 5
  },
  "Compilation.after process assets": {
    "min": 0,
    "max": 0,
    "mean": 0,
    "median": 0,
    "variance": 0,
    "stdDev": 0,
    "confidence": 0,
    "low": 0,
    "high": 0,
    "count": 5
  },
  "Compilation.after seal": {
    "min": 0,
    "max": 0,
    "mean": 0,
    "median": 0,
    "variance": 0,
    "stdDev": 0,
    "confidence": 0,
    "low": 0,
    "high": 0,
    "count": 5
  },
  "Compiler.make hook": {
    "min": 0,
    "max": 0,
    "mean": 0,
    "median": 0,
    "variance": 0,
    "stdDev": 0,
    "confidence": 0,
    "low": 0,
    "high": 0,
    "count": 5
  },
  "Compiler.make": {
    "min": 1011,
    "max": 1020,
    "mean": 1014.2,
    "median": 1013,
    "variance": 9.360000000000001,
    "stdDev": 3.0594117081556713,
    "confidence": 7.596304752180458,
    "low": 1010.4018476239098,
    "high": 1017.9981523760903,
    "count": 5
  },
  "Compiler.finish make hook": {
    "min": 0,
    "max": 0,
    "mean": 0,
    "median": 0,
    "variance": 0,
    "stdDev": 0,
    "confidence": 0,
    "low": 0,
    "high": 0,
    "count": 5
  },
  "Compiler.finish compilation": {
    "min": 32,
    "max": 33,
    "mean": 32.4,
    "median": 32,
    "variance": 0.24,
    "stdDev": 0.4898979485566356,
    "confidence": 1.2163822557074724,
    "low": 31.791808872146262,
    "high": 33.008191127853735,
    "count": 5
  },
  "Compiler.seal compilation": {
    "min": 334,
    "max": 338,
    "mean": 336,
    "median": 336,