{
  "stats": {
    "min": 1015,
    "max": 1068,
    "mean": 1041.6,
    "median": 1046,
    "variance": 322.64,
    "stdDev": 17.962182495454165,
    "confidence": 44.59883966777613,
    "low": 1019.3005801661119,
    "high": 1063.899419833888,
    "count": 5
  },
  "heap memory": {
    "min": 20318856,
    "max": 20369720,
    "mean": 20341236.8,
    "median": 20341312,
    "variance": 308297384.96,
    "stdDev": 17558.399271004175,
    "confidence": 43596.27423385531,
    "low": 20319438.662883073,
    "high": 20363034.93711693,
    "count": 5
  },
  "rss memory": {
    "min": 787202048,
    "max": 825626624,
    "mean": 798261248,
    "median": 794755072,
    "variance": 200940454307430.4,
    "stdDev": 14175346.708544042,
    "confidence": 35196391.93341303,
    "low": 780663052.0332935,
    "high": 815859443.9667065,
    "count": 5
  },
  "external memory": {
    "min": 7084420,
    "max": 7084420,
    "mean": 7084420,
    "median": 7084420,
    "variance": 0,
    "stdDev": 0,
    "confidence": 0,
    "low": 7084420,
    "high": 7084420,
    "count": 5
  },
  "array buffers memory": {
    "min": 5223855,
    "max": 5223855,
    "mean": 5223855,
    "median": 5223855,
    "variance": 0,
    "stdDev": 0,
    "confidence": 0,
    "low": 5223855,
    "high": 5223855,
    "count": 5
  },
  "Compilation.finish modules": {
    "min": 23,
    "max": 24,
    "mean": 23.6,
    "median": 24,
    "variance": 0.24,
    "stdDev": 0.4898979485566356,
    "confidence": 1.2163822557074724,
    "low": 22.991808872146265,
    "high": 24.208191127853738,
    "count": 5
  },
  "Compilation.optimize dependencies": {
    "min": 36,
    "max": 37,
    "mean": 36.2,
    "median": 36,
    "variance": 0.16,
    "stdDev": 0.4,
    "confidence": 0.9931719528862999,
    "low": 35.70341402355685,
    "high": 36.69658597644315,
    "count": 5
  },
  "Compilation.rebuild chunk graph": {
    "min": 34,
    "max": 37,
    "mean": 35.6,
    "median": 36,
    "variance": 1.0399999999999998,
    "stdDev": 1.0198039027185568,
    "confidence": 2.5321015840601575,
    "low": 34.33394920796992,
    "high": 36.86605079203008,
    "count": 5
  },
  "Compilation.create chunks": {
    "min": 51,
    "max": 54,
    "mean": 52.8,
    "median": 53,
    "variance": 1.3599999999999999,
    "stdDev": 1.16619037896906,
    "confidence": 2.895568940294808,
    "low": 51.35221552985259,
    "high": 54.2477844701474,
    "count": 5
  },
  "Compilation.optimize": {
    "min": 82,
    "max": 88,
    "mean": 85.8,
    "median": 87,
    "variance": 4.5600000000000005,
    "stdDev": 2.1354156504062622,
    "confidence": 5.302087329344914,
    "low": 83.14895633532754,
    "high": 88.45104366467245,
    "count": 5
  },
  "Compilation.module ids": {
    "min": 2,
    "max": 3,
    "mean": 2.2,
    "median": 2,
    "variance": 0.15999999999999998,
    "stdDev": 0.39999999999999997,
    "confidence": 0.9931719528863063,
    "low": 1.703414023556847,
    "high": 2.6965859764431532,
    "count": 5
  },
  "Compilation.chunk ids": {
    "min": 3,
    "max": 3,
    "mean": 3,
    "median": 3,
    "variance": 0,
    "stdDev": 0,
    "confidence": 0,
    "low": 3,
    "high": 3,
    "count": 5
  },
  "Compilation.optimize code generation": {
    "min": 4,
    "max": 4,
    "mean": 4,
    "median": 4,
    "variance": 0,
    "stdDev": 0,
    "confidence": 0,
    "low": 4,
    "high": 4,
    "count": 5
  },
  "Compilation.module code generation cache": {
    "min": 0,
    "max": 0,
    "mean": 0,
    "median": 0,
    "variance": 0,
    "stdDev": 0,
    "confidence": 0,
    "low": 0,
    "high": 0,
    "count": 5
  },
  "Compilation.code generation": {
    "min": 138,
    "max": 143,
    "mean": 141.6,
    "median": 143,
    "variance": 3.839999999999999,
    "stdDev": 1.9595917942265422,
    "confidence": 4.8655290228298895,
    "low": 139.16723548858505,
    "high": 144.03276451141494,
    "count": 5
  },
  "Compilation.runtime requirements.modules": {
    "min": 1,
    "max": 2,
    "mean": 1.8,
    "median": 2,
    "variance": 0.16000000000000006,
    "stdDev": 0.4000000000000001,
    "confidence": 0.9931719528863066,
    "low": 1.3034140235568468,
    "high": 2.2965859764431533,
    "count": 5
  },
  "Compilation.runtime requirements.chunks": {
    "min": 0,
    "max": 0,
    "mean": 0,
    "median": 0,
    "variance": 0,
    "stdDev": 0,
    "confidence": 0,
    "low": 0,
    "high": 0,
    "count": 5
  },
  "Compilation.runtime requirements.entries": {
    "min": 0,
    "max": 0,
    "mean": 0,
    "median": 0,
    "variance": 0,
    "stdDev": 0,
    "confidence": 0,
    "low": 0,
    "high": 0,
    "count": 5
  },
  "Compilation.runtime requirements": {
    "min": 3,
    "max": 4,
    "mean": 3.8,
    "median": 4,
    "variance": 0.15999999999999998,
    "stdDev": 0.39999999999999997,
    "confidence": 0.9931719528863066,
    "low": 3.3034140235568468,
    "high": 4.296585976443153,
    "count": 5
  },
  "Compilation.hashing: hash chunks": {
    "min": 0,
    "max": 0,
    "mean": 0,
    "median": 0,
    "variance": 0,
    "stdDev": 0,
    "confidence": 0,
    "low": 0,
    "high": 0,
    "count": 5
  },
  "Compilation.hashing: hash runtime chunks": {
    "min": 0,
    "max": 0,
    "mean": 0,
    "median": 0,
    "variance": 0,
    "stdDev": 0,
    "confidence": 0,
    "low": 0,
    "high": 0,
    "count": 5
  },
  "Compilation.hashing: process full hash chunks": {
    "min": 0,
    "max": 0,
    "mean": 0,
    "median": 0,
    "variance": 0,
    "stdDev": 0,
    "confidence": 0,
    "low": 0,
    "high": 0,
    "count": 5
  },
  "Compilation.hashing": {
    "min": 0,
    "max": 0,
    "mean": 0,
    "median": 0,
    "variance": 0,
    "stdDev": 0,
    "confidence": 0,
    "low": 0,
    "high": 0,
    "count": 5
  },
  "Compilation.create module assets": {
    "min": 0,
    "max": 1,
    "mean": 0.6,
    "median": 1,
    "variance": 0.24000000000000005,
    "stdDev": 0.48989794855663565,
    "confidence": 1.2081911278537363,
    "low": 0,
    "high": 1.2081911278537363,
    "count": 5
  },
  "Compilation.create chunk assets": {
    "min": 1,
    "max": 2,
    "mean": 1.2,
    "median": 1,
    "variance": 0.16,
    "stdDev": 0.4,
    "confidence": 0.9931719528863066,
    "low": 0.7034140235568467,
    "high": 1.6965859764431532,
    "count": 5
  },
  "Compilation.process assets": {
    "min": 448,
    "max": 477,
    "mean": 461.6,
    "median": 461,
    "variance": 94.63999999999999,
    "stdDev": 9.728309205612247,
    "confidence": 24.15470963004941,
    "low": 449.5226451849753,
    "high": 473.6773548150247,
    "count": 5
  },
  "Compilation.after process assets": {
    "min": 0,
    "max": 0,
    "mean": 0,
    "median": 0,
    "variance": 0,
    "stdDev": 0,
    "confidence": 0,
    "low": 0,
    "high": 0,
    "count": 5
  },
  "Compilation.after seal": {
    "min": 0,
    "max": 0,
    "mean": 0,
    "median": 0,
    "variance": 0,
    "stdDev": 0,
    "confidence": 0,
    "low": 0,
    "high": 0,
    "count": 5
  },
  "Compiler.make hook": {
    "min": 94,
    "max": 106,
    "mean": 100.4,
    "median": 106,
    "variance": 19.439999999999998,
    "stdDev": 4.409081537009721,
    "confidence": 10.947440301367266,
    "low": 94.92627984931637,
    "high": 105.87372015068364,
    "count": 5
  },
  "Compiler.make": {
    "min": 95,
    "max": 108,
    "mean": 101.8,
    "median": 108,
    "variance": 22.16,
    "stdDev": 4.707440918375928,
    "confidence": 11.688245725000826,
    "low": 95.95587713749958,
    "high": 107.64412286250041,
    "count": 5
  },
  "Compiler.finish make hook": {
    "min": 0,
    "max": 0,
    "mean": 0,
    "median": 0,
    "variance": 0,
    "stdDev": 0,
    "confidence": 0,
    "low": 0,
    "high": 0,
    "count": 5
  },
  "Compiler.finish compilation": {
    "min": 28,
    "max": 30,
    "mean": 29,
    "median": 29,
    "variance": 0.4,
    "stdDev": 0.6324555320336759,
    "confidence": 1.5703427396590826,
    "low": 28.21482863017046,