{
  "stats": {
    "min": 1128,
    "max": 1163,
    "mean": 1141.2,
    "median": 1140,
    "variance": 140.56,
    "stdDev": 11.855800268223145,
    "confidence": 29.43712076355314,
    "low": 1126.4814396182235,
    "high": 1155.9185603817766,
    "count": 5
  },
  "heap memory": {
    "min": 15639256,
    "max": 15734896,
    "mean": 15696033.6,
    "median": 15702616,
    "variance": 1145041392.6399999,
    "stdDev": 33838.46025811458,
    "confidence": 84018.5241430439,
    "low": 15654024.337928478,
    "high": 15738042.862071522,
    "count": 5
  },
  "rss memory": {
    "min": 481218560,
    "max": 491958272,
    "mean": 485687296,
    "median": 484614144,
    "variance": 16309520905011.2,
    "stdDev": 4038504.7858101144,
    "confidence": 10027324.212159276,
    "low": 480673633.89392036,
    "high": 490700958.10607964,
    "count": 5
  },
  "external memory": {
    "min": 2541005,
    "max": 2541005,
    "mean": 2541005,
    "median": 2541005,
    "variance": 0,
    "stdDev": 0,
    "confidence": 0,
    "low": 2541005,
    "high": 2541005,
    "count": 5
  },
  "array buffers memory": {
    "min": 10515,
    "max": 10515,
    "mean": 10515,
    "median": 10515,
    "variance": 0,
    "stdDev": 0,
    "confidence": 0,
    "low": 10515,
    "high": 10515,
    "count": 5
  },
  "Compilation.build module graph": {
    "min": 484.835559,
    "max": 505.71828,
    "mean": 495.102557,
    "median": 495.477489,
    "variance": 44.84820763205882,
    "stdDev": 6.696880440328827,
    "confidence": 16.627884562918666,
    "low": 486.78861471854066,
    "high": 503.4164992814593,
    "count": 5
  },
  "Compilation.finish modules": {
    "min": 16.6244,
    "max": 18.475516,
    "mean": 17.497293,
    "median": 17.652995,
    "variance": 0.3995481200671992,
    "stdDev": 0.6320981886283168,
    "confidence": 1.5694554810397037,
    "low": 16.712565259480147,
    "high": 18.28202074051985,
    "count": 5
  },
  "Compilation.seal": {
    "min": 0.004317,
    "max": 0.004908,
    "mean": 0.004601399999999999,
    "median": 0.004702,
    "variance": 5.118303999999999e-8,
    "stdDev": 0.0002262366902162423,
    "confidence": 0.0005617298385914987,
    "low": 0.00432053508070425,
    "high": 0.004882264919295749,
    "count": 5
  },
  "Compilation.optimize dependencies": {
    "min": 126.060255,
    "max": 128.5195,
    "mean": 127.21175740000001,
    "median": 127.456021,
    "variance": 0.7399809155826379,
    "stdDev": 0.8602214340404672,
    "confidence": 2.1358695039015743,
    "low": 126.14382264804922,
    "high": 128.2796921519508,
    "count": 5
  },
  "Compilation.rebuild chunk graph": {
    "min": 29.225455,
    "max": 32.29524,
    "mean": 31.2488226,
    "median": 31.73353,
    "variance": 1.331322446521039,
    "stdDev": 1.1538294702949128,
    "confidence": 2.86487767077643,
    "low": 29.816383764611786,
    "high": 32.681261435388215,
    "count": 5
  },
  "Compilation.build chunk graph": {
    "min": 29.234393,
    "max": 32.304757,
    "mean": 31.2586954,
    "median": 31.742618,
    "variance": 1.3313867222074414,
    "stdDev": 1.1538573231589082,
    "confidence": 2.8649468274847436,
    "low": 29.82622198625763,
    "high": 32.69116881374237,
    "count": 5
  },
  "Compilation.optimize modules": {
    "min": 0.006433,
    "max": 0.007286,
    "mean": 0.006855,
    "median": 0.006686,
    "variance": 1.2782679999999985e-7,
    "stdDev": 0.0003575287401035053,
    "confidence": 0.000887718792553947,
    "low": 0.0064111406037230265,
    "high": 0.0072988593962769735,
    "count": 5
  },
  "Compilation.optimize chunks": {
    "min": 19.322496,
    "max": 21.16183,
    "mean": 20.002287799999998,
    "median": 19.865258,
    "variance": 0.4213612376297588,
    "stdDev": 0.6491234378989552,
    "confidence": 1.611727981205945,
    "low": 19.196423809397025,
    "high": 20.80815179060297,
    "count": 5
  },
  "Compilation.optimize tree": {
    "min": 0.003227,
    "max": 0.004349,
    "mean": 0.0036,
    "median": 0.003378,
    "variance": 1.7434439999999988e-7,
    "stdDev": 0.00041754568612308745,
    "confidence": 0.0010367366612652994,
    "low": 0.00308163166936735,
    "high": 0.00411836833063265,
    "count": 5
  },
  "Compilation.optimize chunk modules": {
    "min": 64.294805,
    "max": 67.102029,
    "mean": 65.6159468,
    "median": 65.292011,
    "variance": 1.1606028663673602,
    "stdDev": 1.0773127987577982,
    "confidence": 2.674892140529238,
    "low": 64.27850072973538,
    "high": 66.95339287026462,
    "count": 5
  },
  "Compilation.module ids": {
    "min": 3.758676,
    "max": 4.106743,
    "mean": 3.9077770000000003,
    "median": 3.923203,
    "variance": 0.014056481475599996,
    "stdDev": 0.11856003321355808,
    "confidence": 0.29437624930243667,
    "low": 3.7605888753487817,
    "high": 4.054965124651218,
    "count": 5
  },
  "Compilation.chunk ids": {
    "min": 3.90537,
    "max": 5.264179,
    "mean": 4.3141236,
    "median": 4.183868,
    "variance": 0.24219779986424017,
    "stdDev": 0.4921359566870116,
    "confidence": 1.2219390729710256,
    "low": 3.7031540635144875,
    "high": 4.925093136485513,
    "count": 5
  },
  "Compilation.assign runtime ids": {
    "min": 0.003641,
    "max": 0.004087,
    "mean": 0.0038358000000000003,
    "median": 0.003772,
    "variance": 3.095176e-8,
    "stdDev": 0.00017593112288620227,
    "confidence": 0.0004368246422259258,
    "low": 0.0036173876788870374,
    "high": 0.004054212321112963,
    "count": 5
  },
  "Compilation.optimize code generation": {
    "min": 3.009928,
    "max": 3.820167,
    "mean": 3.284463,
    "median": 3.156014,
    "variance": 0.07947183211400002,
    "stdDev": 0.2819074885738228,
    "confidence": 0.6999565274003441,
    "low": 2.934484736299828,
    "high": 3.634441263700172,
    "count": 5
  },
  "Compilation.create module hashes": {
    "min": 31.932543,
    "max": 39.613435,
    "mean": 33.858092600000006,
    "median": 32.656999,
    "variance": 8.352390303140247,
    "stdDev": 2.8900502250203624,
    "confidence": 7.175792064807453,
    "low": 30.27019656759628,
    "high": 37.44598863240373,
    "count": 5
  },
  "Compilation.code generation": {
    "min": 104.369483,
    "max": 115.560865,
    "mean": 107.636672,
    "median": 105.756453,
    "variance": 16.84671271572882,
    "stdDev": 4.104474718612458,
    "confidence": 10.191122929642006,
    "low": 102.541110535179,
    "high": 112.73223346482101,
    "count": 5
  },
  "Compilation.runtime requirements.modules": {
    "min": 2.178443,
    "max": 2.692841,
    "mean": 2.3947678,
    "median": 2.391764,
    "variance": 0.036629238592559975,
    "stdDev": 0.19138766572733984,
    "confidence": 0.47520215432193424,
    "low": 2.1571667228390328,
    "high": 2.632368877160967,
    "count": 5
  },
  "Compilation.runtime requirements.chunks": {
    "min": 0.781525,
    "max": 0.946583,
    "mean": 0.8726368000000001,
    "median": 0.873613,
    "variance": 0.002899491752159997,
    "stdDev": 0.05384692890184172,
    "confidence": 0.13369814883593056,
    "low": 0.8057877255820348,
    "high": 0.9394858744179654,
    "count": 5
  },
  "Compilation.runtime requirements.entries": {
    "min": 0.973227,
    "max": 1.281095,
    "mean": 1.1616893999999998,
    "median": 1.238936,
    "variance": 0.016288529978640005,
    "stdDev": 0.1276265253724319,
    "confidence": 0.3168877136105799,
    "low": 1.0032455431947098,
    "high": 1.3201332568052897,
    "count": 5
  },
  "Compilation.runtime requirements": {
    "min": 4.399516,
    "max": 5.3275,
    "mean": 4.8565698,
    "median": 4.936607,
    "variance": 0.1223471786089599,
    "stdDev": 0.3497816155960171,
    "confidence": 0.8684832256130601,
    "low": 4.42232818719347,
    "high": 5.29081141280653,
    "count": 5
  },
  "Compilation.hashing: hash chunks": {
    "min": 1.013424,
    "max": 1.973108,
    "mean": 1.3993128,
    "median": 1.226232,
    "variance": 0.14382757781535999,
    "stdDev": 0.3792460649965402,