{
  "stats": {
    "min": 3332,
    "max": 3377,
    "mean": 3354,
    "median": 3358,
    "variance": 261.2,
    "stdDev": 16.161683080669537,
    "confidence": 40.128325867895,
    "low": 3333.9358370660525,
    "high": 3374.0641629339475,
    "count": 5
  },
  "heap memory": {
    "min": 54241856,
    "max": 57513480,
    "mean": 56031929.6,
    "median": 56955448,
    "variance": 2162224586659.8403,
    "stdDev": 1470450.4706585123,
    "confidence": 3651025.41391626,
    "low": 54206416.89304187,
    "high": 57857442.30695813,
    "count": 5
  },
  "rss memory": {
    "min": 835133440,
    "max": 887369728,
    "mean": 865502003.2,
    "median": 870629376,
    "variance": 298553480639938.56,
    "stdDev": 17278700.20111289,
    "confidence": 42901801.0551908,
    "low": 844051102.6724046,
    "high": 886952903.7275954,
    "count": 5
  },
  "external memory": {
    "min": 32531431,
    "max": 33092958,
    "mean": 32812750.4,
    "median": 32838775,
    "variance": 37735616243.840004,
    "stdDev": 194256.5732320016,
    "confidence": 482325.4504945725,
    "low": 32571587.674752712,
    "high": 33053913.125247285,
    "count": 5
  },
  "array buffers memory": {
    "min": 4207852,
    "max": 4458903,
    "mean": 4312972.8,
    "median": 4282405,
    "variance": 8295305777.76,
    "stdDev": 91078.56925621965,
    "confidence": 226141.70123572648,
    "low": 4199901.949382137,
    "high": 4426043.650617863,
    "count": 5
  },
  "Compilation.build module graph": {
    "min": 482.310155,
    "max": 517.266823,
    "mean": 499.2683502,
    "median": 496.143315,
    "variance": 136.31209930800281,
    "stdDev": 11.675277268998917,
    "confidence": 28.988894814351852,
    "low": 484.77390279282406,
    "high": 513.7627976071759,
    "count": 5
  },
  "Compilation.finish modules": {
    "min": 14.972962,
    "max": 15.679172,
    "mean": 15.3981898,
    "median": 15.46681,
    "variance": 0.053860994588159836,
    "stdDev": 0.23207971602050842,
    "confidence": 0.5762376619634679,
    "low": 15.110070969018267,
    "high": 15.686308630981735,
    "count": 5
  },
  "Compilation.seal": {
    "min": 0.003797,
    "max": 0.004522,
    "mean": 0.0041475999999999996,
    "median": 0.004153,
    "variance": 8.871024000000002e-8,
    "stdDev": 0.0002978426430180877,
    "confidence": 0.0007395223985477328,
    "low": 0.003777838800726133,
    "high": 0.004517361199273866,
    "count": 5
  },
  "Compilation.optimize dependencies": {
    "min": 18.087344,
    "max": 19.6642,
    "mean": 18.967305400000004,
    "median": 18.972795,
    "variance": 0.27746022938743964,
    "stdDev": 0.5267449376951236,
    "confidence": 1.3078707461091028,
    "low": 18.313370026945453,
    "high": 19.621240773054556,
    "count": 5
  },
  "Compilation.rebuild chunk graph": {
    "min": 7.11732,
    "max": 7.924529,
    "mean": 7.547925000000001,
    "median": 7.658952,
    "variance": 0.09804261599159983,
    "stdDev": 0.31311757534766366,
    "confidence": 0.7774489844776618,
    "low": 7.15920050776117,
    "high": 7.936649492238832,
    "count": 5
  },
  "Compilation.build chunk graph": {
    "min": 7.12508,
    "max": 7.933153,
    "mean": 7.5562781999999995,
    "median": 7.667045,
    "variance": 0.09828697124936006,
    "stdDev": 0.313507529812858,
    "confidence": 0.7784172140719949,
    "low": 7.167069592964002,
    "high": 7.945486807035997,
    "count": 5
  },
  "Compilation.optimize modules": {
    "min": 4.004343,
    "max": 4.484932,
    "mean": 4.1646914,
    "median": 4.101076,
    "variance": 0.028130103083839952,
    "stdDev": 0.1677203120788891,
    "confidence": 0.41643777471522725,
    "low": 3.956472512642386,
    "high": 4.372910287357613,
    "count": 5
  },
  "Compilation.optimize chunks": {
    "min": 5.620172,
    "max": 6.099989,
    "mean": 5.8821246,
    "median": 5.921174,
    "variance": 0.03302218342503997,
    "stdDev": 0.18172006885602915,
    "confidence": 0.4511981891609409,
    "low": 5.65652550541953,
    "high": 6.1077236945804705,
    "count": 5
  },
  "Compilation.optimize tree": {
    "min": 0.002356,
    "max": 0.00326,
    "mean": 0.0030122000000000005,
    "median": 0.003133,
    "variance": 1.1089016e-7,
    "stdDev": 0.0003330017417371867,
    "confidence": 0.0008268199753891578,
    "low": 0.0025987900123054216,
    "high": 0.0034256099876945794,
    "count": 5
  },
  "Compilation.optimize chunk modules": {
    "min": 21.194524,
    "max": 22.168052,
    "mean": 21.5013024,
    "median": 21.221938,
    "variance": 0.15019292257503966,
    "stdDev": 0.3875473165628162,
    "confidence": 0.9622528130663497,
    "low": 21.020175993466825,
    "high": 21.982428806533175,
    "count": 5
  },
  "Compilation.module ids": {
    "min": 0.234934,
    "max": 0.303978,
    "mean": 0.255576,
    "median": 0.2426,
    "variance": 0.0006419970068000005,
    "stdDev": 0.025337659852480467,
    "confidence": 0.06291163279314249,
    "low": 0.22412018360342878,
    "high": 0.28703181639657127,
    "count": 5
  },
  "Compilation.chunk ids": {
    "min": 0.008285,
    "max": 0.019262,
    "mean": 0.0110966,
    "median": 0.009254,
    "variance": 0.000016849373440000004,
    "stdDev": 0.004104798830637137,
    "confidence": 0.01019192767707328,
    "low": 0.006000636161463359,
    "high": 0.01619256383853664,
    "count": 5
  },
  "Compilation.assign runtime ids": {
    "min": 0.002512,
    "max": 0.003495,
    "mean": 0.0030543999999999997,
    "median": 0.002977,
    "variance": 1.2435304000000001e-7,
    "stdDev": 0.0003526372640547224,
    "confidence": 0.0008755736005042819,
    "low": 0.0026166131997478587,
    "high": 0.0034921868002521406,
    "count": 5
  },
  "Compilation.optimize code generation": {
    "min": 2.859771,
    "max": 3.55085,
    "mean": 3.1853088,
    "median": 3.084405,
    "variance": 0.07686770225376004,
    "stdDev": 0.2772502520355212,
    "confidence": 0.6883929356308478,
    "low": 2.841112332184576,
    "high": 3.529505267815424,
    "count": 5
  },
  "Compilation.create module hashes": {
    "min": 11.202718,
    "max": 12.22714,
    "mean": 11.6592758,
    "median": 11.581201,
    "variance": 0.13758414741695985,
    "stdDev": 0.37092337135446163,
    "confidence": 0.9209767227482075,
    "low": 11.198787438625896,
    "high": 12.119764161374103,
    "count": 5
  },
  "Compilation.code generation": {
    "min": 93.686802,
    "max": 98.047383,
    "mean": 96.67232779999999,
    "median": 97.781912,
    "variance": 2.776482690750561,
    "stdDev": 1.6662780952621807,
    "confidence": 4.137251674808027,
    "low": 94.60370196259598,
    "high": 98.740953637404,
    "count": 5
  },
  "Compilation.runtime requirements.modules": {
    "min": 0.093299,
    "max": 0.138077,
    "mean": 0.11428659999999999,
    "median": 0.107999,
    "variance": 0.0003019320134399999,
    "stdDev": 0.017376190993425456,
    "confidence": 0.04314386385666452,
    "low": 0.09271466807166773,
    "high": 0.13585853192833225,
    "count": 5
  },
  "Compilation.runtime requirements.chunks": {
    "min": 0.052769,
    "max": 0.066159,
    "mean": 0.0615566,
    "median": 0.065062,
    "variance": 0.00002664815463999998,
    "stdDev": 0.005162185064485772,
    "confidence": 0.012817343554139639,
    "low": 0.05514792822293018,
    "high": 0.06796527177706982,
    "count": 5
  },
  "Compilation.runtime requirements.entries": {
    "min": 0.281212,
    "max": 0.373171,
    "mean": 0.3262496,
    "median": 0.316611,
    "variance": 0.0016075140862399997,
    "stdDev": 0.04009381605983645,
    "confidence": 0.09955013398703028,
    "low": 0.27647453300648483,
    "high": 0.3760246669935151,
    "count": 5
  },
  "Compilation.runtime requirements": {
    "min": 0.518102,
    "max": 0.685569,
    "mean": 0.5923218,
    "median": 0.570705,
    "variance": 0.004583687276559998,
    "stdDev": 0.06770293403213777,
    "confidence": 0.16810163802207767,
    "low": 0.5082709809889612,
    "high": 0.6763726190110388,
    "count": 5
  },