{
  "stats": {
    "min": 256,
    "max": 259.8181818181818,
    "mean": 258.4,
    "median": 259.45454545454544,
    "variance": 2.623471074380138,
    "stdDev": 1.619713269186907,
    "confidence": 4.021634476685563,
    "low": 256.3891827616572,
    "high": 260.41081723834276,
    "count": 5
  },
  "heap memory": {
    "min": 125083260.36363636,
    "max": 150323735.27272728,
    "mean": 138948939.05454546,
    "median": 143984207.27272728,
    "variance": 86795490123152.45,
    "stdDev": 9316409.72280376,
    "confidence": 23131992.09571494,
    "low": 127382943.00668798,
    "high": 150514935.10240293,
    "count": 5
  },
  "rss memory": {
    "min": 867240866.9090909,
    "max": 910059333.8181819,
    "mean": 890250705.4545454,
    "median": 886120448,
    "variance": 277608602171220,
    "stdDev": 16661590.62548411,
    "confidence": 41369561.249260664,
    "low": 869565924.829915,
    "high": 910935486.0791757,
    "count": 5
  },
  "external memory": {
    "min": 71838215.45454545,
    "max": 93567556.81818181,
    "mean": 83887741.49090908,
    "median": 81027976.63636364,
    "variance": 72114501255261.84,
    "stdDev": 8492025.74508944,
    "confidence": 21085104.483028173,
    "low": 73345189.249395,
    "high": 94430293.73242317,
    "count": 5
  },
  "array buffers memory": {
    "min": 27411416,
    "max": 38383796.45454545,
    "mean": 32448123.836363636,
    "median": 30599950.818181816,
    "variance": 24822683045126.066,
    "stdDev": 4982236.751211856,
    "confidence": 12370544.509857517,
    "low": 26262851.58143488,
    "high": 38633396.091292396,
    "count": 5
  },
  "Compilation.finish modules": {
    "min": 6.636363636363637,
    "max": 6.909090909090909,
    "mean": 6.818181818181818,
    "median": 6.909090909090909,
    "variance": 0.013223140495867744,
    "stdDev": 0.11499191491521368,
    "confidence": 0.2855168617561965,
    "low": 6.67542338730372,
    "high": 6.960940249059917,
    "count": 5
  },
  "Compilation.optimize dependencies": {
    "min": 0,
    "max": 0,
    "mean": 0,
    "median": 0,
    "variance": 0,
    "stdDev": 0,
    "confidence": 0,
    "low": 0,
    "high": 0,
    "count": 5
  },
  "Compilation.rebuild chunk graph": {
    "min": 12.272727272727273,
    "max": 12.909090909090908,
    "mean": 12.545454545454545,
    "median": 12.545454545454545,
    "variance": 0.04297520661157004,
    "stdDev": 0.20730462274529732,
    "confidence": 0.5147228425357646,
    "low": 12.288093124186663,
    "high": 12.802815966722427,
    "count": 5
  },
  "Compilation.create chunks": {
    "min": 19.545454545454547,
    "max": 20.272727272727273,
    "mean": 19.836363636363636,
    "median": 19.727272727272727,
    "variance": 0.060826446280991785,
    "stdDev": 0.2466301812045553,
    "confidence": 0.6123654467690827,
    "low": 19.530180912979095,
    "high": 20.142546359748177,
    "count": 5
  },
  "Compilation.optimize": {
    "min": 0,
    "max": 0,
    "mean": 0,
    "median": 0,
    "variance": 0,
    "stdDev": 0,
    "confidence": 0,
    "low": 0,
    "high": 0,
    "count": 5
  },
  "Compilation.module ids": {
    "min": 0,
    "max": 0,
    "mean": 0,
    "median": 0,
    "variance": 0,
    "stdDev": 0,
    "confidence": 0,
    "low": 0,
    "high": 0,
    "count": 5
  },
  "Compilation.chunk ids": {
    "min": 0,
    "max": 0,
    "mean": 0,
    "median": 0,
    "variance": 0,
    "stdDev": 0,
    "confidence": 0,
    "low": 0,
    "high": 0,
    "count": 5
  },
  "Compilation.optimize code generation": {
    "min": 0,
    "max": 0,
    "mean": 0,
    "median": 0,
    "variance": 0,
    "stdDev": 0,
    "confidence": 0,
    "low": 0,
    "high": 0,
    "count": 5
  },
  "Compilation.module code generation cache": {
    "min": 0,
    "max": 0,
    "mean": 0,
    "median": 0,
    "variance": 0,
    "stdDev": 0,
    "confidence": 0,
    "low": 0,
    "high": 0,
    "count": 5
  },
  "Compilation.code generation": {
    "min": 8.090909090909092,
    "max": 8.363636363636363,
    "mean": 8.163636363636362,
    "median": 8.090909090909092,
    "variance": 0.011239669421487505,
    "stdDev": 0.106017307179005,
    "confidence": 0.2632335400267998,
    "low": 8.032019593622962,
    "high": 8.295253133649762,
    "count": 5
  },
  "Compilation.runtime requirements.modules": {
    "min": 0,
    "max": 0,
    "mean": 0,
    "median": 0,
    "variance": 0,
    "stdDev": 0,
    "confidence": 0,
    "low": 0,
    "high": 0,
    "count": 5
  },
  "Compilation.runtime requirements.chunks": {
    "min": 0,
    "max": 0,
    "mean": 0,
    "median": 0,
    "variance": 0,
    "stdDev": 0,
    "confidence": 0,
    "low": 0,
    "high": 0,
    "count": 5
  },
  "Compilation.runtime requirements.entries": {
    "min": 0,
    "max": 0,
    "mean": 0,
    "median": 0,
    "variance": 0,
    "stdDev": 0,
    "confidence": 0,
    "low": 0,
    "high": 0,
    "count": 5
  },
  "Compilation.runtime requirements": {
    "min": 0,
    "max": 0,
    "mean": 0,
    "median": 0,
    "variance": 0,
    "stdDev": 0,
    "confidence": 0,
    "low": 0,
    "high": 0,
    "count": 5
  },
  "Compilation.hashing: hash chunks": {
    "min": 0,
    "max": 0,
    "mean": 0,
    "median": 0,
    "variance": 0,
    "stdDev": 0,
    "confidence": 0,
    "low": 0,
    "high": 0,
    "count": 5
  },
  "Compilation.hashing: hash runtime chunks": {
    "min": 4,
    "max": 4,
    "mean": 4,
    "median": 4,
    "variance": 0,
    "stdDev": 0,
    "confidence": 0,
    "low": 4,
    "high": 4,
    "count": 5
  },
  "Compilation.hashing: process full hash chunks": {
    "min": 0,
    "max": 0,
    "mean": 0,
    "median": 0,
    "variance": 0,
    "stdDev": 0,
    "confidence": 0,
    "low": 0,
    "high": 0,
    "count": 5
  },
  "Compilation.hashing": {
    "min": 4,
    "max": 4,
    "mean": 4,
    "median": 4,
    "variance": 0,
    "stdDev": 0,
    "confidence": 0,
    "low": 4,
    "high": 4,
    "count": 5
  },
  "Compilation.create module assets": {
    "min": 0,
    "max": 0,
    "mean": 0,
    "median": 0,
    "variance": 0,
    "stdDev": 0,
    "confidence": 0,
    "low": 0,
    "high": 0,
    "count": 5
  },
  "Compilation.create chunk assets": {
    "min": 5.545454545454546,
    "max": 5.818181818181818,
    "mean": 5.709090909090909,
    "median": 5.7272727272727275,
    "variance": 0.011239669421487583,
    "stdDev": 0.10601730717900537,
    "confidence": 0.2632335400267998,
    "low": 5.577474139077509,
    "high": 5.840707679104309,
    "count": 5
  },
  "Compilation.process assets": {
    "min": 103.9090909090909,
    "max": 106.45454545454545,
    "mean": 105.27272727272728,
    "median": 105.36363636363636,
    "variance": 0.6942148760330591,
    "stdDev": 0.8331955809010626,
    "confidence": 2.068766205549366,
    "low": 104.2383441699526,
    "high": 106.30711037550196,
    "count": 5
  },
  "Compilation.after process assets": {
    "min": 0,
    "max": 0,
    "mean": 0,
    "median": 0,
    "variance": 0,
    "stdDev": 0,
    "confidence": 0,
    "low": 0,
    "high": 0,
    "count": 5
  },
  "Compilation.after seal": {
    "min": 0,
    "max": 0,
    "mean": 0,
    "median": 0,
    "variance": 0,
    "stdDev": 0,
    "confidence": 0,
    "low": 0,
    "high": 0,
    "count": 5
  },
  "Compiler.make hook": {
    "min": 0,
    "max": 0.09090909090909091,
    "mean": 0.01818181818181818,
    "median": 0,
    "variance": 0.0013223140495867767,
    "stdDev": 0.03636363636363636,
    "confidence": 0.06332599785846847,
    "low": 0,
    "high": 0.06332599785846847,
    "count": 5
  },
  "Compiler.make": {
    "min": 20.454545454545453,
    "max": 21.181818181818183,
    "mean": 20.70909090909091,
    "median": 20.545454545454547,
    "variance": 0.0839669421487609,
    "stdDev": 0.2897704991001687,
    "confidence": 0.7194798312003883,
    "low": 20.349350993490717,
    "high": 21.068830824691105,
    "count": 5
  },
  "Compiler.finish make hook": {
    "min": 0,
    "max": 0,
    "mean": 0,
    "median": 0,
    "variance": 0,