{
  "stats": {
    "min": 1401,
    "max": 1442,
    "mean": 1424,
    "median": 1424,
    "variance": 226,
    "stdDev": 15.033296378372908,
    "confidence": 37.32662080606815,
    "low": 1405.336689596966,
    "high": 1442.663310403034,
    "count": 5
  },
  "heap memory": {
    "min": 34097800,
    "max": 34586952,
    "mean": 34285092.8,
    "median": 34175512,
    "variance": 33063173877.76,
    "stdDev": 181832.81848379297,
    "confidence": 451478.1385809183,
    "low": 34059353.73070954,
    "high": 34510831.869290456,
    "count": 5
  },
  "rss memory": {
    "min": 926982144,
    "max": 939524096,
    "mean": 932256972.8,
    "median": 929574912,
    "variance": 21530365038428.16,
    "stdDev": 4640082.438753449,
    "confidence": 11520999.343125582,
    "low": 926496473.1284372,
    "high": 938017472.4715627,
    "count": 5
  },
  "external memory": {
    "min": 32621151,
    "max": 32621151,
    "mean": 32621151,
    "median": 32621151,
    "variance": 0,
    "stdDev": 0,
    "confidence": 0,
    "low": 32621151,
    "high": 32621151,
    "count": 5
  },
  "array buffers memory": {
    "min": 16623,
    "max": 16623,
    "mean": 16623,
    "median": 16623,
    "variance": 0,
    "stdDev": 0,
    "confidence": 0,
    "low": 16623,
    "high": 16623,
    "count": 5
  },
  "Compilation.finish modules": {
    "min": 26,
    "max": 28,
    "mean": 27.2,
    "median": 27,
    "variance": 0.56,
    "stdDev": 0.7483314773547883,
    "confidence": 1.858054586926876,
    "low": 26.27097270653656,
    "high": 28.129027293463437,
    "count": 5
  },
  "Compilation.optimize dependencies": {
    "min": 0,
    "max": 0,
    "mean": 0,
    "median": 0,
    "variance": 0,
    "stdDev": 0,
    "confidence": 0,
    "low": 0,
    "high": 0,
    "count": 5
  },
  "Compilation.rebuild chunk graph": {
    "min": 38,
    "max": 41,
    "mean": 38.6,
    "median": 38,
    "variance": 1.44,
    "stdDev": 1.2,
    "confidence": 2.979515858658914,
    "low": 37.110242070670544,
    "high": 40.08975792932946,
    "count": 5
  },
  "Compilation.create chunks": {
    "min": 60,
    "max": 67,
    "mean": 62.2,
    "median": 61,
    "variance": 6.16,
    "stdDev": 2.4819347291981715,
    "confidence": 6.162469904835234,
    "low": 59.118765047582386,
    "high": 65.28123495241762,
    "count": 5
  },
  "Compilation.optimize": {
    "min": 0,
    "max": 0,
    "mean": 0,
    "median": 0,
    "variance": 0,
    "stdDev": 0,
    "confidence": 0,
    "low": 0,
    "high": 0,
    "count": 5
  },
  "Compilation.module ids": {
    "min": 9,
    "max": 10,
    "mean": 9.8,
    "median": 10,
    "variance": 0.16,
    "stdDev": 0.4,
    "confidence": 0.993171952886307,
    "low": 9.303414023556847,
    "high": 10.296585976443154,
    "count": 5
  },
  "Compilation.chunk ids": {
    "min": 6,
    "max": 6,
    "mean": 6,
    "median": 6,
    "variance": 0,
    "stdDev": 0,
    "confidence": 0,
    "low": 6,
    "high": 6,
    "count": 5
  },
  "Compilation.optimize code generation": {
    "min": 0,
    "max": 0,
    "mean": 0,
    "median": 0,
    "variance": 0,
    "stdDev": 0,
    "confidence": 0,
    "low": 0,
    "high": 0,
    "count": 5
  },
  "Compilation.module code generation cache": {
    "min": 0,
    "max": 0,
    "mean": 0,
    "median": 0,
    "variance": 0,
    "stdDev": 0,
    "confidence": 0,
    "low": 0,
    "high": 0,
    "count": 5
  },
  "Compilation.code generation": {
    "min": 92,
    "max": 95,
    "mean": 93.6,
    "median": 94,
    "variance": 1.04,
    "stdDev": 1.019803902718557,
    "confidence": 2.5321015840601717,
    "low": 92.33394920796991,
    "high": 94.86605079203008,
    "count": 5
  },
  "Compilation.runtime requirements.modules": {
    "min": 8,
    "max": 10,
    "mean": 9,
    "median": 9,
    "variance": 0.4,
    "stdDev": 0.6324555320336759,
    "confidence": 1.570342739659086,
    "low": 8.214828630170457,
    "high": 9.785171369829543,
    "count": 5
  },
  "Compilation.runtime requirements.chunks": {
    "min": 0,
    "max": 0,
    "mean": 0,
    "median": 0,
    "variance": 0,
    "stdDev": 0,
    "confidence": 0,
    "low": 0,
    "high": 0,
    "count": 5
  },
  "Compilation.runtime requirements.entries": {
    "min": 0,
    "max": 0,
    "mean": 0,
    "median": 0,
    "variance": 0,
    "stdDev": 0,
    "confidence": 0,
    "low": 0,
    "high": 0,
    "count": 5
  },
  "Compilation.runtime requirements": {
    "min": 10,
    "max": 12,
    "mean": 11.6,
    "median": 12,
    "variance": 0.6399999999999999,
    "stdDev": 0.7999999999999999,
    "confidence": 1.986343905772614,
    "low": 10.606828047113693,
    "high": 12.593171952886307,
    "count": 5
  },
  "Compilation.hashing: hash chunks": {
    "min": 1,
    "max": 2,
    "mean": 1.2,
    "median": 1,
    "variance": 0.16,
    "stdDev": 0.4,
    "confidence": 0.9931719528863066,
    "low": 0.7034140235568467,
    "high": 1.6965859764431532,
    "count": 5
  },
  "Compilation.hashing: hash runtime chunks": {
    "min": 1,
    "max": 2,
    "mean": 1.2,
    "median": 1,
    "variance": 0.16,
    "stdDev": 0.4,
    "confidence": 0.9931719528863066,
    "low": 0.7034140235568467,
    "high": 1.6965859764431532,
    "count": 5
  },
  "Compilation.hashing: process full hash chunks": {
    "min": 0,
    "max": 0,
    "mean": 0,
    "median": 0,
    "variance": 0,
    "stdDev": 0,
    "confidence": 0,
    "low": 0,
    "high": 0,
    "count": 5
  },
  "Compilation.hashing": {
    "min": 4,
    "max": 5,
    "mean": 4.8,
    "median": 5,
    "variance": 0.15999999999999998,
    "stdDev": 0.39999999999999997,
    "confidence": 0.993171952886307,
    "low": 4.303414023556846,
    "high": 5.296585976443153,
    "count": 5
  },
  "Compilation.create module assets": {
    "min": 0,
    "max": 1,
    "mean": 0.4,
    "median": 0,
    "variance": 0.24000000000000005,
    "stdDev": 0.48989794855663565,
    "confidence": 1.0081911278537365,
    "low": 0,
    "high": 1.0081911278537365,
    "count": 5
  },
  "Compilation.create chunk assets": {
    "min": 26,
    "max": 27,
    "mean": 26.8,
    "median": 27,
    "variance": 0.15999999999999998,
    "stdDev": 0.39999999999999997,
    "confidence": 0.993171952886307,
    "low": 26.303414023556847,
    "high": 27.296585976443154,
    "count": 5
  },
  "Compilation.process assets": {
    "min": 44,
    "max": 46,
    "mean": 45.2,
    "median": 45,
    "variance": 0.5599999999999999,
    "stdDev": 0.7483314773547882,
    "confidence": 1.858054586926869,
    "low": 44.27097270653657,
    "high": 46.12902729346344,
    "count": 5
  },
  "Compilation.after process assets": {
    "min": 0,
    "max": 0,
    "mean": 0,
    "median": 0,
    "variance": 0,
    "stdDev": 0,
    "confidence": 0,
    "low": 0,
    "high": 0,
    "count": 5
  },
  "Compilation.after seal": {
    "min": 0,
    "max": 0,
    "mean": 0,
    "median": 0,
    "variance": 0,
    "stdDev": 0,
    "confidence": 0,
    "low": 0,
    "high": 0,
    "count": 5
  },
  "Compiler.make hook": {
    "min": 0,
    "max": 0,
    "mean": 0,
    "median": 0,
    "variance": 0,
    "stdDev": 0,
    "confidence": 0,
    "low": 0,
    "high": 0,
    "count": 5
  },
  "Compiler.make": {
    "min": 896,
    "max": 929,
    "mean": 912.6,
    "median": 918,
    "variance": 185.04,
    "stdDev": 13.60294085850556,
    "confidence": 33.775148343597266,
    "low": 895.7124258282014,
    "high": 929.4875741717987,
    "count": 5
  },
  "Compiler.finish make hook": {
    "min": 0,
    "max": 1,
    "mean": 0.2,
    "median": 0,
    "variance": 0.16000000000000003,
    "stdDev": 0.4,
    "confidence": 0.6965859764431532,
    "low": 0,
    "high": 0.6965859764431532,
    "count": 5
  },
  "Compiler.finish compilation": {
    "min": 31,
    "max": 33,
    "mean": 32.2,
    "median": 32,
    "variance": 0.5599999999999999,
    "stdDev": 0.7483314773547882,
    "confidence": 1.8580545869268725,
    "low": 31.270972706536565,
    "high": 33.12902729346344,
    "count": 5
  },