{
  "stats": {
    "min": 1596,
    "max": 1621,
    "mean": 1605.8,
    "median": 1605,
    "variance": 75.76,
    "stdDev": 8.704022058795578,
    "confidence": 21.61147646524887,
    "low": 1594.9942617673755,
    "high": 1616.6057382326244,
    "count": 5
  },
  "heap memory": {
    "min": 34066672,
    "max": 35121248,
    "mean": 34641350.4,
    "median": 34694360,
    "variance": 129350324618.24002,
    "stdDev": 359653.06146095856,
    "confidence": 892993.3335317969,
    "low": 34194853.7332341,
    "high": 35087847.0667659,
    "count": 5
  },
  "rss memory": {
    "min": 725213184,
    "max": 727781376,
    "mean": 726627942.4,
    "median": 726876160,
    "variance": 928703462768.64,
    "stdDev": 963692.6184051842,
    "confidence": 2392781.1995089054,
    "low": 725431551.8002455,
    "high": 727824332.9997544,
    "count": 5
  },
  "external memory": {
    "min": 32623945,
    "max": 32623945,
    "mean": 32623945,
    "median": 32623945,
    "variance": 0,
    "stdDev": 0,
    "confidence": 0,
    "low": 32623945,
    "high": 32623945,
    "count": 5
  },
  "array buffers memory": {
    "min": 16623,
    "max": 16623,
    "mean": 16623,
    "median": 16623,
    "variance": 0,
    "stdDev": 0,
    "confidence": 0,
    "low": 16623,
    "high": 16623,
    "count": 5
  },
  "Compilation.finish modules": {
    "min": 26,
    "max": 28,
    "mean": 27,
    "median": 27,
    "variance": 0.4,
    "stdDev": 0.6324555320336759,
    "confidence": 1.5703427396590826,
    "low": 26.21482863017046,
    "high": 27.78517136982954,
    "count": 5
  },
  "Compilation.optimize dependencies": {
    "min": 1,
    "max": 1,
    "mean": 1,
    "median": 1,
    "variance": 0,
    "stdDev": 0,
    "confidence": 0,
    "low": 1,
    "high": 1,
    "count": 5
  },
  "Compilation.rebuild chunk graph": {
    "min": 55,
    "max": 59,
    "mean": 57.2,
    "median": 57,
    "variance": 2.5599999999999996,
    "stdDev": 1.5999999999999999,
    "confidence": 3.972687811545228,
    "low": 55.21365609422739,
    "high": 59.18634390577262,
    "count": 5
  },
  "Compilation.create chunks": {
    "min": 70,
    "max": 75,
    "mean": 72.6,
    "median": 74,
    "variance": 4.64,
    "stdDev": 2.1540659228538015,
    "confidence": 5.348394648116397,
    "low": 69.9258026759418,
    "high": 75.27419732405819,
    "count": 5
  },
  "Compilation.optimize": {
    "min": 0,
    "max": 0,
    "mean": 0,
    "median": 0,
    "variance": 0,
    "stdDev": 0,
    "confidence": 0,
    "low": 0,
    "high": 0,
    "count": 5
  },
  "Compilation.module ids": {
    "min": 9,
    "max": 10,
    "mean": 9.8,
    "median": 10,
    "variance": 0.16,
    "stdDev": 0.4,
    "confidence": 0.993171952886307,
    "low": 9.303414023556847,
    "high": 10.296585976443154,
    "count": 5
  },
  "Compilation.chunk ids": {
    "min": 6,
    "max": 7,
    "mean": 6.6,
    "median": 7,
    "variance": 0.24000000000000005,
    "stdDev": 0.48989794855663565,
    "confidence": 1.2163822557074724,
    "low": 5.9918088721462635,
    "high": 7.208191127853736,
    "count": 5
  },
  "Compilation.optimize code generation": {
    "min": 0,
    "max": 0,
    "mean": 0,
    "median": 0,
    "variance": 0,
    "stdDev": 0,
    "confidence": 0,
    "low": 0,
    "high": 0,
    "count": 5
  },
  "Compilation.module code generation cache": {
    "min": 0,
    "max": 0,
    "mean": 0,
    "median": 0,
    "variance": 0,
    "stdDev": 0,
    "confidence": 0,
    "low": 0,
    "high": 0,
    "count": 5
  },
  "Compilation.code generation": {
    "min": 111,
    "max": 112,
    "mean": 111.6,
    "median": 112,
    "variance": 0.24,
    "stdDev": 0.4898979485566356,
    "confidence": 1.2163822557074866,
    "low": 110.99180887214625,
    "high": 112.20819112785374,
    "count": 5
  },
  "Compilation.runtime requirements.modules": {
    "min": 10,
    "max": 12,
    "mean": 10.8,
    "median": 11,
    "variance": 0.56,
    "stdDev": 0.7483314773547883,
    "confidence": 1.858054586926876,
    "low": 9.870972706536563,
    "high": 11.729027293463439,
    "count": 5
  },
  "Compilation.runtime requirements.chunks": {
    "min": 1,
    "max": 1,
    "mean": 1,
    "median": 1,
    "variance": 0,
    "stdDev": 0,
    "confidence": 0,
    "low": 1,
    "high": 1,
    "count": 5
  },
  "Compilation.runtime requirements.entries": {
    "min": 0,
    "max": 0,
    "mean": 0,
    "median": 0,
    "variance": 0,
    "stdDev": 0,
    "confidence": 0,
    "low": 0,
    "high": 0,
    "count": 5
  },
  "Compilation.runtime requirements": {
    "min": 13,
    "max": 15,
    "mean": 14.4,
    "median": 15,
    "variance": 0.6399999999999999,
    "stdDev": 0.7999999999999999,
    "confidence": 1.986343905772614,
    "low": 13.406828047113693,
    "high": 15.393171952886307,
    "count": 5
  },
  "Compilation.hashing: hash chunks": {
    "min": 2,
    "max": 2,
    "mean": 2,
    "median": 2,
    "variance": 0,
    "stdDev": 0,
    "confidence": 0,
    "low": 2,
    "high": 2,
    "count": 5
  },
  "Compilation.hashing: hash runtime chunks": {
    "min": 2,
    "max": 2,
    "mean": 2,
    "median": 2,
    "variance": 0,
    "stdDev": 0,
    "confidence": 0,
    "low": 2,
    "high": 2,
    "count": 5
  },
  "Compilation.hashing: process full hash chunks": {
    "min": 0,
    "max": 0,
    "mean": 0,
    "median": 0,
    "variance": 0,
    "stdDev": 0,
    "confidence": 0,
    "low": 0,
    "high": 0,
    "count": 5
  },
  "Compilation.hashing": {
    "min": 6,
    "max": 7,
    "mean": 6.6,
    "median": 7,
    "variance": 0.24000000000000005,
    "stdDev": 0.48989794855663565,
    "confidence": 1.2163822557074724,
    "low": 5.9918088721462635,
    "high": 7.208191127853736,
    "count": 5
  },
  "Compilation.create module assets": {
    "min": 0,
    "max": 0,
    "mean": 0,
    "median": 0,
    "variance": 0,
    "stdDev": 0,
    "confidence": 0,
    "low": 0,
    "high": 0,
    "count": 5
  },
  "Compilation.create chunk assets": {
    "min": 26,
    "max": 28,
    "mean": 27.2,
    "median": 27,
    "variance": 0.56,
    "stdDev": 0.7483314773547883,
    "confidence": 1.858054586926876,
    "low": 26.27097270653656,
    "high": 28.129027293463437,
    "count": 5
  },
  "Compilation.process assets": {
    "min": 53,
    "max": 57,
    "mean": 54.6,
    "median": 54,
    "variance": 2.6399999999999997,
    "stdDev": 1.624807680927192,
    "confidence": 4.034283543827826,
    "low": 52.58285822808609,
    "high": 56.617141771913914,
    "count": 5
  },
  "Compilation.after process assets": {
    "min": 0,
    "max": 0,
    "mean": 0,
    "median": 0,
    "variance": 0,
    "stdDev": 0,
    "confidence": 0,
    "low": 0,
    "high": 0,
    "count": 5
  },
  "Compilation.after seal": {
    "min": 0,
    "max": 0,
    "mean": 0,
    "median": 0,
    "variance": 0,
    "stdDev": 0,
    "confidence": 0,
    "low": 0,
    "high": 0,
    "count": 5
  },
  "Compiler.make hook": {
    "min": 0,
    "max": 0,
    "mean": 0,
    "median": 0,
    "variance": 0,
    "stdDev": 0,
    "confidence": 0,
    "low": 0,
    "high": 0,
    "count": 5
  },
  "Compiler.make": {
    "min": 1039,
    "max": 1047,
    "mean": 1042.6,
    "median": 1043,
    "variance": 8.239999999999998,
    "stdDev": 2.8705400188814645,
    "confidence": 7.127349590976792,
    "low": 1039.0363252045115,
    "high": 1046.1636747954883,
    "count": 5
  },
  "Compiler.finish make hook": {
    "min": 0,
    "max": 0,
    "mean": 0,
    "median": 0,
    "variance": 0,
    "stdDev": 0,
    "confidence": 0,
    "low": 0,
    "high": 0,
    "count": 5
  },
  "Compiler.finish compilation": {
    "min": 32,
    "max": 34,
    "mean": 32.4,
    "median": 32,
    "variance": 0.64,
    "stdDev": 0.8,
    "confidence": 1.986343905772614,
    "low": 31.40682804711369,
    "high": 33.393171952886306,
    "count": 5
  },
  "Compiler.seal compilation": {
    "min": 325,
    "max": 334,
    "mean": 329.8,
    "median": 329,
    "variance": 10.959999999999999,