{
  "stats": {
    "min": 4318,
    "max": 4391,
    "mean": 4354.2,
    "median": 4352,
    "variance": 745.76,
    "stdDev": 27.308606701917256,
    "confidence": 67.80535562186742,
    "low": 4320.297322189066,
    "high": 4388.1026778109335,
    "count": 5
  },
  "heap memory": {
    "min": 83380416,
    "max": 86457384,
    "mean": 85205744,
    "median": 85864608,
    "variance": 1548282073728,
    "stdDev": 1244299.8327284304,
    "confidence": 3089509.237117499,
    "low": 83660989.38144125,
    "high": 86750498.61855875,
    "count": 5
  },
  "rss memory": {
    "min": 1176760320,
    "max": 1264058368,
    "mean": 1213206528,
    "median": 1205288960,
    "variance": 876534501579161.6,
    "stdDev": 29606325.364339992,
    "confidence": 73510429.94972229,
    "low": 1176451313.0251389,
    "high": 1249961742.9748611,
    "count": 5
  },
  "external memory": {
    "min": 32423374,
    "max": 32899887,
    "mean": 32611512.6,
    "median": 32578928,
    "variance": 33828590990.24,
    "stdDev": 183925.50391460126,
    "confidence": 456674.1297711581,
    "low": 32383175.535114422,
    "high": 32839849.66488558,
    "count": 5
  },
  "array buffers memory": {
    "min": 3813106,
    "max": 4378844,
    "mean": 4183667.2,
    "median": 4207177,
    "variance": 39275431288.56,
    "stdDev": 198180.29995072668,
    "confidence": 492067.7888141428,
    "low": 3937633.3055929285,
    "high": 4429701.094407071,
    "count": 5
  },
  "Compilation.finish modules": {
    "min": 29,
    "max": 31,
    "mean": 29.8,
    "median": 30,
    "variance": 0.56,
    "stdDev": 0.7483314773547883,
    "confidence": 1.858054586926876,
    "low": 28.870972706536563,
    "high": 30.72902729346344,
    "count": 5
  },
  "Compilation.optimize dependencies": {
    "min": 54,
    "max": 58,
    "mean": 56,
    "median": 56,
    "variance": 1.6,
    "stdDev": 1.2649110640673518,
    "confidence": 3.140685479318165,
    "low": 54.42965726034092,
    "high": 57.57034273965908,
    "count": 5
  },
  "Compilation.rebuild chunk graph": {
    "min": 14,
    "max": 16,
    "mean": 14.8,
    "median": 15,
    "variance": 0.56,
    "stdDev": 0.7483314773547883,
    "confidence": 1.858054586926876,
    "low": 13.870972706536563,
    "high": 15.729027293463439,
    "count": 5
  },
  "Compilation.create chunks": {
    "min": 23,
    "max": 27,
    "mean": 24.8,
    "median": 25,
    "variance": 1.7600000000000002,
    "stdDev": 1.32664991614216,
    "confidence": 3.293978720028413,
    "low": 23.153010639985794,
    "high": 26.446989360014207,
    "count": 5
  },
  "Compilation.optimize": {
    "min": 72,
    "max": 79,
    "mean": 75,
    "median": 73,
    "variance": 8.4,
    "stdDev": 2.898275349237888,
    "confidence": 7.196214471512093,
    "low": 71.40189276424395,
    "high": 78.59810723575605,
    "count": 5
  },
  "Compilation.module ids": {
    "min": 0,
    "max": 0,
    "mean": 0,
    "median": 0,
    "variance": 0,
    "stdDev": 0,
    "confidence": 0,
    "low": 0,
    "high": 0,
    "count": 5
  },
  "Compilation.chunk ids": {
    "min": 0,
    "max": 0,
    "mean": 0,
    "median": 0,
    "variance": 0,
    "stdDev": 0,
    "confidence": 0,
    "low": 0,
    "high": 0,
    "count": 5
  },
  "Compilation.optimize code generation": {
    "min": 9,
    "max": 9,
    "mean": 9,
    "median": 9,
    "variance": 0,
    "stdDev": 0,
    "confidence": 0,
    "low": 9,
    "high": 9,
    "count": 5
  },
  "Compilation.module code generation cache": {
    "min": 0,
    "max": 0,
    "mean": 0,
    "median": 0,
    "variance": 0,
    "stdDev": 0,
    "confidence": 0,
    "low": 0,
    "high": 0,
    "count": 5
  },
  "Compilation.code generation": {
    "min": 273,
    "max": 277,
    "mean": 275.2,
    "median": 275,
    "variance": 1.7600000000000002,
    "stdDev": 1.32664991614216,
    "confidence": 3.2939787200284627,
    "low": 273.55301063998576,
    "high": 276.8469893600142,
    "count": 5
  },
  "Compilation.runtime requirements.modules": {
    "min": 6,
    "max": 7,
    "mean": 6.8,
    "median": 7,
    "variance": 0.15999999999999998,
    "stdDev": 0.39999999999999997,
    "confidence": 0.993171952886307,
    "low": 6.303414023556846,
    "high": 7.296585976443153,
    "count": 5
  },
  "Compilation.runtime requirements.chunks": {
    "min": 0,
    "max": 0,
    "mean": 0,
    "median": 0,
    "variance": 0,
    "stdDev": 0,
    "confidence": 0,
    "low": 0,
    "high": 0,
    "count": 5
  },
  "Compilation.runtime requirements.entries": {
    "min": 0,
    "max": 0,
    "mean": 0,
    "median": 0,
    "variance": 0,
    "stdDev": 0,
    "confidence": 0,
    "low": 0,
    "high": 0,
    "count": 5
  },
  "Compilation.runtime requirements": {
    "min": 7,
    "max": 7,
    "mean": 7,
    "median": 7,
    "variance": 0,
    "stdDev": 0,
    "confidence": 0,
    "low": 7,
    "high": 7,
    "count": 5
  },
  "Compilation.hashing: hash chunks": {
    "min": 0,
    "max": 0,
    "mean": 0,
    "median": 0,
    "variance": 0,
    "stdDev": 0,
    "confidence": 0,
    "low": 0,
    "high": 0,
    "count": 5
  },
  "Compilation.hashing: hash runtime chunks": {
    "min": 0,
    "max": 0,
    "mean": 0,
    "median": 0,
    "variance": 0,
    "stdDev": 0,
    "confidence": 0,
    "low": 0,
    "high": 0,
    "count": 5
  },
  "Compilation.hashing: process full hash chunks": {
    "min": 0,
    "max": 0,
    "mean": 0,
    "median": 0,
    "variance": 0,
    "stdDev": 0,
    "confidence": 0,
    "low": 0,
    "high": 0,
    "count": 5
  },
  "Compilation.hashing": {
    "min": 0,
    "max": 0,
    "mean": 0,
    "median": 0,
    "variance": 0,
    "stdDev": 0,
    "confidence": 0,
    "low": 0,
    "high": 0,
    "count": 5
  },
  "Compilation.create module assets": {
    "min": 0,
    "max": 0,
    "mean": 0,
    "median": 0,
    "variance": 0,
    "stdDev": 0,
    "confidence": 0,
    "low": 0,
    "high": 0,
    "count": 5
  },
  "Compilation.create chunk assets": {
    "min": 0,
    "max": 0,
    "mean": 0,
    "median": 0,
    "variance": 0,
    "stdDev": 0,
    "confidence": 0,
    "low": 0,
    "high": 0,
    "count": 5
  },
  "Compilation.process assets": {
    "min": 3072,
    "max": 3127,
    "mean": 3097.2,
    "median": 3093,
    "variance": 501.76000000000005,
    "stdDev": 22.400000000000002,
    "confidence": 55.61762936163359,
    "low": 3069.391185319183,
    "high": 3125.0088146808166,
    "count": 5
  },
  "Compilation.after process assets": {
    "min": 0,
    "max": 0,
    "mean": 0,
    "median": 0,
    "variance": 0,
    "stdDev": 0,
    "confidence": 0,
    "low": 0,
    "high": 0,
    "count": 5
  },
  "Compilation.after seal": {
    "min": 0,
    "max": 0,
    "mean": 0,
    "median": 0,
    "variance": 0,
    "stdDev": 0,
    "confidence": 0,
    "low": 0,
    "high": 0,
    "count": 5
  },
  "Compiler.make hook": {
    "min": 2,
    "max": 2,
    "mean": 2,
    "median": 2,
    "variance": 0,
    "stdDev": 0,
    "confidence": 0,
    "low": 2,
    "high": 2,
    "count": 5
  },
  "Compiler.make": {
    "min": 646,
    "max": 666,
    "mean": 654.8,
    "median": 653,
    "variance": 46.160000000000004,
    "stdDev": 6.794115100585212,
    "confidence": 16.86931140645629,
    "low": 646.3653442967718,
    "high": 663.2346557032281,
    "count": 5
  },
  "Compiler.finish make hook": {
    "min": 0,
    "max": 0,
    "mean": 0,
    "median": 0,
    "variance": 0,
    "stdDev": 0,
    "confidence": 0,
    "low": 0,
    "high": 0,
    "count": 5
  },
  "Compiler.finish compilation": {
    "min": 59,
    "max": 61,
    "mean": 59.6,
    "median": 59,
    "variance": 0.64,
    "stdDev": 0.8,
    "confidence": 1.986343905772614,
    "low": 58.606828047113694,
    "high": 60.59317195288631,
    "count": 5
  },
  "Compiler.seal compilation": {
    "min": 3539,
    "max": 3594,
    "mean": 3567.2,
    "median": 3562,
    "variance": 514.96,
    "stdDev": 22.69273011340857,
    "confidence": 56.344457707639776,
    "low": 3539.02777114618,