{
  "stats": {
    "min": 841,
    "max": 865,
    "mean": 856,
    "median": 860,
    "variance": 79.2,
    "stdDev": 8.899438184514796,
    "confidence": 22.09668100326371,
    "low": 844.9516594983681,
    "high": 867.0483405016319,
    "count": 5
  },
  "heap memory": {
    "min": 9031880,
    "max": 9056280,
    "mean": 9047184,
    "median": 9052568,
    "variance": 79724697.6,
    "stdDev": 8928.868774934483,
    "confidence": 22169.755095668137,
    "low": 9036099.122452166,
    "high": 9058268.877547834,
    "count": 5
  },
  "rss memory": {
    "min": 782512128,
    "max": 809017344,
    "mean": 796005990.4,
    "median": 799563776,
    "variance": 87726965905162.25,
    "stdDev": 9366267.447877102,
    "confidence": 23255785.331158876,
    "low": 784378097.7344205,
    "high": 807633883.0655794,
    "count": 5
  },
  "external memory": {
    "min": 2767405,
    "max": 2767405,
    "mean": 2767405,
    "median": 2767405,
    "variance": 0,
    "stdDev": 0,
    "confidence": 0,
    "low": 2767405,
    "high": 2767405,
    "count": 5
  },
  "array buffers memory": {
    "min": 899350,
    "max": 899350,
    "mean": 899350,
    "median": 899350,
    "variance": 0,
    "stdDev": 0,
    "confidence": 0,
    "low": 899350,
    "high": 899350,
    "count": 5
  },
  "Compilation.finish modules": {
    "min": 20,
    "max": 24,
    "mean": 22.2,
    "median": 22,
    "variance": 1.7600000000000002,
    "stdDev": 1.32664991614216,
    "confidence": 3.293978720028413,
    "low": 20.553010639985793,
    "high": 23.846989360014206,
    "count": 5
  },
  "Compilation.build module graph": {
    "min": 164,
    "max": 171,
    "mean": 167.4,
    "median": 166,
    "variance": 7.039999999999999,
    "stdDev": 2.6532998322843198,
    "confidence": 6.587957440056812,
    "low": 164.1060212799716,
    "high": 170.6939787200284,
    "count": 5
  },
  "Compilation.seal": {
    "min": 0,
    "max": 0,
    "mean": 0,
    "median": 0,
    "variance": 0,
    "stdDev": 0,
    "confidence": 0,
    "low": 0,
    "high": 0,
    "count": 5
  },
  "Compilation.optimize dependencies": {
    "min": 32,
    "max": 40,
    "mean": 35.8,
    "median": 36,
    "variance": 8.959999999999999,
    "stdDev": 2.993325909419153,
    "confidence": 7.432218347707504,
    "low": 32.083890826146245,
    "high": 39.51610917385375,
    "count": 5
  },
  "Compilation.rebuild chunk graph": {
    "min": 30,
    "max": 41,
    "mean": 37.4,
    "median": 39,
    "variance": 15.439999999999998,
    "stdDev": 3.9293765408777,
    "confidence": 9.756366431822855,
    "low": 32.52181678408857,
    "high": 42.278183215911426,
    "count": 5
  },
  "Compilation.build chunk graph": {
    "min": 32,
    "max": 45,
    "mean": 39.8,
    "median": 41,
    "variance": 18.96,
    "stdDev": 4.354308211415448,
    "confidence": 10.811441974500895,
    "low": 34.39427901274955,
    "high": 45.205720987250444,
    "count": 5
  },
  "Compilation.optimize modules": {
    "min": 0,
    "max": 0,
    "mean": 0,
    "median": 0,
    "variance": 0,
    "stdDev": 0,
    "confidence": 0,
    "low": 0,
    "high": 0,
    "count": 5
  },
  "Compilation.optimize chunks": {
    "min": 24,
    "max": 27,
    "mean": 25.6,
    "median": 26,
    "variance": 1.0399999999999998,
    "stdDev": 1.0198039027185568,
    "confidence": 2.5321015840601646,
    "low": 24.33394920796992,
    "high": 26.866050792030084,
    "count": 5
  },
  "Compilation.optimize tree": {
    "min": 0,
    "max": 0,
    "mean": 0,
    "median": 0,
    "variance": 0,
    "stdDev": 0,
    "confidence": 0,
    "low": 0,
    "high": 0,
    "count": 5
  },
  "Compilation.optimize chunk modules": {
    "min": 61,
    "max": 73,
    "mean": 68.4,
    "median": 71,
    "variance": 24.639999999999997,
    "stdDev": 4.963869458396342,
    "confidence": 12.324939809670468,
    "low": 62.23753009516477,
    "high": 74.56246990483524,
    "count": 5
  },
  "Compilation.module ids": {
    "min": 2,
    "max": 2,
    "mean": 2,
    "median": 2,
    "variance": 0,
    "stdDev": 0,
    "confidence": 0,
    "low": 2,
    "high": 2,
    "count": 5
  },
  "Compilation.chunk ids": {
    "min": 3,
    "max": 3,
    "mean": 3,
    "median": 3,
    "variance": 0,
    "stdDev": 0,
    "confidence": 0,
    "low": 3,
    "high": 3,
    "count": 5
  },
  "Compilation.assign runtime ids": {
    "min": 0,
    "max": 0,
    "mean": 0,
    "median": 0,
    "variance": 0,
    "stdDev": 0,
    "confidence": 0,
    "low": 0,
    "high": 0,
    "count": 5
  },
  "Compilation.optimize code generation": {
    "min": 5,
    "max": 5,
    "mean": 5,
    "median": 5,
    "variance": 0,
    "stdDev": 0,
    "confidence": 0,
    "low": 5,
    "high": 5,
    "count": 5
  },
  "Compilation.create module hashes": {
    "min": 38,
    "max": 45,
    "mean": 41,
    "median": 40,
    "variance": 6.8,
    "stdDev": 2.6076809620810595,
    "confidence": 6.47468898403622,
    "low": 37.76265550798189,
    "high": 44.23734449201811,
    "count": 5
  },
  "Compilation.module code generation cache": {
    "min": 0,
    "max": 0,
    "mean": 0,
    "median": 0,
    "variance": 0,
    "stdDev": 0,
    "confidence": 0,
    "low": 0,
    "high": 0,
    "count": 5
  },
  "Compilation.code generation": {
    "min": 118,
    "max": 130,
    "mean": 124.2,
    "median": 124,
    "variance": 15.359999999999996,
    "stdDev": 3.9191835884530843,
    "confidence": 9.731058045659793,
    "low": 119.33447097717011,
    "high": 129.0655290228299,
    "count": 5
  },
  "Compilation.runtime requirements.modules": {
    "min": 1,
    "max": 2,
    "mean": 1.8,
    "median": 2,
    "variance": 0.16000000000000006,
    "stdDev": 0.4000000000000001,
    "confidence": 0.9931719528863066,
    "low": 1.3034140235568468,
    "high": 2.2965859764431533,
    "count": 5
  },
  "Compilation.runtime requirements.chunks": {
    "min": 0,
    "max": 0,
    "mean": 0,
    "median": 0,
    "variance": 0,
    "stdDev": 0,
    "confidence": 0,
    "low": 0,
    "high": 0,
    "count": 5
  },
  "Compilation.runtime requirements.entries": {
    "min": 0,
    "max": 0,
    "mean": 0,
    "median": 0,
    "variance": 0,
    "stdDev": 0,
    "confidence": 0,
    "low": 0,
    "high": 0,
    "count": 5
  },
  "Compilation.runtime requirements": {
    "min": 2,
    "max": 4,
    "mean": 3.4,
    "median": 4,
    "variance": 0.64,
    "stdDev": 0.8,
    "confidence": 1.986343905772613,
    "low": 2.4068280471136934,
    "high": 4.3931719528863065,
    "count": 5
  },
  "Compilation.hashing: hash chunks": {
    "min": 0,
    "max": 0,
    "mean": 0,
    "median": 0,
    "variance": 0,
    "stdDev": 0,
    "confidence": 0,
    "low": 0,
    "high": 0,
    "count": 5
  },
  "Compilation.hashing: hash runtime chunks": {
    "min": 0,
    "max": 0,
    "mean": 0,
    "median": 0,
    "variance": 0,
    "stdDev": 0,
    "confidence": 0,
    "low": 0,
    "high": 0,
    "count": 5
  },
  "Compilation.hashing: process full hash chunks": {
    "min": 0,
    "max": 0,
    "mean": 0,
    "median": 0,
    "variance": 0,
    "stdDev": 0,
    "confidence": 0,
    "low": 0,
    "high": 0,
    "count": 5
  },
  "Compilation.hashing": {
    "min": 0,
    "max": 0,
    "mean": 0,
    "median": 0,
    "variance": 0,
    "stdDev": 0,
    "confidence": 0,
    "low": 0,
    "high": 0,
    "count": 5
  },
  "Compilation.create module assets": {
    "min": 0,
    "max": 0,
    "mean": 0,
    "median": 0,
    "variance": 0,
    "stdDev": 0,
    "confidence": 0,
    "low": 0,
    "high": 0,
    "count": 5
  },
  "Compilation.create chunk assets": {
    "min": 2,
    "max": 2,
    "mean": 2,
    "median": 2,
    "variance": 0,
    "stdDev": 0,
    "confidence": 0,
    "low": 2,
    "high": 2,
    "count": 5
  },
  "Compilation.process assets": {
    "min": 236,
    "max": 263,
    "mean": 250.8,
    "median": 254,
    "variance": 87.76000000000002,
    "stdDev": 9.368030742904295,
    "confidence": 23.260163469073063,
    "low": 239.16991826546348,