{
  "stats": {
    "min": 5257,
    "max": 5342,
    "mean": 5293.4,
    "median": 5296,
    "variance": 535.6400000000001,
    "stdDev": 23.143897683838823,
    "confidence": 33.109993610147285,
    "low": 5276.845003194926,
    "high": 5309.954996805073,
    "count": 10
  },
  "heap memory": {
    "min": 18657232,
    "max": 75942968,
    "mean": 42372647.2,
    "median": 40402512,
    "variance": 574339723812255.4,
    "stdDev": 23965385.951664858,
    "confidence": 34285226.56658773,
    "low": 25230033.916706137,
    "high": 59515260.48329387,
    "count": 10
  },
  "rss memory": {
    "min": 955265024,
    "max": 1036394496,
    "mean": 992809779.2,
    "median": 955424768,
    "variance": 969916944859791.2,
    "stdDev": 31143489.606333315,
    "confidence": 44554325.11626768,
    "low": 970532616.6418662,
    "high": 1015086941.7581339,
    "count": 10
  },
  "external memory": {
    "min": 40527862,
    "max": 46137958,
    "mean": 41591916.4,
    "median": 41034091.5,
    "variance": 2384641279094.64,
    "stdDev": 1544228.3765993423,
    "confidence": 2209195.3732372224,
    "low": 40487318.71338139,
    "high": 42696514.08661861,
    "count": 10
  },
  "array buffers memory": {
    "min": 33269,
    "max": 10795660,
    "mean": 3915943.8,
    "median": 33269,
    "variance": 16281396919662.959,
    "stdDev": 4035021.303495554,
    "confidence": 5772559.6353996005,
    "low": 1029663.9823001991,
    "high": 6802223.6176998,
    "count": 10
  },
  "Compilation.module add task": {
    "min": 78,
    "max": 82,
    "mean": 80.5,
    "median": 81,
    "variance": 2.05,
    "stdDev": 1.4317821063276353,
    "confidence": 2.0483281182466726,
    "low": 79.47583594087666,
    "high": 81.52416405912334,
    "count": 10
  },
  "Compilation.module process dependencies task": {
    "min": 66,
    "max": 72,
    "mean": 68.6,
    "median": 69,
    "variance": 4.64,
    "stdDev": 2.1540659228538015,
    "confidence": 3.0816377567780364,
    "low": 67.05918112161098,
    "high": 70.14081887838901,
    "count": 10
  },
  "Compilation.module factorize task": {
    "min": 57,
    "max": 62,
    "mean": 59.4,
    "median": 59.5,
    "variance": 2.64,
    "stdDev": 1.624807680927192,
    "confidence": 2.3244732874352394,
    "low": 58.23776335628238,
    "high": 60.56223664371762,
    "count": 10
  },
  "Compilation.module build task": {
    "min": 42,
    "max": 47,
    "mean": 44.8,
    "median": 45,
    "variance": 2.7600000000000002,
    "stdDev": 1.661324772583615,
    "confidence": 2.37671516509657,
    "low": 43.61164241745171,
    "high": 45.98835758254828,
    "count": 10
  },
  "Compilation.finish modules": {
    "min": 0,
    "max": 0,
    "mean": 0,
    "median": 0,
    "variance": 0,
    "stdDev": 0,
    "confidence": 0,
    "low": 0,
    "high": 0,
    "count": 10
  },
  "Compilation.optimize dependencies": {
    "min": 107,
    "max": 111,
    "mean": 109.8,
    "median": 110.5,
    "variance": 1.9600000000000002,
    "stdDev": 1.4000000000000001,
    "confidence": 2.0028601788442586,
    "low": 108.79856991057787,
    "high": 110.80143008942213,
    "count": 10
  },
  "Compilation.create chunks": {
    "min": 30,
    "max": 34,
    "mean": 31.2,
    "median": 31,
    "variance": 0.9600000000000002,
    "stdDev": 0.9797958971132713,
    "confidence": 1.4017101326593888,
    "low": 30.499144933670305,
    "high": 31.900855066329694,
    "count": 10
  },
  "Compilation.optimize": {
    "min": 0,
    "max": 0,
    "mean": 0,
    "median": 0,
    "variance": 0,
    "stdDev": 0,
    "confidence": 0,
    "low": 0,
    "high": 0,
    "count": 10
  },
  "Compilation.module ids": {
    "min": 18,
    "max": 24,
    "mean": 19.9,
    "median": 19,
    "variance": 4.69,
    "stdDev": 2.1656407827707715,
    "confidence": 3.098196918209041,
    "low": 18.350901540895478,
    "high": 21.44909845910452,
    "count": 10
  },
  "Compilation.chunk ids": {
    "min": 0,
    "max": 0,
    "mean": 0,
    "median": 0,
    "variance": 0,
    "stdDev": 0,
    "confidence": 0,
    "low": 0,
    "high": 0,
    "count": 10
  },
  "Compilation.optimize code generation": {
    "min": 0,
    "max": 0,
    "mean": 0,
    "median": 0,
    "variance": 0,
    "stdDev": 0,
    "confidence": 0,
    "low": 0,
    "high": 0,
    "count": 10
  },
  "Compilation.code generation": {
    "min": 26,
    "max": 31,
    "mean": 27.5,
    "median": 27,
    "variance": 3.05,
    "stdDev": 1.746424919657298,
    "confidence": 2.4984606620877585,
    "low": 26.25076966895612,
    "high": 28.74923033104388,
    "count": 10
  },
  "Compilation.runtime requirements.modules": {
    "min": 2,
    "max": 2,
    "mean": 2,
    "median": 2,
    "variance": 0,
    "stdDev": 0,
    "confidence": 0,
    "low": 2,
    "high": 2,
    "count": 10
  },
  "Compilation.runtime requirements.chunks": {
    "min": 0,
    "max": 1,
    "mean": 0.9,
    "median": 1,
    "variance": 0.09000000000000001,
    "stdDev": 0.30000000000000004,
    "confidence": 0.4291843240380524,
    "low": 0.6854078379809738,
    "high": 1.1145921620190262,
    "count": 10
  },
  "Compilation.runtime requirements.entries": {
    "min": 0,
    "max": 0,
    "mean": 0,
    "median": 0,
    "variance": 0,
    "stdDev": 0,
    "confidence": 0,
    "low": 0,
    "high": 0,
    "count": 10
  },
  "Compilation.runtime requirements": {
    "min": 4,
    "max": 4,
    "mean": 4,
    "median": 4,
    "variance": 0,
    "stdDev": 0,
    "confidence": 0,
    "low": 4,
    "high": 4,
    "count": 10
  },
  "Compilation.hashing: hash chunks": {
    "min": 0,
    "max": 0,
    "mean": 0,
    "median": 0,
    "variance": 0,
    "stdDev": 0,
    "confidence": 0,
    "low": 0,
    "high": 0,
    "count": 10
  },
  "Compilation.hashing: hash runtime chunks": {
    "min": 6,
    "max": 6,
    "mean": 6,
    "median": 6,
    "variance": 0,
    "stdDev": 0,
    "confidence": 0,
    "low": 6,
    "high": 6,
    "count": 10
  },
  "Compilation.hashing: process full hash chunks": {
    "min": 0,
    "max": 0,
    "mean": 0,
    "median": 0,
    "variance": 0,
    "stdDev": 0,
    "confidence": 0,
    "low": 0,
    "high": 0,
    "count": 10
  },
  "Compilation.hashing": {
    "min": 6,
    "max": 6,
    "mean": 6,
    "median": 6,
    "variance": 0,
    "stdDev": 0,
    "confidence": 0,
    "low": 6,
    "high": 6,
    "count": 10
  },
  "Compilation.create module assets": {
    "min": 0,
    "max": 0,
    "mean": 0,
    "median": 0,
    "variance": 0,
    "stdDev": 0,
    "confidence": 0,
    "low": 0,
    "high": 0,
    "count": 10
  },
  "Compilation.create chunk assets": {
    "min": 4,
    "max": 5,
    "mean": 4.1,
    "median": 4,
    "variance": 0.09,
    "stdDev": 0.3,
    "confidence": 0.4291843240380526,
    "low": 3.8854078379809733,
    "high": 4.314592162019026,
    "count": 10
  },
  "Compilation.process assets": {
    "min": 4357,
    "max": 4400,
    "mean": 4383.8,
    "median": 4381.5,
    "variance": 152.76000000000005,
    "stdDev": 12.359611644384303,
    "confidence": 17.681838563226847,
    "low": 4374.959080718387,
    "high": 4392.640919281614,
    "count": 10
  },
  "Compilation.after process assets": {
    "min": 0,
    "max": 0,
    "mean": 0,
    "median": 0,
    "variance": 0,
    "stdDev": 0,
    "confidence": 0,
    "low": 0,
    "high": 0,
    "count": 10
  },
  "Compiler.make hook": {
    "min": 0,
    "max": 0,
    "mean": 0,
    "median": 0,
    "variance": 0,
    "stdDev": 0,
    "confidence": 0,
    "low": 0,
    "high": 0,
    "count": 10
  },
  "Compiler.make": {
    "min": 619,
    "max": 664,
    "mean": 644.2,
    "median": 649,
    "variance": 257.55999999999995,
    "stdDev": 16.048675957847735,
    "confidence": 22.95946714224874,
    "low": 632.7202664288757,
    "high": 655.6797335711244,
    "count": 10
  },
  "Compiler.finish make hook": {
    "min": 0,
    "max": 0,
    "mean": 0,
    "median": 0,
    "variance": 0,
    "stdDev": 0,
    "confidence": 0,
    "low": 0,
    "high": 0,
    "count": 10
  },