{
  "stats": {
    "min": 4648,
    "max": 4731,
    "mean": 4700.6,
    "median": 4712,
    "variance": 854.2400000000001,
    "stdDev": 29.22738441941051,
    "confidence": 72.56954615396171,
    "low": 4664.3152269230195,
    "high": 4736.884773076981,
    "count": 5
  },
  "heap memory": {
    "min": 53257200,
    "max": 57787096,
    "mean": 54915628.8,
    "median": 54467120,
    "variance": 2349532177372.16,
    "stdDev": 1532818.377164157,
    "confidence": 3805880.5526703596,
    "low": 53012688.52366482,
    "high": 56818569.07633518,
    "count": 5
  },
  "rss memory": {
    "min": 1000099840,
    "max": 1081147392,
    "mean": 1027851059.2,
    "median": 1023954944,
    "variance": 809549335321641,
    "stdDev": 28452580.46859091,
    "confidence": 70645762.27161312,
    "low": 992528178.0641935,
    "high": 1063173940.3358066,
    "count": 5
  },
  "external memory": {
    "min": 33873574,
    "max": 35025137,
    "mean": 34310440.4,
    "median": 34224715,
    "variance": 150472946809.44,
    "stdDev": 387908.4258036167,
    "confidence": 963149.42199108,
    "low": 33828865.68900446,
    "high": 34792015.11099554,
    "count": 5
  },
  "array buffers memory": {
    "min": 4972234,
    "max": 5238307,
    "mean": 5135165.4,
    "median": 5159509,
    "variance": 8442649655.44,
    "stdDev": 91883.89225234203,
    "confidence": 228141.26176763326,
    "low": 5021094.769116184,
    "high": 5249236.030883817,
    "count": 5
  },
  "Compilation.finish modules": {
    "min": 25,
    "max": 25,
    "mean": 25,
    "median": 25,
    "variance": 0,
    "stdDev": 0,
    "confidence": 0,
    "low": 25,
    "high": 25,
    "count": 5
  },
  "Compilation.optimize dependencies": {
    "min": 44,
    "max": 48,
    "mean": 46,
    "median": 46,
    "variance": 2,
    "stdDev": 1.4142135623730951,
    "confidence": 3.5113931138509713,
    "low": 44.244303443074514,
    "high": 47.755696556925486,
    "count": 5
  },
  "Compilation.rebuild chunk graph": {
    "min": 14,
    "max": 15,
    "mean": 14.2,
    "median": 14,
    "variance": 0.16,
    "stdDev": 0.4,
    "confidence": 0.993171952886307,
    "low": 13.703414023556846,
    "high": 14.696585976443153,
    "count": 5
  },
  "Compilation.create chunks": {
    "min": 20,
    "max": 21,
    "mean": 20.8,
    "median": 21,
    "variance": 0.15999999999999998,
    "stdDev": 0.39999999999999997,
    "confidence": 0.993171952886307,
    "low": 20.303414023556847,
    "high": 21.296585976443154,
    "count": 5
  },
  "Compilation.optimize": {
    "min": 53,
    "max": 60,
    "mean": 56.6,
    "median": 57,
    "variance": 7.44,
    "stdDev": 2.727636339397171,
    "confidence": 6.772529774906857,
    "low": 53.21373511254657,
    "high": 59.98626488745343,
    "count": 5
  },
  "Compilation.module ids": {
    "min": 0,
    "max": 0,
    "mean": 0,
    "median": 0,
    "variance": 0,
    "stdDev": 0,
    "confidence": 0,
    "low": 0,
    "high": 0,
    "count": 5
  },
  "Compilation.chunk ids": {
    "min": 0,
    "max": 0,
    "mean": 0,
    "median": 0,
    "variance": 0,
    "stdDev": 0,
    "confidence": 0,
    "low": 0,
    "high": 0,
    "count": 5
  },
  "Compilation.optimize code generation": {
    "min": 7,
    "max": 9,
    "mean": 7.6,
    "median": 7,
    "variance": 0.64,
    "stdDev": 0.8,
    "confidence": 1.986343905772614,
    "low": 6.606828047113693,
    "high": 8.593171952886307,
    "count": 5
  },
  "Compilation.module code generation cache": {
    "min": 0,
    "max": 0,
    "mean": 0,
    "median": 0,
    "variance": 0,
    "stdDev": 0,
    "confidence": 0,
    "low": 0,
    "high": 0,
    "count": 5
  },
  "Compilation.code generation": {
    "min": 348,
    "max": 352,
    "mean": 349.6,
    "median": 349,
    "variance": 1.8399999999999999,
    "stdDev": 1.3564659966250536,
    "confidence": 3.3680099572299014,
    "low": 347.9159950213851,
    "high": 351.284004978615,
    "count": 5
  },
  "Compilation.runtime requirements.modules": {
    "min": 5,
    "max": 10,
    "mean": 6,
    "median": 5,
    "variance": 4,
    "stdDev": 2,
    "confidence": 4.965859764431531,
    "low": 3.517070117784234,
    "high": 8.482929882215766,
    "count": 5
  },
  "Compilation.runtime requirements.chunks": {
    "min": 0,
    "max": 0,
    "mean": 0,
    "median": 0,
    "variance": 0,
    "stdDev": 0,
    "confidence": 0,
    "low": 0,
    "high": 0,
    "count": 5
  },
  "Compilation.runtime requirements.entries": {
    "min": 0,
    "max": 0,
    "mean": 0,
    "median": 0,
    "variance": 0,
    "stdDev": 0,
    "confidence": 0,
    "low": 0,
    "high": 0,
    "count": 5
  },
  "Compilation.runtime requirements": {
    "min": 6,
    "max": 10,
    "mean": 6.8,
    "median": 6,
    "variance": 2.560000000000001,
    "stdDev": 1.6000000000000003,
    "confidence": 3.972687811545226,
    "low": 4.813656094227387,
    "high": 8.786343905772613,
    "count": 5
  },
  "Compilation.hashing: hash chunks": {
    "min": 0,
    "max": 0,
    "mean": 0,
    "median": 0,
    "variance": 0,
    "stdDev": 0,
    "confidence": 0,
    "low": 0,
    "high": 0,
    "count": 5
  },
  "Compilation.hashing: hash runtime chunks": {
    "min": 0,
    "max": 0,
    "mean": 0,
    "median": 0,
    "variance": 0,
    "stdDev": 0,
    "confidence": 0,
    "low": 0,
    "high": 0,
    "count": 5
  },
  "Compilation.hashing: process full hash chunks": {
    "min": 0,
    "max": 0,
    "mean": 0,
    "median": 0,
    "variance": 0,
    "stdDev": 0,
    "confidence": 0,
    "low": 0,
    "high": 0,
    "count": 5
  },
  "Compilation.hashing": {
    "min": 0,
    "max": 0,
    "mean": 0,
    "median": 0,
    "variance": 0,
    "stdDev": 0,
    "confidence": 0,
    "low": 0,
    "high": 0,
    "count": 5
  },
  "Compilation.create module assets": {
    "min": 0,
    "max": 0,
    "mean": 0,
    "median": 0,
    "variance": 0,
    "stdDev": 0,
    "confidence": 0,
    "low": 0,
    "high": 0,
    "count": 5
  },
  "Compilation.create chunk assets": {
    "min": 0,
    "max": 0,
    "mean": 0,
    "median": 0,
    "variance": 0,
    "stdDev": 0,
    "confidence": 0,
    "low": 0,
    "high": 0,
    "count": 5
  },
  "Compilation.process assets": {
    "min": 3230,
    "max": 3264,
    "mean": 3248,
    "median": 3249,
    "variance": 121.2,
    "stdDev": 11.009087155618309,
    "confidence": 27.334791474602753,
    "low": 3234.3326042626986,
    "high": 3261.6673957373014,
    "count": 5
  },
  "Compilation.after process assets": {
    "min": 0,
    "max": 0,
    "mean": 0,
    "median": 0,
    "variance": 0,
    "stdDev": 0,
    "confidence": 0,
    "low": 0,
    "high": 0,
    "count": 5
  },
  "Compilation.after seal": {
    "min": 0,
    "max": 0,
    "mean": 0,
    "median": 0,
    "variance": 0,
    "stdDev": 0,
    "confidence": 0,
    "low": 0,
    "high": 0,
    "count": 5
  },
  "Compiler.make hook": {
    "min": 0,
    "max": 0,
    "mean": 0,
    "median": 0,
    "variance": 0,
    "stdDev": 0,
    "confidence": 0,
    "low": 0,
    "high": 0,
    "count": 5
  },
  "Compiler.make": {
    "min": 732,
    "max": 763,
    "mean": 752.4,
    "median": 753,
    "variance": 120.63999999999999,
    "stdDev": 10.983624174196784,
    "confidence": 27.27156867714075,
    "low": 738.7642156614296,
    "high": 766.0357843385704,
    "count": 5
  },
  "Compiler.finish make hook": {
    "min": 0,
    "max": 0,
    "mean": 0,
    "median": 0,
    "variance": 0,
    "stdDev": 0,
    "confidence": 0,
    "low": 0,
    "high": 0,
    "count": 5
  },
  "Compiler.finish compilation": {
    "min": 56,
    "max": 57,
    "mean": 56.6,
    "median": 57,
    "variance": 0.24,
    "stdDev": 0.4898979485566356,
    "confidence": 1.2163822557074724,
    "low": 55.991808872146265,
    "high": 57.20819112785374,
    "count": 5
  },
  "Compiler.seal compilation": {
    "min": 3791,
    "max": 3842,
    "mean": 3819.2,
    "median": 3826,
    "variance": 301.36,
    "stdDev": 17.359723500102184,
    "confidence": 43.102976225406564,