{
  "stats": {
    "min": 121.27272727272727,
    "max": 125,
    "mean": 123.2,
    "median": 123.0909090909091,
    "variance": 1.6971900826446356,
    "stdDev": 1.3027624812853016,
    "confidence": 3.2346678942128335,
    "low": 121.58266605289359,
    "high": 124.81733394710642,
    "count": 5
  },
  "heap memory": {
    "min": 85034262.54545455,
    "max": 87591793.45454545,
    "mean": 86249095.85454544,
    "median": 86144350.54545455,
    "variance": 685512616927.7133,
    "stdDev": 827956.8931579187,
    "confidence": 2055758.9112083316,
    "low": 85221216.39894128,
    "high": 87276975.31014961,
    "count": 5
  },
  "rss memory": {
    "min": 694229550.5454545,
    "max": 700478557.0909091,
    "mean": 697046481.4545454,
    "median": 696299147.6363636,
    "variance": 6016817577415.3955,
    "stdDev": 2452920.214237592,
    "confidence": 6090428.898621559,
    "low": 694001267.0052346,
    "high": 700091695.9038562,
    "count": 5
  },
  "external memory": {
    "min": 52671837,
    "max": 53009636.27272727,
    "mean": 52770422.47272728,
    "median": 52688987,
    "variance": 16426567602.229391,
    "stdDev": 128166.17183262279,
    "confidence": 318227.61793242395,
    "low": 52611308.663761064,
    "high": 52929536.28169349,
    "count": 5
  },
  "array buffers memory": {
    "min": 25424561.545454547,
    "max": 25495235.454545453,
    "mean": 25459964.436363637,
    "median": 25461913.181818184,
    "variance": 847081398.8542097,
    "stdDev": 29104.66283697871,
    "confidence": 72264.83706974983,
    "low": 25423832.017828763,
    "high": 25496096.854898512,
    "count": 5
  },
  "Compilation.build module graph": {
    "min": 24.727272727272727,
    "max": 25.545454545454547,
    "mean": 25.163636363636364,
    "median": 25.363636363636363,
    "variance": 0.1071074380165294,
    "stdDev": 0.327272727272728,
    "confidence": 0.8125952341797102,
    "low": 24.75733874654651,
    "high": 25.56993398072622,
    "count": 5
  },
  "Compilation.finish modules": {
    "min": 18.181818181818183,
    "max": 19.545454545454547,
    "mean": 18.945454545454545,
    "median": 19,
    "variance": 0.19371900826446256,
    "stdDev": 0.44013521588764354,
    "confidence": 1.0928248797429205,
    "low": 18.399042105583085,
    "high": 19.491866985326006,
    "count": 5
  },
  "Compilation.seal": {
    "min": 0,
    "max": 0,
    "mean": 0,
    "median": 0,
    "variance": 0,
    "stdDev": 0,
    "confidence": 0,
    "low": 0,
    "high": 0,
    "count": 5
  },
  "Compilation.optimize dependencies": {
    "min": 0,
    "max": 0,
    "mean": 0,
    "median": 0,
    "variance": 0,
    "stdDev": 0,
    "confidence": 0,
    "low": 0,
    "high": 0,
    "count": 5
  },
  "Compilation.rebuild chunk graph": {
    "min": 11.181818181818182,
    "max": 11.363636363636363,
    "mean": 11.290909090909091,
    "median": 11.272727272727273,
    "variance": 0.0046280991735536976,
    "stdDev": 0.06803013430498059,
    "confidence": 0.16891405335698906,
    "low": 11.206452064230596,
    "high": 11.375366117587586,
    "count": 5
  },
  "Compilation.build chunk graph": {
    "min": 13.818181818181818,
    "max": 14.090909090909092,
    "mean": 14,
    "median": 14.090909090909092,
    "variance": 0.013223140495867874,
    "stdDev": 0.11499191491521425,
    "confidence": 0.28551686175620006,
    "low": 13.8572415691219,
    "high": 14.1427584308781,
    "count": 5
  },
  "Compilation.optimize modules": {
    "min": 0,
    "max": 0,
    "mean": 0,
    "median": 0,
    "variance": 0,
    "stdDev": 0,
    "confidence": 0,
    "low": 0,
    "high": 0,
    "count": 5
  },
  "Compilation.optimize chunks": {
    "min": 5.636363636363637,
    "max": 6,
    "mean": 5.818181818181818,
    "median": 5.818181818181818,
    "variance": 0.026446280991735488,
    "stdDev": 0.1626231256363482,
    "confidence": 0.4037818181818178,
    "low": 5.6162909090909094,
    "high": 6.020072727272727,
    "count": 5
  },
  "Compilation.optimize tree": {
    "min": 0,
    "max": 0,
    "mean": 0,
    "median": 0,
    "variance": 0,
    "stdDev": 0,
    "confidence": 0,
    "low": 0,
    "high": 0,
    "count": 5
  },
  "Compilation.optimize chunk modules": {
    "min": 0,
    "max": 0,
    "mean": 0,
    "median": 0,
    "variance": 0,
    "stdDev": 0,
    "confidence": 0,
    "low": 0,
    "high": 0,
    "count": 5
  },
  "Compilation.module ids": {
    "min": 0,
    "max": 0,
    "mean": 0,
    "median": 0,
    "variance": 0,
    "stdDev": 0,
    "confidence": 0,
    "low": 0,
    "high": 0,
    "count": 5
  },
  "Compilation.chunk ids": {
    "min": 0,
    "max": 0,
    "mean": 0,
    "median": 0,
    "variance": 0,
    "stdDev": 0,
    "confidence": 0,
    "low": 0,
    "high": 0,
    "count": 5
  },
  "Compilation.assign runtime ids": {
    "min": 0,
    "max": 0,
    "mean": 0,
    "median": 0,
    "variance": 0,
    "stdDev": 0,
    "confidence": 0,
    "low": 0,
    "high": 0,
    "count": 5
  },
  "Compilation.optimize code generation": {
    "min": 0,
    "max": 0,
    "mean": 0,
    "median": 0,
    "variance": 0,
    "stdDev": 0,
    "confidence": 0,
    "low": 0,
    "high": 0,
    "count": 5
  },
  "Compilation.create module hashes": {
    "min": 5.818181818181818,
    "max": 6,
    "mean": 5.927272727272728,
    "median": 5.909090909090909,
    "variance": 0.0046280991735537114,
    "stdDev": 0.0680301343049807,
    "confidence": 0.16891405335698906,
    "low": 5.842815700594233,
    "high": 6.011729753951222,
    "count": 5
  },
  "Compilation.module code generation cache": {
    "min": 0,
    "max": 0,
    "mean": 0,
    "median": 0,
    "variance": 0,
    "stdDev": 0,
    "confidence": 0,
    "low": 0,
    "high": 0,
    "count": 5
  },
  "Compilation.code generation": {
    "min": 5,
    "max": 5.363636363636363,
    "mean": 5.127272727272727,
    "median": 5.090909090909091,
    "variance": 0.018512396694214846,
    "stdDev": 0.1360602686099614,
    "confidence": 0.33782810671397634,
    "low": 4.958358673915739,
    "high": 5.296186780629715,
    "count": 5
  },
  "Compilation.runtime requirements.modules": {
    "min": 0,
    "max": 0,
    "mean": 0,
    "median": 0,
    "variance": 0,
    "stdDev": 0,
    "confidence": 0,
    "low": 0,
    "high": 0,
    "count": 5
  },
  "Compilation.runtime requirements.chunks": {
    "min": 0,
    "max": 0,
    "mean": 0,
    "median": 0,
    "variance": 0,
    "stdDev": 0,
    "confidence": 0,
    "low": 0,
    "high": 0,
    "count": 5
  },
  "Compilation.runtime requirements.entries": {
    "min": 0,
    "max": 0,
    "mean": 0,
    "median": 0,
    "variance": 0,
    "stdDev": 0,
    "confidence": 0,
    "low": 0,
    "high": 0,
    "count": 5
  },
  "Compilation.runtime requirements": {
    "min": 0,
    "max": 0,
    "mean": 0,
    "median": 0,
    "variance": 0,
    "stdDev": 0,
    "confidence": 0,
    "low": 0,
    "high": 0,
    "count": 5
  },
  "Compilation.hashing: hash chunks": {
    "min": 0,
    "max": 0,
    "mean": 0,
    "median": 0,
    "variance": 0,
    "stdDev": 0,
    "confidence": 0,
    "low": 0,
    "high": 0,
    "count": 5
  },
  "Compilation.hashing: hash runtime chunks": {
    "min": 3,
    "max": 3,
    "mean": 3,
    "median": 3,
    "variance": 0,
    "stdDev": 0,
    "confidence": 0,
    "low": 3,
    "high": 3,
    "count": 5
  },
  "Compilation.hashing: process full hash chunks": {
    "min": 0,
    "max": 0,
    "mean": 0,
    "median": 0,
    "variance": 0,
    "stdDev": 0,
    "confidence": 0,
    "low": 0,
    "high": 0,
    "count": 5
  },
  "Compilation.hashing": {
    "min": 3,
    "max": 3,
    "mean": 3,
    "median": 3,
    "variance": 0,
    "stdDev": 0,
    "confidence": 0,
    "low": 3,
    "high": 3,
    "count": 5
  },
  "Compilation.create module assets": {
    "min": 0,
    "max": 0,
    "mean": 0,
    "median": 0,
    "variance": 0,
    "stdDev": 0,
    "confidence": 0,
    "low": 0,
    "high": 0,
    "count": 5
  },