{
  "stats": {
    "min": 957,
    "max": 1005,
    "mean": 975.2,
    "median": 958,
    "variance": 325.75999999999993,
    "stdDev": 18.048822676285564,
    "confidence": 44.81396116176302,
    "low": 952.7930194191185,
    "high": 997.6069805808816,
    "count": 5
  },
  "heap memory": {
    "min": 8980288,
    "max": 9016120,
    "mean": 8995331.2,
    "median": 8997536,
    "variance": 160820546.56,
    "stdDev": 12681.504112683164,
    "confidence": 31487.28551282361,
    "low": 8979587.557243587,
    "high": 9011074.842756411,
    "count": 5
  },
  "rss memory": {
    "min": 562896896,
    "max": 574353408,
    "mean": 569529958.4,
    "median": 570388480,
    "variance": 17410217675325.441,
    "stdDev": 4172555.2932616053,
    "confidence": 10360162.222836733,
    "low": 564349877.2885816,
    "high": 574710039.5114183,
    "count": 5
  },
  "external memory": {
    "min": 2763370,
    "max": 2763370,
    "mean": 2763370,
    "median": 2763370,
    "variance": 0,
    "stdDev": 0,
    "confidence": 0,
    "low": 2763370,
    "high": 2763370,
    "count": 5
  },
  "array buffers memory": {
    "min": 10515,
    "max": 10515,
    "mean": 10515,
    "median": 10515,
    "variance": 0,
    "stdDev": 0,
    "confidence": 0,
    "low": 10515,
    "high": 10515,
    "count": 5
  },
  "Compilation.build module graph": {
    "min": 349,
    "max": 386,
    "mean": 358.6,
    "median": 352,
    "variance": 191.44,
    "stdDev": 13.836184445142381,
    "confidence": 34.35427581469298,
    "low": 341.42286209265353,
    "high": 375.7771379073465,
    "count": 5
  },
  "Compilation.finish modules": {
    "min": 24,
    "max": 27,
    "mean": 25.2,
    "median": 25,
    "variance": 1.3599999999999999,
    "stdDev": 1.16619037896906,
    "confidence": 2.895568940294808,
    "low": 23.752215529852595,
    "high": 26.647784470147403,
    "count": 5
  },
  "Compilation.seal": {
    "min": 0,
    "max": 0,
    "mean": 0,
    "median": 0,
    "variance": 0,
    "stdDev": 0,
    "confidence": 0,
    "low": 0,
    "high": 0,
    "count": 5
  },
  "Compilation.optimize dependencies": {
    "min": 28,
    "max": 29,
    "mean": 28.4,
    "median": 28,
    "variance": 0.24,
    "stdDev": 0.4898979485566356,
    "confidence": 1.2163822557074724,
    "low": 27.791808872146262,
    "high": 29.008191127853735,
    "count": 5
  },
  "Compilation.rebuild chunk graph": {
    "min": 30,
    "max": 35,
    "mean": 32.6,
    "median": 33,
    "variance": 3.44,
    "stdDev": 1.8547236990991407,
    "confidence": 4.605148895747021,
    "low": 30.29742555212649,
    "high": 34.90257444787351,
    "count": 5
  },
  "Compilation.build chunk graph": {
    "min": 30,
    "max": 35,
    "mean": 32.6,
    "median": 33,
    "variance": 3.44,
    "stdDev": 1.8547236990991407,
    "confidence": 4.605148895747021,
    "low": 30.29742555212649,
    "high": 34.90257444787351,
    "count": 5
  },
  "Compilation.optimize modules": {
    "min": 0,
    "max": 0,
    "mean": 0,
    "median": 0,
    "variance": 0,
    "stdDev": 0,
    "confidence": 0,
    "low": 0,
    "high": 0,
    "count": 5
  },
  "Compilation.optimize chunks": {
    "min": 24,
    "max": 25,
    "mean": 24.6,
    "median": 25,
    "variance": 0.24,
    "stdDev": 0.4898979485566356,
    "confidence": 1.2163822557074724,
    "low": 23.991808872146265,
    "high": 25.208191127853738,
    "count": 5
  },
  "Compilation.optimize tree": {
    "min": 0,
    "max": 0,
    "mean": 0,
    "median": 0,
    "variance": 0,
    "stdDev": 0,
    "confidence": 0,
    "low": 0,
    "high": 0,
    "count": 5
  },
  "Compilation.optimize chunk modules": {
    "min": 55,
    "max": 63,
    "mean": 58.6,
    "median": 58,
    "variance": 6.640000000000001,
    "stdDev": 2.5768197453450252,
    "confidence": 6.39806274680079,
    "low": 55.40096862659961,
    "high": 61.799031373400396,
    "count": 5
  },
  "Compilation.module ids": {
    "min": 1,
    "max": 2,
    "mean": 1.6,
    "median": 2,
    "variance": 0.24,
    "stdDev": 0.4898979485566356,
    "confidence": 1.216382255707473,
    "low": 0.9918088721462637,
    "high": 2.2081911278537367,
    "count": 5
  },
  "Compilation.chunk ids": {
    "min": 2,
    "max": 2,
    "mean": 2,
    "median": 2,
    "variance": 0,
    "stdDev": 0,
    "confidence": 0,
    "low": 2,
    "high": 2,
    "count": 5
  },
  "Compilation.assign runtime ids": {
    "min": 0,
    "max": 0,
    "mean": 0,
    "median": 0,
    "variance": 0,
    "stdDev": 0,
    "confidence": 0,
    "low": 0,
    "high": 0,
    "count": 5
  },
  "Compilation.optimize code generation": {
    "min": 4,
    "max": 4,
    "mean": 4,
    "median": 4,
    "variance": 0,
    "stdDev": 0,
    "confidence": 0,
    "low": 4,
    "high": 4,
    "count": 5
  },
  "Compilation.create module hashes": {
    "min": 32,
    "max": 40,
    "mean": 37.2,
    "median": 38,
    "variance": 7.760000000000001,
    "stdDev": 2.785677655436824,
    "confidence": 6.9166422929048395,
    "low": 33.74167885354758,
    "high": 40.65832114645242,
    "count": 5
  },
  "Compilation.code generation": {
    "min": 118,
    "max": 123,
    "mean": 120.4,
    "median": 121,
    "variance": 4.24,
    "stdDev": 2.0591260281974,
    "confidence": 5.112665546659599,
    "low": 117.8436672266702,
    "high": 122.9563327733298,
    "count": 5
  },
  "Compilation.runtime requirements.modules": {
    "min": 0,
    "max": 0,
    "mean": 0,
    "median": 0,
    "variance": 0,
    "stdDev": 0,
    "confidence": 0,
    "low": 0,
    "high": 0,
    "count": 5
  },
  "Compilation.runtime requirements.chunks": {
    "min": 0,
    "max": 0,
    "mean": 0,
    "median": 0,
    "variance": 0,
    "stdDev": 0,
    "confidence": 0,
    "low": 0,
    "high": 0,
    "count": 5
  },
  "Compilation.runtime requirements.entries": {
    "min": 0,
    "max": 0,
    "mean": 0,
    "median": 0,
    "variance": 0,
    "stdDev": 0,
    "confidence": 0,
    "low": 0,
    "high": 0,
    "count": 5
  },
  "Compilation.runtime requirements": {
    "min": 1,
    "max": 1,
    "mean": 1,
    "median": 1,
    "variance": 0,
    "stdDev": 0,
    "confidence": 0,
    "low": 1,
    "high": 1,
    "count": 5
  },
  "Compilation.hashing: hash chunks": {
    "min": 0,
    "max": 0,
    "mean": 0,
    "median": 0,
    "variance": 0,
    "stdDev": 0,
    "confidence": 0,
    "low": 0,
    "high": 0,
    "count": 5
  },
  "Compilation.hashing: hash runtime chunks": {
    "min": 0,
    "max": 0,
    "mean": 0,
    "median": 0,
    "variance": 0,
    "stdDev": 0,
    "confidence": 0,
    "low": 0,
    "high": 0,
    "count": 5
  },
  "Compilation.hashing: process full hash chunks": {
    "min": 0,
    "max": 0,
    "mean": 0,
    "median": 0,
    "variance": 0,
    "stdDev": 0,
    "confidence": 0,
    "low": 0,
    "high": 0,
    "count": 5
  },
  "Compilation.hashing": {
    "min": 0,
    "max": 1,
    "mean": 0.2,
    "median": 0,
    "variance": 0.16000000000000003,
    "stdDev": 0.4,
    "confidence": 0.6965859764431532,
    "low": 0,
    "high": 0.6965859764431532,
    "count": 5
  },
  "Compilation.create module assets": {
    "min": 0,
    "max": 0,
    "mean": 0,
    "median": 0,
    "variance": 0,
    "stdDev": 0,
    "confidence": 0,
    "low": 0,
    "high": 0,
    "count": 5
  },
  "Compilation.create chunk assets": {
    "min": 1,
    "max": 1,
    "mean": 1,
    "median": 1,
    "variance": 0,
    "stdDev": 0,
    "confidence": 0,
    "low": 1,
    "high": 1,
    "count": 5
  },
  "Compilation.process assets": {
    "min": 251,
    "max": 267,
    "mean": 256.6,
    "median": 256,
    "variance": 32.239999999999995,
    "stdDev": 5.6780278266313555,
    "confidence": 14.098144962795658,
    "low": 249.5509275186022,
    "high": 263.64907248139787,
    "count": 5
  },
  "Compilation.after process assets": {
    "min": 0,
    "max": 0,
    "mean": 0,
    "median": 0,
    "variance": 0,
    "stdDev": 0,
    "confidence": 0,
    "low": 0,
    "high": 0,
    "count": 5
  },