{
  "stats": {
    "min": 1693,
    "max": 1734,
    "mean": 1715.4,
    "median": 1723,
    "variance": 278.64,
    "stdDev": 16.692513291892265,
    "confidence": 41.44634006172328,
    "low": 1694.6768299691385,
    "high": 1736.1231700308617,
    "count": 5
  },
  "heap memory": {
    "min": 21114312,
    "max": 21193344,
    "mean": 21153854.4,
    "median": 21159848,
    "variance": 706502179.8399999,
    "stdDev": 26580.10872513504,
    "confidence": 65996.54622618109,
    "low": 21120856.126886908,
    "high": 21186852.67311309,
    "count": 5
  },
  "rss memory": {
    "min": 831356928,
    "max": 866025472,
    "mean": 847795814.4,
    "median": 848977920,
    "variance": 168287633921802.25,
    "stdDev": 12972572.371037375,
    "confidence": 32209987.589255333,
    "low": 831690820.6053723,
    "high": 863900808.1946276,
    "count": 5
  },
  "external memory": {
    "min": 7084380,
    "max": 7084380,
    "mean": 7084380,
    "median": 7084380,
    "variance": 0,
    "stdDev": 0,
    "confidence": 0,
    "low": 7084380,
    "high": 7084380,
    "count": 5
  },
  "array buffers memory": {
    "min": 16623,
    "max": 16623,
    "mean": 16623,
    "median": 16623,
    "variance": 0,
    "stdDev": 0,
    "confidence": 0,
    "low": 16623,
    "high": 16623,
    "count": 5
  },
  "Compilation.finish modules": {
    "min": 26,
    "max": 27,
    "mean": 26.4,
    "median": 26,
    "variance": 0.24,
    "stdDev": 0.4898979485566356,
    "confidence": 1.2163822557074724,
    "low": 25.791808872146262,
    "high": 27.008191127853735,
    "count": 5
  },
  "Compilation.optimize dependencies": {
    "min": 30,
    "max": 35,
    "mean": 32.6,
    "median": 33,
    "variance": 2.6400000000000006,
    "stdDev": 1.6248076809271923,
    "confidence": 4.034283543827826,
    "low": 30.58285822808609,
    "high": 34.617141771913914,
    "count": 5
  },
  "Compilation.rebuild chunk graph": {
    "min": 38,
    "max": 42,
    "mean": 39.6,
    "median": 39,
    "variance": 2.6399999999999997,
    "stdDev": 1.624807680927192,
    "confidence": 4.034283543827826,
    "low": 37.58285822808609,
    "high": 41.617141771913914,
    "count": 5
  },
  "Compilation.create chunks": {
    "min": 60,
    "max": 65,
    "mean": 61.8,
    "median": 61,
    "variance": 3.7599999999999993,
    "stdDev": 1.9390719429665315,
    "confidence": 4.814579670957784,
    "low": 59.392710164521105,
    "high": 64.20728983547889,
    "count": 5
  },
  "Compilation.optimize": {
    "min": 107,
    "max": 113,
    "mean": 110.2,
    "median": 111,
    "variance": 5.359999999999999,
    "stdDev": 2.315167380558045,
    "confidence": 5.7483982715187665,
    "low": 107.32580086424062,
    "high": 113.07419913575939,
    "count": 5
  },
  "Compilation.module ids": {
    "min": 3,
    "max": 3,
    "mean": 3,
    "median": 3,
    "variance": 0,
    "stdDev": 0,
    "confidence": 0,
    "low": 3,
    "high": 3,
    "count": 5
  },
  "Compilation.chunk ids": {
    "min": 4,
    "max": 5,
    "mean": 4.8,
    "median": 5,
    "variance": 0.15999999999999998,
    "stdDev": 0.39999999999999997,
    "confidence": 0.993171952886307,
    "low": 4.303414023556846,
    "high": 5.296585976443153,
    "count": 5
  },
  "Compilation.optimize code generation": {
    "min": 10,
    "max": 10,
    "mean": 10,
    "median": 10,
    "variance": 0,
    "stdDev": 0,
    "confidence": 0,
    "low": 10,
    "high": 10,
    "count": 5
  },
  "Compilation.module code generation cache": {
    "min": 0,
    "max": 0,
    "mean": 0,
    "median": 0,
    "variance": 0,
    "stdDev": 0,
    "confidence": 0,
    "low": 0,
    "high": 0,
    "count": 5
  },
  "Compilation.code generation": {
    "min": 162,
    "max": 169,
    "mean": 166.6,
    "median": 167,
    "variance": 5.839999999999999,
    "stdDev": 2.416609194718914,
    "confidence": 6.000271183204973,
    "low": 163.5998644083975,
    "high": 169.60013559160248,
    "count": 5
  },
  "Compilation.runtime requirements.modules": {
    "min": 1,
    "max": 2,
    "mean": 1.8,
    "median": 2,
    "variance": 0.16000000000000006,
    "stdDev": 0.4000000000000001,
    "confidence": 0.9931719528863066,
    "low": 1.3034140235568468,
    "high": 2.2965859764431533,
    "count": 5
  },
  "Compilation.runtime requirements.chunks": {
    "min": 0,
    "max": 0,
    "mean": 0,
    "median": 0,
    "variance": 0,
    "stdDev": 0,
    "confidence": 0,
    "low": 0,
    "high": 0,
    "count": 5
  },
  "Compilation.runtime requirements.entries": {
    "min": 0,
    "max": 0,
    "mean": 0,
    "median": 0,
    "variance": 0,
    "stdDev": 0,
    "confidence": 0,
    "low": 0,
    "high": 0,
    "count": 5
  },
  "Compilation.runtime requirements": {
    "min": 2,
    "max": 4,
    "mean": 3,
    "median": 3,
    "variance": 0.4,
    "stdDev": 0.6324555320336759,
    "confidence": 1.5703427396590843,
    "low": 2.214828630170458,
    "high": 3.785171369829542,
    "count": 5
  },
  "Compilation.hashing: hash chunks": {
    "min": 0,
    "max": 0,
    "mean": 0,
    "median": 0,
    "variance": 0,
    "stdDev": 0,
    "confidence": 0,
    "low": 0,
    "high": 0,
    "count": 5
  },
  "Compilation.hashing: hash runtime chunks": {
    "min": 0,
    "max": 0,
    "mean": 0,
    "median": 0,
    "variance": 0,
    "stdDev": 0,
    "confidence": 0,
    "low": 0,
    "high": 0,
    "count": 5
  },
  "Compilation.hashing: process full hash chunks": {
    "min": 0,
    "max": 0,
    "mean": 0,
    "median": 0,
    "variance": 0,
    "stdDev": 0,
    "confidence": 0,
    "low": 0,
    "high": 0,
    "count": 5
  },
  "Compilation.hashing": {
    "min": 0,
    "max": 0,
    "mean": 0,
    "median": 0,
    "variance": 0,
    "stdDev": 0,
    "confidence": 0,
    "low": 0,
    "high": 0,
    "count": 5
  },
  "Compilation.create module assets": {
    "min": 0,
    "max": 1,
    "mean": 0.4,
    "median": 0,
    "variance": 0.24000000000000005,
    "stdDev": 0.48989794855663565,
    "confidence": 1.0081911278537365,
    "low": 0,
    "high": 1.0081911278537365,
    "count": 5
  },
  "Compilation.create chunk assets": {
    "min": 1,
    "max": 1,
    "mean": 1,
    "median": 1,
    "variance": 0,
    "stdDev": 0,
    "confidence": 0,
    "low": 1,
    "high": 1,
    "count": 5
  },
  "Compilation.process assets": {
    "min": 485,
    "max": 506,
    "mean": 497.2,
    "median": 500,
    "variance": 69.35999999999999,
    "stdDev": 8.328265125462805,
    "confidence": 20.678498347027016,
    "low": 486.8607508264865,
    "high": 507.5392491735135,
    "count": 5
  },
  "Compilation.after process assets": {
    "min": 0,
    "max": 0,
    "mean": 0,
    "median": 0,
    "variance": 0,
    "stdDev": 0,
    "confidence": 0,
    "low": 0,
    "high": 0,
    "count": 5
  },
  "Compilation.after seal": {
    "min": 0,
    "max": 0,
    "mean": 0,
    "median": 0,
    "variance": 0,
    "stdDev": 0,
    "confidence": 0,
    "low": 0,
    "high": 0,
    "count": 5
  },
  "Compiler.make hook": {
    "min": 2,
    "max": 3,
    "mean": 2.4,
    "median": 2,
    "variance": 0.24,
    "stdDev": 0.4898979485566356,
    "confidence": 1.216382255707473,
    "low": 1.7918088721462635,
    "high": 3.0081911278537365,
    "count": 5
  },
  "Compiler.make": {
    "min": 611,
    "max": 639,
    "mean": 627.4,
    "median": 631,
    "variance": 109.03999999999999,
    "stdDev": 10.44222198576529,
    "confidence": 25.92730500518701,
    "low": 614.4363474974065,
    "high": 640.3636525025935,
    "count": 5
  },
  "Compiler.finish make hook": {
    "min": 0,
    "max": 0,
    "mean": 0,
    "median": 0,
    "variance": 0,
    "stdDev": 0,
    "confidence": 0,
    "low": 0,
    "high": 0,
    "count": 5
  },
  "Compiler.finish compilation": {
    "min": 62,
    "max": 64,
    "mean": 62.8,
    "median": 63,
    "variance": 0.5599999999999999,
    "stdDev": 0.7483314773547882,
    "confidence": 1.858054586926869,
    "low": 61.87097270653656,
    "high": 63.72902729346343,
    "count": 5
  },