{
  "stats": {
    "min": 1736,
    "max": 1788,
    "mean": 1757.6,
    "median": 1759,
    "variance": 325.04,
    "stdDev": 18.0288657435791,
    "confidence": 44.76440949718881,
    "low": 1735.2177952514055,
    "high": 1779.9822047485943,
    "count": 5
  },
  "heap memory": {
    "min": 24762352,
    "max": 25009304,
    "mean": 24876553.6,
    "median": 24832984,
    "variance": 10510822026.24,
    "stdDev": 102522.3001411888,
    "confidence": 254555.6826140508,
    "low": 24749275.758692976,
    "high": 25003831.441307027,
    "count": 5
  },
  "rss memory": {
    "min": 713506816,
    "max": 775630848,
    "mean": 736928563.2,
    "median": 731324416,
    "variance": 506018359368744.9,
    "stdDev": 22494851.841449074,
    "confidence": 55853139.83315015,
    "low": 709001993.283425,
    "high": 764855133.1165751,
    "count": 5
  },
  "external memory": {
    "min": 21947189,
    "max": 21947189,
    "mean": 21947189,
    "median": 21947189,
    "variance": 0,
    "stdDev": 0,
    "confidence": 0,
    "low": 21947189,
    "high": 21947189,
    "count": 5
  },
  "array buffers memory": {
    "min": 20086624,
    "max": 20086624,
    "mean": 20086624,
    "median": 20086624,
    "variance": 0,
    "stdDev": 0,
    "confidence": 0,
    "low": 20086624,
    "high": 20086624,
    "count": 5
  },
  "Compilation.finish modules": {
    "min": 5,
    "max": 6,
    "mean": 5.6,
    "median": 6,
    "variance": 0.24000000000000005,
    "stdDev": 0.48989794855663565,
    "confidence": 1.2163822557074724,
    "low": 4.9918088721462635,
    "high": 6.208191127853736,
    "count": 5
  },
  "Compilation.optimize dependencies": {
    "min": 13,
    "max": 13,
    "mean": 13,
    "median": 13,
    "variance": 0,
    "stdDev": 0,
    "confidence": 0,
    "low": 13,
    "high": 13,
    "count": 5
  },
  "Compilation.rebuild chunk graph": {
    "min": 9,
    "max": 10,
    "mean": 9.8,
    "median": 10,
    "variance": 0.16,
    "stdDev": 0.4,
    "confidence": 0.993171952886307,
    "low": 9.303414023556847,
    "high": 10.296585976443154,
    "count": 5
  },
  "Compilation.create chunks": {
    "min": 15,
    "max": 17,
    "mean": 16,
    "median": 16,
    "variance": 0.4,
    "stdDev": 0.6324555320336759,
    "confidence": 1.5703427396590843,
    "low": 15.214828630170457,
    "high": 16.78517136982954,
    "count": 5
  },
  "Compilation.optimize": {
    "min": 17,
    "max": 17,
    "mean": 17,
    "median": 17,
    "variance": 0,
    "stdDev": 0,
    "confidence": 0,
    "low": 17,
    "high": 17,
    "count": 5
  },
  "Compilation.module ids": {
    "min": 1,
    "max": 1,
    "mean": 1,
    "median": 1,
    "variance": 0,
    "stdDev": 0,
    "confidence": 0,
    "low": 1,
    "high": 1,
    "count": 5
  },
  "Compilation.chunk ids": {
    "min": 1,
    "max": 1,
    "mean": 1,
    "median": 1,
    "variance": 0,
    "stdDev": 0,
    "confidence": 0,
    "low": 1,
    "high": 1,
    "count": 5
  },
  "Compilation.optimize code generation": {
    "min": 1,
    "max": 1,
    "mean": 1,
    "median": 1,
    "variance": 0,
    "stdDev": 0,
    "confidence": 0,
    "low": 1,
    "high": 1,
    "count": 5
  },
  "Compilation.module code generation cache": {
    "min": 0,
    "max": 0,
    "mean": 0,
    "median": 0,
    "variance": 0,
    "stdDev": 0,
    "confidence": 0,
    "low": 0,
    "high": 0,
    "count": 5
  },
  "Compilation.code generation": {
    "min": 43,
    "max": 46,
    "mean": 44.2,
    "median": 44,
    "variance": 0.96,
    "stdDev": 0.9797958971132712,
    "confidence": 2.4327645114149448,
    "low": 42.98361774429253,
    "high": 45.416382255707475,
    "count": 5
  },
  "Compilation.runtime requirements.modules": {
    "min": 0,
    "max": 0,
    "mean": 0,
    "median": 0,
    "variance": 0,
    "stdDev": 0,
    "confidence": 0,
    "low": 0,
    "high": 0,
    "count": 5
  },
  "Compilation.runtime requirements.chunks": {
    "min": 0,
    "max": 0,
    "mean": 0,
    "median": 0,
    "variance": 0,
    "stdDev": 0,
    "confidence": 0,
    "low": 0,
    "high": 0,
    "count": 5
  },
  "Compilation.runtime requirements.entries": {
    "min": 0,
    "max": 0,
    "mean": 0,
    "median": 0,
    "variance": 0,
    "stdDev": 0,
    "confidence": 0,
    "low": 0,
    "high": 0,
    "count": 5
  },
  "Compilation.runtime requirements": {
    "min": 1,
    "max": 1,
    "mean": 1,
    "median": 1,
    "variance": 0,
    "stdDev": 0,
    "confidence": 0,
    "low": 1,
    "high": 1,
    "count": 5
  },
  "Compilation.hashing: hash chunks": {
    "min": 0,
    "max": 0,
    "mean": 0,
    "median": 0,
    "variance": 0,
    "stdDev": 0,
    "confidence": 0,
    "low": 0,
    "high": 0,
    "count": 5
  },
  "Compilation.hashing: hash runtime chunks": {
    "min": 0,
    "max": 0,
    "mean": 0,
    "median": 0,
    "variance": 0,
    "stdDev": 0,
    "confidence": 0,
    "low": 0,
    "high": 0,
    "count": 5
  },
  "Compilation.hashing: process full hash chunks": {
    "min": 0,
    "max": 0,
    "mean": 0,
    "median": 0,
    "variance": 0,
    "stdDev": 0,
    "confidence": 0,
    "low": 0,
    "high": 0,
    "count": 5
  },
  "Compilation.hashing": {
    "min": 1,
    "max": 1,
    "mean": 1,
    "median": 1,
    "variance": 0,
    "stdDev": 0,
    "confidence": 0,
    "low": 1,
    "high": 1,
    "count": 5
  },
  "Compilation.create module assets": {
    "min": 0,
    "max": 0,
    "mean": 0,
    "median": 0,
    "variance": 0,
    "stdDev": 0,
    "confidence": 0,
    "low": 0,
    "high": 0,
    "count": 5
  },
  "Compilation.create chunk assets": {
    "min": 2,
    "max": 2,
    "mean": 2,
    "median": 2,
    "variance": 0,
    "stdDev": 0,
    "confidence": 0,
    "low": 2,
    "high": 2,
    "count": 5
  },
  "Compilation.process assets": {
    "min": 1480,
    "max": 1530,
    "mean": 1499.4,
    "median": 1501,
    "variance": 305.04,
    "stdDev": 17.46539435569664,
    "confidence": 43.365349550441806,
    "low": 1477.7173252247792,
    "high": 1521.082674775221,
    "count": 5
  },
  "Compilation.after process assets": {
    "min": 0,
    "max": 0,
    "mean": 0,
    "median": 0,
    "variance": 0,
    "stdDev": 0,
    "confidence": 0,
    "low": 0,
    "high": 0,
    "count": 5
  },
  "Compilation.after seal": {
    "min": 0,
    "max": 0,
    "mean": 0,
    "median": 0,
    "variance": 0,
    "stdDev": 0,
    "confidence": 0,
    "low": 0,
    "high": 0,
    "count": 5
  },
  "Compiler.make hook": {
    "min": 57,
    "max": 65,
    "mean": 59.8,
    "median": 58,
    "variance": 8.559999999999999,
    "stdDev": 2.9257477676655586,
    "confidence": 7.264426560162889,
    "low": 56.16778671991855,
    "high": 63.43221328008144,
    "count": 5
  },
  "Compiler.make": {
    "min": 62,
    "max": 69,
    "mean": 64.2,
    "median": 63,
    "variance": 6.959999999999999,
    "stdDev": 2.6381811916545836,
    "confidence": 6.550418915458771,
    "low": 60.92479054227062,
    "high": 67.47520945772939,
    "count": 5
  },
  "Compiler.finish make hook": {
    "min": 0,
    "max": 0,
    "mean": 0,
    "median": 0,
    "variance": 0,
    "stdDev": 0,
    "confidence": 0,
    "low": 0,
    "high": 0,
    "count": 5
  },
  "Compiler.finish compilation": {
    "min": 7,
    "max": 8,
    "mean": 7.6,
    "median": 8,
    "variance": 0.24000000000000005,
    "stdDev": 0.48989794855663565,
    "confidence": 1.2163822557074724,
    "low": 6.9918088721462635,
    "high": 8.208191127853736,
    "count": 5
  },
  "Compiler.seal compilation": {
    "min": 1588,
    "max": 1637,
    "mean": 1608,
    "median": 1609,
    "variance": 284,
    "stdDev": 16.852299546352718,
    "confidence": 41.843078127690205,
    "low": 1587.078460936155,
    "high": 1628.921539063845,
    "count": 5
  },
  "Compiler.emitAssets": {
    "min": 24,
    "max": 28,
    "mean": 25.6,
    "median": 26,
    "variance": 2.24,
    "stdDev": 1.4966629547095767,
    "confidence": 3.716109173853752,
    "low": 23.741945413073125,
    "high": 27.458054586926878,