{
  "stats": {
    "min": 205.54545454545453,
    "max": 212.45454545454547,
    "mean": 208.98181818181814,
    "median": 209.63636363636363,
    "variance": 7.882314049586823,
    "stdDev": 2.8075459122847524,
    "confidence": 6.97093964130454,
    "low": 205.49634836116587,
    "high": 212.4672880024704,
    "count": 5
  },
  "heap memory": {
    "min": 131407125.81818181,
    "max": 144142461.8181818,
    "mean": 138483796.2181818,
    "median": 142486786.9090909,
    "variance": 31877163236857.75,
    "stdDev": 5645986.47154399,
    "confidence": 14018588.524782538,
    "low": 131474501.95579052,
    "high": 145493090.48057306,
    "count": 5
  },
  "rss memory": {
    "min": 846976837.8181819,
    "max": 862458973.0909091,
    "mean": 854660561.4545454,
    "median": 853226589.0909091,
    "variance": 36112019579759.91,
    "stdDev": 6009327.714458574,
    "confidence": 14920739.35425663,
    "low": 847200191.7774171,
    "high": 862120931.1316737,
    "count": 5
  },
  "external memory": {
    "min": 76438204.72727273,
    "max": 93946865.72727273,
    "mean": 86653688.21818182,
    "median": 90984732.45454545,
    "variance": 61008031699994.55,
    "stdDev": 7810763.835886638,
    "confidence": 19393578.93105316,
    "low": 76956898.75265524,
    "high": 96350477.6837084,
    "count": 5
  },
  "array buffers memory": {
    "min": 29258816.636363637,
    "max": 29380450.454545453,
    "mean": 29331796.927272726,
    "median": 29375237.363636363,
    "variance": 3239509877.49545,
    "stdDev": 56916.69243284829,
    "confidence": 141320.15643840283,
    "low": 29261136.849053524,
    "high": 29402457.005491927,
    "count": 5
  },
  "Compilation.finish modules": {
    "min": 5.818181818181818,
    "max": 6,
    "mean": 5.909090909090909,
    "median": 5.909090909090909,
    "variance": 0.006611570247933872,
    "stdDev": 0.0813115628181741,
    "confidence": 0.201890909090908,
    "low": 5.808145454545455,
    "high": 6.010036363636363,
    "count": 5
  },
  "Compilation.optimize dependencies": {
    "min": 0,
    "max": 0,
    "mean": 0,
    "median": 0,
    "variance": 0,
    "stdDev": 0,
    "confidence": 0,
    "low": 0,
    "high": 0,
    "count": 5
  },
  "Compilation.rebuild chunk graph": {
    "min": 14.909090909090908,
    "max": 15.272727272727273,
    "mean": 15.10909090909091,
    "median": 15.090909090909092,
    "variance": 0.021157024793388574,
    "stdDev": 0.14545454545454595,
    "confidence": 0.36115343741320416,
    "low": 14.928514190384307,
    "high": 15.289667627797511,
    "count": 5
  },
  "Compilation.optimize modules": {
    "min": 0,
    "max": 0,
    "mean": 0,
    "median": 0,
    "variance": 0,
    "stdDev": 0,
    "confidence": 0,
    "low": 0,
    "high": 0,
    "count": 5
  },
  "Compilation.optimize chunks": {
    "min": 7.363636363636363,
    "max": 7.636363636363637,
    "mean": 7.50909090909091,
    "median": 7.545454545454546,
    "variance": 0.01520661157024801,
    "stdDev": 0.12331509060227791,
    "confidence": 0.30618272338454133,
    "low": 7.355999547398639,
    "high": 7.66218227078318,
    "count": 5
  },
  "Compilation.optimize tree": {
    "min": 0,
    "max": 0,
    "mean": 0,
    "median": 0,
    "variance": 0,
    "stdDev": 0,
    "confidence": 0,
    "low": 0,
    "high": 0,
    "count": 5
  },
  "Compilation.optimize chunk modules": {
    "min": 0,
    "max": 0,
    "mean": 0,
    "median": 0,
    "variance": 0,
    "stdDev": 0,
    "confidence": 0,
    "low": 0,
    "high": 0,
    "count": 5
  },
  "Compilation.module ids": {
    "min": 0,
    "max": 0,
    "mean": 0,
    "median": 0,
    "variance": 0,
    "stdDev": 0,
    "confidence": 0,
    "low": 0,
    "high": 0,
    "count": 5
  },
  "Compilation.chunk ids": {
    "min": 0,
    "max": 0,
    "mean": 0,
    "median": 0,
    "variance": 0,
    "stdDev": 0,
    "confidence": 0,
    "low": 0,
    "high": 0,
    "count": 5
  },
  "Compilation.optimize code generation": {
    "min": 0,
    "max": 0,
    "mean": 0,
    "median": 0,
    "variance": 0,
    "stdDev": 0,
    "confidence": 0,
    "low": 0,
    "high": 0,
    "count": 5
  },
  "Compilation.module code generation cache": {
    "min": 0,
    "max": 0,
    "mean": 0,
    "median": 0,
    "variance": 0,
    "stdDev": 0,
    "confidence": 0,
    "low": 0,
    "high": 0,
    "count": 5
  },
  "Compilation.code generation": {
    "min": 5.090909090909091,
    "max": 5.454545454545454,
    "mean": 5.236363636363636,
    "median": 5.181818181818182,
    "variance": 0.015206611570247908,
    "stdDev": 0.1233150906022775,
    "confidence": 0.30618272338453956,
    "low": 5.0832722746713666,
    "high": 5.389454998055906,
    "count": 5
  },
  "Compilation.runtime requirements.modules": {
    "min": 0,
    "max": 0,
    "mean": 0,
    "median": 0,
    "variance": 0,
    "stdDev": 0,
    "confidence": 0,
    "low": 0,
    "high": 0,
    "count": 5
  },
  "Compilation.runtime requirements.chunks": {
    "min": 0,
    "max": 0,
    "mean": 0,
    "median": 0,
    "variance": 0,
    "stdDev": 0,
    "confidence": 0,
    "low": 0,
    "high": 0,
    "count": 5
  },
  "Compilation.runtime requirements.entries": {
    "min": 0,
    "max": 0,
    "mean": 0,
    "median": 0,
    "variance": 0,
    "stdDev": 0,
    "confidence": 0,
    "low": 0,
    "high": 0,
    "count": 5
  },
  "Compilation.runtime requirements": {
    "min": 0,
    "max": 0,
    "mean": 0,
    "median": 0,
    "variance": 0,
    "stdDev": 0,
    "confidence": 0,
    "low": 0,
    "high": 0,
    "count": 5
  },
  "Compilation.hashing: hash chunks": {
    "min": 0,
    "max": 0,
    "mean": 0,
    "median": 0,
    "variance": 0,
    "stdDev": 0,
    "confidence": 0,
    "low": 0,
    "high": 0,
    "count": 5
  },
  "Compilation.hashing: hash runtime chunks": {
    "min": 3,
    "max": 3,
    "mean": 3,
    "median": 3,
    "variance": 0,
    "stdDev": 0,
    "confidence": 0,
    "low": 3,
    "high": 3,
    "count": 5
  },
  "Compilation.hashing: process full hash chunks": {
    "min": 0,
    "max": 0,
    "mean": 0,
    "median": 0,
    "variance": 0,
    "stdDev": 0,
    "confidence": 0,
    "low": 0,
    "high": 0,
    "count": 5
  },
  "Compilation.hashing": {
    "min": 3,
    "max": 3,
    "mean": 3,
    "median": 3,
    "variance": 0,
    "stdDev": 0,
    "confidence": 0,
    "low": 3,
    "high": 3,
    "count": 5
  },
  "Compilation.create module assets": {
    "min": 0,
    "max": 0,
    "mean": 0,
    "median": 0,
    "variance": 0,
    "stdDev": 0,
    "confidence": 0,
    "low": 0,
    "high": 0,
    "count": 5
  },
  "Compilation.create chunk assets": {
    "min": 5.818181818181818,
    "max": 6.090909090909091,
    "mean": 5.945454545454545,
    "median": 5.909090909090909,
    "variance": 0.008595041322314034,
    "stdDev": 0.09270944570168692,
    "confidence": 0.23019105309637844,
    "low": 5.830359018906356,
    "high": 6.0605500720027345,
    "count": 5
  },
  "Compilation.process assets": {
    "min": 80.18181818181819,
    "max": 83.18181818181819,
    "mean": 81.56363636363636,
    "median": 81.54545454545455,
    "variance": 1.1781818181818153,
    "stdDev": 1.0854408404799478,
    "confidence": 2.695073498205062,
    "low": 80.21609961453383,
    "high": 82.9111731127389,
    "count": 5
  },
  "Compilation.after process assets": {
    "min": 0,
    "max": 0,
    "mean": 0,
    "median": 0,
    "variance": 0,
    "stdDev": 0,
    "confidence": 0,
    "low": 0,
    "high": 0,
    "count": 5
  },
  "Compilation.after seal": {
    "min": 0,
    "max": 0,
    "mean": 0,
    "median": 0,
    "variance": 0,
    "stdDev": 0,
    "confidence": 0,
    "low": 0,
    "high": 0,
    "count": 5
  },
  "Compiler.make hook": {
    "min": 0,
    "max": 0,
    "mean": 0,
    "median": 0,
    "variance": 0,
    "stdDev": 0,
    "confidence": 0,
    "low": 0,
    "high": 0,
    "count": 5
  },
  "Compiler.build module graph": {
    "min": 20.636363636363637,
    "max": 21.545454545454547,
    "mean": 21.10909090909091,