{
  "stats": {
    "min": 2980,
    "max": 3133,
    "mean": 3049.6,
    "median": 3052,
    "variance": 3803.44,
    "stdDev": 61.672035802298595,
    "confidence": 153.12734059060767,
    "low": 2973.036329704696,
    "high": 3126.1636702953037,
    "count": 5
  },
  "heap memory": {
    "min": 87577024,
    "max": 97477552,
    "mean": 94313443.2,
    "median": 95151040,
    "variance": 13182555450716.16,
    "stdDev": 3630778.904135607,
    "confidence": 9014969.436796904,
    "low": 89805958.48160155,
    "high": 98820927.91839845,
    "count": 5
  },
  "rss memory": {
    "min": 725102592,
    "max": 813387776,
    "mean": 770336358.4,
    "median": 778149888,
    "variance": 852308816392355.8,
    "stdDev": 29194328.497027565,
    "confidence": 72487470.61649299,
    "low": 734092623.0917535,
    "high": 806580093.7082465,
    "count": 5
  },
  "external memory": {
    "min": 30215754,
    "max": 30240960,
    "mean": 30231003.6,
    "median": 30232768,
    "variance": 68203904.64,
    "stdDev": 8258.56553161625,
    "confidence": 20505.43914268911,
    "low": 30220750.880428657,
    "high": 30241256.319571346,
    "count": 5
  },
  "array buffers memory": {
    "min": 2243021,
    "max": 2268227,
    "mean": 2258270.6,
    "median": 2260035,
    "variance": 68203904.63999999,
    "stdDev": 8258.56553161625,
    "confidence": 20505.439142687246,
    "low": 2248017.8804286565,
    "high": 2268523.3195713437,
    "count": 5
  },
  "Compilation.finish modules": {
    "min": 6,
    "max": 7,
    "mean": 6.6,
    "median": 7,
    "variance": 0.24000000000000005,
    "stdDev": 0.48989794855663565,
    "confidence": 1.2163822557074724,
    "low": 5.9918088721462635,
    "high": 7.208191127853736,
    "count": 5
  },
  "Compilation.optimize dependencies": {
    "min": 13,
    "max": 14,
    "mean": 13.6,
    "median": 14,
    "variance": 0.24000000000000005,
    "stdDev": 0.48989794855663565,
    "confidence": 1.2163822557074724,
    "low": 12.991808872146263,
    "high": 14.208191127853736,
    "count": 5
  },
  "Compilation.rebuild chunk graph": {
    "min": 9,
    "max": 10,
    "mean": 9.2,
    "median": 9,
    "variance": 0.15999999999999998,
    "stdDev": 0.39999999999999997,
    "confidence": 0.993171952886307,
    "low": 8.703414023556846,
    "high": 9.696585976443153,
    "count": 5
  },
  "Compilation.create chunks": {
    "min": 15,
    "max": 17,
    "mean": 15.6,
    "median": 15,
    "variance": 0.64,
    "stdDev": 0.8,
    "confidence": 1.9863439057726122,
    "low": 14.606828047113693,
    "high": 16.593171952886305,
    "count": 5
  },
  "Compilation.optimize": {
    "min": 18,
    "max": 18,
    "mean": 18,
    "median": 18,
    "variance": 0,
    "stdDev": 0,
    "confidence": 0,
    "low": 18,
    "high": 18,
    "count": 5
  },
  "Compilation.module ids": {
    "min": 1,
    "max": 2,
    "mean": 1.2,
    "median": 1,
    "variance": 0.16,
    "stdDev": 0.4,
    "confidence": 0.9931719528863066,
    "low": 0.7034140235568467,
    "high": 1.6965859764431532,
    "count": 5
  },
  "Compilation.chunk ids": {
    "min": 1,
    "max": 1,
    "mean": 1,
    "median": 1,
    "variance": 0,
    "stdDev": 0,
    "confidence": 0,
    "low": 1,
    "high": 1,
    "count": 5
  },
  "Compilation.optimize code generation": {
    "min": 1,
    "max": 2,
    "mean": 1.2,
    "median": 1,
    "variance": 0.16,
    "stdDev": 0.4,
    "confidence": 0.9931719528863066,
    "low": 0.7034140235568467,
    "high": 1.6965859764431532,
    "count": 5
  },
  "Compilation.code generation": {
    "min": 48,
    "max": 53,
    "mean": 49.8,
    "median": 49,
    "variance": 2.96,
    "stdDev": 1.7204650534085253,
    "confidence": 4.271794092415973,
    "low": 47.66410295379201,
    "high": 51.935897046207984,
    "count": 5
  },
  "Compilation.runtime requirements.modules": {
    "min": 0,
    "max": 2,
    "mean": 0.4,
    "median": 0,
    "variance": 0.6400000000000001,
    "stdDev": 0.8,
    "confidence": 1.3931719528863065,
    "low": 0,
    "high": 1.3931719528863065,
    "count": 5
  },
  "Compilation.runtime requirements.chunks": {
    "min": 0,
    "max": 0,
    "mean": 0,
    "median": 0,
    "variance": 0,
    "stdDev": 0,
    "confidence": 0,
    "low": 0,
    "high": 0,
    "count": 5
  },
  "Compilation.runtime requirements.entries": {
    "min": 0,
    "max": 0,
    "mean": 0,
    "median": 0,
    "variance": 0,
    "stdDev": 0,
    "confidence": 0,
    "low": 0,
    "high": 0,
    "count": 5
  },
  "Compilation.runtime requirements": {
    "min": 1,
    "max": 3,
    "mean": 1.4,
    "median": 1,
    "variance": 0.64,
    "stdDev": 0.8,
    "confidence": 1.986343905772613,
    "low": 0.40682804711369336,
    "high": 2.3931719528863065,
    "count": 5
  },
  "Compilation.hashing: hash chunks": {
    "min": 0,
    "max": 0,
    "mean": 0,
    "median": 0,
    "variance": 0,
    "stdDev": 0,
    "confidence": 0,
    "low": 0,
    "high": 0,
    "count": 5
  },
  "Compilation.hashing: hash runtime chunks": {
    "min": 0,
    "max": 0,
    "mean": 0,
    "median": 0,
    "variance": 0,
    "stdDev": 0,
    "confidence": 0,
    "low": 0,
    "high": 0,
    "count": 5
  },
  "Compilation.hashing: process full hash chunks": {
    "min": 0,
    "max": 0,
    "mean": 0,
    "median": 0,
    "variance": 0,
    "stdDev": 0,
    "confidence": 0,
    "low": 0,
    "high": 0,
    "count": 5
  },
  "Compilation.hashing": {
    "min": 1,
    "max": 1,
    "mean": 1,
    "median": 1,
    "variance": 0,
    "stdDev": 0,
    "confidence": 0,
    "low": 1,
    "high": 1,
    "count": 5
  },
  "Compilation.create module assets": {
    "min": 0,
    "max": 0,
    "mean": 0,
    "median": 0,
    "variance": 0,
    "stdDev": 0,
    "confidence": 0,
    "low": 0,
    "high": 0,
    "count": 5
  },
  "Compilation.create chunk assets": {
    "min": 2,
    "max": 3,
    "mean": 2.2,
    "median": 2,
    "variance": 0.15999999999999998,
    "stdDev": 0.39999999999999997,
    "confidence": 0.9931719528863063,
    "low": 1.703414023556847,
    "high": 2.6965859764431532,
    "count": 5
  },
  "Compilation.process assets": {
    "min": 1517,
    "max": 1563,
    "mean": 1538.2,
    "median": 1532,
    "variance": 294.15999999999997,
    "stdDev": 17.151093259614676,
    "confidence": 42.5849619669666,
    "low": 1516.9075190165167,
    "high": 1559.4924809834833,
    "count": 5
  },
  "Compilation.after process assets": {
    "min": 0,
    "max": 0,
    "mean": 0,
    "median": 0,
    "variance": 0,
    "stdDev": 0,
    "confidence": 0,
    "low": 0,
    "high": 0,
    "count": 5
  },
  "Compilation.after seal": {
    "min": 0,
    "max": 0,
    "mean": 0,
    "median": 0,
    "variance": 0,
    "stdDev": 0,
    "confidence": 0,
    "low": 0,
    "high": 0,
    "count": 5
  },
  "Compiler.make hook": {
    "min": 0,
    "max": 0,
    "mean": 0,
    "median": 0,
    "variance": 0,
    "stdDev": 0,
    "confidence": 0,
    "low": 0,
    "high": 0,
    "count": 5
  },
  "Compiler.make": {
    "min": 1260,
    "max": 1385,
    "mean": 1303,
    "median": 1289,
    "variance": 2164.4,
    "stdDev": 46.523112535598905,
    "confidence": 115.51362632832524,
    "low": 1245.2431868358374,
    "high": 1360.7568131641626,
    "count": 5
  },
  "Compiler.finish make hook": {
    "min": 0,
    "max": 0,
    "mean": 0,
    "median": 0,
    "variance": 0,
    "stdDev": 0,
    "confidence": 0,
    "low": 0,
    "high": 0,
    "count": 5
  },
  "Compiler.finish compilation": {
    "min": 8,
    "max": 9,
    "mean": 8.6,
    "median": 9,
    "variance": 0.24000000000000005,
    "stdDev": 0.48989794855663565,
    "confidence": 1.2163822557074724,
    "low": 7.9918088721462635,
    "high": 9.208191127853736,
    "count": 5
  },
  "Compiler.seal compilation": {
    "min": 1635,
    "max": 1681,
    "mean": 1656.2,
    "median": 1651,
    "variance": 296.96,
    "stdDev": 17.232527382830412,
    "confidence": 42.78715718493095,
    "low": 1634.8064214075346,
    "high": 1677.5935785924655,