{
  "stats": {
    "min": 1426,
    "max": 1469,
    "mean": 1441.2,
    "median": 1436,
    "variance": 255.76,
    "stdDev": 15.992498241363043,
    "confidence": 39.70825177476354,
    "low": 1421.3458741126183,
    "high": 1461.0541258873818,
    "count": 5
  },
  "heap memory": {
    "min": 14132992,
    "max": 18750728,
    "mean": 16134396.8,
    "median": 14689768,
    "variance": 4558999797980.16,
    "stdDev": 2135181.4438075656,
    "confidence": 5301505.81078241,
    "low": 13483643.894608796,
    "high": 18785149.705391206,
    "count": 5
  },
  "rss memory": {
    "min": 652402688,
    "max": 670019584,
    "mean": 660519321.6,
    "median": 659922944,
    "variance": 42518985719152.64,
    "stdDev": 6520658.380804245,
    "confidence": 16190337.545419455,
    "low": 652424152.8272903,
    "high": 668614490.3727098,
    "count": 5
  },
  "external memory": {
    "min": 32375877,
    "max": 32375877,
    "mean": 32375877,
    "median": 32375877,
    "variance": 0,
    "stdDev": 0,
    "confidence": 0,
    "low": 32375877,
    "high": 32375877,
    "count": 5
  },
  "array buffers memory": {
    "min": 10475,
    "max": 10475,
    "mean": 10475,
    "median": 10475,
    "variance": 0,
    "stdDev": 0,
    "confidence": 0,
    "low": 10475,
    "high": 10475,
    "count": 5
  },
  "Compilation.finish modules": {
    "min": 28,
    "max": 28,
    "mean": 28,
    "median": 28,
    "variance": 0,
    "stdDev": 0,
    "confidence": 0,
    "low": 28,
    "high": 28,
    "count": 5
  },
  "Compilation.optimize dependencies": {
    "min": 1,
    "max": 1,
    "mean": 1,
    "median": 1,
    "variance": 0,
    "stdDev": 0,
    "confidence": 0,
    "low": 1,
    "high": 1,
    "count": 5
  },
  "Compilation.rebuild chunk graph": {
    "min": 41,
    "max": 42,
    "mean": 41.2,
    "median": 41,
    "variance": 0.16,
    "stdDev": 0.4,
    "confidence": 0.9931719528862999,
    "low": 40.70341402355685,
    "high": 41.69658597644315,
    "count": 5
  },
  "Compilation.create chunks": {
    "min": 64,
    "max": 66,
    "mean": 65,
    "median": 65,
    "variance": 0.4,
    "stdDev": 0.6324555320336759,
    "confidence": 1.5703427396590826,
    "low": 64.21482863017046,
    "high": 65.78517136982954,
    "count": 5
  },
  "Compilation.optimize": {
    "min": 0,
    "max": 0,
    "mean": 0,
    "median": 0,
    "variance": 0,
    "stdDev": 0,
    "confidence": 0,
    "low": 0,
    "high": 0,
    "count": 5
  },
  "Compilation.module ids": {
    "min": 10,
    "max": 10,
    "mean": 10,
    "median": 10,
    "variance": 0,
    "stdDev": 0,
    "confidence": 0,
    "low": 10,
    "high": 10,
    "count": 5
  },
  "Compilation.chunk ids": {
    "min": 5,
    "max": 6,
    "mean": 5.2,
    "median": 5,
    "variance": 0.15999999999999998,
    "stdDev": 0.39999999999999997,
    "confidence": 0.993171952886307,
    "low": 4.703414023556847,
    "high": 5.696585976443154,
    "count": 5
  },
  "Compilation.optimize code generation": {
    "min": 0,
    "max": 0,
    "mean": 0,
    "median": 0,
    "variance": 0,
    "stdDev": 0,
    "confidence": 0,
    "low": 0,
    "high": 0,
    "count": 5
  },
  "Compilation.module code generation cache": {
    "min": 0,
    "max": 0,
    "mean": 0,
    "median": 0,
    "variance": 0,
    "stdDev": 0,
    "confidence": 0,
    "low": 0,
    "high": 0,
    "count": 5
  },
  "Compilation.code generation": {
    "min": 92,
    "max": 95,
    "mean": 93,
    "median": 93,
    "variance": 1.2,
    "stdDev": 1.0954451150103321,
    "confidence": 2.7199134103864537,
    "low": 91.64004329480677,
    "high": 94.35995670519323,
    "count": 5
  },
  "Compilation.runtime requirements.modules": {
    "min": 8,
    "max": 11,
    "mean": 8.6,
    "median": 8,
    "variance": 1.44,
    "stdDev": 1.2,
    "confidence": 2.9795158586589183,
    "low": 7.11024207067054,
    "high": 10.089757929329458,
    "count": 5
  },
  "Compilation.runtime requirements.chunks": {
    "min": 0,
    "max": 0,
    "mean": 0,
    "median": 0,
    "variance": 0,
    "stdDev": 0,
    "confidence": 0,
    "low": 0,
    "high": 0,
    "count": 5
  },
  "Compilation.runtime requirements.entries": {
    "min": 0,
    "max": 0,
    "mean": 0,
    "median": 0,
    "variance": 0,
    "stdDev": 0,
    "confidence": 0,
    "low": 0,
    "high": 0,
    "count": 5
  },
  "Compilation.runtime requirements": {
    "min": 10,
    "max": 13,
    "mean": 10.8,
    "median": 10,
    "variance": 1.36,
    "stdDev": 1.1661903789690602,
    "confidence": 2.895568940294808,
    "low": 9.352215529852597,
    "high": 12.247784470147405,
    "count": 5
  },
  "Compilation.hashing: hash chunks": {
    "min": 1,
    "max": 2,
    "mean": 1.2,
    "median": 1,
    "variance": 0.16,
    "stdDev": 0.4,
    "confidence": 0.9931719528863066,
    "low": 0.7034140235568467,
    "high": 1.6965859764431532,
    "count": 5
  },
  "Compilation.hashing: hash runtime chunks": {
    "min": 1,
    "max": 2,
    "mean": 1.4,
    "median": 1,
    "variance": 0.24,
    "stdDev": 0.4898979485566356,
    "confidence": 1.216382255707473,
    "low": 0.7918088721462635,
    "high": 2.0081911278537365,
    "count": 5
  },
  "Compilation.hashing: process full hash chunks": {
    "min": 0,
    "max": 0,
    "mean": 0,
    "median": 0,
    "variance": 0,
    "stdDev": 0,
    "confidence": 0,
    "low": 0,
    "high": 0,
    "count": 5
  },
  "Compilation.hashing": {
    "min": 5,
    "max": 6,
    "mean": 5.2,
    "median": 5,
    "variance": 0.15999999999999998,
    "stdDev": 0.39999999999999997,
    "confidence": 0.993171952886307,
    "low": 4.703414023556847,
    "high": 5.696585976443154,
    "count": 5
  },
  "Compilation.create module assets": {
    "min": 0,
    "max": 1,
    "mean": 0.4,
    "median": 0,
    "variance": 0.24000000000000005,
    "stdDev": 0.48989794855663565,
    "confidence": 1.0081911278537365,
    "low": 0,
    "high": 1.0081911278537365,
    "count": 5
  },
  "Compilation.create chunk assets": {
    "min": 27,
    "max": 28,
    "mean": 27.8,
    "median": 28,
    "variance": 0.15999999999999998,
    "stdDev": 0.39999999999999997,
    "confidence": 0.993171952886307,
    "low": 27.303414023556847,
    "high": 28.296585976443154,
    "count": 5
  },
  "Compilation.process assets": {
    "min": 42,
    "max": 46,
    "mean": 43.6,
    "median": 43,
    "variance": 1.8399999999999999,
    "stdDev": 1.3564659966250536,
    "confidence": 3.36800995722993,
    "low": 41.91599502138504,
    "high": 45.284004978614966,
    "count": 5
  },
  "Compilation.after process assets": {
    "min": 0,
    "max": 0,
    "mean": 0,
    "median": 0,
    "variance": 0,
    "stdDev": 0,
    "confidence": 0,
    "low": 0,
    "high": 0,
    "count": 5
  },
  "Compilation.after seal": {
    "min": 0,
    "max": 0,
    "mean": 0,
    "median": 0,
    "variance": 0,
    "stdDev": 0,
    "confidence": 0,
    "low": 0,
    "high": 0,
    "count": 5
  },
  "Compiler.make hook": {
    "min": 0,
    "max": 0,
    "mean": 0,
    "median": 0,
    "variance": 0,
    "stdDev": 0,
    "confidence": 0,
    "low": 0,
    "high": 0,
    "count": 5
  },
  "Compiler.make": {
    "min": 935,
    "max": 942,
    "mean": 937.6,
    "median": 937,
    "variance": 5.4399999999999995,
    "stdDev": 2.33238075793812,
    "confidence": 5.791137880589531,
    "low": 934.7044310597053,
    "high": 940.4955689402948,
    "count": 5
  },
  "Compiler.finish make hook": {
    "min": 0,
    "max": 0,
    "mean": 0,
    "median": 0,
    "variance": 0,
    "stdDev": 0,
    "confidence": 0,
    "low": 0,
    "high": 0,
    "count": 5
  },
  "Compiler.finish compilation": {
    "min": 33,
    "max": 33,
    "mean": 33,
    "median": 33,
    "variance": 0,
    "stdDev": 0,
    "confidence": 0,
    "low": 33,
    "high": 33,
    "count": 5
  },
  "Compiler.seal compilation": {
    "min": 281,
    "max": 287,
    "mean": 283,
    "median": 282,
    "variance": 5.2,
    "stdDev": 2.280350850198276,
    "confidence": 5.661951267893414,