{
  "stats": {
    "min": 1451,
    "max": 1494,
    "mean": 1476.6,
    "median": 1486,
    "variance": 257.84000000000003,
    "stdDev": 16.05739704933524,
    "confidence": 39.86939096439755,
    "low": 1456.6653045178011,
    "high": 1496.5346954821987,
    "count": 5
  },
  "heap memory": {
    "min": 87397048,
    "max": 90587512,
    "mean": 88739712,
    "median": 88027120,
    "variance": 1748334641536,
    "stdDev": 1322246.0593762419,
    "confidence": 3283044.2524673045,
    "low": 87098189.87376635,
    "high": 90381234.12623365,
    "count": 5
  },
  "rss memory": {
    "min": 692514816,
    "max": 750882816,
    "mean": 731560345.6,
    "median": 739278848,
    "variance": 456401281183907.8,
    "stdDev": 21363550.29445967,
    "confidence": 53044197.41633344,
    "low": 705038246.8918333,
    "high": 758082444.3081667,
    "count": 5
  },
  "external memory": {
    "min": 39399435,
    "max": 39407627,
    "mean": 39404350.2,
    "median": 39407627,
    "variance": 16106127.360000003,
    "stdDev": 4013.2439945759593,
    "confidence": 9964.60343874991,
    "low": 39399367.89828063,
    "high": 39409332.50171938,
    "count": 5
  },
  "array buffers memory": {
    "min": 2260035,
    "max": 2268227,
    "mean": 2264950.2,
    "median": 2268227,
    "variance": 16106127.360000003,
    "stdDev": 4013.2439945759593,
    "confidence": 9964.603438755497,
    "low": 2259967.8982806224,
    "high": 2269932.501719378,
    "count": 5
  },
  "Compilation.finish modules": {
    "min": 7,
    "max": 8,
    "mean": 7.6,
    "median": 8,
    "variance": 0.24000000000000005,
    "stdDev": 0.48989794855663565,
    "confidence": 1.2163822557074724,
    "low": 6.9918088721462635,
    "high": 8.208191127853736,
    "count": 5
  },
  "Compilation.optimize dependencies": {
    "min": 2,
    "max": 2,
    "mean": 2,
    "median": 2,
    "variance": 0,
    "stdDev": 0,
    "confidence": 0,
    "low": 2,
    "high": 2,
    "count": 5
  },
  "Compilation.rebuild chunk graph": {
    "min": 7,
    "max": 8,
    "mean": 7.4,
    "median": 7,
    "variance": 0.24000000000000005,
    "stdDev": 0.48989794855663565,
    "confidence": 1.2163822557074724,
    "low": 6.791808872146264,
    "high": 8.008191127853737,
    "count": 5
  },
  "Compilation.create chunks": {
    "min": 14,
    "max": 15,
    "mean": 14.8,
    "median": 15,
    "variance": 0.15999999999999998,
    "stdDev": 0.39999999999999997,
    "confidence": 0.993171952886307,
    "low": 14.303414023556847,
    "high": 15.296585976443154,
    "count": 5
  },
  "Compilation.optimize": {
    "min": 0,
    "max": 0,
    "mean": 0,
    "median": 0,
    "variance": 0,
    "stdDev": 0,
    "confidence": 0,
    "low": 0,
    "high": 0,
    "count": 5
  },
  "Compilation.module ids": {
    "min": 1,
    "max": 1,
    "mean": 1,
    "median": 1,
    "variance": 0,
    "stdDev": 0,
    "confidence": 0,
    "low": 1,
    "high": 1,
    "count": 5
  },
  "Compilation.chunk ids": {
    "min": 1,
    "max": 2,
    "mean": 1.8,
    "median": 2,
    "variance": 0.16000000000000006,
    "stdDev": 0.4000000000000001,
    "confidence": 0.9931719528863066,
    "low": 1.3034140235568468,
    "high": 2.2965859764431533,
    "count": 5
  },
  "Compilation.optimize code generation": {
    "min": 0,
    "max": 0,
    "mean": 0,
    "median": 0,
    "variance": 0,
    "stdDev": 0,
    "confidence": 0,
    "low": 0,
    "high": 0,
    "count": 5
  },
  "Compilation.module code generation cache": {
    "min": 0,
    "max": 0,
    "mean": 0,
    "median": 0,
    "variance": 0,
    "stdDev": 0,
    "confidence": 0,
    "low": 0,
    "high": 0,
    "count": 5
  },
  "Compilation.code generation": {
    "min": 15,
    "max": 16,
    "mean": 15.2,
    "median": 15,
    "variance": 0.16,
    "stdDev": 0.4,
    "confidence": 0.993171952886307,
    "low": 14.703414023556846,
    "high": 15.696585976443153,
    "count": 5
  },
  "Compilation.runtime requirements.modules": {
    "min": 1,
    "max": 1,
    "mean": 1,
    "median": 1,
    "variance": 0,
    "stdDev": 0,
    "confidence": 0,
    "low": 1,
    "high": 1,
    "count": 5
  },
  "Compilation.runtime requirements.chunks": {
    "min": 0,
    "max": 0,
    "mean": 0,
    "median": 0,
    "variance": 0,
    "stdDev": 0,
    "confidence": 0,
    "low": 0,
    "high": 0,
    "count": 5
  },
  "Compilation.runtime requirements.entries": {
    "min": 0,
    "max": 0,
    "mean": 0,
    "median": 0,
    "variance": 0,
    "stdDev": 0,
    "confidence": 0,
    "low": 0,
    "high": 0,
    "count": 5
  },
  "Compilation.runtime requirements": {
    "min": 2,
    "max": 2,
    "mean": 2,
    "median": 2,
    "variance": 0,
    "stdDev": 0,
    "confidence": 0,
    "low": 2,
    "high": 2,
    "count": 5
  },
  "Compilation.hashing: hash chunks": {
    "min": 0,
    "max": 0,
    "mean": 0,
    "median": 0,
    "variance": 0,
    "stdDev": 0,
    "confidence": 0,
    "low": 0,
    "high": 0,
    "count": 5
  },
  "Compilation.hashing: hash runtime chunks": {
    "min": 0,
    "max": 0,
    "mean": 0,
    "median": 0,
    "variance": 0,
    "stdDev": 0,
    "confidence": 0,
    "low": 0,
    "high": 0,
    "count": 5
  },
  "Compilation.hashing: process full hash chunks": {
    "min": 0,
    "max": 0,
    "mean": 0,
    "median": 0,
    "variance": 0,
    "stdDev": 0,
    "confidence": 0,
    "low": 0,
    "high": 0,
    "count": 5
  },
  "Compilation.hashing": {
    "min": 1,
    "max": 1,
    "mean": 1,
    "median": 1,
    "variance": 0,
    "stdDev": 0,
    "confidence": 0,
    "low": 1,
    "high": 1,
    "count": 5
  },
  "Compilation.create module assets": {
    "min": 0,
    "max": 0,
    "mean": 0,
    "median": 0,
    "variance": 0,
    "stdDev": 0,
    "confidence": 0,
    "low": 0,
    "high": 0,
    "count": 5
  },
  "Compilation.create chunk assets": {
    "min": 5,
    "max": 6,
    "mean": 5.8,
    "median": 6,
    "variance": 0.15999999999999998,
    "stdDev": 0.39999999999999997,
    "confidence": 0.993171952886307,
    "low": 5.303414023556846,
    "high": 6.296585976443153,
    "count": 5
  },
  "Compilation.process assets": {
    "min": 34,
    "max": 39,
    "mean": 36.8,
    "median": 37,
    "variance": 2.96,
    "stdDev": 1.7204650534085253,
    "confidence": 4.271794092415973,
    "low": 34.66410295379201,
    "high": 38.935897046207984,
    "count": 5
  },
  "Compilation.after process assets": {
    "min": 0,
    "max": 0,
    "mean": 0,
    "median": 0,
    "variance": 0,
    "stdDev": 0,
    "confidence": 0,
    "low": 0,
    "high": 0,
    "count": 5
  },
  "Compilation.after seal": {
    "min": 0,
    "max": 0,
    "mean": 0,
    "median": 0,
    "variance": 0,
    "stdDev": 0,
    "confidence": 0,
    "low": 0,
    "high": 0,
    "count": 5
  },
  "Compiler.make hook": {
    "min": 0,
    "max": 0,
    "mean": 0,
    "median": 0,
    "variance": 0,
    "stdDev": 0,
    "confidence": 0,
    "low": 0,
    "high": 0,
    "count": 5
  },
  "Compiler.make": {
    "min": 1276,
    "max": 1318,
    "mean": 1295.4,
    "median": 1298,
    "variance": 266.24,
    "stdDev": 16.316862443496913,
    "confidence": 40.51362534496275,
    "low": 1275.1431873275187,
    "high": 1315.6568126724815,
    "count": 5
  },
  "Compiler.finish make hook": {
    "min": 0,
    "max": 0,
    "mean": 0,
    "median": 0,
    "variance": 0,
    "stdDev": 0,
    "confidence": 0,
    "low": 0,
    "high": 0,
    "count": 5
  },
  "Compiler.finish compilation": {
    "min": 8,
    "max": 9,
    "mean": 8.8,
    "median": 9,
    "variance": 0.15999999999999998,
    "stdDev": 0.39999999999999997,
    "confidence": 0.993171952886307,
    "low": 8.303414023556847,
    "high": 9.296585976443154,
    "count": 5
  },
  "Compiler.seal compilation": {
    "min": 84,
    "max": 89,
    "mean": 87.2,
    "median": 88,
    "variance": 2.96,
    "stdDev": 1.7204650534085253,
    "confidence": 4.271794092415973,
    "low": 85.06410295379202,
    "high": 89.33589704620799,
    "count": 5
  },