{
  "stats": {
    "min": 2136,
    "max": 2171,
    "mean": 2147.4,
    "median": 2145,
    "variance": 156.24,
    "stdDev": 12.499599993599796,
    "confidence": 31.035630339853014,
    "low": 2131.8821848300736,
    "high": 2162.9178151699266,
    "count": 5
  },
  "heap memory": {
    "min": 177406544,
    "max": 178403040,
    "mean": 178033592,
    "median": 178235864,
    "variance": 131826694067.2,
    "stdDev": 363079.4597153631,
    "confidence": 901500.8401460052,
    "low": 177582841.579927,
    "high": 178484342.420073,
    "count": 5
  },
  "rss memory": {
    "min": 1013821440,
    "max": 1036439552,
    "mean": 1025400832,
    "median": 1026785280,
    "variance": 58802779770060.8,
    "stdDev": 7668297.058021475,
    "confidence": 19039843.911068678,
    "low": 1015880910.0444657,
    "high": 1034920753.9555343,
    "count": 5
  },
  "external memory": {
    "min": 34659732,
    "max": 34687273,
    "mean": 34672115.2,
    "median": 34670014,
    "variance": 113835303.75999999,
    "stdDev": 10669.362856328395,
    "confidence": 26491.279860183597,
    "low": 34658869.56006991,
    "high": 34685360.839930095,
    "count": 5
  },
  "array buffers memory": {
    "min": 468296,
    "max": 476488,
    "mean": 474849.6,
    "median": 476488,
    "variance": 10737418.24,
    "stdDev": 3276.8,
    "confidence": 8136.064638044569,
    "low": 470781.5676809777,
    "high": 478917.63231902226,
    "count": 5
  },
  "Compilation.finish modules": {
    "min": 23,
    "max": 26,
    "mean": 24,
    "median": 24,
    "variance": 1.2,
    "stdDev": 1.0954451150103321,
    "confidence": 2.7199134103864395,
    "low": 22.64004329480678,
    "high": 25.35995670519322,
    "count": 5
  },
  "Compilation.optimize dependencies": {
    "min": 0,
    "max": 1,
    "mean": 0.4,
    "median": 0,
    "variance": 0.24000000000000005,
    "stdDev": 0.48989794855663565,
    "confidence": 1.0081911278537365,
    "low": 0,
    "high": 1.0081911278537365,
    "count": 5
  },
  "Compilation.rebuild chunk graph": {
    "min": 32,
    "max": 38,
    "mean": 34.6,
    "median": 35,
    "variance": 4.24,
    "stdDev": 2.0591260281974,
    "confidence": 5.112665546659585,
    "low": 32.04366722667021,
    "high": 37.156332773329794,
    "count": 5
  },
  "Compilation.create chunks": {
    "min": 48,
    "max": 54,
    "mean": 50.4,
    "median": 50,
    "variance": 4.24,
    "stdDev": 2.0591260281974,
    "confidence": 5.112665546659585,
    "low": 47.843667226670206,
    "high": 52.95633277332979,
    "count": 5
  },
  "Compilation.optimize": {
    "min": 0,
    "max": 0,
    "mean": 0,
    "median": 0,
    "variance": 0,
    "stdDev": 0,
    "confidence": 0,
    "low": 0,
    "high": 0,
    "count": 5
  },
  "Compilation.module ids": {
    "min": 10,
    "max": 10,
    "mean": 10,
    "median": 10,
    "variance": 0,
    "stdDev": 0,
    "confidence": 0,
    "low": 10,
    "high": 10,
    "count": 5
  },
  "Compilation.chunk ids": {
    "min": 4,
    "max": 4,
    "mean": 4,
    "median": 4,
    "variance": 0,
    "stdDev": 0,
    "confidence": 0,
    "low": 4,
    "high": 4,
    "count": 5
  },
  "Compilation.optimize code generation": {
    "min": 0,
    "max": 0,
    "mean": 0,
    "median": 0,
    "variance": 0,
    "stdDev": 0,
    "confidence": 0,
    "low": 0,
    "high": 0,
    "count": 5
  },
  "Compilation.module code generation cache": {
    "min": 0,
    "max": 0,
    "mean": 0,
    "median": 0,
    "variance": 0,
    "stdDev": 0,
    "confidence": 0,
    "low": 0,
    "high": 0,
    "count": 5
  },
  "Compilation.code generation": {
    "min": 93,
    "max": 95,
    "mean": 94,
    "median": 94,
    "variance": 0.4,
    "stdDev": 0.6324555320336759,
    "confidence": 1.5703427396590826,
    "low": 93.21482863017046,
    "high": 94.78517136982954,
    "count": 5
  },
  "Compilation.runtime requirements.modules": {
    "min": 10,
    "max": 11,
    "mean": 10.4,
    "median": 10,
    "variance": 0.24000000000000005,
    "stdDev": 0.48989794855663565,
    "confidence": 1.2163822557074724,
    "low": 9.791808872146264,
    "high": 11.008191127853737,
    "count": 5
  },
  "Compilation.runtime requirements.chunks": {
    "min": 0,
    "max": 0,
    "mean": 0,
    "median": 0,
    "variance": 0,
    "stdDev": 0,
    "confidence": 0,
    "low": 0,
    "high": 0,
    "count": 5
  },
  "Compilation.runtime requirements.entries": {
    "min": 0,
    "max": 0,
    "mean": 0,
    "median": 0,
    "variance": 0,
    "stdDev": 0,
    "confidence": 0,
    "low": 0,
    "high": 0,
    "count": 5
  },
  "Compilation.runtime requirements": {
    "min": 12,
    "max": 13,
    "mean": 12.4,
    "median": 12,
    "variance": 0.24000000000000005,
    "stdDev": 0.48989794855663565,
    "confidence": 1.2163822557074724,
    "low": 11.791808872146264,
    "high": 13.008191127853737,
    "count": 5
  },
  "Compilation.hashing: hash chunks": {
    "min": 2,
    "max": 2,
    "mean": 2,
    "median": 2,
    "variance": 0,
    "stdDev": 0,
    "confidence": 0,
    "low": 2,
    "high": 2,
    "count": 5
  },
  "Compilation.hashing: hash runtime chunks": {
    "min": 8,
    "max": 9,
    "mean": 8.4,
    "median": 8,
    "variance": 0.24000000000000005,
    "stdDev": 0.48989794855663565,
    "confidence": 1.2163822557074724,
    "low": 7.791808872146264,
    "high": 9.008191127853737,
    "count": 5
  },
  "Compilation.hashing: process full hash chunks": {
    "min": 0,
    "max": 0,
    "mean": 0,
    "median": 0,
    "variance": 0,
    "stdDev": 0,
    "confidence": 0,
    "low": 0,
    "high": 0,
    "count": 5
  },
  "Compilation.hashing": {
    "min": 10,
    "max": 11,
    "mean": 10.8,
    "median": 11,
    "variance": 0.15999999999999998,
    "stdDev": 0.39999999999999997,
    "confidence": 0.993171952886307,
    "low": 10.303414023556847,
    "high": 11.296585976443154,
    "count": 5
  },
  "Compilation.create module assets": {
    "min": 0,
    "max": 0,
    "mean": 0,
    "median": 0,
    "variance": 0,
    "stdDev": 0,
    "confidence": 0,
    "low": 0,
    "high": 0,
    "count": 5
  },
  "Compilation.create chunk assets": {
    "min": 12,
    "max": 12,
    "mean": 12,
    "median": 12,
    "variance": 0,
    "stdDev": 0,
    "confidence": 0,
    "low": 12,
    "high": 12,
    "count": 5
  },
  "Compilation.process assets": {
    "min": 129,
    "max": 134,
    "mean": 130.8,
    "median": 130,
    "variance": 2.96,
    "stdDev": 1.7204650534085253,
    "confidence": 4.271794092415973,
    "low": 128.66410295379202,
    "high": 132.935897046208,
    "count": 5
  },
  "Compilation.after process assets": {
    "min": 0,
    "max": 0,
    "mean": 0,
    "median": 0,
    "variance": 0,
    "stdDev": 0,
    "confidence": 0,
    "low": 0,
    "high": 0,
    "count": 5
  },
  "Compilation.after seal": {
    "min": 0,
    "max": 0,
    "mean": 0,
    "median": 0,
    "variance": 0,
    "stdDev": 0,
    "confidence": 0,
    "low": 0,
    "high": 0,
    "count": 5
  },
  "Compiler.make hook": {
    "min": 0,
    "max": 0,
    "mean": 0,
    "median": 0,
    "variance": 0,
    "stdDev": 0,
    "confidence": 0,
    "low": 0,
    "high": 0,
    "count": 5
  },
  "Compiler.make": {
    "min": 1668,
    "max": 1707,
    "mean": 1681.8,
    "median": 1678,
    "variance": 174.16,
    "stdDev": 13.196969349058897,
    "confidence": 32.76714955146372,
    "low": 1665.416425224268,
    "high": 1698.1835747757318,
    "count": 5
  },
  "Compiler.finish make hook": {
    "min": 0,
    "max": 5,
    "mean": 1,
    "median": 0,
    "variance": 4,
    "stdDev": 2,
    "confidence": 3.482929882215766,
    "low": 0,
    "high": 3.482929882215766,
    "count": 5
  },
  "Compiler.finish compilation": {
    "min": 28,
    "max": 32,
    "mean": 29.8,
    "median": 30,
    "variance": 1.7600000000000002,
    "stdDev": 1.32664991614216,
    "confidence": 3.293978720028413,
    "low": 28.153010639985794,
    "high": 31.446989360014207,
    "count": 5
  },