{
  "stats": {
    "min": 4148,
    "max": 4182,
    "mean": 4164.2,
    "median": 4164,
    "variance": 132.95999999999998,
    "stdDev": 11.53082824431966,
    "confidence": 28.63023801451891,
    "low": 4149.88488099274,
    "high": 4178.515119007259,
    "count": 5
  },
  "heap memory": {
    "min": 105255496,
    "max": 107366488,
    "mean": 106277625.6,
    "median": 105963960,
    "variance": 712160855562.24,
    "stdDev": 843896.2350681747,
    "confidence": 2095335.1795401573,
    "low": 105229958.01022992,
    "high": 107325293.18977007,
    "count": 5
  },
  "rss memory": {
    "min": 850350080,
    "max": 866779136,
    "mean": 858328268.8,
    "median": 855740416,
    "variance": 39219281799413.766,
    "stdDev": 6262529.983913352,
    "confidence": 15549422.835330725,
    "low": 850553557.3823346,
    "high": 866102980.2176653,
    "count": 5
  },
  "external memory": {
    "min": 36301314,
    "max": 37222985,
    "mean": 36726848.2,
    "median": 36688280,
    "variance": 87692892279.76,
    "stdDev": 296129.8571231209,
    "confidence": 735269.671267286,
    "low": 36359213.36436636,
    "high": 37094483.035633646,
    "count": 5
  },
  "array buffers memory": {
    "min": 7894256,
    "max": 8139095,
    "mean": 8067778.4,
    "median": 8116726,
    "variance": 8552041204.24,
    "stdDev": 92477.24695426438,
    "confidence": 229614.51988779008,
    "low": 7952971.140056105,
    "high": 8182585.659943895,
    "count": 5
  },
  "Compilation.finish modules": {
    "min": 13,
    "max": 13,
    "mean": 13,
    "median": 13,
    "variance": 0,
    "stdDev": 0,
    "confidence": 0,
    "low": 13,
    "high": 13,
    "count": 5
  },
  "Compilation.optimize dependencies": {
    "min": 33,
    "max": 34,
    "mean": 33.8,
    "median": 34,
    "variance": 0.16,
    "stdDev": 0.4,
    "confidence": 0.9931719528862999,
    "low": 33.30341402355685,
    "high": 34.29658597644315,
    "count": 5
  },
  "Compilation.rebuild chunk graph": {
    "min": 11,
    "max": 12,
    "mean": 11.2,
    "median": 11,
    "variance": 0.16,
    "stdDev": 0.4,
    "confidence": 0.993171952886307,
    "low": 10.703414023556846,
    "high": 11.696585976443153,
    "count": 5
  },
  "Compilation.create chunks": {
    "min": 18,
    "max": 20,
    "mean": 18.8,
    "median": 19,
    "variance": 0.56,
    "stdDev": 0.7483314773547883,
    "confidence": 1.858054586926876,
    "low": 17.870972706536563,
    "high": 19.72902729346344,
    "count": 5
  },
  "Compilation.optimize": {
    "min": 43,
    "max": 48,
    "mean": 45.2,
    "median": 45,
    "variance": 2.96,
    "stdDev": 1.7204650534085253,
    "confidence": 4.271794092415973,
    "low": 43.064102953792016,
    "high": 47.33589704620799,
    "count": 5
  },
  "Compilation.module ids": {
    "min": 1,
    "max": 1,
    "mean": 1,
    "median": 1,
    "variance": 0,
    "stdDev": 0,
    "confidence": 0,
    "low": 1,
    "high": 1,
    "count": 5
  },
  "Compilation.chunk ids": {
    "min": 0,
    "max": 0,
    "mean": 0,
    "median": 0,
    "variance": 0,
    "stdDev": 0,
    "confidence": 0,
    "low": 0,
    "high": 0,
    "count": 5
  },
  "Compilation.optimize code generation": {
    "min": 8,
    "max": 9,
    "mean": 8.2,
    "median": 8,
    "variance": 0.16,
    "stdDev": 0.4,
    "confidence": 0.993171952886307,
    "low": 7.703414023556846,
    "high": 8.696585976443153,
    "count": 5
  },
  "Compilation.module code generation cache": {
    "min": 0,
    "max": 0,
    "mean": 0,
    "median": 0,
    "variance": 0,
    "stdDev": 0,
    "confidence": 0,
    "low": 0,
    "high": 0,
    "count": 5
  },
  "Compilation.code generation": {
    "min": 150,
    "max": 157,
    "mean": 153.4,
    "median": 153,
    "variance": 7.4399999999999995,
    "stdDev": 2.727636339397171,
    "confidence": 6.772529774906843,
    "low": 150.01373511254658,
    "high": 156.78626488745343,
    "count": 5
  },
  "Compilation.runtime requirements.modules": {
    "min": 1,
    "max": 1,
    "mean": 1,
    "median": 1,
    "variance": 0,
    "stdDev": 0,
    "confidence": 0,
    "low": 1,
    "high": 1,
    "count": 5
  },
  "Compilation.runtime requirements.chunks": {
    "min": 0,
    "max": 0,
    "mean": 0,
    "median": 0,
    "variance": 0,
    "stdDev": 0,
    "confidence": 0,
    "low": 0,
    "high": 0,
    "count": 5
  },
  "Compilation.runtime requirements.entries": {
    "min": 0,
    "max": 0,
    "mean": 0,
    "median": 0,
    "variance": 0,
    "stdDev": 0,
    "confidence": 0,
    "low": 0,
    "high": 0,
    "count": 5
  },
  "Compilation.runtime requirements": {
    "min": 1,
    "max": 2,
    "mean": 1.4,
    "median": 1,
    "variance": 0.24,
    "stdDev": 0.4898979485566356,
    "confidence": 1.216382255707473,
    "low": 0.7918088721462635,
    "high": 2.0081911278537365,
    "count": 5
  },
  "Compilation.hashing: hash chunks": {
    "min": 0,
    "max": 0,
    "mean": 0,
    "median": 0,
    "variance": 0,
    "stdDev": 0,
    "confidence": 0,
    "low": 0,
    "high": 0,
    "count": 5
  },
  "Compilation.hashing: hash runtime chunks": {
    "min": 0,
    "max": 1,
    "mean": 0.8,
    "median": 1,
    "variance": 0.16000000000000006,
    "stdDev": 0.4000000000000001,
    "confidence": 0.9931719528863066,
    "low": 0.30341402355684677,
    "high": 1.2965859764431533,
    "count": 5
  },
  "Compilation.hashing: process full hash chunks": {
    "min": 0,
    "max": 0,
    "mean": 0,
    "median": 0,
    "variance": 0,
    "stdDev": 0,
    "confidence": 0,
    "low": 0,
    "high": 0,
    "count": 5
  },
  "Compilation.hashing": {
    "min": 0,
    "max": 1,
    "mean": 0.8,
    "median": 1,
    "variance": 0.16000000000000006,
    "stdDev": 0.4000000000000001,
    "confidence": 0.9931719528863066,
    "low": 0.30341402355684677,
    "high": 1.2965859764431533,
    "count": 5
  },
  "Compilation.create module assets": {
    "min": 0,
    "max": 0,
    "mean": 0,
    "median": 0,
    "variance": 0,
    "stdDev": 0,
    "confidence": 0,
    "low": 0,
    "high": 0,
    "count": 5
  },
  "Compilation.create chunk assets": {
    "min": 0,
    "max": 2,
    "mean": 0.4,
    "median": 0,
    "variance": 0.6400000000000001,
    "stdDev": 0.8,
    "confidence": 1.3931719528863065,
    "low": 0,
    "high": 1.3931719528863065,
    "count": 5
  },
  "Compilation.process assets": {
    "min": 3122,
    "max": 3164,
    "mean": 3147.2,
    "median": 3147,
    "variance": 234.96000000000004,
    "stdDev": 15.328405005087777,
    "confidence": 38.05935483383837,
    "low": 3128.1703225830806,
    "high": 3166.229677416919,
    "count": 5
  },
  "Compilation.after process assets": {
    "min": 0,
    "max": 0,
    "mean": 0,
    "median": 0,
    "variance": 0,
    "stdDev": 0,
    "confidence": 0,
    "low": 0,
    "high": 0,
    "count": 5
  },
  "Compilation.after seal": {
    "min": 0,
    "max": 0,
    "mean": 0,
    "median": 0,
    "variance": 0,
    "stdDev": 0,
    "confidence": 0,
    "low": 0,
    "high": 0,
    "count": 5
  },
  "Compiler.make hook": {
    "min": 0,
    "max": 1,
    "mean": 0.2,
    "median": 0,
    "variance": 0.16000000000000003,
    "stdDev": 0.4,
    "confidence": 0.6965859764431532,
    "low": 0,
    "high": 0.6965859764431532,
    "count": 5
  },
  "Compiler.make": {
    "min": 601,
    "max": 665,
    "mean": 617.6,
    "median": 606,
    "variance": 574.64,
    "stdDev": 23.9716499223562,
    "confidence": 59.51992591823341,
    "low": 587.8400370408833,
    "high": 647.3599629591167,
    "count": 5
  },
  "Compiler.finish make hook": {
    "min": 0,
    "max": 0,
    "mean": 0,
    "median": 0,
    "variance": 0,
    "stdDev": 0,
    "confidence": 0,
    "low": 0,
    "high": 0,
    "count": 5
  },
  "Compiler.finish compilation": {
    "min": 43,
    "max": 47,
    "mean": 44,
    "median": 43,
    "variance": 2.4,
    "stdDev": 1.5491933384829668,
    "confidence": 3.8465384334489556,
    "low": 42.07673078327552,
    "high": 45.92326921672448,
    "count": 5
  },