{
  "stats": {
    "min": 2705,
    "max": 2857,
    "mean": 2746.6,
    "median": 2721,
    "variance": 3231.04,
    "stdDev": 56.842237816609575,
    "confidence": 141.13529084687525,
    "low": 2676.0323545765623,
    "high": 2817.1676454234375,
    "count": 5
  },
  "heap memory": {
    "min": 54220848,
    "max": 55370680,
    "mean": 54885096,
    "median": 55134184,
    "variance": 256423442304,
    "stdDev": 506382.70340129116,
    "confidence": 1257312.7461122721,
    "low": 54256439.626943864,
    "high": 55513752.373056136,
    "count": 5
  },
  "rss memory": {
    "min": 698650624,
    "max": 705085440,
    "mean": 701816832,
    "median": 701591552,
    "variance": 5376983642931.2,
    "stdDev": 2318832.3878476424,
    "confidence": 5757498.227636576,
    "low": 698938082.8861817,
    "high": 704695581.1138183,
    "count": 5
  },
  "external memory": {
    "min": 12153490,
    "max": 12799107,
    "mean": 12428149.8,
    "median": 12398961,
    "variance": 43853024478.159996,
    "stdDev": 209411.1374262601,
    "confidence": 519953.1707844548,
    "low": 12168173.214607773,
    "high": 12688126.385392228,
    "count": 5
  },
  "array buffers memory": {
    "min": 4259001,
    "max": 4416214,
    "mean": 4333864.8,
    "median": 4304026,
    "variance": 3983241744.56,
    "stdDev": 63112.92850565564,
    "confidence": 156704.97614083998,
    "low": 4255512.31192958,
    "high": 4412217.28807042,
    "count": 5
  },
  "Compilation.build module graph": {
    "min": 482.199978,
    "max": 514.270597,
    "mean": 499.18447639999994,
    "median": 500.192255,
    "variance": 106.12072153685722,
    "stdDev": 10.301491228790967,
    "confidence": 25.577880403348672,
    "low": 486.3955361983256,
    "high": 511.9734166016743,
    "count": 5
  },
  "Compilation.finish modules": {
    "min": 14.304988,
    "max": 16.094116,
    "mean": 15.179652199999998,
    "median": 15.154532,
    "variance": 0.32293288567535994,
    "stdDev": 0.5682718413535549,
    "confidence": 1.4109791361185202,
    "low": 14.474162631940738,
    "high": 15.885141768059258,
    "count": 5
  },
  "Compilation.seal": {
    "min": 0.004152,
    "max": 0.005876,
    "mean": 0.0046846,
    "median": 0.004496,
    "variance": 4.0313504000000006e-7,
    "stdDev": 0.0006349291614030655,
    "confidence": 0.0015764845879378685,
    "low": 0.0038963577060310652,
    "high": 0.005472842293968934,
    "count": 5
  },
  "Compilation.optimize dependencies": {
    "min": 19.500127,
    "max": 20.211147,
    "mean": 19.8206772,
    "median": 19.793519,
    "variance": 0.06731863468736003,
    "stdDev": 0.25945834865611866,
    "confidence": 0.6442168870686373,
    "low": 19.49856875646568,
    "high": 20.142785643534317,
    "count": 5
  },
  "Compilation.rebuild chunk graph": {
    "min": 7.307611,
    "max": 7.924359,
    "mean": 7.6259163999999995,
    "median": 7.630324,
    "variance": 0.06712782013944002,
    "stdDev": 0.2590903706034634,
    "confidence": 0.643303223365697,
    "low": 7.304264788317151,
    "high": 7.947568011682848,
    "count": 5
  },
  "Compilation.build chunk graph": {
    "min": 7.316178,
    "max": 7.938574,
    "mean": 7.6397126,
    "median": 7.638953,
    "variance": 0.07017812121304001,
    "stdDev": 0.26491153469231954,
    "confidence": 0.6577567656311984,
    "low": 7.310834217184401,
    "high": 7.968590982815599,
    "count": 5
  },
  "Compilation.optimize modules": {
    "min": 4.202553,
    "max": 4.544952,
    "mean": 4.3300754,
    "median": 4.273131,
    "variance": 0.015384900741840022,
    "stdDev": 0.12403588489562213,
    "confidence": 0.30797240507441614,
    "low": 4.176089197462792,
    "high": 4.484061602537208,
    "count": 5
  },
  "Compilation.optimize chunks": {
    "min": 5.666723,
    "max": 6.167614,
    "mean": 5.9865699999999995,
    "median": 6.031788,
    "variance": 0.02977238537239999,
    "stdDev": 0.17254676285691364,
    "confidence": 0.4284215135770282,
    "low": 5.772359243211485,
    "high": 6.200780756788514,
    "count": 5
  },
  "Compilation.optimize tree": {
    "min": 0.003068,
    "max": 0.003817,
    "mean": 0.0033163999999999997,
    "median": 0.003226,
    "variance": 6.817704000000002e-8,
    "stdDev": 0.00026110733425164454,
    "confidence": 0.0006483112026791082,
    "low": 0.0029922443986604456,
    "high": 0.003640555601339554,
    "count": 5
  },
  "Compilation.optimize chunk modules": {
    "min": 21.621596,
    "max": 22.899018,
    "mean": 22.2109046,
    "median": 22.155234,
    "variance": 0.2677704696686402,
    "stdDev": 0.5174654284767632,
    "confidence": 1.2848303753785402,
    "low": 21.56848941231073,
    "high": 22.85331978768927,
    "count": 5
  },
  "Compilation.module ids": {
    "min": 0.228478,
    "max": 0.252075,
    "mean": 0.23967839999999999,
    "median": 0.23812,
    "variance": 0.00006826807544000001,
    "stdDev": 0.008262449723901503,
    "confidence": 0.02051508331978047,
    "low": 0.22942085834010975,
    "high": 0.24993594165989022,
    "count": 5
  },
  "Compilation.chunk ids": {
    "min": 0.014839,
    "max": 0.01921,
    "mean": 0.0161484,
    "median": 0.015356,
    "variance": 0.0000025470106400000017,
    "stdDev": 0.0015959356628636387,
    "confidence": 0.003962596347417954,
    "low": 0.014167101826291023,
    "high": 0.018129698173708977,
    "count": 5
  },
  "Compilation.assign runtime ids": {
    "min": 0.002912,
    "max": 0.005529,
    "mean": 0.0039004000000000005,
    "median": 0.003537,
    "variance": 9.6156824e-7,
    "stdDev": 0.0009805958596690075,
    "confidence": 0.0024347507623492374,
    "low": 0.002683024618825382,
    "high": 0.005117775381174619,
    "count": 5
  },
  "Compilation.optimize code generation": {
    "min": 2.99144,
    "max": 3.184021,
    "mean": 3.0719444,
    "median": 3.032193,
    "variance": 0.0057071783890400045,
    "stdDev": 0.07554586943731606,
    "confidence": 0.18757509670388295,
    "low": 2.9781568516480585,
    "high": 3.1657319483519415,
    "count": 5
  },
  "Compilation.create module hashes": {
    "min": 11.435076,
    "max": 11.911037,
    "mean": 11.752919799999999,
    "median": 11.788448,
    "variance": 0.027770864408559953,
    "stdDev": 0.1666459252683964,
    "confidence": 0.41377014759839525,
    "low": 11.546034726200801,
    "high": 11.959804873799197,
    "count": 5
  },
  "Compilation.code generation": {
    "min": 88.234202,
    "max": 92.543911,
    "mean": 90.1069986,
    "median": 89.313224,
    "variance": 3.478830246783441,
    "stdDev": 1.8651622574948918,
    "confidence": 4.631067104315093,
    "low": 87.79146504784245,
    "high": 92.42253215215754,
    "count": 5
  },
  "Compilation.runtime requirements.modules": {
    "min": 0.092061,
    "max": 0.131272,
    "mean": 0.1037716,
    "median": 0.098026,
    "variance": 0.00021202175063999998,
    "stdDev": 0.014560966679448175,
    "confidence": 0.03615385928234996,
    "low": 0.08569467035882503,
    "high": 0.12184852964117499,
    "count": 5
  },
  "Compilation.runtime requirements.chunks": {
    "min": 0.057278,
    "max": 0.085673,
    "mean": 0.0658368,
    "median": 0.058714,
    "variance": 0.00011979423656,
    "stdDev": 0.010945055347507384,
    "confidence": 0.027175804984831547,
    "low": 0.05224889750758423,
    "high": 0.07942470249241577,
    "count": 5
  },
  "Compilation.runtime requirements.entries": {
    "min": 0.305717,
    "max": 0.454356,
    "mean": 0.3688226,
    "median": 0.366594,
    "variance": 0.0025663454554399993,
    "stdDev": 0.05065911029064762,
    "confidence": 0.12578301874711317,
    "low": 0.3059310906264434,
    "high": 0.4317141093735566,
    "count": 5
  },
  "Compilation.runtime requirements": {
    "min": 0.541549,
    "max": 0.729878,
    "mean": 0.6254352000000001,
    "median": 0.605526,
    "variance": 0.004946996558960003,
    "stdDev": 0.07033488863259828,
    "confidence": 0.1746365967481962,
    "low": 0.538116901625902,
    "high": 0.7127534983740982,
    "count": 5
  },