{
  "stats": {
    "min": 1382,
    "max": 1572,
    "mean": 1475.6,
    "median": 1476,
    "variance": 3741.4399999999996,
    "stdDev": 61.167311531568885,
    "confidence": 151.8741456165335,
    "low": 1399.6629271917332,
    "high": 1551.5370728082667,
    "count": 5
  },
  "heap memory": {
    "min": 66673560,
    "max": 78003448,
    "mean": 71038764.8,
    "median": 67310472,
    "variance": 24219663671490.56,
    "stdDev": 4921347.749498155,
    "confidence": 12219361.388004273,
    "low": 64929084.10599786,
    "high": 77148445.49400213,
    "count": 5
  },
  "rss memory": {
    "min": 484057088,
    "max": 522338304,
    "mean": 504058675.2,
    "median": 506826752,
    "variance": 194955044255170.56,
    "stdDev": 13962630.277106479,
    "confidence": 34668231.949358225,
    "low": 486724559.2253209,
    "high": 521392791.1746791,
    "count": 5
  },
  "external memory": {
    "min": 37717039,
    "max": 39317857,
    "mean": 38356247.8,
    "median": 37719039,
    "variance": 611228151002.5599,
    "stdDev": 781810.815352768,
    "confidence": 1941181.4356788546,
    "low": 37385657.08216057,
    "high": 39326838.517839424,
    "count": 5
  },
  "array buffers memory": {
    "min": 668211,
    "max": 2268210,
    "mean": 1307092.2,
    "median": 668211,
    "variance": 610600949336.5599,
    "stdDev": 781409.5912749983,
    "confidence": 1940185.2244267012,
    "low": 336999.58778664924,
    "high": 2277184.8122133506,
    "count": 5
  },
  "Compilation.finish modules": {
    "min": 5,
    "max": 6,
    "mean": 5.4,
    "median": 5,
    "variance": 0.24000000000000005,
    "stdDev": 0.48989794855663565,
    "confidence": 1.2163822557074724,
    "low": 4.791808872146264,
    "high": 6.0081911278537365,
    "count": 5
  },
  "Compilation.optimize dependencies": {
    "min": 1,
    "max": 1,
    "mean": 1,
    "median": 1,
    "variance": 0,
    "stdDev": 0,
    "confidence": 0,
    "low": 1,
    "high": 1,
    "count": 5
  },
  "Compilation.rebuild chunk graph": {
    "min": 7,
    "max": 8,
    "mean": 7.8,
    "median": 8,
    "variance": 0.15999999999999998,
    "stdDev": 0.39999999999999997,
    "confidence": 0.9931719528863061,
    "low": 7.303414023556846,
    "high": 8.296585976443152,
    "count": 5
  },
  "Compilation.create chunks": {
    "min": 14,
    "max": 16,
    "mean": 14.4,
    "median": 14,
    "variance": 0.6399999999999999,
    "stdDev": 0.7999999999999999,
    "confidence": 1.986343905772614,
    "low": 13.406828047113693,
    "high": 15.393171952886307,
    "count": 5
  },
  "Compilation.optimize": {
    "min": 0,
    "max": 0,
    "mean": 0,
    "median": 0,
    "variance": 0,
    "stdDev": 0,
    "confidence": 0,
    "low": 0,
    "high": 0,
    "count": 5
  },
  "Compilation.module ids": {
    "min": 1,
    "max": 1,
    "mean": 1,
    "median": 1,
    "variance": 0,
    "stdDev": 0,
    "confidence": 0,
    "low": 1,
    "high": 1,
    "count": 5
  },
  "Compilation.chunk ids": {
    "min": 2,
    "max": 2,
    "mean": 2,
    "median": 2,
    "variance": 0,
    "stdDev": 0,
    "confidence": 0,
    "low": 2,
    "high": 2,
    "count": 5
  },
  "Compilation.optimize code generation": {
    "min": 0,
    "max": 0,
    "mean": 0,
    "median": 0,
    "variance": 0,
    "stdDev": 0,
    "confidence": 0,
    "low": 0,
    "high": 0,
    "count": 5
  },
  "Compilation.module code generation cache": {
    "min": 0,
    "max": 0,
    "mean": 0,
    "median": 0,
    "variance": 0,
    "stdDev": 0,
    "confidence": 0,
    "low": 0,
    "high": 0,
    "count": 5
  },
  "Compilation.code generation": {
    "min": 15,
    "max": 15,
    "mean": 15,
    "median": 15,
    "variance": 0,
    "stdDev": 0,
    "confidence": 0,
    "low": 15,
    "high": 15,
    "count": 5
  },
  "Compilation.runtime requirements.modules": {
    "min": 1,
    "max": 1,
    "mean": 1,
    "median": 1,
    "variance": 0,
    "stdDev": 0,
    "confidence": 0,
    "low": 1,
    "high": 1,
    "count": 5
  },
  "Compilation.runtime requirements.chunks": {
    "min": 0,
    "max": 0,
    "mean": 0,
    "median": 0,
    "variance": 0,
    "stdDev": 0,
    "confidence": 0,
    "low": 0,
    "high": 0,
    "count": 5
  },
  "Compilation.runtime requirements.entries": {
    "min": 0,
    "max": 0,
    "mean": 0,
    "median": 0,
    "variance": 0,
    "stdDev": 0,
    "confidence": 0,
    "low": 0,
    "high": 0,
    "count": 5
  },
  "Compilation.runtime requirements": {
    "min": 2,
    "max": 2,
    "mean": 2,
    "median": 2,
    "variance": 0,
    "stdDev": 0,
    "confidence": 0,
    "low": 2,
    "high": 2,
    "count": 5
  },
  "Compilation.hashing: hash chunks": {
    "min": 0,
    "max": 0,
    "mean": 0,
    "median": 0,
    "variance": 0,
    "stdDev": 0,
    "confidence": 0,
    "low": 0,
    "high": 0,
    "count": 5
  },
  "Compilation.hashing: hash runtime chunks": {
    "min": 0,
    "max": 1,
    "mean": 0.2,
    "median": 0,
    "variance": 0.16000000000000003,
    "stdDev": 0.4,
    "confidence": 0.6965859764431532,
    "low": 0,
    "high": 0.6965859764431532,
    "count": 5
  },
  "Compilation.hashing: process full hash chunks": {
    "min": 0,
    "max": 0,
    "mean": 0,
    "median": 0,
    "variance": 0,
    "stdDev": 0,
    "confidence": 0,
    "low": 0,
    "high": 0,
    "count": 5
  },
  "Compilation.hashing": {
    "min": 1,
    "max": 1,
    "mean": 1,
    "median": 1,
    "variance": 0,
    "stdDev": 0,
    "confidence": 0,
    "low": 1,
    "high": 1,
    "count": 5
  },
  "Compilation.create module assets": {
    "min": 0,
    "max": 0,
    "mean": 0,
    "median": 0,
    "variance": 0,
    "stdDev": 0,
    "confidence": 0,
    "low": 0,
    "high": 0,
    "count": 5
  },
  "Compilation.create chunk assets": {
    "min": 5,
    "max": 6,
    "mean": 5.4,
    "median": 5,
    "variance": 0.24000000000000005,
    "stdDev": 0.48989794855663565,
    "confidence": 1.2163822557074724,
    "low": 4.791808872146264,
    "high": 6.0081911278537365,
    "count": 5
  },
  "Compilation.process assets": {
    "min": 33,
    "max": 44,
    "mean": 37,
    "median": 34,
    "variance": 18.4,
    "stdDev": 4.2895221179054435,
    "confidence": 10.65058264697289,
    "low": 31.674708676513557,
    "high": 42.32529132348645,
    "count": 5
  },
  "Compilation.after process assets": {
    "min": 0,
    "max": 0,
    "mean": 0,
    "median": 0,
    "variance": 0,
    "stdDev": 0,
    "confidence": 0,
    "low": 0,
    "high": 0,
    "count": 5
  },
  "Compilation.after seal": {
    "min": 0,
    "max": 0,
    "mean": 0,
    "median": 0,
    "variance": 0,
    "stdDev": 0,
    "confidence": 0,
    "low": 0,
    "high": 0,
    "count": 5
  },
  "Compiler.make hook": {
    "min": 0,
    "max": 0,
    "mean": 0,
    "median": 0,
    "variance": 0,
    "stdDev": 0,
    "confidence": 0,
    "low": 0,
    "high": 0,
    "count": 5
  },
  "Compiler.make": {
    "min": 1215,
    "max": 1293,
    "mean": 1269.8,
    "median": 1279,
    "variance": 832.9599999999998,
    "stdDev": 28.86104641207591,
    "confidence": 71.65995456855944,
    "low": 1233.9700227157202,
    "high": 1305.6299772842797,
    "count": 5
  },
  "Compiler.finish make hook": {
    "min": 0,
    "max": 0,
    "mean": 0,
    "median": 0,
    "variance": 0,
    "stdDev": 0,
    "confidence": 0,
    "low": 0,
    "high": 0,
    "count": 5
  },
  "Compiler.finish compilation": {
    "min": 0,
    "max": 0,
    "mean": 0,
    "median": 0,
    "variance": 0,
    "stdDev": 0,
    "confidence": 0,
    "low": 0,
    "high": 0,
    "count": 5
  },
  "Compiler.seal compilation": {
    "min": 1309,
    "max": 1392,
    "mean": 1366.4,
    "median": 1373,
    "variance": 881.8399999999998,
    "stdDev": 29.69579094754002,
    "confidence": 73.73256671967965,
    "low": 1329.5337166401603,
    "high": 1403.26628335984,
    "count": 5
  },
  "Compiler.emitAssets": {
    "min": 60,
    "max": 184,
    "mean": 95.6,
    "median": 71,
    "variance": 2029.0400000000002,