{
  "stats": {
    "min": 3209,
    "max": 3442,
    "mean": 3288.2,
    "median": 3274,
    "variance": 6566.960000000001,
    "stdDev": 81.03678177222983,
    "confidence": 201.20864702086692,
    "low": 3187.5956764895664,
    "high": 3388.8043235104333,
    "count": 5
  },
  "heap memory": {
    "min": 87649264,
    "max": 98435048,
    "mean": 90841284.8,
    "median": 88580616,
    "variance": 16287307777141.76,
    "stdDev": 4035753.681425783,
    "confidence": 10020493.41287437,
    "low": 85831038.09356281,
    "high": 95851531.50643718,
    "count": 5
  },
  "rss memory": {
    "min": 844808192,
    "max": 875589632,
    "mean": 866689843.2,
    "median": 871559168,
    "variance": 129523257610076.17,
    "stdDev": 11380828.511583688,
    "confidence": 28257799.19578433,
    "low": 852560943.6021079,
    "high": 880818742.7978922,
    "count": 5
  },
  "external memory": {
    "min": 30230199,
    "max": 30246583,
    "mean": 30238391,
    "median": 30238391,
    "variance": 26843545.6,
    "stdDev": 5181.075718419873,
    "confidence": 12864.247723288834,
    "low": 30231958.876138356,
    "high": 30244823.123861644,
    "count": 5
  },
  "array buffers memory": {
    "min": 2251830,
    "max": 2268214,
    "mean": 2260022,
    "median": 2260022,
    "variance": 26843545.6,
    "stdDev": 5181.075718419873,
    "confidence": 12864.247723286971,
    "low": 2253589.8761383565,
    "high": 2266454.1238616435,
    "count": 5
  },
  "Compilation.finish modules": {
    "min": 8,
    "max": 9,
    "mean": 8.4,
    "median": 8,
    "variance": 0.24000000000000005,
    "stdDev": 0.48989794855663565,
    "confidence": 1.2163822557074724,
    "low": 7.791808872146264,
    "high": 9.008191127853737,
    "count": 5
  },
  "Compilation.optimize dependencies": {
    "min": 25,
    "max": 27,
    "mean": 26.4,
    "median": 27,
    "variance": 0.6399999999999999,
    "stdDev": 0.7999999999999999,
    "confidence": 1.986343905772614,
    "low": 25.40682804711369,
    "high": 27.393171952886306,
    "count": 5
  },
  "Compilation.rebuild chunk graph": {
    "min": 12,
    "max": 15,
    "mean": 13.6,
    "median": 14,
    "variance": 1.0399999999999998,
    "stdDev": 1.0198039027185568,
    "confidence": 2.5321015840601646,
    "low": 12.333949207969917,
    "high": 14.866050792030082,
    "count": 5
  },
  "Compilation.create chunks": {
    "min": 22,
    "max": 26,
    "mean": 23.2,
    "median": 22,
    "variance": 2.56,
    "stdDev": 1.6,
    "confidence": 3.972687811545228,
    "low": 21.213656094227385,
    "high": 25.186343905772613,
    "count": 5
  },
  "Compilation.optimize": {
    "min": 73,
    "max": 78,
    "mean": 75.2,
    "median": 75,
    "variance": 2.5599999999999996,
    "stdDev": 1.5999999999999999,
    "confidence": 3.972687811545228,
    "low": 73.21365609422739,
    "high": 77.18634390577262,
    "count": 5
  },
  "Compilation.module ids": {
    "min": 2,
    "max": 3,
    "mean": 2.2,
    "median": 2,
    "variance": 0.15999999999999998,
    "stdDev": 0.39999999999999997,
    "confidence": 0.9931719528863063,
    "low": 1.703414023556847,
    "high": 2.6965859764431532,
    "count": 5
  },
  "Compilation.chunk ids": {
    "min": 7,
    "max": 8,
    "mean": 7.8,
    "median": 8,
    "variance": 0.15999999999999998,
    "stdDev": 0.39999999999999997,
    "confidence": 0.9931719528863061,
    "low": 7.303414023556846,
    "high": 8.296585976443152,
    "count": 5
  },
  "Compilation.optimize code generation": {
    "min": 4,
    "max": 4,
    "mean": 4,
    "median": 4,
    "variance": 0,
    "stdDev": 0,
    "confidence": 0,
    "low": 4,
    "high": 4,
    "count": 5
  },
  "Compilation.module code generation cache": {
    "min": 0,
    "max": 0,
    "mean": 0,
    "median": 0,
    "variance": 0,
    "stdDev": 0,
    "confidence": 0,
    "low": 0,
    "high": 0,
    "count": 5
  },
  "Compilation.code generation": {
    "min": 48,
    "max": 57,
    "mean": 52.2,
    "median": 53,
    "variance": 9.360000000000003,
    "stdDev": 3.0594117081556713,
    "confidence": 7.596304752180501,
    "low": 48.40184762390975,
    "high": 55.99815237609025,
    "count": 5
  },
  "Compilation.runtime requirements.modules": {
    "min": 0,
    "max": 2,
    "mean": 1,
    "median": 1,
    "variance": 0.8,
    "stdDev": 0.8944271909999159,
    "confidence": 2.1104,
    "low": 0,
    "high": 2.1104,
    "count": 5
  },
  "Compilation.runtime requirements.chunks": {
    "min": 0,
    "max": 0,
    "mean": 0,
    "median": 0,
    "variance": 0,
    "stdDev": 0,
    "confidence": 0,
    "low": 0,
    "high": 0,
    "count": 5
  },
  "Compilation.runtime requirements.entries": {
    "min": 0,
    "max": 0,
    "mean": 0,
    "median": 0,
    "variance": 0,
    "stdDev": 0,
    "confidence": 0,
    "low": 0,
    "high": 0,
    "count": 5
  },
  "Compilation.runtime requirements": {
    "min": 1,
    "max": 3,
    "mean": 2,
    "median": 2,
    "variance": 0.8,
    "stdDev": 0.8944271909999159,
    "confidence": 2.2207999999999997,
    "low": 0.8896000000000002,
    "high": 3.1104,
    "count": 5
  },
  "Compilation.hashing: hash chunks": {
    "min": 1,
    "max": 1,
    "mean": 1,
    "median": 1,
    "variance": 0,
    "stdDev": 0,
    "confidence": 0,
    "low": 1,
    "high": 1,
    "count": 5
  },
  "Compilation.hashing: hash runtime chunks": {
    "min": 1,
    "max": 1,
    "mean": 1,
    "median": 1,
    "variance": 0,
    "stdDev": 0,
    "confidence": 0,
    "low": 1,
    "high": 1,
    "count": 5
  },
  "Compilation.hashing: process full hash chunks": {
    "min": 0,
    "max": 0,
    "mean": 0,
    "median": 0,
    "variance": 0,
    "stdDev": 0,
    "confidence": 0,
    "low": 0,
    "high": 0,
    "count": 5
  },
  "Compilation.hashing": {
    "min": 2,
    "max": 2,
    "mean": 2,
    "median": 2,
    "variance": 0,
    "stdDev": 0,
    "confidence": 0,
    "low": 2,
    "high": 2,
    "count": 5
  },
  "Compilation.create module assets": {
    "min": 0,
    "max": 0,
    "mean": 0,
    "median": 0,
    "variance": 0,
    "stdDev": 0,
    "confidence": 0,
    "low": 0,
    "high": 0,
    "count": 5
  },
  "Compilation.create chunk assets": {
    "min": 2,
    "max": 3,
    "mean": 2.8,
    "median": 3,
    "variance": 0.15999999999999998,
    "stdDev": 0.39999999999999997,
    "confidence": 0.9931719528863061,
    "low": 2.3034140235568468,
    "high": 3.296585976443153,
    "count": 5
  },
  "Compilation.process assets": {
    "min": 1471,
    "max": 1669,
    "mean": 1530.8,
    "median": 1506,
    "variance": 5105.36,
    "stdDev": 71.45180193669016,
    "confidence": 177.4098141667705,
    "low": 1442.0950929166147,
    "high": 1619.5049070833852,
    "count": 5
  },
  "Compilation.after process assets": {
    "min": 0,
    "max": 0,
    "mean": 0,
    "median": 0,
    "variance": 0,
    "stdDev": 0,
    "confidence": 0,
    "low": 0,
    "high": 0,
    "count": 5
  },
  "Compilation.after seal": {
    "min": 0,
    "max": 0,
    "mean": 0,
    "median": 0,
    "variance": 0,
    "stdDev": 0,
    "confidence": 0,
    "low": 0,
    "high": 0,
    "count": 5
  },
  "Compiler.make hook": {
    "min": 2,
    "max": 6,
    "mean": 3.4,
    "median": 2,
    "variance": 3.04,
    "stdDev": 1.7435595774162693,
    "confidence": 4.329136176190349,
    "low": 1.2354319119048256,
    "high": 5.564568088095174,
    "count": 5
  },
  "Compiler.make": {
    "min": 1346,
    "max": 1390,
    "mean": 1373.4,
    "median": 1381,
    "variance": 237.44,
    "stdDev": 15.409088227406578,
    "confidence": 38.259685617526884,
    "low": 1354.2701571912366,
    "high": 1392.5298428087635,
    "count": 5
  },
  "Compiler.finish make hook": {
    "min": 0,
    "max": 0,
    "mean": 0,
    "median": 0,
    "variance": 0,
    "stdDev": 0,
    "confidence": 0,
    "low": 0,
    "high": 0,
    "count": 5
  },
  "Compiler.finish compilation": {
    "min": 47,
    "max": 51,
    "mean": 48.6,
    "median": 48,
    "variance": 1.8399999999999999,