{
  "stats": {
    "min": 2917,
    "max": 3186,
    "mean": 3035.2,
    "median": 3023,
    "variance": 9209.36,
    "stdDev": 95.9654104352188,
    "confidence": 238.2753852287051,
    "low": 2916.0623073856473,
    "high": 3154.3376926143524,
    "count": 5
  },
  "heap memory": {
    "min": 98002664,
    "max": 100447024,
    "mean": 99594900.8,
    "median": 98002664,
    "variance": 861344166184.9601,
    "stdDev": 928086.2924238027,
    "confidence": 2304373.1887339056,
    "low": 98442714.20563304,
    "high": 100747087.39436695,
    "count": 5
  },
  "rss memory": {
    "min": 664170496,
    "max": 763813888,
    "mean": 726443622.4,
    "median": 720916480,
    "variance": 1349873872131850.2,
    "stdDev": 36740629.71877115,
    "confidence": 91224407.42016149,
    "low": 680831418.6899192,
    "high": 772055826.1100807,
    "count": 5
  },
  "external memory": {
    "min": 30208865,
    "max": 30240404,
    "mean": 30229547.4,
    "median": 30240404,
    "variance": 184533847.84,
    "stdDev": 13584.323606274991,
    "confidence": 33728.92301171273,
    "low": 30212682.938494142,
    "high": 30246411.861505855,
    "count": 5
  },
  "array buffers memory": {
    "min": 2234816,
    "max": 2268214,
    "mean": 2256493.2,
    "median": 2268214,
    "variance": 212776615.35999998,
    "stdDev": 14586.864480072472,
    "confidence": 36218.16170540359,
    "low": 2238384.1191472984,
    "high": 2274602.280852702,
    "count": 5
  },
  "Compilation.finish modules": {
    "min": 6,
    "max": 7,
    "mean": 6.2,
    "median": 6,
    "variance": 0.15999999999999998,
    "stdDev": 0.39999999999999997,
    "confidence": 0.993171952886307,
    "low": 5.703414023556847,
    "high": 6.696585976443154,
    "count": 5
  },
  "Compilation.optimize dependencies": {
    "min": 12,
    "max": 14,
    "mean": 12.8,
    "median": 13,
    "variance": 0.56,
    "stdDev": 0.7483314773547883,
    "confidence": 1.858054586926876,
    "low": 11.870972706536563,
    "high": 13.729027293463439,
    "count": 5
  },
  "Compilation.rebuild chunk graph": {
    "min": 9,
    "max": 9,
    "mean": 9,
    "median": 9,
    "variance": 0,
    "stdDev": 0,
    "confidence": 0,
    "low": 9,
    "high": 9,
    "count": 5
  },
  "Compilation.create chunks": {
    "min": 16,
    "max": 17,
    "mean": 16.2,
    "median": 16,
    "variance": 0.16,
    "stdDev": 0.4,
    "confidence": 0.993171952886307,
    "low": 15.703414023556846,
    "high": 16.696585976443153,
    "count": 5
  },
  "Compilation.optimize": {
    "min": 17,
    "max": 20,
    "mean": 17.8,
    "median": 17,
    "variance": 1.36,
    "stdDev": 1.1661903789690602,
    "confidence": 2.895568940294808,
    "low": 16.352215529852597,
    "high": 19.247784470147405,
    "count": 5
  },
  "Compilation.module ids": {
    "min": 1,
    "max": 2,
    "mean": 1.2,
    "median": 1,
    "variance": 0.16,
    "stdDev": 0.4,
    "confidence": 0.9931719528863066,
    "low": 0.7034140235568467,
    "high": 1.6965859764431532,
    "count": 5
  },
  "Compilation.chunk ids": {
    "min": 1,
    "max": 1,
    "mean": 1,
    "median": 1,
    "variance": 0,
    "stdDev": 0,
    "confidence": 0,
    "low": 1,
    "high": 1,
    "count": 5
  },
  "Compilation.optimize code generation": {
    "min": 1,
    "max": 1,
    "mean": 1,
    "median": 1,
    "variance": 0,
    "stdDev": 0,
    "confidence": 0,
    "low": 1,
    "high": 1,
    "count": 5
  },
  "Compilation.code generation": {
    "min": 41,
    "max": 47,
    "mean": 43.6,
    "median": 43,
    "variance": 3.8400000000000007,
    "stdDev": 1.9595917942265426,
    "confidence": 4.8655290228298895,
    "low": 41.16723548858506,
    "high": 46.032764511414946,
    "count": 5
  },
  "Compilation.runtime requirements.modules": {
    "min": 0,
    "max": 2,
    "mean": 0.4,
    "median": 0,
    "variance": 0.6400000000000001,
    "stdDev": 0.8,
    "confidence": 1.3931719528863065,
    "low": 0,
    "high": 1.3931719528863065,
    "count": 5
  },
  "Compilation.runtime requirements.chunks": {
    "min": 0,
    "max": 0,
    "mean": 0,
    "median": 0,
    "variance": 0,
    "stdDev": 0,
    "confidence": 0,
    "low": 0,
    "high": 0,
    "count": 5
  },
  "Compilation.runtime requirements.entries": {
    "min": 0,
    "max": 0,
    "mean": 0,
    "median": 0,
    "variance": 0,
    "stdDev": 0,
    "confidence": 0,
    "low": 0,
    "high": 0,
    "count": 5
  },
  "Compilation.runtime requirements": {
    "min": 1,
    "max": 3,
    "mean": 1.4,
    "median": 1,
    "variance": 0.64,
    "stdDev": 0.8,
    "confidence": 1.986343905772613,
    "low": 0.40682804711369336,
    "high": 2.3931719528863065,
    "count": 5
  },
  "Compilation.hashing: hash chunks": {
    "min": 0,
    "max": 0,
    "mean": 0,
    "median": 0,
    "variance": 0,
    "stdDev": 0,
    "confidence": 0,
    "low": 0,
    "high": 0,
    "count": 5
  },
  "Compilation.hashing: hash runtime chunks": {
    "min": 0,
    "max": 0,
    "mean": 0,
    "median": 0,
    "variance": 0,
    "stdDev": 0,
    "confidence": 0,
    "low": 0,
    "high": 0,
    "count": 5
  },
  "Compilation.hashing: process full hash chunks": {
    "min": 0,
    "max": 0,
    "mean": 0,
    "median": 0,
    "variance": 0,
    "stdDev": 0,
    "confidence": 0,
    "low": 0,
    "high": 0,
    "count": 5
  },
  "Compilation.hashing": {
    "min": 1,
    "max": 1,
    "mean": 1,
    "median": 1,
    "variance": 0,
    "stdDev": 0,
    "confidence": 0,
    "low": 1,
    "high": 1,
    "count": 5
  },
  "Compilation.create module assets": {
    "min": 0,
    "max": 0,
    "mean": 0,
    "median": 0,
    "variance": 0,
    "stdDev": 0,
    "confidence": 0,
    "low": 0,
    "high": 0,
    "count": 5
  },
  "Compilation.create chunk assets": {
    "min": 2,
    "max": 2,
    "mean": 2,
    "median": 2,
    "variance": 0,
    "stdDev": 0,
    "confidence": 0,
    "low": 2,
    "high": 2,
    "count": 5
  },
  "Compilation.process assets": {
    "min": 1462,
    "max": 1563,
    "mean": 1498.8,
    "median": 1484,
    "variance": 1217.36,
    "stdDev": 34.89068643635433,
    "confidence": 86.63112796384439,
    "low": 1455.4844360180778,
    "high": 1542.1155639819222,
    "count": 5
  },
  "Compilation.after process assets": {
    "min": 0,
    "max": 0,
    "mean": 0,
    "median": 0,
    "variance": 0,
    "stdDev": 0,
    "confidence": 0,
    "low": 0,
    "high": 0,
    "count": 5
  },
  "Compilation.after seal": {
    "min": 0,
    "max": 0,
    "mean": 0,
    "median": 0,
    "variance": 0,
    "stdDev": 0,
    "confidence": 0,
    "low": 0,
    "high": 0,
    "count": 5
  },
  "Compiler.make hook": {
    "min": 0,
    "max": 0,
    "mean": 0,
    "median": 0,
    "variance": 0,
    "stdDev": 0,
    "confidence": 0,
    "low": 0,
    "high": 0,
    "count": 5
  },
  "Compiler.make": {
    "min": 1248,
    "max": 1340,
    "mean": 1299.2,
    "median": 1316,
    "variance": 1302.1599999999999,
    "stdDev": 36.085454133209964,
    "confidence": 89.59765238067348,
    "low": 1254.4011738096633,
    "high": 1343.9988261903368,
    "count": 5
  },
  "Compiler.finish make hook": {
    "min": 0,
    "max": 0,
    "mean": 0,
    "median": 0,
    "variance": 0,
    "stdDev": 0,
    "confidence": 0,
    "low": 0,
    "high": 0,
    "count": 5
  },
  "Compiler.finish compilation": {
    "min": 8,
    "max": 9,
    "mean": 8.2,
    "median": 8,
    "variance": 0.16,
    "stdDev": 0.4,
    "confidence": 0.993171952886307,
    "low": 7.703414023556846,
    "high": 8.696585976443153,
    "count": 5
  },
  "Compiler.seal compilation": {
    "min": 1577,
    "max": 1673,
    "mean": 1607.4,
    "median": 1589,
    "variance": 1181.44,
    "stdDev": 34.372081694305336,
    "confidence": 85.34346875275241,
    "low": 1564.7282656236239,
    "high": 1650.0717343763763,
    "count": 5
  },
  "Compiler.emitAssets": {
    "min": 58,
    "max": 254,
    "mean": 101.2,
    "median": 64,
    "variance": 5843.76,
    "stdDev": 76.44448966406931,