{
  "stats": {
    "min": 277.8181818181818,
    "max": 296.3636363636364,
    "mean": 283.5090909090909,
    "median": 281.09090909090907,
    "variance": 44.62016528925633,
    "stdDev": 6.679832729137484,
    "confidence": 16.58555629137834,
    "low": 275.21631276340173,
    "high": 291.80186905478007,
    "count": 5
  },
  "heap memory": {
    "min": 80730912.72727273,
    "max": 86263697.45454545,
    "mean": 84675385.01818182,
    "median": 85304017.45454545,
    "variance": 4025670071421.3643,
    "stdDev": 2006407.254627376,
    "confidence": 4981768.528408796,
    "low": 82184500.75397742,
    "high": 87166269.28238621,
    "count": 5
  },
  "rss memory": {
    "min": 841100567.2727273,
    "max": 857131938.9090909,
    "mean": 852159097.0181818,
    "median": 853688320,
    "variance": 32853339674632.844,
    "stdDev": 5731783.289224466,
    "confidence": 14231616.00720048,
    "low": 845043289.0145816,
    "high": 859274905.021782,
    "count": 5
  },
  "external memory": {
    "min": 44365094.81818182,
    "max": 52918263,
    "mean": 50865502.63636364,
    "median": 52918263,
    "variance": 11002765566348.621,
    "stdDev": 3317041.6889675385,
    "confidence": 8235981.930092961,
    "low": 46747511.67131716,
    "high": 54983493.60141012,
    "count": 5
  },
  "array buffers memory": {
    "min": 20354700.454545453,
    "max": 28907868.636363637,
    "mean": 26855108.272727273,
    "median": 28907868.636363637,
    "variance": 11002765566348.63,
    "stdDev": 3317041.68896754,
    "confidence": 8235981.930092961,
    "low": 22737117.307680793,
    "high": 30973099.237773754,
    "count": 5
  },
  "Compilation.finish modules": {
    "min": 9.090909090909092,
    "max": 10.272727272727273,
    "mean": 9.563636363636364,
    "median": 9.090909090909092,
    "variance": 0.1963636363636362,
    "stdDev": 0.4431293675255977,
    "confidence": 1.1002591483166775,
    "low": 9.013506789478026,
    "high": 10.113765937794703,
    "count": 5
  },
  "Compilation.optimize dependencies": {
    "min": 1,
    "max": 1,
    "mean": 1,
    "median": 1,
    "variance": 0,
    "stdDev": 0,
    "confidence": 0,
    "low": 1,
    "high": 1,
    "count": 5
  },
  "Compilation.rebuild chunk graph": {
    "min": 36.27272727272727,
    "max": 36.81818181818182,
    "mean": 36.50909090909091,
    "median": 36.45454545454545,
    "variance": 0.031735537190082895,
    "stdDev": 0.17814470856605003,
    "confidence": 0.44232082025726527,
    "low": 36.287930498962275,
    "high": 36.73025131921954,
    "count": 5
  },
  "Compilation.create chunks": {
    "min": 64.36363636363636,
    "max": 67.72727272727273,
    "mean": 65.85454545454544,
    "median": 65.27272727272727,
    "variance": 1.5160330578512458,
    "stdDev": 1.2312729420608761,
    "confidence": 3.0571643810066575,
    "low": 64.32596326404212,
    "high": 67.38312764504877,
    "count": 5
  },
  "Compilation.optimize": {
    "min": 0,
    "max": 0,
    "mean": 0,
    "median": 0,
    "variance": 0,
    "stdDev": 0,
    "confidence": 0,
    "low": 0,
    "high": 0,
    "count": 5
  },
  "Compilation.module ids": {
    "min": 1.9090909090909092,
    "max": 2.090909090909091,
    "mean": 2,
    "median": 2,
    "variance": 0.003305785123966936,
    "stdDev": 0.05749595745760684,
    "confidence": 0.14275843087809825,
    "low": 1.9286207845609509,
    "high": 2.071379215439049,
    "count": 5
  },
  "Compilation.chunk ids": {
    "min": 4,
    "max": 4.2727272727272725,
    "mean": 4.054545454545455,
    "median": 4,
    "variance": 0.01190082644628097,
    "stdDev": 0.10909090909090899,
    "confidence": 0.2708650780599018,
    "low": 3.919112915515504,
    "high": 4.189977993575406,
    "count": 5
  },
  "Compilation.optimize code generation": {
    "min": 0,
    "max": 0,
    "mean": 0,
    "median": 0,
    "variance": 0,
    "stdDev": 0,
    "confidence": 0,
    "low": 0,
    "high": 0,
    "count": 5
  },
  "Compilation.module code generation cache": {
    "min": 0,
    "max": 0,
    "mean": 0,
    "median": 0,
    "variance": 0,
    "stdDev": 0,
    "confidence": 0,
    "low": 0,
    "high": 0,
    "count": 5
  },
  "Compilation.code generation": {
    "min": 0,
    "max": 0.09090909090909091,
    "mean": 0.03636363636363636,
    "median": 0,
    "variance": 0.0019834710743801653,
    "stdDev": 0.04453617714151233,
    "confidence": 0.09165373889579422,
    "low": 0,
    "high": 0.09165373889579422,
    "count": 5
  },
  "Compilation.runtime requirements.modules": {
    "min": 0,
    "max": 0,
    "mean": 0,
    "median": 0,
    "variance": 0,
    "stdDev": 0,
    "confidence": 0,
    "low": 0,
    "high": 0,
    "count": 5
  },
  "Compilation.runtime requirements.chunks": {
    "min": 0,
    "max": 0,
    "mean": 0,
    "median": 0,
    "variance": 0,
    "stdDev": 0,
    "confidence": 0,
    "low": 0,
    "high": 0,
    "count": 5
  },
  "Compilation.runtime requirements.entries": {
    "min": 0,
    "max": 0,
    "mean": 0,
    "median": 0,
    "variance": 0,
    "stdDev": 0,
    "confidence": 0,
    "low": 0,
    "high": 0,
    "count": 5
  },
  "Compilation.runtime requirements": {
    "min": 1,
    "max": 1,
    "mean": 1,
    "median": 1,
    "variance": 0,
    "stdDev": 0,
    "confidence": 0,
    "low": 1,
    "high": 1,
    "count": 5
  },
  "Compilation.hashing: hash chunks": {
    "min": 2,
    "max": 2.1818181818181817,
    "mean": 2.036363636363636,
    "median": 2,
    "variance": 0.005289256198347098,
    "stdDev": 0.07272727272727267,
    "confidence": 0.1805767187066012,
    "low": 1.9460752770103356,
    "high": 2.1266519957169367,
    "count": 5
  },
  "Compilation.hashing: hash runtime chunks": {
    "min": 6.090909090909091,
    "max": 6.818181818181818,
    "mean": 6.363636363636364,
    "median": 6.363636363636363,
    "variance": 0.07272727272727277,
    "stdDev": 0.2696799449852969,
    "confidence": 0.6695963940382974,
    "low": 6.0288381666172155,
    "high": 6.698434560655513,
    "count": 5
  },
  "Compilation.hashing: process full hash chunks": {
    "min": 0,
    "max": 0,
    "mean": 0,
    "median": 0,
    "variance": 0,
    "stdDev": 0,
    "confidence": 0,
    "low": 0,
    "high": 0,
    "count": 5
  },
  "Compilation.hashing": {
    "min": 9,
    "max": 9.818181818181818,
    "mean": 9.163636363636364,
    "median": 9,
    "variance": 0.10710743801652896,
    "stdDev": 0.3272727272727273,
    "confidence": 0.8125952341797067,
    "low": 8.75733874654651,
    "high": 9.569933980726217,
    "count": 5
  },
  "Compilation.create module assets": {
    "min": 0,
    "max": 0.18181818181818182,
    "mean": 0.05454545454545454,
    "median": 0,
    "variance": 0.005289256198347108,
    "stdDev": 0.07272727272727272,
    "confidence": 0.14483381389875513,
    "low": 0,
    "high": 0.14483381389875513,
    "count": 5
  },
  "Compilation.create chunk assets": {
    "min": 15.636363636363637,
    "max": 17,
    "mean": 16.09090909090909,
    "median": 15.909090909090908,
    "variance": 0.228099173553719,
    "stdDev": 0.4775972922386799,
    "confidence": 1.1858405885647532,
    "low": 15.497988796626712,
    "high": 16.683829385191466,
    "count": 5
  },
  "Compilation.process assets": {
    "min": 60.63636363636363,
    "max": 65.36363636363636,
    "mean": 61.74545454545455,
    "median": 60.90909090909091,
    "variance": 3.287272727272723,
    "stdDev": 1.8130837617916948,
    "confidence": 4.501759851112766,
    "low": 59.49457461989817,
    "high": 63.99633447101093,
    "count": 5
  },
  "Compilation.after process assets": {
    "min": 0,
    "max": 0,
    "mean": 0,
    "median": 0,
    "variance": 0,
    "stdDev": 0,
    "confidence": 0,
    "low": 0,
    "high": 0,
    "count": 5
  },
  "Compilation.after seal": {
    "min": 0,
    "max": 0,
    "mean": 0,
    "median": 0,
    "variance": 0,
    "stdDev": 0,
    "confidence": 0,
    "low": 0,
    "high": 0,
    "count": 5
  },
  "Compiler.make hook": {
    "min": 0,
    "max": 0.09090909090909091,