{
  "stats": {
    "min": 2977,
    "max": 3048,
    "mean": 3011.8,
    "median": 3008,
    "variance": 556.1600000000001,
    "stdDev": 23.58304475677388,
    "confidence": 58.5550465402257,
    "low": 2982.5224767298873,
    "high": 3041.077523270113,
    "count": 5
  },
  "heap memory": {
    "min": 87153912,
    "max": 98259688,
    "mean": 92497236.8,
    "median": 89600736,
    "variance": 21832174425666.56,
    "stdDev": 4672491.244043862,
    "confidence": 11601468.13422802,
    "low": 86696502.73288599,
    "high": 98297970.86711401,
    "count": 5
  },
  "rss memory": {
    "min": 757399552,
    "max": 834813952,
    "mean": 797110272,
    "median": 798871552,
    "variance": 974701461923430.4,
    "stdDev": 31220209.190897975,
    "confidence": 77517590.32910776,
    "low": 758351476.8354461,
    "high": 835869067.1645539,
    "count": 5
  },
  "external memory": {
    "min": 30232529,
    "max": 30240721,
    "mean": 30235805.8,
    "median": 30232529,
    "variance": 16106127.36,
    "stdDev": 4013.243994575959,
    "confidence": 9964.60343875736,
    "low": 30230823.498280622,
    "high": 30240788.10171938,
    "count": 5
  },
  "array buffers memory": {
    "min": 2260035,
    "max": 2268227,
    "mean": 2263311.8,
    "median": 2260035,
    "variance": 16106127.360000003,
    "stdDev": 4013.2439945759593,
    "confidence": 9964.603438755497,
    "low": 2258329.498280622,
    "high": 2268294.1017193776,
    "count": 5
  },
  "Compilation.finish modules": {
    "min": 6,
    "max": 7,
    "mean": 6.4,
    "median": 6,
    "variance": 0.24000000000000005,
    "stdDev": 0.48989794855663565,
    "confidence": 1.2163822557074724,
    "low": 5.791808872146264,
    "high": 7.0081911278537365,
    "count": 5
  },
  "Compilation.optimize dependencies": {
    "min": 12,
    "max": 13,
    "mean": 12.6,
    "median": 13,
    "variance": 0.24000000000000005,
    "stdDev": 0.48989794855663565,
    "confidence": 1.2163822557074724,
    "low": 11.991808872146263,
    "high": 13.208191127853736,
    "count": 5
  },
  "Compilation.rebuild chunk graph": {
    "min": 9,
    "max": 10,
    "mean": 9.4,
    "median": 9,
    "variance": 0.24000000000000005,
    "stdDev": 0.48989794855663565,
    "confidence": 1.2163822557074724,
    "low": 8.791808872146264,
    "high": 10.008191127853737,
    "count": 5
  },
  "Compilation.create chunks": {
    "min": 14,
    "max": 16,
    "mean": 15,
    "median": 15,
    "variance": 0.8,
    "stdDev": 0.8944271909999159,
    "confidence": 2.2207999999999988,
    "low": 13.8896,
    "high": 16.1104,
    "count": 5
  },
  "Compilation.optimize": {
    "min": 17,
    "max": 20,
    "mean": 17.8,
    "median": 17,
    "variance": 1.36,
    "stdDev": 1.1661903789690602,
    "confidence": 2.895568940294808,
    "low": 16.352215529852597,
    "high": 19.247784470147405,
    "count": 5
  },
  "Compilation.module ids": {
    "min": 1,
    "max": 1,
    "mean": 1,
    "median": 1,
    "variance": 0,
    "stdDev": 0,
    "confidence": 0,
    "low": 1,
    "high": 1,
    "count": 5
  },
  "Compilation.chunk ids": {
    "min": 1,
    "max": 1,
    "mean": 1,
    "median": 1,
    "variance": 0,
    "stdDev": 0,
    "confidence": 0,
    "low": 1,
    "high": 1,
    "count": 5
  },
  "Compilation.optimize code generation": {
    "min": 1,
    "max": 1,
    "mean": 1,
    "median": 1,
    "variance": 0,
    "stdDev": 0,
    "confidence": 0,
    "low": 1,
    "high": 1,
    "count": 5
  },
  "Compilation.code generation": {
    "min": 42,
    "max": 46,
    "mean": 43.6,
    "median": 43,
    "variance": 1.8399999999999999,
    "stdDev": 1.3564659966250536,
    "confidence": 3.36800995722993,
    "low": 41.91599502138504,
    "high": 45.284004978614966,
    "count": 5
  },
  "Compilation.runtime requirements.modules": {
    "min": 0,
    "max": 0,
    "mean": 0,
    "median": 0,
    "variance": 0,
    "stdDev": 0,
    "confidence": 0,
    "low": 0,
    "high": 0,
    "count": 5
  },
  "Compilation.runtime requirements.chunks": {
    "min": 0,
    "max": 0,
    "mean": 0,
    "median": 0,
    "variance": 0,
    "stdDev": 0,
    "confidence": 0,
    "low": 0,
    "high": 0,
    "count": 5
  },
  "Compilation.runtime requirements.entries": {
    "min": 0,
    "max": 0,
    "mean": 0,
    "median": 0,
    "variance": 0,
    "stdDev": 0,
    "confidence": 0,
    "low": 0,
    "high": 0,
    "count": 5
  },
  "Compilation.runtime requirements": {
    "min": 1,
    "max": 1,
    "mean": 1,
    "median": 1,
    "variance": 0,
    "stdDev": 0,
    "confidence": 0,
    "low": 1,
    "high": 1,
    "count": 5
  },
  "Compilation.hashing: hash chunks": {
    "min": 0,
    "max": 0,
    "mean": 0,
    "median": 0,
    "variance": 0,
    "stdDev": 0,
    "confidence": 0,
    "low": 0,
    "high": 0,
    "count": 5
  },
  "Compilation.hashing: hash runtime chunks": {
    "min": 0,
    "max": 0,
    "mean": 0,
    "median": 0,
    "variance": 0,
    "stdDev": 0,
    "confidence": 0,
    "low": 0,
    "high": 0,
    "count": 5
  },
  "Compilation.hashing: process full hash chunks": {
    "min": 0,
    "max": 0,
    "mean": 0,
    "median": 0,
    "variance": 0,
    "stdDev": 0,
    "confidence": 0,
    "low": 0,
    "high": 0,
    "count": 5
  },
  "Compilation.hashing": {
    "min": 1,
    "max": 1,
    "mean": 1,
    "median": 1,
    "variance": 0,
    "stdDev": 0,
    "confidence": 0,
    "low": 1,
    "high": 1,
    "count": 5
  },
  "Compilation.create module assets": {
    "min": 0,
    "max": 0,
    "mean": 0,
    "median": 0,
    "variance": 0,
    "stdDev": 0,
    "confidence": 0,
    "low": 0,
    "high": 0,
    "count": 5
  },
  "Compilation.create chunk assets": {
    "min": 2,
    "max": 3,
    "mean": 2.2,
    "median": 2,
    "variance": 0.15999999999999998,
    "stdDev": 0.39999999999999997,
    "confidence": 0.9931719528863063,
    "low": 1.703414023556847,
    "high": 2.6965859764431532,
    "count": 5
  },
  "Compilation.process assets": {
    "min": 1523,
    "max": 1558,
    "mean": 1547.4,
    "median": 1551,
    "variance": 157.04000000000002,
    "stdDev": 12.531560158256434,
    "confidence": 31.114985187719412,
    "low": 1531.8425074061404,
    "high": 1562.9574925938598,
    "count": 5
  },
  "Compilation.after process assets": {
    "min": 0,
    "max": 0,
    "mean": 0,
    "median": 0,
    "variance": 0,
    "stdDev": 0,
    "confidence": 0,
    "low": 0,
    "high": 0,
    "count": 5
  },
  "Compilation.after seal": {
    "min": 0,
    "max": 0,
    "mean": 0,
    "median": 0,
    "variance": 0,
    "stdDev": 0,
    "confidence": 0,
    "low": 0,
    "high": 0,
    "count": 5
  },
  "Compiler.make hook": {
    "min": 0,
    "max": 0,
    "mean": 0,
    "median": 0,
    "variance": 0,
    "stdDev": 0,
    "confidence": 0,
    "low": 0,
    "high": 0,
    "count": 5
  },
  "Compiler.make": {
    "min": 1235,
    "max": 1335,
    "mean": 1271,
    "median": 1256,
    "variance": 1213.2,
    "stdDev": 34.831020656879986,
    "confidence": 86.4829820170421,
    "low": 1227.758508991479,
    "high": 1314.241491008521,
    "count": 5
  },
  "Compiler.finish make hook": {
    "min": 0,
    "max": 0,
    "mean": 0,
    "median": 0,
    "variance": 0,
    "stdDev": 0,
    "confidence": 0,
    "low": 0,
    "high": 0,
    "count": 5
  },
  "Compiler.finish compilation": {
    "min": 8,
    "max": 9,
    "mean": 8.4,
    "median": 8,
    "variance": 0.24000000000000005,
    "stdDev": 0.48989794855663565,
    "confidence": 1.2163822557074724,
    "low": 7.791808872146264,
    "high": 9.008191127853737,
    "count": 5
  },
  "Compiler.seal compilation": {
    "min": 1634,
    "max": 1668,
    "mean": 1655.8,
    "median": 1658,
    "variance": 139.35999999999999,
    "stdDev": 11.805083650698965,
    "confidence": 29.3111949583772,
    "low": 1641.1444025208114,
    "high": 1670.4555974791886,
    "count": 5
  },
  "Compiler.emitAssets": {
    "min": 50,
    "max": 66,
    "mean": 57.4,
    "median": 60,
    "variance": 36.64,