{
  "stats": {
    "min": 1467.2727272727273,
    "max": 1473.2727272727273,
    "mean": 1470.290909090909,
    "median": 1470.7272727272727,
    "variance": 5.720330578512376,
    "stdDev": 2.3917212585316827,
    "confidence": 5.938476182739123,
    "low": 1467.3216709995395,
    "high": 1473.2601471822786,
    "count": 5
  },
  "heap memory": {
    "min": 24400869.818181816,
    "max": 24479493.09090909,
    "mean": 24447857.745454546,
    "median": 24451796.363636363,
    "variance": 708459663.1484543,
    "stdDev": 26616.90558927642,
    "confidence": 66087.91025973111,
    "low": 24414813.79032468,
    "high": 24480901.70058441,
    "count": 5
  },
  "rss memory": {
    "min": 892427170.9090909,
    "max": 972462266.1818181,
    "mean": 942873804.8,
    "median": 954284590.5454545,
    "variance": 953076196620932.8,
    "stdDev": 30871932.181529112,
    "confidence": 76652842.9352572,
    "low": 904547383.3323714,
    "high": 981200226.2676286,
    "count": 5
  },
  "external memory": {
    "min": 75135001.27272727,
    "max": 75135062.81818181,
    "mean": 75135050.5090909,
    "median": 75135062.81818181,
    "variance": 606.0548760597369,
    "stdDev": 24.618181818723674,
    "confidence": 61.12521928548813,
    "low": 75135019.94648126,
    "high": 75135081.07170054,
    "count": 5
  },
  "array buffers memory": {
    "min": 33273,
    "max": 33273,
    "mean": 33273,
    "median": 33273,
    "variance": 0,
    "stdDev": 0,
    "confidence": 0,
    "low": 33273,
    "high": 33273,
    "count": 5
  },
  "Compilation.make hook": {
    "min": 0,
    "max": 0,
    "mean": 0,
    "median": 0,
    "variance": 0,
    "stdDev": 0,
    "confidence": 0,
    "low": 0,
    "high": 0,
    "count": 5
  },
  "Compilation.module add task": {
    "min": 3,
    "max": 3.5454545454545454,
    "mean": 3.2363636363636368,
    "median": 3.1818181818181817,
    "variance": 0.031735537190082645,
    "stdDev": 0.17814470856604933,
    "confidence": 0.4423208202572626,
    "low": 3.0152032262350055,
    "high": 3.457524046492268,
    "count": 5
  },
  "Compilation.module process dependencies task": {
    "min": 2.6363636363636362,
    "max": 3,
    "mean": 2.8,
    "median": 2.8181818181818183,
    "variance": 0.014545454545454561,
    "stdDev": 0.12060453783110552,
    "confidence": 0.29945261091167374,
    "low": 2.650273694544163,
    "high": 2.9497263054558367,
    "count": 5
  },
  "Compilation.module factorize task": {
    "min": 1.2727272727272727,
    "max": 1.6363636363636365,
    "mean": 1.3818181818181818,
    "median": 1.3636363636363635,
    "variance": 0.017851239669421502,
    "stdDev": 0.13360853142453705,
    "confidence": 0.3317406151929472,
    "low": 1.2159478742217082,
    "high": 1.5476884894146554,
    "count": 5
  },
  "Compilation.module build task": {
    "min": 0.09090909090909091,
    "max": 0.8181818181818182,
    "mean": 0.5272727272727272,
    "median": 0.5454545454545454,
    "variance": 0.06413223140495869,
    "stdDev": 0.2532434232215295,
    "confidence": 0.6287856629913497,
    "low": 0.2128798957770524,
    "high": 0.8416655587684021,
    "count": 5
  },
  "Compilation.module build cache": {
    "min": 0,
    "max": 0.7545454545454546,
    "mean": 0.6036363636363637,
    "median": 0.7545454545454546,
    "variance": 0.09109421487603306,
    "stdDev": 0.3018181818181818,
    "confidence": 0.7493933826323949,
    "low": 0.22893967232016632,
    "high": 0.9783330549525612,
    "count": 5
  },
  "Compilation.module factorize cache": {
    "min": 98.64545454545456,
    "max": 98.70000000000003,
    "mean": 98.68909090909094,
    "median": 98.70000000000003,
    "variance": 0.0004760330578516141,
    "stdDev": 0.0218181818181904,
    "confidence": 0.05417301561200816,
    "low": 98.66200440128493,
    "high": 98.71617741689694,
    "count": 5
  },
  "Compilation.finish modules": {
    "min": 0,
    "max": 0,
    "mean": 0,
    "median": 0,
    "variance": 0,
    "stdDev": 0,
    "confidence": 0,
    "low": 0,
    "high": 0,
    "count": 5
  },
  "Compilation.optimize dependencies": {
    "min": 0,
    "max": 0,
    "mean": 0,
    "median": 0,
    "variance": 0,
    "stdDev": 0,
    "confidence": 0,
    "low": 0,
    "high": 0,
    "count": 5
  },
  "Compilation.create chunks": {
    "min": 20.636363636363637,
    "max": 21.272727272727273,
    "mean": 20.945454545454545,
    "median": 21,
    "variance": 0.054876033057851284,
    "stdDev": 0.23425634048591146,
    "confidence": 0.5816420678909822,
    "low": 20.654633511509054,
    "high": 21.236275579400036,
    "count": 5
  },
  "Compilation.optimize": {
    "min": 525.2727272727273,
    "max": 534.7272727272727,
    "mean": 530.109090909091,
    "median": 530.8181818181819,
    "variance": 9.432727272727394,
    "stdDev": 3.071274535551551,
    "confidence": 7.625759320809266,
    "low": 526.2962112486864,
    "high": 533.9219705694957,
    "count": 5
  },
  "Compilation.module ids": {
    "min": 9.363636363636363,
    "max": 10.272727272727273,
    "mean": 9.872727272727271,
    "median": 10.272727272727273,
    "variance": 0.12760330578512416,
    "stdDev": 0.35721604917070027,
    "confidence": 0.8869424028929878,
    "low": 9.429256071280777,
    "high": 10.316198474173765,
    "count": 5
  },
  "Compilation.chunk ids": {
    "min": 0,
    "max": 0,
    "mean": 0,
    "median": 0,
    "variance": 0,
    "stdDev": 0,
    "confidence": 0,
    "low": 0,
    "high": 0,
    "count": 5
  },
  "Compilation.module code generation cache": {
    "min": 99.70000000000003,
    "max": 99.72727272727275,
    "mean": 99.72181818181821,
    "median": 99.72727272727275,
    "variance": 0.00011900826446271751,
    "stdDev": 0.010909090909086674,
    "confidence": 0.027086507805989868,
    "low": 99.70827492791521,
    "high": 99.7353614357212,
    "count": 5
  },
  "Compilation.code generation": {
    "min": 6.909090909090909,
    "max": 7.363636363636363,
    "mean": 7.181818181818182,
    "median": 7.181818181818182,
    "variance": 0.023140495867768552,
    "stdDev": 0.15212000482437724,
    "confidence": 0.3777033056612531,
    "low": 6.992966528987555,
    "high": 7.370669834648808,
    "count": 5
  },
  "Compilation.runtime requirements.modules": {
    "min": 2,
    "max": 2.090909090909091,
    "mean": 2.018181818181818,
    "median": 2,
    "variance": 0.0013223140495867746,
    "stdDev": 0.036363636363636334,
    "confidence": 0.09028835935330037,
    "low": 1.9730376385051678,
    "high": 2.063325997858468,
    "count": 5
  },
  "Compilation.runtime requirements.chunks": {
    "min": 0.45454545454545453,
    "max": 0.6363636363636364,
    "mean": 0.5818181818181818,
    "median": 0.6363636363636364,
    "variance": 0.005289256198347108,
    "stdDev": 0.07272727272727272,
    "confidence": 0.1805767187066012,
    "low": 0.4915298224648812,
    "high": 0.6721065411714824,
    "count": 5
  },
  "Compilation.runtime requirements.entries": {
    "min": 0,
    "max": 0,
    "mean": 0,
    "median": 0,
    "variance": 0,
    "stdDev": 0,
    "confidence": 0,
    "low": 0,
    "high": 0,
    "count": 5
  },
  "Compilation.runtime requirements": {
    "min": 3,
    "max": 3.4545454545454546,
    "mean": 3.181818181818182,
    "median": 3.1818181818181817,
    "variance": 0.0231404958677686,
    "stdDev": 0.1521200048243774,
    "confidence": 0.3777033056612531,
    "low": 2.9929665289875556,
    "high": 3.3706698346488086,
    "count": 5
  },
  "Compilation.hashing: hash chunks": {
    "min": 0,
    "max": 0,
    "mean": 0,
    "median": 0,
    "variance": 0,
    "stdDev": 0,
    "confidence": 0,
    "low": 0,
    "high": 0,
    "count": 5
  },
  "Compilation.hashing: hash runtime chunks": {
    "min": 6.545454545454546,
    "max": 7,
    "mean": 6.727272727272728,
    "median": 6.7272727272727275,
    "variance": 0.023140495867768552,
    "stdDev": 0.15212000482437724,
    "confidence": 0.3777033056612531,
    "low": 6.538421074442102,
    "high": 6.916124380103355,
    "count": 5
  },