{
  "stats": {
    "min": 3055,
    "max": 3216,
    "mean": 3132.8,
    "median": 3143,
    "variance": 2800.16,
    "stdDev": 52.91653805758649,
    "confidence": 131.38805360658898,
    "low": 3067.1059731967057,
    "high": 3198.4940268032947,
    "count": 5
  },
  "heap memory": {
    "min": 89014048,
    "max": 98754488,
    "mean": 93284969.6,
    "median": 91482400,
    "variance": 13975760056509.441,
    "stdDev": 3738416.784751192,
    "confidence": 9282226.747035712,
    "low": 88643856.22648214,
    "high": 97926082.97351785,
    "count": 5
  },
  "rss memory": {
    "min": 814964736,
    "max": 875085824,
    "mean": 844470681.6,
    "median": 852054016,
    "variance": 485845818713047,
    "stdDev": 22041910.50505938,
    "confidence": 54728518.254137516,
    "low": 817106422.4729313,
    "high": 871834940.7270688,
    "count": 5
  },
  "external memory": {
    "min": 30230179,
    "max": 30242974,
    "mean": 30237653.2,
    "median": 30238371,
    "variance": 17144057.759999998,
    "stdDev": 4140.538341810156,
    "confidence": 10280.666377343237,
    "low": 30232512.866811328,
    "high": 30242793.53318867,
    "count": 5
  },
  "array buffers memory": {
    "min": 2251830,
    "max": 2260022,
    "mean": 2258383.6,
    "median": 2260022,
    "variance": 10737418.240000002,
    "stdDev": 3276.8,
    "confidence": 8136.064638044685,
    "low": 2254315.5676809778,
    "high": 2262451.6323190224,
    "count": 5
  },
  "Compilation.finish modules": {
    "min": 8,
    "max": 18,
    "mean": 10.6,
    "median": 9,
    "variance": 13.84,
    "stdDev": 3.7202150475476548,
    "confidence": 9.237033109824818,
    "low": 5.98148344508759,
    "high": 15.218516554912409,
    "count": 5
  },
  "Compilation.optimize dependencies": {
    "min": 12,
    "max": 13,
    "mean": 12.6,
    "median": 13,
    "variance": 0.24000000000000005,
    "stdDev": 0.48989794855663565,
    "confidence": 1.2163822557074724,
    "low": 11.991808872146263,
    "high": 13.208191127853736,
    "count": 5
  },
  "Compilation.rebuild chunk graph": {
    "min": 13,
    "max": 15,
    "mean": 13.8,
    "median": 14,
    "variance": 0.56,
    "stdDev": 0.7483314773547883,
    "confidence": 1.858054586926876,
    "low": 12.870972706536563,
    "high": 14.729027293463439,
    "count": 5
  },
  "Compilation.create chunks": {
    "min": 21,
    "max": 25,
    "mean": 22.4,
    "median": 21,
    "variance": 3.04,
    "stdDev": 1.7435595774162693,
    "confidence": 4.329136176190346,
    "low": 20.235431911904826,
    "high": 24.56456808809517,
    "count": 5
  },
  "Compilation.optimize": {
    "min": 31,
    "max": 33,
    "mean": 31.8,
    "median": 32,
    "variance": 0.56,
    "stdDev": 0.7483314773547883,
    "confidence": 1.858054586926876,
    "low": 30.870972706536563,
    "high": 32.72902729346344,
    "count": 5
  },
  "Compilation.module ids": {
    "min": 2,
    "max": 2,
    "mean": 2,
    "median": 2,
    "variance": 0,
    "stdDev": 0,
    "confidence": 0,
    "low": 2,
    "high": 2,
    "count": 5
  },
  "Compilation.chunk ids": {
    "min": 2,
    "max": 3,
    "mean": 2.2,
    "median": 2,
    "variance": 0.15999999999999998,
    "stdDev": 0.39999999999999997,
    "confidence": 0.9931719528863063,
    "low": 1.703414023556847,
    "high": 2.6965859764431532,
    "count": 5
  },
  "Compilation.optimize code generation": {
    "min": 1,
    "max": 1,
    "mean": 1,
    "median": 1,
    "variance": 0,
    "stdDev": 0,
    "confidence": 0,
    "low": 1,
    "high": 1,
    "count": 5
  },
  "Compilation.module code generation cache": {
    "min": 0,
    "max": 0,
    "mean": 0,
    "median": 0,
    "variance": 0,
    "stdDev": 0,
    "confidence": 0,
    "low": 0,
    "high": 0,
    "count": 5
  },
  "Compilation.code generation": {
    "min": 51,
    "max": 55,
    "mean": 52.6,
    "median": 52,
    "variance": 2.6399999999999997,
    "stdDev": 1.624807680927192,
    "confidence": 4.034283543827826,
    "low": 50.58285822808609,
    "high": 54.617141771913914,
    "count": 5
  },
  "Compilation.runtime requirements.modules": {
    "min": 0,
    "max": 2,
    "mean": 0.4,
    "median": 0,
    "variance": 0.6400000000000001,
    "stdDev": 0.8,
    "confidence": 1.3931719528863065,
    "low": 0,
    "high": 1.3931719528863065,
    "count": 5
  },
  "Compilation.runtime requirements.chunks": {
    "min": 0,
    "max": 0,
    "mean": 0,
    "median": 0,
    "variance": 0,
    "stdDev": 0,
    "confidence": 0,
    "low": 0,
    "high": 0,
    "count": 5
  },
  "Compilation.runtime requirements.entries": {
    "min": 0,
    "max": 0,
    "mean": 0,
    "median": 0,
    "variance": 0,
    "stdDev": 0,
    "confidence": 0,
    "low": 0,
    "high": 0,
    "count": 5
  },
  "Compilation.runtime requirements": {
    "min": 1,
    "max": 3,
    "mean": 1.4,
    "median": 1,
    "variance": 0.64,
    "stdDev": 0.8,
    "confidence": 1.986343905772613,
    "low": 0.40682804711369336,
    "high": 2.3931719528863065,
    "count": 5
  },
  "Compilation.hashing: hash chunks": {
    "min": 1,
    "max": 1,
    "mean": 1,
    "median": 1,
    "variance": 0,
    "stdDev": 0,
    "confidence": 0,
    "low": 1,
    "high": 1,
    "count": 5
  },
  "Compilation.hashing: hash runtime chunks": {
    "min": 1,
    "max": 1,
    "mean": 1,
    "median": 1,
    "variance": 0,
    "stdDev": 0,
    "confidence": 0,
    "low": 1,
    "high": 1,
    "count": 5
  },
  "Compilation.hashing: process full hash chunks": {
    "min": 0,
    "max": 0,
    "mean": 0,
    "median": 0,
    "variance": 0,
    "stdDev": 0,
    "confidence": 0,
    "low": 0,
    "high": 0,
    "count": 5
  },
  "Compilation.hashing": {
    "min": 2,
    "max": 2,
    "mean": 2,
    "median": 2,
    "variance": 0,
    "stdDev": 0,
    "confidence": 0,
    "low": 2,
    "high": 2,
    "count": 5
  },
  "Compilation.create module assets": {
    "min": 0,
    "max": 0,
    "mean": 0,
    "median": 0,
    "variance": 0,
    "stdDev": 0,
    "confidence": 0,
    "low": 0,
    "high": 0,
    "count": 5
  },
  "Compilation.create chunk assets": {
    "min": 2,
    "max": 3,
    "mean": 2.2,
    "median": 2,
    "variance": 0.15999999999999998,
    "stdDev": 0.39999999999999997,
    "confidence": 0.9931719528863063,
    "low": 1.703414023556847,
    "high": 2.6965859764431532,
    "count": 5
  },
  "Compilation.process assets": {
    "min": 1455,
    "max": 1496,
    "mean": 1474.6,
    "median": 1474,
    "variance": 194.24,
    "stdDev": 13.937001112147477,
    "confidence": 34.60459652982536,
    "low": 1457.2977017350872,
    "high": 1491.9022982649126,
    "count": 5
  },
  "Compilation.after process assets": {
    "min": 0,
    "max": 0,
    "mean": 0,
    "median": 0,
    "variance": 0,
    "stdDev": 0,
    "confidence": 0,
    "low": 0,
    "high": 0,
    "count": 5
  },
  "Compilation.after seal": {
    "min": 0,
    "max": 0,
    "mean": 0,
    "median": 0,
    "variance": 0,
    "stdDev": 0,
    "confidence": 0,
    "low": 0,
    "high": 0,
    "count": 5
  },
  "Compiler.make hook": {
    "min": 2,
    "max": 5,
    "mean": 2.8,
    "median": 2,
    "variance": 1.3599999999999999,
    "stdDev": 1.16619037896906,
    "confidence": 2.895568940294808,
    "low": 1.352215529852596,
    "high": 4.247784470147404,
    "count": 5
  },
  "Compiler.make": {
    "min": 1290,
    "max": 1412,
    "mean": 1341.2,
    "median": 1337,
    "variance": 1626.96,
    "stdDev": 40.33559222324621,
    "confidence": 100.1504472479678,
    "low": 1291.1247763760161,
    "high": 1391.275223623984,
    "count": 5
  },
  "Compiler.finish make hook": {
    "min": 0,
    "max": 0,
    "mean": 0,
    "median": 0,
    "variance": 0,
    "stdDev": 0,
    "confidence": 0,
    "low": 0,
    "high": 0,
    "count": 5
  },
  "Compiler.finish compilation": {
    "min": 49,
    "max": 59,
    "mean": 51.6,
    "median": 50,
    "variance": 14.24,
    "stdDev": 3.7735924528226414,
    "confidence": 9.36956546441722,
    "low": 46.91521726779139,