{
  "stats": {
    "min": 34267,
    "max": 34840,
    "mean": 34518.6,
    "median": 34473,
    "variance": 35026.64,
    "stdDev": 187.15405419065866,
    "confidence": 464.69039372781117,
    "low": 34286.25480313609,
    "high": 34750.945196863904,
    "count": 5
  },
  "heap memory": {
    "min": 13476024,
    "max": 13644536,
    "mean": 13580697.6,
    "median": 13592224,
    "variance": 3232071715.84,
    "stdDev": 56851.312349320484,
    "confidence": 141157.82227531075,
    "low": 13510118.688862344,
    "high": 13651276.511137655,
    "count": 5
  },
  "rss memory": {
    "min": 9692450816,
    "max": 9816076288,
    "mean": 9720063590.4,
    "median": 9697882112,
    "variance": 2313295743303025,
    "stdDev": 48096733.18743202,
    "confidence": 119420816.06803513,
    "low": 9660353182.365982,
    "high": 9779773998.434017,
    "count": 5
  },
  "external memory": {
    "min": 911494407,
    "max": 911494407,
    "mean": 911494407,
    "median": 911494407,
    "variance": 0,
    "stdDev": 0,
    "confidence": 0,
    "low": 911494407,
    "high": 911494407,
    "count": 5
  },
  "array buffers memory": {
    "min": 16623,
    "max": 16623,
    "mean": 16623,
    "median": 16623,
    "variance": 0,
    "stdDev": 0,
    "confidence": 0,
    "low": 16623,
    "high": 16623,
    "count": 5
  },
  "Compilation.finish modules": {
    "min": 23,
    "max": 23,
    "mean": 23,
    "median": 23,
    "variance": 0,
    "stdDev": 0,
    "confidence": 0,
    "low": 23,
    "high": 23,
    "count": 5
  },
  "Compilation.optimize dependencies": {
    "min": 88,
    "max": 109,
    "mean": 102.6,
    "median": 106,
    "variance": 55.44,
    "stdDev": 7.445804187594514,
    "confidence": 18.487409714505702,
    "low": 93.35629514274714,
    "high": 111.84370485725285,
    "count": 5
  },
  "Compilation.rebuild chunk graph": {
    "min": 36,
    "max": 40,
    "mean": 37.8,
    "median": 37,
    "variance": 2.1599999999999997,
    "stdDev": 1.4696938456699067,
    "confidence": 3.649146767122417,
    "low": 35.97542661643879,
    "high": 39.624573383561206,
    "count": 5
  },
  "Compilation.create chunks": {
    "min": 54,
    "max": 60,
    "mean": 57.2,
    "median": 57,
    "variance": 4.56,
    "stdDev": 2.1354156504062622,
    "confidence": 5.302087329344928,
    "low": 54.54895633532754,
    "high": 59.85104366467247,
    "count": 5
  },
  "Compilation.optimize": {
    "min": 827,
    "max": 840,
    "mean": 833.2,
    "median": 833,
    "variance": 23.360000000000003,
    "stdDev": 4.833218389437829,
    "confidence": 12.000542366409945,
    "low": 827.1997288167951,
    "high": 839.200271183205,
    "count": 5
  },
  "Compilation.module ids": {
    "min": 3,
    "max": 4,
    "mean": 3.6,
    "median": 4,
    "variance": 0.24,
    "stdDev": 0.4898979485566356,
    "confidence": 1.2163822557074733,
    "low": 2.9918088721462635,
    "high": 4.208191127853737,
    "count": 5
  },
  "Compilation.chunk ids": {
    "min": 3,
    "max": 3,
    "mean": 3,
    "median": 3,
    "variance": 0,
    "stdDev": 0,
    "confidence": 0,
    "low": 3,
    "high": 3,
    "count": 5
  },
  "Compilation.optimize code generation": {
    "min": 24,
    "max": 29,
    "mean": 26,
    "median": 26,
    "variance": 2.8,
    "stdDev": 1.6733200530681511,
    "confidence": 4.1547363622737805,
    "low": 23.92263181886311,
    "high": 28.07736818113689,
    "count": 5
  },
  "Compilation.code generation": {
    "min": 615,
    "max": 633,
    "mean": 624,
    "median": 623,
    "variance": 33.6,
    "stdDev": 5.796550698475776,
    "confidence": 14.392428943024242,
    "low": 616.8037855284879,
    "high": 631.1962144715121,
    "count": 5
  },
  "Compilation.runtime requirements.modules": {
    "min": 4,
    "max": 4,
    "mean": 4,
    "median": 4,
    "variance": 0,
    "stdDev": 0,
    "confidence": 0,
    "low": 4,
    "high": 4,
    "count": 5
  },
  "Compilation.runtime requirements.chunks": {
    "min": 0,
    "max": 0,
    "mean": 0,
    "median": 0,
    "variance": 0,
    "stdDev": 0,
    "confidence": 0,
    "low": 0,
    "high": 0,
    "count": 5
  },
  "Compilation.runtime requirements.entries": {
    "min": 0,
    "max": 0,
    "mean": 0,
    "median": 0,
    "variance": 0,
    "stdDev": 0,
    "confidence": 0,
    "low": 0,
    "high": 0,
    "count": 5
  },
  "Compilation.runtime requirements": {
    "min": 5,
    "max": 5,
    "mean": 5,
    "median": 5,
    "variance": 0,
    "stdDev": 0,
    "confidence": 0,
    "low": 5,
    "high": 5,
    "count": 5
  },
  "Compilation.hashing: hash chunks": {
    "min": 0,
    "max": 0,
    "mean": 0,
    "median": 0,
    "variance": 0,
    "stdDev": 0,
    "confidence": 0,
    "low": 0,
    "high": 0,
    "count": 5
  },
  "Compilation.hashing: hash runtime chunks": {
    "min": 0,
    "max": 0,
    "mean": 0,
    "median": 0,
    "variance": 0,
    "stdDev": 0,
    "confidence": 0,
    "low": 0,
    "high": 0,
    "count": 5
  },
  "Compilation.hashing: process full hash chunks": {
    "min": 0,
    "max": 0,
    "mean": 0,
    "median": 0,
    "variance": 0,
    "stdDev": 0,
    "confidence": 0,
    "low": 0,
    "high": 0,
    "count": 5
  },
  "Compilation.hashing": {
    "min": 0,
    "max": 0,
    "mean": 0,
    "median": 0,
    "variance": 0,
    "stdDev": 0,
    "confidence": 0,
    "low": 0,
    "high": 0,
    "count": 5
  },
  "Compilation.create module assets": {
    "min": 0,
    "max": 0,
    "mean": 0,
    "median": 0,
    "variance": 0,
    "stdDev": 0,
    "confidence": 0,
    "low": 0,
    "high": 0,
    "count": 5
  },
  "Compilation.create chunk assets": {
    "min": 0,
    "max": 1,
    "mean": 0.8,
    "median": 1,
    "variance": 0.16000000000000006,
    "stdDev": 0.4000000000000001,
    "confidence": 0.9931719528863066,
    "low": 0.30341402355684677,
    "high": 1.2965859764431533,
    "count": 5
  },
  "Compilation.process assets": {
    "min": 7658,
    "max": 8032,
    "mean": 7838.6,
    "median": 7913,
    "variance": 23161.440000000002,
    "stdDev": 152.18883007632328,
    "confidence": 377.87419393596065,
    "low": 7649.66290303202,
    "high": 8027.537096967981,
    "count": 5
  },
  "Compilation.after process assets": {
    "min": 0,
    "max": 0,
    "mean": 0,
    "median": 0,
    "variance": 0,
    "stdDev": 0,
    "confidence": 0,
    "low": 0,
    "high": 0,
    "count": 5
  },
  "Compilation.after seal": {
    "min": 0,
    "max": 0,
    "mean": 0,
    "median": 0,
    "variance": 0,
    "stdDev": 0,
    "confidence": 0,
    "low": 0,
    "high": 0,
    "count": 5
  },
  "Compiler.make hook": {
    "min": 0,
    "max": 0,
    "mean": 0,
    "median": 0,
    "variance": 0,
    "stdDev": 0,
    "confidence": 0,
    "low": 0,
    "high": 0,
    "count": 5
  },
  "Compiler.make": {
    "min": 23998,
    "max": 24198,
    "mean": 24057.4,
    "median": 24017,
    "variance": 5345.839999999999,
    "stdDev": 73.11525148695037,
    "confidence": 181.54004276266642,
    "low": 23966.62997861867,
    "high": 24148.170021381335,
    "count": 5
  },
  "Compiler.finish make hook": {
    "min": 0,
    "max": 0,
    "mean": 0,
    "median": 0,
    "variance": 0,
    "stdDev": 0,
    "confidence": 0,
    "low": 0,
    "high": 0,
    "count": 5
  },
  "Compiler.finish compilation": {
    "min": 30,
    "max": 31,
    "mean": 30.6,
    "median": 31,
    "variance": 0.24,
    "stdDev": 0.4898979485566356,
    "confidence": 1.2163822557074724,
    "low": 29.991808872146265,
    "high": 31.208191127853738,
    "count": 5
  },
  "Compiler.seal compilation": {
    "min": 9466,
    "max": 9850,
    "mean": 9640.8,
    "median": 9676,
    "variance": 22460.56,
    "stdDev": 149.86847567116976,
    "confidence": 372.11291664607415,
    "low": 9454.743541676962,
    "high": 9826.856458323036,
    "count": 5
  },
  "Compiler.emitAssets": {
    "min": 729,
    "max": 891,
    "mean": 772.4,
    "median": 744,
    "variance": 3637.84,
    "stdDev": 60.31450903389665,