{
  "stats": {
    "min": 45.27272727272727,
    "max": 47.09090909090909,
    "mean": 46.07272727272727,
    "median": 46.09090909090909,
    "variance": 0.44099173553719095,
    "stdDev": 0.6640720860999888,
    "confidence": 1.648844426523027,
    "low": 45.24830505946576,
    "high": 46.897149485988784,
    "count": 5
  },
  "heap memory": {
    "min": 97709472.72727273,
    "max": 100608052.36363636,
    "mean": 99170610.76363637,
    "median": 97709472.72727273,
    "variance": 1350217166260.9722,
    "stdDev": 1161988.4535833271,
    "confidence": 2885135.8541917205,
    "low": 97728042.8365405,
    "high": 100613178.69073223,
    "count": 5
  },
  "rss memory": {
    "min": 529617268.3636364,
    "max": 539201163.6363636,
    "mean": 535247481.0181818,
    "median": 537590690.9090909,
    "variance": 15881096996568.031,
    "stdDev": 3985109.4083560654,
    "confidence": 9894747.233906507,
    "low": 530300107.40122855,
    "high": 540194854.635135,
    "count": 5
  },
  "external memory": {
    "min": 6191377.818181818,
    "max": 6389354.7272727275,
    "mean": 6307866.836363637,
    "median": 6300812.636363637,
    "variance": 4544247373.201315,
    "stdDev": 67411.0330228021,
    "confidence": 167376.86828335002,
    "low": 6224178.402221962,
    "high": 6391555.270505312,
    "count": 5
  },
  "array buffers memory": {
    "min": 2271167.3636363638,
    "max": 2292441.727272727,
    "mean": 2288065.690909091,
    "median": 2292214.5454545454,
    "variance": 71395247.69785023,
    "stdDev": 8449.57085879811,
    "confidence": 20979.69197720941,
    "low": 2277575.844920486,
    "high": 2298555.5368976956,
    "count": 5
  },
  "Compilation.finish modules": {
    "min": 2,
    "max": 2,
    "mean": 2,
    "median": 2,
    "variance": 0,
    "stdDev": 0,
    "confidence": 0,
    "low": 2,
    "high": 2,
    "count": 5
  },
  "Compilation.optimize dependencies": {
    "min": 1.6363636363636365,
    "max": 2,
    "mean": 1.890909090909091,
    "median": 1.9090909090909092,
    "variance": 0.017851239669421478,
    "stdDev": 0.13360853142453696,
    "confidence": 0.3317406151929472,
    "low": 1.7250387833126175,
    "high": 2.0567793985055647,
    "count": 5
  },
  "Compilation.rebuild chunk graph": {
    "min": 9.545454545454545,
    "max": 10.272727272727273,
    "mean": 10.018181818181818,
    "median": 10.272727272727273,
    "variance": 0.07074380165289272,
    "stdDev": 0.26597706978777835,
    "confidence": 0.6604024145602629,
    "low": 9.687980610901686,
    "high": 10.348383025461949,
    "count": 5
  },
  "Compilation.create chunks": {
    "min": 17,
    "max": 17.90909090909091,
    "mean": 17.509090909090908,
    "median": 17.545454545454547,
    "variance": 0.1375206611570249,
    "stdDev": 0.3708377828067481,
    "confidence": 0.9207642123855138,
    "low": 17.04870880289815,
    "high": 17.969473015283665,
    "count": 5
  },
  "Compilation.optimize": {
    "min": 0,
    "max": 0,
    "mean": 0,
    "median": 0,
    "variance": 0,
    "stdDev": 0,
    "confidence": 0,
    "low": 0,
    "high": 0,
    "count": 5
  },
  "Compilation.module ids": {
    "min": 0,
    "max": 0,
    "mean": 0,
    "median": 0,
    "variance": 0,
    "stdDev": 0,
    "confidence": 0,
    "low": 0,
    "high": 0,
    "count": 5
  },
  "Compilation.chunk ids": {
    "min": 1,
    "max": 1.0909090909090908,
    "mean": 1.0363636363636364,
    "median": 1,
    "variance": 0.001983471074380162,
    "stdDev": 0.04453617714151229,
    "confidence": 0.11058020506431554,
    "low": 0.9810735338314786,
    "high": 1.091653738895794,
    "count": 5
  },
  "Compilation.optimize code generation": {
    "min": 0,
    "max": 0,
    "mean": 0,
    "median": 0,
    "variance": 0,
    "stdDev": 0,
    "confidence": 0,
    "low": 0,
    "high": 0,
    "count": 5
  },
  "Compilation.module code generation cache": {
    "min": 0,
    "max": 0,
    "mean": 0,
    "median": 0,
    "variance": 0,
    "stdDev": 0,
    "confidence": 0,
    "low": 0,
    "high": 0,
    "count": 5
  },
  "Compilation.code generation": {
    "min": 0,
    "max": 0,
    "mean": 0,
    "median": 0,
    "variance": 0,
    "stdDev": 0,
    "confidence": 0,
    "low": 0,
    "high": 0,
    "count": 5
  },
  "Compilation.runtime requirements.modules": {
    "min": 0,
    "max": 0,
    "mean": 0,
    "median": 0,
    "variance": 0,
    "stdDev": 0,
    "confidence": 0,
    "low": 0,
    "high": 0,
    "count": 5
  },
  "Compilation.runtime requirements.chunks": {
    "min": 0,
    "max": 0,
    "mean": 0,
    "median": 0,
    "variance": 0,
    "stdDev": 0,
    "confidence": 0,
    "low": 0,
    "high": 0,
    "count": 5
  },
  "Compilation.runtime requirements.entries": {
    "min": 0,
    "max": 0,
    "mean": 0,
    "median": 0,
    "variance": 0,
    "stdDev": 0,
    "confidence": 0,
    "low": 0,
    "high": 0,
    "count": 5
  },
  "Compilation.runtime requirements": {
    "min": 0.36363636363636365,
    "max": 0.5454545454545454,
    "mean": 0.47272727272727266,
    "median": 0.45454545454545453,
    "variance": 0.004628099173553717,
    "stdDev": 0.06803013430498074,
    "confidence": 0.1689140533569886,
    "low": 0.38827024604877836,
    "high": 0.557184299405767,
    "count": 5
  },
  "Compilation.hashing: hash chunks": {
    "min": 1,
    "max": 1.2727272727272727,
    "mean": 1.0545454545454545,
    "median": 1,
    "variance": 0.011900826446280991,
    "stdDev": 0.10909090909090909,
    "confidence": 0.2708650780599018,
    "low": 0.9191129155155036,
    "high": 1.1899779935754053,
    "count": 5
  },
  "Compilation.hashing: hash runtime chunks": {
    "min": 1,
    "max": 1,
    "mean": 1,
    "median": 1,
    "variance": 0,
    "stdDev": 0,
    "confidence": 0,
    "low": 1,
    "high": 1,
    "count": 5
  },
  "Compilation.hashing: process full hash chunks": {
    "min": 0,
    "max": 0,
    "mean": 0,
    "median": 0,
    "variance": 0,
    "stdDev": 0,
    "confidence": 0,
    "low": 0,
    "high": 0,
    "count": 5
  },
  "Compilation.hashing": {
    "min": 3.727272727272727,
    "max": 3.909090909090909,
    "mean": 3.8727272727272735,
    "median": 3.909090909090909,
    "variance": 0.0052892561983471234,
    "stdDev": 0.07272727272727283,
    "confidence": 0.1805767187066012,
    "low": 3.782438913373973,
    "high": 3.963015632080574,
    "count": 5
  },
  "Compilation.create module assets": {
    "min": 0,
    "max": 0,
    "mean": 0,
    "median": 0,
    "variance": 0,
    "stdDev": 0,
    "confidence": 0,
    "low": 0,
    "high": 0,
    "count": 5
  },
  "Compilation.create chunk assets": {
    "min": 1,
    "max": 1,
    "mean": 1,
    "median": 1,
    "variance": 0,
    "stdDev": 0,
    "confidence": 0,
    "low": 1,
    "high": 1,
    "count": 5
  },
  "Compilation.process assets": {
    "min": 2.090909090909091,
    "max": 2.272727272727273,
    "mean": 2.1636363636363636,
    "median": 2.1818181818181817,
    "variance": 0.0046280991735537305,
    "stdDev": 0.06803013430498084,
    "confidence": 0.16891405335698906,
    "low": 2.079179336957869,
    "high": 2.248093390314858,
    "count": 5
  },
  "Compilation.after process assets": {
    "min": 0,
    "max": 0,
    "mean": 0,
    "median": 0,
    "variance": 0,
    "stdDev": 0,
    "confidence": 0,
    "low": 0,
    "high": 0,
    "count": 5
  },
  "Compilation.after seal": {
    "min": 0,
    "max": 0,
    "mean": 0,
    "median": 0,
    "variance": 0,
    "stdDev": 0,
    "confidence": 0,
    "low": 0,
    "high": 0,
    "count": 5
  },
  "Compiler.make hook": {
    "min": 0,
    "max": 0.09090909090909091,
    "mean": 0.01818181818181818,
    "median": 0,
    "variance": 0.0013223140495867767,
    "stdDev": 0.03636363636363636,
    "confidence": 0.06332599785846847,
    "low": 0,
    "high": 0.06332599785846847,
    "count": 5
  },
  "Compiler.make": {
    "min": 3.272727272727273,
    "max": 4.090909090909091,
    "mean": 3.6909090909090905,
    "median": 3.727272727272727,
    "variance": 0.08793388429752062,