{
  "stats": {
    "min": 953,
    "max": 997,
    "mean": 974.8,
    "median": 973,
    "variance": 290.56,
    "stdDev": 17.045820602130014,
    "confidence": 42.32357733991785,
    "low": 953.638211330041,
    "high": 995.9617886699589,
    "count": 5
  },
  "heap memory": {
    "min": 103664464,
    "max": 107278312,
    "mean": 104657753.6,
    "median": 103943272,
    "variance": 1808736134717.44,
    "stdDev": 1344892.6108494462,
    "confidence": 3339274.051849276,
    "low": 102988116.57407536,
    "high": 106327390.62592463,
    "count": 5
  },
  "rss memory": {
    "min": 630034432,
    "max": 638517248,
    "mean": 634963558.4,
    "median": 636784640,
    "variance": 9806790095011.84,
    "stdDev": 3131579.4888541214,
    "confidence": 7775492.291409969,
    "low": 631075812.254295,
    "high": 638851304.545705,
    "count": 5
  },
  "external memory": {
    "min": 43345235,
    "max": 43667043,
    "mean": 43498151.4,
    "median": 43460260,
    "variance": 20112745993.04,
    "stdDev": 141819.41331510295,
    "confidence": 352127.65919837356,
    "low": 43322087.57040081,
    "high": 43674215.229599185,
    "count": 5
  },
  "array buffers memory": {
    "min": 7964047,
    "max": 8180204,
    "mean": 8058058,
    "median": 8010437,
    "variance": 6823264878.8,
    "stdDev": 82603.05611053383,
    "confidence": 205097.59637919068,
    "low": 7955509.201810405,
    "high": 8160606.798189595,
    "count": 5
  },
  "Compilation.finish modules": {
    "min": 32,
    "max": 33,
    "mean": 32.2,
    "median": 32,
    "variance": 0.16,
    "stdDev": 0.4,
    "confidence": 0.9931719528863034,
    "low": 31.70341402355685,
    "high": 32.69658597644315,
    "count": 5
  },
  "Compilation.optimize dependencies": {
    "min": 0,
    "max": 0,
    "mean": 0,
    "median": 0,
    "variance": 0,
    "stdDev": 0,
    "confidence": 0,
    "low": 0,
    "high": 0,
    "count": 5
  },
  "Compilation.rebuild chunk graph": {
    "min": 14,
    "max": 14,
    "mean": 14,
    "median": 14,
    "variance": 0,
    "stdDev": 0,
    "confidence": 0,
    "low": 14,
    "high": 14,
    "count": 5
  },
  "Compilation.create chunks": {
    "min": 18,
    "max": 19,
    "mean": 18.4,
    "median": 18,
    "variance": 0.24,
    "stdDev": 0.4898979485566356,
    "confidence": 1.2163822557074724,
    "low": 17.791808872146262,
    "high": 19.008191127853735,
    "count": 5
  },
  "Compilation.optimize": {
    "min": 0,
    "max": 0,
    "mean": 0,
    "median": 0,
    "variance": 0,
    "stdDev": 0,
    "confidence": 0,
    "low": 0,
    "high": 0,
    "count": 5
  },
  "Compilation.module ids": {
    "min": 4,
    "max": 4,
    "mean": 4,
    "median": 4,
    "variance": 0,
    "stdDev": 0,
    "confidence": 0,
    "low": 4,
    "high": 4,
    "count": 5
  },
  "Compilation.chunk ids": {
    "min": 0,
    "max": 0,
    "mean": 0,
    "median": 0,
    "variance": 0,
    "stdDev": 0,
    "confidence": 0,
    "low": 0,
    "high": 0,
    "count": 5
  },
  "Compilation.optimize code generation": {
    "min": 0,
    "max": 0,
    "mean": 0,
    "median": 0,
    "variance": 0,
    "stdDev": 0,
    "confidence": 0,
    "low": 0,
    "high": 0,
    "count": 5
  },
  "Compilation.module code generation cache": {
    "min": 0,
    "max": 0,
    "mean": 0,
    "median": 0,
    "variance": 0,
    "stdDev": 0,
    "confidence": 0,
    "low": 0,
    "high": 0,
    "count": 5
  },
  "Compilation.code generation": {
    "min": 55,
    "max": 60,
    "mean": 56.8,
    "median": 56,
    "variance": 2.96,
    "stdDev": 1.7204650534085253,
    "confidence": 4.271794092415973,
    "low": 54.66410295379201,
    "high": 58.935897046207984,
    "count": 5
  },
  "Compilation.runtime requirements.modules": {
    "min": 3,
    "max": 4,
    "mean": 3.8,
    "median": 4,
    "variance": 0.15999999999999998,
    "stdDev": 0.39999999999999997,
    "confidence": 0.9931719528863066,
    "low": 3.3034140235568468,
    "high": 4.296585976443153,
    "count": 5
  },
  "Compilation.runtime requirements.chunks": {
    "min": 0,
    "max": 0,
    "mean": 0,
    "median": 0,
    "variance": 0,
    "stdDev": 0,
    "confidence": 0,
    "low": 0,
    "high": 0,
    "count": 5
  },
  "Compilation.runtime requirements.entries": {
    "min": 0,
    "max": 0,
    "mean": 0,
    "median": 0,
    "variance": 0,
    "stdDev": 0,
    "confidence": 0,
    "low": 0,
    "high": 0,
    "count": 5
  },
  "Compilation.runtime requirements": {
    "min": 4,
    "max": 5,
    "mean": 4.6,
    "median": 5,
    "variance": 0.24000000000000005,
    "stdDev": 0.48989794855663565,
    "confidence": 1.2163822557074724,
    "low": 3.9918088721462635,
    "high": 5.208191127853736,
    "count": 5
  },
  "Compilation.hashing: hash chunks": {
    "min": 0,
    "max": 0,
    "mean": 0,
    "median": 0,
    "variance": 0,
    "stdDev": 0,
    "confidence": 0,
    "low": 0,
    "high": 0,
    "count": 5
  },
  "Compilation.hashing: hash runtime chunks": {
    "min": 3,
    "max": 3,
    "mean": 3,
    "median": 3,
    "variance": 0,
    "stdDev": 0,
    "confidence": 0,
    "low": 3,
    "high": 3,
    "count": 5
  },
  "Compilation.hashing: process full hash chunks": {
    "min": 0,
    "max": 0,
    "mean": 0,
    "median": 0,
    "variance": 0,
    "stdDev": 0,
    "confidence": 0,
    "low": 0,
    "high": 0,
    "count": 5
  },
  "Compilation.hashing": {
    "min": 3,
    "max": 3,
    "mean": 3,
    "median": 3,
    "variance": 0,
    "stdDev": 0,
    "confidence": 0,
    "low": 3,
    "high": 3,
    "count": 5
  },
  "Compilation.create module assets": {
    "min": 0,
    "max": 0,
    "mean": 0,
    "median": 0,
    "variance": 0,
    "stdDev": 0,
    "confidence": 0,
    "low": 0,
    "high": 0,
    "count": 5
  },
  "Compilation.create chunk assets": {
    "min": 5,
    "max": 5,
    "mean": 5,
    "median": 5,
    "variance": 0,
    "stdDev": 0,
    "confidence": 0,
    "low": 5,
    "high": 5,
    "count": 5
  },
  "Compilation.process assets": {
    "min": 146,
    "max": 149,
    "mean": 147.8,
    "median": 148,
    "variance": 0.9600000000000002,
    "stdDev": 0.9797958971132713,
    "confidence": 2.432764511414973,
    "low": 146.58361774429252,
    "high": 149.0163822557075,
    "count": 5
  },
  "Compilation.after process assets": {
    "min": 0,
    "max": 0,
    "mean": 0,
    "median": 0,
    "variance": 0,
    "stdDev": 0,
    "confidence": 0,
    "low": 0,
    "high": 0,
    "count": 5
  },
  "Compilation.after seal": {
    "min": 0,
    "max": 0,
    "mean": 0,
    "median": 0,
    "variance": 0,
    "stdDev": 0,
    "confidence": 0,
    "low": 0,
    "high": 0,
    "count": 5
  },
  "Compiler.make hook": {
    "min": 0,
    "max": 0,
    "mean": 0,
    "median": 0,
    "variance": 0,
    "stdDev": 0,
    "confidence": 0,
    "low": 0,
    "high": 0,
    "count": 5
  },
  "Compiler.make": {
    "min": 602,
    "max": 640,
    "mean": 615.6,
    "median": 611,
    "variance": 181.04,
    "stdDev": 13.455110553243328,
    "confidence": 33.40809606116454,
    "low": 598.8959519694178,
    "high": 632.3040480305823,
    "count": 5
  },
  "Compiler.finish make hook": {
    "min": 0,
    "max": 0,
    "mean": 0,
    "median": 0,
    "variance": 0,
    "stdDev": 0,
    "confidence": 0,
    "low": 0,
    "high": 0,
    "count": 5
  },
  "Compiler.finish compilation": {
    "min": 39,
    "max": 42,
    "mean": 40.4,
    "median": 40,
    "variance": 1.0399999999999998,
    "stdDev": 1.0198039027185568,
    "confidence": 2.5321015840601575,
    "low": 39.13394920796992,
    "high": 41.66605079203008,
    "count": 5
  },
  "Compiler.seal compilation": {
    "min": 249,
    "max": 255,
    "mean": 251.4,
    "median": 251,
    "variance": 5.4399999999999995,
    "stdDev": 2.33238075793812,
    "confidence": 5.791137880589588,
    "low": 248.5044310597052,
    "high": 254.2955689402948,
    "count": 5
  },
  "Compiler.emitAssets": {
    "min": 48,
    "max": 61,
    "mean": 51.6,
    "median": 50,