{
  "stats": {
    "min": 795,
    "max": 806,
    "mean": 799.6,
    "median": 797,
    "variance": 20.240000000000002,
    "stdDev": 4.498888751680798,
    "confidence": 11.17042531831271,
    "low": 794.0147873408437,
    "high": 805.1852126591564,
    "count": 5
  },
  "heap memory": {
    "min": 73062896,
    "max": 78046304,
    "mean": 74156843.2,
    "median": 73184536,
    "variance": 3791677517199.3604,
    "stdDev": 1947223.0270822498,
    "confidence": 4834818.241281152,
    "low": 71739434.07935943,
    "high": 76574252.32064058,
    "count": 5
  },
  "rss memory": {
    "min": 534007808,
    "max": 549339136,
    "mean": 542279270.4,
    "median": 542420992,
    "variance": 26358231743856.637,
    "stdDev": 5134026.854609999,
    "confidence": 12747428.693409443,
    "low": 535905556.05329525,
    "high": 548652984.7467047,
    "count": 5
  },
  "external memory": {
    "min": 37120969,
    "max": 37945127,
    "mean": 37371252,
    "median": 37222148,
    "variance": 87481904410,
    "stdDev": 295773.40044365043,
    "confidence": 734384.6143261045,
    "low": 37004059.69283695,
    "high": 37738444.30716305,
    "count": 5
  },
  "array buffers memory": {
    "min": 4023114,
    "max": 4573339,
    "mean": 4244215.6,
    "median": 4252883,
    "variance": 37961385959.840004,
    "stdDev": 194836.81879932244,
    "confidence": 483766.1595526966,
    "low": 4002332.5202236515,
    "high": 4486098.679776348,
    "count": 5
  },
  "Compilation.finish modules": {
    "min": 13,
    "max": 14,
    "mean": 13.6,
    "median": 14,
    "variance": 0.24000000000000005,
    "stdDev": 0.48989794855663565,
    "confidence": 1.2163822557074724,
    "low": 12.991808872146263,
    "high": 14.208191127853736,
    "count": 5
  },
  "Compilation.optimize dependencies": {
    "min": 0,
    "max": 0,
    "mean": 0,
    "median": 0,
    "variance": 0,
    "stdDev": 0,
    "confidence": 0,
    "low": 0,
    "high": 0,
    "count": 5
  },
  "Compilation.rebuild chunk graph": {
    "min": 11,
    "max": 12,
    "mean": 11.2,
    "median": 11,
    "variance": 0.16,
    "stdDev": 0.4,
    "confidence": 0.993171952886307,
    "low": 10.703414023556846,
    "high": 11.696585976443153,
    "count": 5
  },
  "Compilation.create chunks": {
    "min": 19,
    "max": 20,
    "mean": 19.8,
    "median": 20,
    "variance": 0.15999999999999998,
    "stdDev": 0.39999999999999997,
    "confidence": 0.993171952886307,
    "low": 19.303414023556847,
    "high": 20.296585976443154,
    "count": 5
  },
  "Compilation.optimize": {
    "min": 0,
    "max": 0,
    "mean": 0,
    "median": 0,
    "variance": 0,
    "stdDev": 0,
    "confidence": 0,
    "low": 0,
    "high": 0,
    "count": 5
  },
  "Compilation.module ids": {
    "min": 3,
    "max": 3,
    "mean": 3,
    "median": 3,
    "variance": 0,
    "stdDev": 0,
    "confidence": 0,
    "low": 3,
    "high": 3,
    "count": 5
  },
  "Compilation.chunk ids": {
    "min": 0,
    "max": 0,
    "mean": 0,
    "median": 0,
    "variance": 0,
    "stdDev": 0,
    "confidence": 0,
    "low": 0,
    "high": 0,
    "count": 5
  },
  "Compilation.optimize code generation": {
    "min": 0,
    "max": 0,
    "mean": 0,
    "median": 0,
    "variance": 0,
    "stdDev": 0,
    "confidence": 0,
    "low": 0,
    "high": 0,
    "count": 5
  },
  "Compilation.module code generation cache": {
    "min": 0,
    "max": 0,
    "mean": 0,
    "median": 0,
    "variance": 0,
    "stdDev": 0,
    "confidence": 0,
    "low": 0,
    "high": 0,
    "count": 5
  },
  "Compilation.code generation": {
    "min": 30,
    "max": 31,
    "mean": 30.6,
    "median": 31,
    "variance": 0.24,
    "stdDev": 0.4898979485566356,
    "confidence": 1.2163822557074724,
    "low": 29.991808872146265,
    "high": 31.208191127853738,
    "count": 5
  },
  "Compilation.runtime requirements.modules": {
    "min": 2,
    "max": 3,
    "mean": 2.8,
    "median": 3,
    "variance": 0.15999999999999998,
    "stdDev": 0.39999999999999997,
    "confidence": 0.9931719528863061,
    "low": 2.3034140235568468,
    "high": 3.296585976443153,
    "count": 5
  },
  "Compilation.runtime requirements.chunks": {
    "min": 0,
    "max": 0,
    "mean": 0,
    "median": 0,
    "variance": 0,
    "stdDev": 0,
    "confidence": 0,
    "low": 0,
    "high": 0,
    "count": 5
  },
  "Compilation.runtime requirements.entries": {
    "min": 0,
    "max": 0,
    "mean": 0,
    "median": 0,
    "variance": 0,
    "stdDev": 0,
    "confidence": 0,
    "low": 0,
    "high": 0,
    "count": 5
  },
  "Compilation.runtime requirements": {
    "min": 3,
    "max": 4,
    "mean": 3.8,
    "median": 4,
    "variance": 0.15999999999999998,
    "stdDev": 0.39999999999999997,
    "confidence": 0.9931719528863066,
    "low": 3.3034140235568468,
    "high": 4.296585976443153,
    "count": 5
  },
  "Compilation.hashing: hash chunks": {
    "min": 0,
    "max": 0,
    "mean": 0,
    "median": 0,
    "variance": 0,
    "stdDev": 0,
    "confidence": 0,
    "low": 0,
    "high": 0,
    "count": 5
  },
  "Compilation.hashing: hash runtime chunks": {
    "min": 2,
    "max": 2,
    "mean": 2,
    "median": 2,
    "variance": 0,
    "stdDev": 0,
    "confidence": 0,
    "low": 2,
    "high": 2,
    "count": 5
  },
  "Compilation.hashing: process full hash chunks": {
    "min": 0,
    "max": 0,
    "mean": 0,
    "median": 0,
    "variance": 0,
    "stdDev": 0,
    "confidence": 0,
    "low": 0,
    "high": 0,
    "count": 5
  },
  "Compilation.hashing": {
    "min": 2,
    "max": 2,
    "mean": 2,
    "median": 2,
    "variance": 0,
    "stdDev": 0,
    "confidence": 0,
    "low": 2,
    "high": 2,
    "count": 5
  },
  "Compilation.create module assets": {
    "min": 0,
    "max": 0,
    "mean": 0,
    "median": 0,
    "variance": 0,
    "stdDev": 0,
    "confidence": 0,
    "low": 0,
    "high": 0,
    "count": 5
  },
  "Compilation.create chunk assets": {
    "min": 5,
    "max": 6,
    "mean": 5.2,
    "median": 5,
    "variance": 0.15999999999999998,
    "stdDev": 0.39999999999999997,
    "confidence": 0.993171952886307,
    "low": 4.703414023556847,
    "high": 5.696585976443154,
    "count": 5
  },
  "Compilation.process assets": {
    "min": 108,
    "max": 111,
    "mean": 109.6,
    "median": 110,
    "variance": 1.04,
    "stdDev": 1.019803902718557,
    "confidence": 2.5321015840601717,
    "low": 108.33394920796991,
    "high": 110.86605079203008,
    "count": 5
  },
  "Compilation.after process assets": {
    "min": 0,
    "max": 0,
    "mean": 0,
    "median": 0,
    "variance": 0,
    "stdDev": 0,
    "confidence": 0,
    "low": 0,
    "high": 0,
    "count": 5
  },
  "Compilation.after seal": {
    "min": 0,
    "max": 0,
    "mean": 0,
    "median": 0,
    "variance": 0,
    "stdDev": 0,
    "confidence": 0,
    "low": 0,
    "high": 0,
    "count": 5
  },
  "Compiler.make hook": {
    "min": 0,
    "max": 0,
    "mean": 0,
    "median": 0,
    "variance": 0,
    "stdDev": 0,
    "confidence": 0,
    "low": 0,
    "high": 0,
    "count": 5
  },
  "Compiler.make": {
    "min": 555,
    "max": 569,
    "mean": 561.6,
    "median": 563,
    "variance": 25.44,
    "stdDev": 5.043808085167397,
    "confidence": 12.523421814823678,
    "low": 555.3382890925882,
    "high": 567.8617109074119,
    "count": 5
  },
  "Compiler.finish make hook": {
    "min": 0,
    "max": 1,
    "mean": 0.2,
    "median": 0,
    "variance": 0.16000000000000003,
    "stdDev": 0.4,
    "confidence": 0.6965859764431532,
    "low": 0,
    "high": 0.6965859764431532,
    "count": 5
  },
  "Compiler.finish compilation": {
    "min": 0,
    "max": 0,
    "mean": 0,
    "median": 0,
    "variance": 0,
    "stdDev": 0,
    "confidence": 0,
    "low": 0,
    "high": 0,
    "count": 5
  },
  "Compiler.seal compilation": {
    "min": 763,
    "max": 775,
    "mean": 767.8,
    "median": 766,
    "variance": 23.759999999999998,
    "stdDev": 4.874423042781576,
    "confidence": 12.102850631483534,
    "low": 761.7485746842582,