{
  "stats": {
    "min": 1469,
    "max": 1541,
    "mean": 1493.6,
    "median": 1483,
    "variance": 660.64,
    "stdDev": 25.70291812226775,
    "confidence": 63.81854346592354,
    "low": 1461.6907282670381,
    "high": 1525.5092717329617,
    "count": 5
  },
  "heap memory": {
    "min": 18764608,
    "max": 19062736,
    "mean": 18886568,
    "median": 18810112,
    "variance": 13514154496,
    "stdDev": 116250.39568104704,
    "confidence": 288641.5812558755,
    "low": 18742247.209372062,
    "high": 19030888.790627938,
    "count": 5
  },
  "rss memory": {
    "min": 607703040,
    "max": 614248448,
    "mean": 611168256,
    "median": 610738176,
    "variance": 5900741482905.6,
    "stdDev": 2429144.1873436826,
    "confidence": 6031394.690966368,
    "low": 608152558.6545168,
    "high": 614183953.3454832,
    "count": 5
  },
  "external memory": {
    "min": 26750176,
    "max": 26750176,
    "mean": 26750176,
    "median": 26750176,
    "variance": 0,
    "stdDev": 0,
    "confidence": 0,
    "low": 26750176,
    "high": 26750176,
    "count": 5
  },
  "array buffers memory": {
    "min": 10475,
    "max": 10475,
    "mean": 10475,
    "median": 10475,
    "variance": 0,
    "stdDev": 0,
    "confidence": 0,
    "low": 10475,
    "high": 10475,
    "count": 5
  },
  "Compilation.finish modules": {
    "min": 27,
    "max": 28,
    "mean": 27.8,
    "median": 28,
    "variance": 0.15999999999999998,
    "stdDev": 0.39999999999999997,
    "confidence": 0.993171952886307,
    "low": 27.303414023556847,
    "high": 28.296585976443154,
    "count": 5
  },
  "Compilation.optimize dependencies": {
    "min": 1,
    "max": 1,
    "mean": 1,
    "median": 1,
    "variance": 0,
    "stdDev": 0,
    "confidence": 0,
    "low": 1,
    "high": 1,
    "count": 5
  },
  "Compilation.rebuild chunk graph": {
    "min": 41,
    "max": 42,
    "mean": 41.8,
    "median": 42,
    "variance": 0.16,
    "stdDev": 0.4,
    "confidence": 0.9931719528862999,
    "low": 41.30341402355685,
    "high": 42.29658597644315,
    "count": 5
  },
  "Compilation.create chunks": {
    "min": 66,
    "max": 68,
    "mean": 66.6,
    "median": 66,
    "variance": 0.64,
    "stdDev": 0.8,
    "confidence": 1.9863439057725998,
    "low": 65.6068280471137,
    "high": 67.5931719528863,
    "count": 5
  },
  "Compilation.optimize": {
    "min": 0,
    "max": 0,
    "mean": 0,
    "median": 0,
    "variance": 0,
    "stdDev": 0,
    "confidence": 0,
    "low": 0,
    "high": 0,
    "count": 5
  },
  "Compilation.module ids": {
    "min": 9,
    "max": 10,
    "mean": 9.4,
    "median": 9,
    "variance": 0.24000000000000005,
    "stdDev": 0.48989794855663565,
    "confidence": 1.2163822557074724,
    "low": 8.791808872146264,
    "high": 10.008191127853737,
    "count": 5
  },
  "Compilation.chunk ids": {
    "min": 5,
    "max": 6,
    "mean": 5.4,
    "median": 5,
    "variance": 0.24000000000000005,
    "stdDev": 0.48989794855663565,
    "confidence": 1.2163822557074724,
    "low": 4.791808872146264,
    "high": 6.0081911278537365,
    "count": 5
  },
  "Compilation.optimize code generation": {
    "min": 0,
    "max": 0,
    "mean": 0,
    "median": 0,
    "variance": 0,
    "stdDev": 0,
    "confidence": 0,
    "low": 0,
    "high": 0,
    "count": 5
  },
  "Compilation.module code generation cache": {
    "min": 0,
    "max": 0,
    "mean": 0,
    "median": 0,
    "variance": 0,
    "stdDev": 0,
    "confidence": 0,
    "low": 0,
    "high": 0,
    "count": 5
  },
  "Compilation.code generation": {
    "min": 71,
    "max": 75,
    "mean": 72.6,
    "median": 73,
    "variance": 2.2399999999999998,
    "stdDev": 1.4966629547095764,
    "confidence": 3.716109173853738,
    "low": 70.74194541307313,
    "high": 74.45805458692686,
    "count": 5
  },
  "Compilation.runtime requirements.modules": {
    "min": 8,
    "max": 8,
    "mean": 8,
    "median": 8,
    "variance": 0,
    "stdDev": 0,
    "confidence": 0,
    "low": 8,
    "high": 8,
    "count": 5
  },
  "Compilation.runtime requirements.chunks": {
    "min": 0,
    "max": 0,
    "mean": 0,
    "median": 0,
    "variance": 0,
    "stdDev": 0,
    "confidence": 0,
    "low": 0,
    "high": 0,
    "count": 5
  },
  "Compilation.runtime requirements.entries": {
    "min": 0,
    "max": 0,
    "mean": 0,
    "median": 0,
    "variance": 0,
    "stdDev": 0,
    "confidence": 0,
    "low": 0,
    "high": 0,
    "count": 5
  },
  "Compilation.runtime requirements": {
    "min": 10,
    "max": 10,
    "mean": 10,
    "median": 10,
    "variance": 0,
    "stdDev": 0,
    "confidence": 0,
    "low": 10,
    "high": 10,
    "count": 5
  },
  "Compilation.hashing: hash chunks": {
    "min": 1,
    "max": 2,
    "mean": 1.2,
    "median": 1,
    "variance": 0.16,
    "stdDev": 0.4,
    "confidence": 0.9931719528863066,
    "low": 0.7034140235568467,
    "high": 1.6965859764431532,
    "count": 5
  },
  "Compilation.hashing: hash runtime chunks": {
    "min": 1,
    "max": 2,
    "mean": 1.6,
    "median": 2,
    "variance": 0.24,
    "stdDev": 0.4898979485566356,
    "confidence": 1.216382255707473,
    "low": 0.9918088721462637,
    "high": 2.2081911278537367,
    "count": 5
  },
  "Compilation.hashing: process full hash chunks": {
    "min": 0,
    "max": 0,
    "mean": 0,
    "median": 0,
    "variance": 0,
    "stdDev": 0,
    "confidence": 0,
    "low": 0,
    "high": 0,
    "count": 5
  },
  "Compilation.hashing": {
    "min": 5,
    "max": 6,
    "mean": 5.2,
    "median": 5,
    "variance": 0.15999999999999998,
    "stdDev": 0.39999999999999997,
    "confidence": 0.993171952886307,
    "low": 4.703414023556847,
    "high": 5.696585976443154,
    "count": 5
  },
  "Compilation.create module assets": {
    "min": 0,
    "max": 0,
    "mean": 0,
    "median": 0,
    "variance": 0,
    "stdDev": 0,
    "confidence": 0,
    "low": 0,
    "high": 0,
    "count": 5
  },
  "Compilation.create chunk assets": {
    "min": 19,
    "max": 20,
    "mean": 19.2,
    "median": 19,
    "variance": 0.16,
    "stdDev": 0.4,
    "confidence": 0.993171952886307,
    "low": 18.703414023556846,
    "high": 19.696585976443153,
    "count": 5
  },
  "Compilation.process assets": {
    "min": 42,
    "max": 43,
    "mean": 42.6,
    "median": 43,
    "variance": 0.24,
    "stdDev": 0.4898979485566356,
    "confidence": 1.2163822557074724,
    "low": 41.991808872146265,
    "high": 43.20819112785374,
    "count": 5
  },
  "Compilation.after process assets": {
    "min": 0,
    "max": 0,
    "mean": 0,
    "median": 0,
    "variance": 0,
    "stdDev": 0,
    "confidence": 0,
    "low": 0,
    "high": 0,
    "count": 5
  },
  "Compilation.after seal": {
    "min": 0,
    "max": 0,
    "mean": 0,
    "median": 0,
    "variance": 0,
    "stdDev": 0,
    "confidence": 0,
    "low": 0,
    "high": 0,
    "count": 5
  },
  "Compiler.make hook": {
    "min": 0,
    "max": 0,
    "mean": 0,
    "median": 0,
    "variance": 0,
    "stdDev": 0,
    "confidence": 0,
    "low": 0,
    "high": 0,
    "count": 5
  },
  "Compiler.make": {
    "min": 1005,
    "max": 1026,
    "mean": 1014.8,
    "median": 1012,
    "variance": 62.96,
    "stdDev": 7.934733769950949,
    "confidence": 19.70138758483779,
    "low": 1004.9493062075811,
    "high": 1024.650693792419,
    "count": 5
  },
  "Compiler.finish make hook": {
    "min": 0,
    "max": 0,
    "mean": 0,
    "median": 0,
    "variance": 0,
    "stdDev": 0,
    "confidence": 0,
    "low": 0,
    "high": 0,
    "count": 5
  },
  "Compiler.finish compilation": {
    "min": 0,
    "max": 0,
    "mean": 0,
    "median": 0,
    "variance": 0,
    "stdDev": 0,
    "confidence": 0,
    "low": 0,
    "high": 0,
    "count": 5
  },
  "Compiler.seal compilation": {
    "min": 1297,
    "max": 1318,
    "mean": 1305.8,
    "median": 1302,
    "variance": 62.56,
    "stdDev": 7.909487973314076,
    "confidence": 19.638704041967685,
    "low": 1295.980647979016,
    "high": 1315.6193520209838,
    "count": 5
  },