{
  "stats": {
    "min": 3689,
    "max": 3943,
    "mean": 3747.8,
    "median": 3700,
    "variance": 9566.16,
    "stdDev": 97.80674823344246,
    "confidence": 242.84729787116885,
    "low": 3626.3763510644158,
    "high": 3869.2236489355846,
    "count": 5
  },
  "heap memory": {
    "min": 18278016,
    "max": 18409616,
    "mean": 18356032,
    "median": 18398136,
    "variance": 3379420544,
    "stdDev": 58132.78372828881,
    "confidence": 144339.62585535645,
    "low": 18283862.18707232,
    "high": 18428201.81292768,
    "count": 5
  },
  "rss memory": {
    "min": 728862720,
    "max": 786571264,
    "mean": 752540057.6,
    "median": 750739456,
    "variance": 423932549807472.6,
    "stdDev": 20589622.38137146,
    "confidence": 51122588.674245834,
    "low": 726978763.2628771,
    "high": 778101351.937123,
    "count": 5
  },
  "external memory": {
    "min": 28026160,
    "max": 28026160,
    "mean": 28026160,
    "median": 28026160,
    "variance": 0,
    "stdDev": 0,
    "confidence": 0,
    "low": 28026160,
    "high": 28026160,
    "count": 5
  },
  "array buffers memory": {
    "min": 26164622,
    "max": 26164622,
    "mean": 26164622,
    "median": 26164622,
    "variance": 0,
    "stdDev": 0,
    "confidence": 0,
    "low": 26164622,
    "high": 26164622,
    "count": 5
  },
  "Compilation.finish modules": {
    "min": 24,
    "max": 26,
    "mean": 25.6,
    "median": 26,
    "variance": 0.6399999999999999,
    "stdDev": 0.7999999999999999,
    "confidence": 1.986343905772614,
    "low": 24.606828047113694,
    "high": 26.59317195288631,
    "count": 5
  },
  "Compilation.optimize dependencies": {
    "min": 23,
    "max": 25,
    "mean": 23.8,
    "median": 24,
    "variance": 0.56,
    "stdDev": 0.7483314773547883,
    "confidence": 1.858054586926876,
    "low": 22.870972706536563,
    "high": 24.72902729346344,
    "count": 5
  },
  "Compilation.rebuild chunk graph": {
    "min": 14,
    "max": 15,
    "mean": 14.2,
    "median": 14,
    "variance": 0.16,
    "stdDev": 0.4,
    "confidence": 0.993171952886307,
    "low": 13.703414023556846,
    "high": 14.696585976443153,
    "count": 5
  },
  "Compilation.create chunks": {
    "min": 22,
    "max": 23,
    "mean": 22.2,
    "median": 22,
    "variance": 0.16,
    "stdDev": 0.4,
    "confidence": 0.993171952886307,
    "low": 21.703414023556846,
    "high": 22.696585976443153,
    "count": 5
  },
  "Compilation.optimize": {
    "min": 53,
    "max": 55,
    "mean": 54,
    "median": 54,
    "variance": 0.4,
    "stdDev": 0.6324555320336759,
    "confidence": 1.5703427396590826,
    "low": 53.21482863017046,
    "high": 54.78517136982954,
    "count": 5
  },
  "Compilation.module ids": {
    "min": 1,
    "max": 1,
    "mean": 1,
    "median": 1,
    "variance": 0,
    "stdDev": 0,
    "confidence": 0,
    "low": 1,
    "high": 1,
    "count": 5
  },
  "Compilation.chunk ids": {
    "min": 0,
    "max": 0,
    "mean": 0,
    "median": 0,
    "variance": 0,
    "stdDev": 0,
    "confidence": 0,
    "low": 0,
    "high": 0,
    "count": 5
  },
  "Compilation.optimize code generation": {
    "min": 8,
    "max": 8,
    "mean": 8,
    "median": 8,
    "variance": 0,
    "stdDev": 0,
    "confidence": 0,
    "low": 8,
    "high": 8,
    "count": 5
  },
  "Compilation.module code generation cache": {
    "min": 0,
    "max": 0,
    "mean": 0,
    "median": 0,
    "variance": 0,
    "stdDev": 0,
    "confidence": 0,
    "low": 0,
    "high": 0,
    "count": 5
  },
  "Compilation.code generation": {
    "min": 165,
    "max": 166,
    "mean": 165.8,
    "median": 166,
    "variance": 0.16000000000000003,
    "stdDev": 0.4,
    "confidence": 0.9931719528863141,
    "low": 165.30341402355685,
    "high": 166.29658597644317,
    "count": 5
  },
  "Compilation.runtime requirements.modules": {
    "min": 1,
    "max": 1,
    "mean": 1,
    "median": 1,
    "variance": 0,
    "stdDev": 0,
    "confidence": 0,
    "low": 1,
    "high": 1,
    "count": 5
  },
  "Compilation.runtime requirements.chunks": {
    "min": 0,
    "max": 0,
    "mean": 0,
    "median": 0,
    "variance": 0,
    "stdDev": 0,
    "confidence": 0,
    "low": 0,
    "high": 0,
    "count": 5
  },
  "Compilation.runtime requirements.entries": {
    "min": 0,
    "max": 0,
    "mean": 0,
    "median": 0,
    "variance": 0,
    "stdDev": 0,
    "confidence": 0,
    "low": 0,
    "high": 0,
    "count": 5
  },
  "Compilation.runtime requirements": {
    "min": 1,
    "max": 1,
    "mean": 1,
    "median": 1,
    "variance": 0,
    "stdDev": 0,
    "confidence": 0,
    "low": 1,
    "high": 1,
    "count": 5
  },
  "Compilation.hashing: hash chunks": {
    "min": 0,
    "max": 0,
    "mean": 0,
    "median": 0,
    "variance": 0,
    "stdDev": 0,
    "confidence": 0,
    "low": 0,
    "high": 0,
    "count": 5
  },
  "Compilation.hashing: hash runtime chunks": {
    "min": 0,
    "max": 0,
    "mean": 0,
    "median": 0,
    "variance": 0,
    "stdDev": 0,
    "confidence": 0,
    "low": 0,
    "high": 0,
    "count": 5
  },
  "Compilation.hashing: process full hash chunks": {
    "min": 0,
    "max": 0,
    "mean": 0,
    "median": 0,
    "variance": 0,
    "stdDev": 0,
    "confidence": 0,
    "low": 0,
    "high": 0,
    "count": 5
  },
  "Compilation.hashing": {
    "min": 0,
    "max": 0,
    "mean": 0,
    "median": 0,
    "variance": 0,
    "stdDev": 0,
    "confidence": 0,
    "low": 0,
    "high": 0,
    "count": 5
  },
  "Compilation.create module assets": {
    "min": 0,
    "max": 0,
    "mean": 0,
    "median": 0,
    "variance": 0,
    "stdDev": 0,
    "confidence": 0,
    "low": 0,
    "high": 0,
    "count": 5
  },
  "Compilation.create chunk assets": {
    "min": 0,
    "max": 3,
    "mean": 0.6,
    "median": 0,
    "variance": 1.44,
    "stdDev": 1.2,
    "confidence": 2.0897579293294597,
    "low": 0,
    "high": 2.0897579293294597,
    "count": 5
  },
  "Compilation.process assets": {
    "min": 3220,
    "max": 3472,
    "mean": 3278.2,
    "median": 3232,
    "variance": 9423.359999999999,
    "stdDev": 97.07399239755208,
    "confidence": 241.0279165098682,
    "low": 3157.6860417450657,
    "high": 3398.713958254934,
    "count": 5
  },
  "Compilation.after process assets": {
    "min": 0,
    "max": 0,
    "mean": 0,
    "median": 0,
    "variance": 0,
    "stdDev": 0,
    "confidence": 0,
    "low": 0,
    "high": 0,
    "count": 5
  },
  "Compilation.after seal": {
    "min": 0,
    "max": 0,
    "mean": 0,
    "median": 0,
    "variance": 0,
    "stdDev": 0,
    "confidence": 0,
    "low": 0,
    "high": 0,
    "count": 5
  },
  "Compiler.make hook": {
    "min": 57,
    "max": 61,
    "mean": 59.6,
    "median": 60,
    "variance": 2.24,
    "stdDev": 1.4966629547095767,
    "confidence": 3.716109173853752,
    "low": 57.741945413073125,
    "high": 61.45805458692688,
    "count": 5
  },
  "Compiler.make": {
    "min": 58,
    "max": 62,
    "mean": 60.8,
    "median": 61,
    "variance": 2.1599999999999997,
    "stdDev": 1.4696938456699067,
    "confidence": 3.649146767122417,
    "low": 58.97542661643879,
    "high": 62.624573383561206,
    "count": 5
  },
  "Compiler.finish make hook": {
    "min": 0,
    "max": 0,
    "mean": 0,
    "median": 0,
    "variance": 0,
    "stdDev": 0,
    "confidence": 0,
    "low": 0,
    "high": 0,
    "count": 5
  },
  "Compiler.finish compilation": {
    "min": 30,
    "max": 32,
    "mean": 31.6,
    "median": 32,
    "variance": 0.6399999999999999,
    "stdDev": 0.7999999999999999,
    "confidence": 1.986343905772614,
    "low": 30.606828047113694,
    "high": 32.59317195288631,
    "count": 5
  },
  "Compiler.seal compilation": {
    "min": 3515,
    "max": 3766,
    "mean": 3573.6,
    "median": 3527,
    "variance": 9288.640000000001,
    "stdDev": 96.37759075635789,
    "confidence": 239.29880006492294,
    "low": 3453.9505999675384,
    "high": 3693.2494000324614,
    "count": 5
  },
  "Compiler.emitAssets": {
    "min": 20,
    "max": 27,