{
  "stats": {
    "min": 113.27272727272727,
    "max": 114.27272727272727,
    "mean": 113.78181818181818,
    "median": 114,
    "variance": 0.1804958677685967,
    "stdDev": 0.42484805256538094,
    "confidence": 1.054867925115758,
    "low": 113.2543842192603,
    "high": 114.30925214437606,
    "count": 5
  },
  "heap memory": {
    "min": 85894675.63636364,
    "max": 93154819.63636364,
    "mean": 88044679.56363636,
    "median": 86876754.9090909,
    "variance": 6866831301291.506,
    "stdDev": 2620463.9477183246,
    "confidence": 6506428.241058916,
    "low": 84791465.4431069,
    "high": 91297893.68416582,
    "count": 5
  },
  "rss memory": {
    "min": 809256029.0909091,
    "max": 816095976.7272727,
    "mean": 812117941.5272726,
    "median": 811149498.1818181,
    "variance": 8028679724181.195,
    "stdDev": 2833492.495875222,
    "confidence": 7035363.189042807,
    "low": 808600259.9327512,
    "high": 815635623.121794,
    "count": 5
  },
  "external memory": {
    "min": 52373013.81818182,
    "max": 53250154.90909091,
    "mean": 52824891.272727266,
    "median": 52798581.72727273,
    "variance": 93933992053.54935,
    "stdDev": 306486.52833941876,
    "confidence": 760984.5597105175,
    "low": 52444398.99287201,
    "high": 53205383.552582525,
    "count": 5
  },
  "array buffers memory": {
    "min": 25085585,
    "max": 25618522.818181816,
    "mean": 25384214.16363636,
    "median": 25410239.818181816,
    "variance": 29581354866.437477,
    "stdDev": 171992.31048636296,
    "confidence": 427044.8472179249,
    "low": 25170691.740027398,
    "high": 25597736.587245323,
    "count": 5
  },
  "Compilation.build module graph": {
    "min": 23.636363636363637,
    "max": 24.90909090909091,
    "mean": 24.436363636363637,
    "median": 24.727272727272727,
    "variance": 0.21950413223140472,
    "stdDev": 0.46851268097182247,
    "confidence": 1.1632841357819572,
    "low": 23.85472156847266,
    "high": 25.018005704254616,
    "count": 5
  },
  "Compilation.finish modules": {
    "min": 16.90909090909091,
    "max": 17.545454545454547,
    "mean": 17.21818181818182,
    "median": 17.272727272727273,
    "variance": 0.054876033057851284,
    "stdDev": 0.23425634048591146,
    "confidence": 0.5816420678909822,
    "low": 16.927360784236328,
    "high": 17.50900285212731,
    "count": 5
  },
  "Compilation.seal": {
    "min": 0,
    "max": 0,
    "mean": 0,
    "median": 0,
    "variance": 0,
    "stdDev": 0,
    "confidence": 0,
    "low": 0,
    "high": 0,
    "count": 5
  },
  "Compilation.optimize dependencies": {
    "min": 1,
    "max": 1,
    "mean": 1,
    "median": 1,
    "variance": 0,
    "stdDev": 0,
    "confidence": 0,
    "low": 1,
    "high": 1,
    "count": 5
  },
  "Compilation.rebuild chunk graph": {
    "min": 9.363636363636363,
    "max": 9.727272727272727,
    "mean": 9.527272727272727,
    "median": 9.545454545454545,
    "variance": 0.021157024793388428,
    "stdDev": 0.14545454545454545,
    "confidence": 0.3611534374132006,
    "low": 9.346696008566127,
    "high": 9.707849445979328,
    "count": 5
  },
  "Compilation.build chunk graph": {
    "min": 10.727272727272727,
    "max": 11,
    "mean": 10.836363636363636,
    "median": 10.818181818181818,
    "variance": 0.011239669421487635,
    "stdDev": 0.10601730717900562,
    "confidence": 0.2632335400267998,
    "low": 10.704746866350236,
    "high": 10.967980406377036,
    "count": 5
  },
  "Compilation.optimize modules": {
    "min": 0,
    "max": 0,
    "mean": 0,
    "median": 0,
    "variance": 0,
    "stdDev": 0,
    "confidence": 0,
    "low": 0,
    "high": 0,
    "count": 5
  },
  "Compilation.optimize chunks": {
    "min": 5.090909090909091,
    "max": 5.545454545454546,
    "mean": 5.254545454545455,
    "median": 5.181818181818182,
    "variance": 0.031074380165289305,
    "stdDev": 0.1762792675424121,
    "confidence": 0.43768906099616345,
    "low": 5.035700924047373,
    "high": 5.473389985043537,
    "count": 5
  },
  "Compilation.optimize tree": {
    "min": 0,
    "max": 0,
    "mean": 0,
    "median": 0,
    "variance": 0,
    "stdDev": 0,
    "confidence": 0,
    "low": 0,
    "high": 0,
    "count": 5
  },
  "Compilation.optimize chunk modules": {
    "min": 0,
    "max": 0,
    "mean": 0,
    "median": 0,
    "variance": 0,
    "stdDev": 0,
    "confidence": 0,
    "low": 0,
    "high": 0,
    "count": 5
  },
  "Compilation.module ids": {
    "min": 0,
    "max": 0,
    "mean": 0,
    "median": 0,
    "variance": 0,
    "stdDev": 0,
    "confidence": 0,
    "low": 0,
    "high": 0,
    "count": 5
  },
  "Compilation.chunk ids": {
    "min": 0,
    "max": 0,
    "mean": 0,
    "median": 0,
    "variance": 0,
    "stdDev": 0,
    "confidence": 0,
    "low": 0,
    "high": 0,
    "count": 5
  },
  "Compilation.assign runtime ids": {
    "min": 0,
    "max": 0,
    "mean": 0,
    "median": 0,
    "variance": 0,
    "stdDev": 0,
    "confidence": 0,
    "low": 0,
    "high": 0,
    "count": 5
  },
  "Compilation.optimize code generation": {
    "min": 0,
    "max": 0,
    "mean": 0,
    "median": 0,
    "variance": 0,
    "stdDev": 0,
    "confidence": 0,
    "low": 0,
    "high": 0,
    "count": 5
  },
  "Compilation.create module hashes": {
    "min": 4.2727272727272725,
    "max": 4.636363636363637,
    "mean": 4.436363636363636,
    "median": 4.454545454545454,
    "variance": 0.014545454545454589,
    "stdDev": 0.12060453783110563,
    "confidence": 0.29945261091167374,
    "low": 4.286637330907799,
    "high": 4.5860899418194725,
    "count": 5
  },
  "Compilation.module code generation cache": {
    "min": 0,
    "max": 0,
    "mean": 0,
    "median": 0,
    "variance": 0,
    "stdDev": 0,
    "confidence": 0,
    "low": 0,
    "high": 0,
    "count": 5
  },
  "Compilation.code generation": {
    "min": 4.818181818181818,
    "max": 5,
    "mean": 4.945454545454545,
    "median": 5,
    "variance": 0.005289256198347097,
    "stdDev": 0.07272727272727265,
    "confidence": 0.1805767187066003,
    "low": 4.855166186101245,
    "high": 5.0357429048078455,
    "count": 5
  },
  "Compilation.runtime requirements.modules": {
    "min": 0,
    "max": 0,
    "mean": 0,
    "median": 0,
    "variance": 0,
    "stdDev": 0,
    "confidence": 0,
    "low": 0,
    "high": 0,
    "count": 5
  },
  "Compilation.runtime requirements.chunks": {
    "min": 0,
    "max": 0,
    "mean": 0,
    "median": 0,
    "variance": 0,
    "stdDev": 0,
    "confidence": 0,
    "low": 0,
    "high": 0,
    "count": 5
  },
  "Compilation.runtime requirements.entries": {
    "min": 0,
    "max": 0,
    "mean": 0,
    "median": 0,
    "variance": 0,
    "stdDev": 0,
    "confidence": 0,
    "low": 0,
    "high": 0,
    "count": 5
  },
  "Compilation.runtime requirements": {
    "min": 0,
    "max": 0,
    "mean": 0,
    "median": 0,
    "variance": 0,
    "stdDev": 0,
    "confidence": 0,
    "low": 0,
    "high": 0,
    "count": 5
  },
  "Compilation.hashing: hash chunks": {
    "min": 0,
    "max": 0,
    "mean": 0,
    "median": 0,
    "variance": 0,
    "stdDev": 0,
    "confidence": 0,
    "low": 0,
    "high": 0,
    "count": 5
  },
  "Compilation.hashing: hash runtime chunks": {
    "min": 2.909090909090909,
    "max": 3,
    "mean": 2.981818181818182,
    "median": 3,
    "variance": 0.0013223140495867748,
    "stdDev": 0.036363636363636334,
    "confidence": 0.09028835935330015,
    "low": 2.936674002141532,
    "high": 3.026962361494832,
    "count": 5
  },
  "Compilation.hashing: process full hash chunks": {
    "min": 0,
    "max": 0,
    "mean": 0,
    "median": 0,
    "variance": 0,
    "stdDev": 0,
    "confidence": 0,
    "low": 0,
    "high": 0,
    "count": 5
  },
  "Compilation.hashing": {
    "min": 3,
    "max": 3,
    "mean": 3,
    "median": 3,
    "variance": 0,
    "stdDev": 0,
    "confidence": 0,
    "low": 3,
    "high": 3,
    "count": 5
  },
  "Compilation.create module assets": {
    "min": 0,
    "max": 0,
    "mean": 0,