{
  "stats": {
    "min": 100,
    "max": 109,
    "mean": 103.4,
    "median": 103,
    "variance": 11.44,
    "stdDev": 3.3823069050575527,
    "confidence": 8.398030885392131,
    "low": 99.20098455730394,
    "high": 107.59901544269607,
    "count": 5
  },
  "heap memory": {
    "min": 8370056,
    "max": 9106280,
    "mean": 8813673.6,
    "median": 9092528,
    "variance": 123515218954.24002,
    "stdDev": 351447.3203116507,
    "confidence": 872619.0536264526,
    "low": 8377364.073186773,
    "high": 9249983.126813225,
    "count": 5
  },
  "rss memory": {
    "min": 144941056,
    "max": 154075136,
    "mean": 149830041.6,
    "median": 150622208,
    "variance": 9904681794928.639,
    "stdDev": 3147170.442624396,
    "confidence": 7814203.536418319,
    "low": 145922939.83179083,
    "high": 153737143.36820915,
    "count": 5
  },
  "external memory": {
    "min": 3981535,
    "max": 3986542,
    "mean": 3984539.2,
    "median": 3986542,
    "variance": 6016811.760000001,
    "stdDev": 2452.919028423075,
    "confidence": 6090.425954326987,
    "low": 3981493.9870228367,
    "high": 3987584.4129771637,
    "count": 5
  },
  "array buffers memory": {
    "min": 10515,
    "max": 15522,
    "mean": 13519.2,
    "median": 15522,
    "variance": 6016811.76,
    "stdDev": 2452.9190284230745,
    "confidence": 6090.425954327315,
    "low": 10473.987022836343,
    "high": 16564.412977163658,
    "count": 5
  },
  "Compilation.build module graph": {
    "min": 56.891854,
    "max": 59.407682,
    "mean": 58.145184400000005,
    "median": 57.763466,
    "variance": 1.0595949648602367,
    "stdDev": 1.0293662928521785,
    "confidence": 2.5558443282683356,
    "low": 56.86726223586584,
    "high": 59.42310656413417,
    "count": 5
  },
  "Compilation.finish modules": {
    "min": 1.721972,
    "max": 1.816405,
    "mean": 1.775891,
    "median": 1.784243,
    "variance": 0.0012580205331999997,
    "stdDev": 0.03546858515926452,
    "confidence": 0.08806600997185265,
    "low": 1.7318579950140738,
    "high": 1.8199240049859264,
    "count": 5
  },
  "Compilation.seal": {
    "min": 0.003597,
    "max": 0.004367,
    "mean": 0.0039239999999999995,
    "median": 0.003754,
    "variance": 9.896960000000004e-8,
    "stdDev": 0.00031459434197073544,
    "confidence": 0.0007811156924551442,
    "low": 0.0035334421537724274,
    "high": 0.004314557846227572,
    "count": 5
  },
  "Compilation.optimize dependencies": {
    "min": 1.272065,
    "max": 1.365129,
    "mean": 1.3133064,
    "median": 1.320876,
    "variance": 0.0011484202574399993,
    "stdDev": 0.03388834987779723,
    "confidence": 0.08414239657056566,
    "low": 1.2712352017147173,
    "high": 1.355377598285283,
    "count": 5
  },
  "Compilation.rebuild chunk graph": {
    "min": 0.206865,
    "max": 0.230323,
    "mean": 0.21577600000000002,
    "median": 0.213664,
    "variance": 0.00007644687880000006,
    "stdDev": 0.00874339057803093,
    "confidence": 0.021709225738076765,
    "low": 0.20492138713096164,
    "high": 0.2266306128690384,
    "count": 5
  },
  "Compilation.build chunk graph": {
    "min": 0.211115,
    "max": 0.236206,
    "mean": 0.22072759999999997,
    "median": 0.218665,
    "variance": 0.00008266512584000001,
    "stdDev": 0.00909203639675953,
    "confidence": 0.022574888859707598,
    "low": 0.20944015557014617,
    "high": 0.23201504442985377,
    "count": 5
  },
  "Compilation.optimize modules": {
    "min": 0.032605,
    "max": 0.036587,
    "mean": 0.03507620000000001,
    "median": 0.036198,
    "variance": 0.0000025962541599999972,
    "stdDev": 0.0016112895953241915,
    "confidence": 0.004000719085133789,
    "low": 0.033075840457433114,
    "high": 0.0370765595425669,
    "count": 5
  },
  "Compilation.optimize chunks": {
    "min": 0.182323,
    "max": 0.198209,
    "mean": 0.18952940000000001,
    "median": 0.19023,
    "variance": 0.00003536159703999997,
    "stdDev": 0.0059465617830810405,
    "confidence": 0.014764895947654177,
    "low": 0.18214695202617293,
    "high": 0.1969118479738271,
    "count": 5
  },
  "Compilation.optimize tree": {
    "min": 0.001893,
    "max": 0.002688,
    "mean": 0.0022995999999999997,
    "median": 0.002323,
    "variance": 8.775143999999994e-8,
    "stdDev": 0.0002962286954364819,
    "confidence": 0.0007355150798690341,
    "low": 0.0019318424600654827,
    "high": 0.0026673575399345168,
    "count": 5
  },
  "Compilation.optimize chunk modules": {
    "min": 1.31155,
    "max": 1.455576,
    "mean": 1.4003458,
    "median": 1.416622,
    "variance": 0.0027945720129600006,
    "stdDev": 0.05286371168353581,
    "confidence": 0.1312568894238897,
    "low": 1.3347173552880551,
    "high": 1.4659742447119448,
    "count": 5
  },
  "Compilation.module ids": {
    "min": 0.036651,
    "max": 0.043962,
    "mean": 0.0397998,
    "median": 0.039241,
    "variance": 0.000005608151759999998,
    "stdDev": 0.0023681536605549896,
    "confidence": 0.005879959489470635,
    "low": 0.036859820255264686,
    "high": 0.04273977974473532,
    "count": 5
  },
  "Compilation.chunk ids": {
    "min": 0.018321,
    "max": 0.023171,
    "mean": 0.0200334,
    "median": 0.019463,
    "variance": 0.0000031828034400000013,
    "stdDev": 0.001784041322391385,
    "confidence": 0.004429649510473303,
    "low": 0.017818575244763348,
    "high": 0.02224822475523665,
    "count": 5
  },
  "Compilation.assign runtime ids": {
    "min": 0.001537,
    "max": 0.002049,
    "mean": 0.0018176000000000002,
    "median": 0.00189,
    "variance": 3.573824000000001e-8,
    "stdDev": 0.00018904560296394097,
    "confidence": 0.00046938697670066655,
    "low": 0.0015829065116496669,
    "high": 0.0020522934883503334,
    "count": 5
  },
  "Compilation.optimize code generation": {
    "min": 0.180105,
    "max": 0.214162,
    "mean": 0.2032816,
    "median": 0.210403,
    "variance": 0.00016367979304000014,
    "stdDev": 0.012793740385047688,
    "confidence": 0.031765960307345575,
    "low": 0.18739861984632722,
    "high": 0.2191645801536728,
    "count": 5
  },
  "Compilation.create module hashes": {
    "min": 0.890214,
    "max": 0.974897,
    "mean": 0.9129286000000001,
    "median": 0.899012,
    "variance": 0.0009867546342400006,
    "stdDev": 0.03141265086298832,
    "confidence": 0.07799540950732453,
    "low": 0.8739308952463378,
    "high": 0.9519263047536624,
    "count": 5
  },
  "Compilation.code generation": {
    "min": 24.728321,
    "max": 31.662627,
    "mean": 27.6052904,
    "median": 26.009974,
    "variance": 8.188528094967438,
    "stdDev": 2.861560430074374,
    "confidence": 7.105053901597863,
    "low": 24.05276344920107,
    "high": 31.157817350798933,
    "count": 5
  },
  "Compilation.runtime requirements.modules": {
    "min": 0.013833,
    "max": 0.016456,
    "mean": 0.015123999999999999,
    "median": 0.015397,
    "variance": 8.429063999999992e-7,
    "stdDev": 0.000918099341030152,
    "confidence": 0.0022795762886863667,
    "low": 0.013984211855656814,
    "high": 0.01626378814434318,
    "count": 5
  },
  "Compilation.runtime requirements.chunks": {
    "min": 0.054955,
    "max": 0.097446,
    "mean": 0.07005600000000001,
    "median": 0.059292,
    "variance": 0.00026308439080000007,
    "stdDev": 0.016219876411366397,
    "confidence": 0.04027281582762826,
    "low": 0.04991959208618588,
    "high": 0.09019240791381414,
    "count": 5
  },
  "Compilation.runtime requirements.entries": {
    "min": 0.30186,
    "max": 0.328709,
    "mean": 0.3149726,
    "median": 0.312699,
    "variance": 0.00007843456103999975,
    "stdDev": 0.00885632886923243,
    "confidence": 0.021989643596147412,
    "low": 0.3039777782019263,
    "high": 0.3259674217980737,
    "count": 5
  },
  "Compilation.runtime requirements": {
    "min": 0.385298,
    "max": 0.433637,
    "mean": 0.4116638,
    "median": 0.408293,
    "variance": 0.00036120798216,
    "stdDev": 0.019005472426645964,
    "confidence": 0.04718925541374708,