{
  "stats": {
    "min": 36.18181818181818,
    "max": 40.18181818181818,
    "mean": 37.54545454545455,
    "median": 37.18181818181818,
    "variance": 1.953719008264463,
    "stdDev": 1.3977549886387324,
    "confidence": 3.47052762930727,
    "low": 35.81019073080091,
    "high": 39.28071836010818,
    "count": 5
  },
  "heap memory": {
    "min": 64846013.81818182,
    "max": 66833373.81818182,
    "mean": 65641529.01818182,
    "median": 65521424,
    "variance": 422656409577.48926,
    "stdDev": 650120.3039265035,
    "confidence": 1614203.129654318,
    "low": 64834427.453354664,
    "high": 66448630.58300898,
    "count": 5
  },
  "rss memory": {
    "min": 509211741.09090906,
    "max": 521062586.1818182,
    "mean": 515617959.5636364,
    "median": 514175348.3636364,
    "variance": 19512752571592.074,
    "stdDev": 4417324.141558108,
    "confidence": 10967906.110507727,
    "low": 510134006.50838256,
    "high": 521101912.6188903,
    "count": 5
  },
  "external memory": {
    "min": 3108634.090909091,
    "max": 19890351,
    "mean": 16511772.945454547,
    "median": 19858754.545454547,
    "variance": 44911247728351.414,
    "stdDev": 6701585.4637803,
    "confidence": 16639566.80624291,
    "low": 8191989.542333092,
    "high": 24831556.348576,
    "count": 5
  },
  "array buffers memory": {
    "min": 490257.9090909091,
    "max": 498525.63636363635,
    "mean": 495188.2545454546,
    "median": 498449.9090909091,
    "variance": 16206302.150082594,
    "stdDev": 4025.705174262342,
    "confidence": 9995.543674166547,
    "low": 490190.4827083713,
    "high": 500186.02638253785,
    "count": 5
  },
  "Compilation.build module graph": {
    "min": 3,
    "max": 3.4545454545454546,
    "mean": 3.127272727272727,
    "median": 3.090909090909091,
    "variance": 0.02842975206611571,
    "stdDev": 0.16861124537264918,
    "confidence": 0.4186498996133654,
    "low": 2.9179477774660443,
    "high": 3.3365976770794097,
    "count": 5
  },
  "Compilation.finish modules": {
    "min": 1.0909090909090908,
    "max": 1.5454545454545454,
    "mean": 1.2545454545454544,
    "median": 1.1818181818181819,
    "variance": 0.02446280991735537,
    "stdDev": 0.15640591394622957,
    "confidence": 0.3883449174923612,
    "low": 1.0603729957992738,
    "high": 1.448717913291635,
    "count": 5
  },
  "Compilation.seal": {
    "min": 0,
    "max": 0,
    "mean": 0,
    "median": 0,
    "variance": 0,
    "stdDev": 0,
    "confidence": 0,
    "low": 0,
    "high": 0,
    "count": 5
  },
  "Compilation.optimize dependencies": {
    "min": 0,
    "max": 0.2727272727272727,
    "mean": 0.12727272727272726,
    "median": 0.09090909090909091,
    "variance": 0.008595041322314048,
    "stdDev": 0.09270944570168699,
    "confidence": 0.23019105309637866,
    "low": 0.012177200724537929,
    "high": 0.2423682538209166,
    "count": 5
  },
  "Compilation.rebuild chunk graph": {
    "min": 8.272727272727273,
    "max": 9.363636363636363,
    "mean": 8.727272727272728,
    "median": 8.818181818181818,
    "variance": 0.17190082644628063,
    "stdDev": 0.4146092454905952,
    "confidence": 1.0294456850715328,
    "low": 8.212549884736962,
    "high": 9.241995569808495,
    "count": 5
  },
  "Compilation.build chunk graph": {
    "min": 9.909090909090908,
    "max": 11.181818181818182,
    "mean": 10.418181818181818,
    "median": 11.181818181818182,
    "variance": 0.22677685950413248,
    "stdDev": 0.47621094013486553,
    "confidence": 1.1823983734989199,
    "low": 9.826982631432358,
    "high": 11.009381004931278,
    "count": 5
  },
  "Compilation.optimize modules": {
    "min": 0,
    "max": 0,
    "mean": 0,
    "median": 0,
    "variance": 0,
    "stdDev": 0,
    "confidence": 0,
    "low": 0,
    "high": 0,
    "count": 5
  },
  "Compilation.optimize chunks": {
    "min": 5.909090909090909,
    "max": 6.363636363636363,
    "mean": 6.054545454545455,
    "median": 6,
    "variance": 0.02512396694214871,
    "stdDev": 0.1585054161287516,
    "confidence": 0.3935578341991217,
    "low": 5.857766537445894,
    "high": 6.2513243716450155,
    "count": 5
  },
  "Compilation.optimize tree": {
    "min": 0,
    "max": 0,
    "mean": 0,
    "median": 0,
    "variance": 0,
    "stdDev": 0,
    "confidence": 0,
    "low": 0,
    "high": 0,
    "count": 5
  },
  "Compilation.optimize chunk modules": {
    "min": 0,
    "max": 0,
    "mean": 0,
    "median": 0,
    "variance": 0,
    "stdDev": 0,
    "confidence": 0,
    "low": 0,
    "high": 0,
    "count": 5
  },
  "Compilation.module ids": {
    "min": 0,
    "max": 0,
    "mean": 0,
    "median": 0,
    "variance": 0,
    "stdDev": 0,
    "confidence": 0,
    "low": 0,
    "high": 0,
    "count": 5
  },
  "Compilation.chunk ids": {
    "min": 1,
    "max": 1.4545454545454546,
    "mean": 1.2,
    "median": 1.0909090909090908,
    "variance": 0.03107438016528926,
    "stdDev": 0.17627926754241197,
    "confidence": 0.43768906099616256,
    "low": 0.9811554695019187,
    "high": 1.4188445304980812,
    "count": 5
  },
  "Compilation.assign runtime ids": {
    "min": 0,
    "max": 0,
    "mean": 0,
    "median": 0,
    "variance": 0,
    "stdDev": 0,
    "confidence": 0,
    "low": 0,
    "high": 0,
    "count": 5
  },
  "Compilation.optimize code generation": {
    "min": 0,
    "max": 0,
    "mean": 0,
    "median": 0,
    "variance": 0,
    "stdDev": 0,
    "confidence": 0,
    "low": 0,
    "high": 0,
    "count": 5
  },
  "Compilation.create module hashes": {
    "min": 2.6363636363636362,
    "max": 3.1818181818181817,
    "mean": 2.8545454545454545,
    "median": 2.8181818181818183,
    "variance": 0.04495867768595041,
    "stdDev": 0.2120346143580109,
    "confidence": 0.5264670800536013,
    "low": 2.591311914518654,
    "high": 3.117778994572255,
    "count": 5
  },
  "Compilation.module code generation cache": {
    "min": 0,
    "max": 0,
    "mean": 0,
    "median": 0,
    "variance": 0,
    "stdDev": 0,
    "confidence": 0,
    "low": 0,
    "high": 0,
    "count": 5
  },
  "Compilation.code generation": {
    "min": 0,
    "max": 0,
    "mean": 0,
    "median": 0,
    "variance": 0,
    "stdDev": 0,
    "confidence": 0,
    "low": 0,
    "high": 0,
    "count": 5
  },
  "Compilation.runtime requirements.modules": {
    "min": 0,
    "max": 0,
    "mean": 0,
    "median": 0,
    "variance": 0,
    "stdDev": 0,
    "confidence": 0,
    "low": 0,
    "high": 0,
    "count": 5
  },
  "Compilation.runtime requirements.chunks": {
    "min": 0,
    "max": 0,
    "mean": 0,
    "median": 0,
    "variance": 0,
    "stdDev": 0,
    "confidence": 0,
    "low": 0,
    "high": 0,
    "count": 5
  },
  "Compilation.runtime requirements.entries": {
    "min": 0,
    "max": 0.09090909090909091,
    "mean": 0.01818181818181818,
    "median": 0,
    "variance": 0.0013223140495867767,
    "stdDev": 0.03636363636363636,
    "confidence": 0.06332599785846847,
    "low": 0,
    "high": 0.06332599785846847,
    "count": 5
  },
  "Compilation.runtime requirements": {
    "min": 0.09090909090909091,
    "max": 0.36363636363636365,
    "mean": 0.21818181818181817,
    "median": 0.18181818181818182,
    "variance": 0.00859504132231405,
    "stdDev": 0.092709445701687,
    "confidence": 0.23019105309637863,
    "low": 0.10308629163362884,
    "high": 0.3332773447300075,
    "count": 5
  },
  "Compilation.hashing: hash chunks": {
    "min": 0,
    "max": 0.2727272727272727,
    "mean": 0.16363636363636364,
    "median": 0.18181818181818182,
    "variance": 0.0112396694214876,
    "stdDev": 0.10601730717900545,
    "confidence": 0.26323354002680077,
    "low": 0.03201959362296328,
    "high": 0.295253133649764,
    "count": 5
  },
  "Compilation.hashing: hash runtime chunks": {
    "min": 0.09090909090909091,
    "max": 0.18181818181818182,
    "mean": 0.12727272727272726,
    "median": 0.09090909090909091,
    "variance": 0.0019834710743801653,
    "stdDev": 0.04453617714151233,
    "confidence": 0.1105802050643157,