{
  "stats": {
    "min": 1891,
    "max": 1995,
    "mean": 1944.8,
    "median": 1936,
    "variance": 1229.36,
    "stdDev": 35.0622303911203,
    "confidence": 87.05705957524651,
    "low": 1901.2714702123767,
    "high": 1988.3285297876232,
    "count": 5
  },
  "heap memory": {
    "min": 14981768,
    "max": 15155552,
    "mean": 15035896,
    "median": 15007680,
    "variance": 3922182963.2,
    "stdDev": 62627.33399403171,
    "confidence": 155499.27901728824,
    "low": 14958146.360491356,
    "high": 15113645.639508644,
    "count": 5
  },
  "rss memory": {
    "min": 644980736,
    "max": 661479424,
    "mean": 656656793.6,
    "median": 660156416,
    "variance": 39246656847216.64,
    "stdDev": 6264715.224750175,
    "confidence": 15554848.63510418,
    "low": 648879369.2824479,
    "high": 664434217.9175521,
    "count": 5
  },
  "external memory": {
    "min": 7099435,
    "max": 7099435,
    "mean": 7099435,
    "median": 7099435,
    "variance": 0,
    "stdDev": 0,
    "confidence": 0,
    "low": 7099435,
    "high": 7099435,
    "count": 5
  },
  "array buffers memory": {
    "min": 16659,
    "max": 16659,
    "mean": 16659,
    "median": 16659,
    "variance": 0,
    "stdDev": 0,
    "confidence": 0,
    "low": 16659,
    "high": 16659,
    "count": 5
  },
  "Compilation.finish modules": {
    "min": 21,
    "max": 22,
    "mean": 21.4,
    "median": 21,
    "variance": 0.24,
    "stdDev": 0.4898979485566356,
    "confidence": 1.2163822557074724,
    "low": 20.791808872146262,
    "high": 22.008191127853735,
    "count": 5
  },
  "Compilation.optimize dependencies": {
    "min": 86,
    "max": 102,
    "mean": 94.8,
    "median": 93,
    "variance": 30.159999999999997,
    "stdDev": 5.491812087098392,
    "confidence": 13.635784338570318,
    "low": 87.98210783071484,
    "high": 101.61789216928516,
    "count": 5
  },
  "Compilation.create chunks": {
    "min": 54,
    "max": 60,
    "mean": 56.2,
    "median": 56,
    "variance": 4.159999999999999,
    "stdDev": 2.0396078054371136,
    "confidence": 5.064203168120329,
    "low": 53.66789841593984,
    "high": 58.73210158406017,
    "count": 5
  },
  "Compilation.optimize": {
    "min": 135,
    "max": 149,
    "mean": 139.2,
    "median": 138,
    "variance": 25.36,
    "stdDev": 5.035871324805669,
    "confidence": 12.503715395353481,
    "low": 132.94814230232325,
    "high": 145.45185769767673,
    "count": 5
  },
  "Compilation.module ids": {
    "min": 3,
    "max": 3,
    "mean": 3,
    "median": 3,
    "variance": 0,
    "stdDev": 0,
    "confidence": 0,
    "low": 3,
    "high": 3,
    "count": 5
  },
  "Compilation.chunk ids": {
    "min": 3,
    "max": 3,
    "mean": 3,
    "median": 3,
    "variance": 0,
    "stdDev": 0,
    "confidence": 0,
    "low": 3,
    "high": 3,
    "count": 5
  },
  "Compilation.optimize code generation": {
    "min": 22,
    "max": 31,
    "mean": 28.2,
    "median": 29,
    "variance": 10.16,
    "stdDev": 3.1874754901018454,
    "confidence": 7.914278143204218,
    "low": 24.242860928397892,
    "high": 32.15713907160211,
    "count": 5
  },
  "Compilation.code generation": {
    "min": 285,
    "max": 313,
    "mean": 294,
    "median": 290,
    "variance": 95.6,
    "stdDev": 9.777525249264253,
    "confidence": 24.27690961551741,
    "low": 281.8615451922413,
    "high": 306.1384548077587,
    "count": 5
  },
  "Compilation.runtime requirements.modules": {
    "min": 2,
    "max": 4,
    "mean": 2.8,
    "median": 2,
    "variance": 0.96,
    "stdDev": 0.9797958971132712,
    "confidence": 2.432764511414946,
    "low": 1.583617744292527,
    "high": 4.016382255707473,
    "count": 5
  },
  "Compilation.runtime requirements.chunks": {
    "min": 0,
    "max": 0,
    "mean": 0,
    "median": 0,
    "variance": 0,
    "stdDev": 0,
    "confidence": 0,
    "low": 0,
    "high": 0,
    "count": 5
  },
  "Compilation.runtime requirements.entries": {
    "min": 0,
    "max": 0,
    "mean": 0,
    "median": 0,
    "variance": 0,
    "stdDev": 0,
    "confidence": 0,
    "low": 0,
    "high": 0,
    "count": 5
  },
  "Compilation.runtime requirements": {
    "min": 3,
    "max": 5,
    "mean": 3.8,
    "median": 3,
    "variance": 0.96,
    "stdDev": 0.9797958971132712,
    "confidence": 2.432764511414946,
    "low": 2.583617744292527,
    "high": 5.016382255707473,
    "count": 5
  },
  "Compilation.hashing: hash chunks": {
    "min": 0,
    "max": 1,
    "mean": 0.2,
    "median": 0,
    "variance": 0.16000000000000003,
    "stdDev": 0.4,
    "confidence": 0.6965859764431532,
    "low": 0,
    "high": 0.6965859764431532,
    "count": 5
  },
  "Compilation.hashing: hash runtime chunks": {
    "min": 0,
    "max": 0,
    "mean": 0,
    "median": 0,
    "variance": 0,
    "stdDev": 0,
    "confidence": 0,
    "low": 0,
    "high": 0,
    "count": 5
  },
  "Compilation.hashing: process full hash chunks": {
    "min": 0,
    "max": 0,
    "mean": 0,
    "median": 0,
    "variance": 0,
    "stdDev": 0,
    "confidence": 0,
    "low": 0,
    "high": 0,
    "count": 5
  },
  "Compilation.hashing": {
    "min": 0,
    "max": 1,
    "mean": 0.8,
    "median": 1,
    "variance": 0.16000000000000006,
    "stdDev": 0.4000000000000001,
    "confidence": 0.9931719528863066,
    "low": 0.30341402355684677,
    "high": 1.2965859764431533,
    "count": 5
  },
  "Compilation.create module assets": {
    "min": 0,
    "max": 0,
    "mean": 0,
    "median": 0,
    "variance": 0,
    "stdDev": 0,
    "confidence": 0,
    "low": 0,
    "high": 0,
    "count": 5
  },
  "Compilation.create chunk assets": {
    "min": 0,
    "max": 1,
    "mean": 0.2,
    "median": 0,
    "variance": 0.16000000000000003,
    "stdDev": 0.4,
    "confidence": 0.6965859764431532,
    "low": 0,
    "high": 0.6965859764431532,
    "count": 5
  },
  "Compilation.process assets": {
    "min": 504,
    "max": 546,
    "mean": 515.2,
    "median": 508,
    "variance": 244.16,
    "stdDev": 15.625619987699688,
    "confidence": 38.79731879560745,
    "low": 495.8013406021963,
    "high": 534.5986593978038,
    "count": 5
  },
  "Compilation.after process assets": {
    "min": 0,
    "max": 0,
    "mean": 0,
    "median": 0,
    "variance": 0,
    "stdDev": 0,
    "confidence": 0,
    "low": 0,
    "high": 0,
    "count": 5
  },
  "Compilation.after seal": {
    "min": 0,
    "max": 0,
    "mean": 0,
    "median": 0,
    "variance": 0,
    "stdDev": 0,
    "confidence": 0,
    "low": 0,
    "high": 0,
    "count": 5
  },
  "Compiler.make hook": {
    "min": 0,
    "max": 0,
    "mean": 0,
    "median": 0,
    "variance": 0,
    "stdDev": 0,
    "confidence": 0,
    "low": 0,
    "high": 0,
    "count": 5
  },
  "Compiler.make": {
    "min": 626,
    "max": 646,
    "mean": 637.6,
    "median": 640,
    "variance": 48.639999999999986,
    "stdDev": 6.974238309665076,
    "confidence": 17.316544704761327,
    "low": 628.9417276476194,
    "high": 646.2582723523807,
    "count": 5
  },
  "Compiler.finish make hook": {
    "min": 0,
    "max": 0,
    "mean": 0,
    "median": 0,
    "variance": 0,
    "stdDev": 0,
    "confidence": 0,
    "low": 0,
    "high": 0,
    "count": 5
  },
  "Compiler.finish compilation": {
    "min": 27,
    "max": 29,
    "mean": 27.8,
    "median": 28,
    "variance": 0.56,
    "stdDev": 0.7483314773547883,
    "confidence": 1.858054586926876,
    "low": 26.870972706536563,
    "high": 28.72902729346344,
    "count": 5
  },
  "Compiler.seal compilation": {
    "min": 1219,
    "max": 1303,
    "mean": 1261.6,
    "median": 1255,
    "variance": 843.04,
    "stdDev": 29.03515111033521,
    "confidence": 72.09224432650171,
    "low": 1225.553877836749,
    "high": 1297.6461221632508,
    "count": 5
  },
  "Compiler.emitAssets": {
    "min": 3,
    "max": 4,
    "mean": 3.6,
    "median": 4,
    "variance": 0.24,
    "stdDev": 0.4898979485566356,
    "confidence": 1.2163822557074733,
    "low": 2.9918088721462635,
    "high": 4.208191127853737,
    "count": 5
  },