{
  "stats": {
    "min": 3702,
    "max": 3731,
    "mean": 3714.4,
    "median": 3712,
    "variance": 99.44000000000001,
    "stdDev": 9.971960689854328,
    "confidence": 24.75967918112019,
    "low": 3702.02016040944,
    "high": 3726.77983959056,
    "count": 5
  },
  "heap memory": {
    "min": 19574416,
    "max": 24057920,
    "mean": 20644788.8,
    "median": 19871768,
    "variance": 2936365935170.56,
    "stdDev": 1713582.7774492132,
    "confidence": 4254705.883778937,
    "low": 18517435.858110532,
    "high": 22772141.74188947,
    "count": 5
  },
  "rss memory": {
    "min": 752013312,
    "max": 801173504,
    "mean": 776178892.8,
    "median": 765796352,
    "variance": 395992974187561,
    "stdDev": 19899572.21116979,
    "confidence": 49409242.48642397,
    "low": 751474271.556788,
    "high": 800883514.0432119,
    "count": 5
  },
  "external memory": {
    "min": 28025330,
    "max": 28034538,
    "mean": 28030259.2,
    "median": 28030476,
    "variance": 8549229.76,
    "stdDev": 2923.906592215285,
    "confidence": 7259.855050615966,
    "low": 28026629.27247469,
    "high": 28033889.127525307,
    "count": 5
  },
  "array buffers memory": {
    "min": 16623,
    "max": 26168938,
    "mean": 15705953.6,
    "median": 26163792,
    "variance": 164103399981573.03,
    "stdDev": 12810284.929757535,
    "confidence": 31609473.22589664,
    "low": 0,
    "high": 31609473.22589664,
    "count": 5
  },
  "Compilation.finish modules": {
    "min": 24,
    "max": 27,
    "mean": 25.8,
    "median": 26,
    "variance": 0.96,
    "stdDev": 0.9797958971132712,
    "confidence": 2.4327645114149448,
    "low": 24.58361774429253,
    "high": 27.016382255707473,
    "count": 5
  },
  "Compilation.optimize dependencies": {
    "min": 23,
    "max": 25,
    "mean": 23.6,
    "median": 23,
    "variance": 0.64,
    "stdDev": 0.8,
    "confidence": 1.986343905772614,
    "low": 22.606828047113694,
    "high": 24.59317195288631,
    "count": 5
  },
  "Compilation.rebuild chunk graph": {
    "min": 14,
    "max": 16,
    "mean": 15.2,
    "median": 15,
    "variance": 0.56,
    "stdDev": 0.7483314773547883,
    "confidence": 1.858054586926876,
    "low": 14.270972706536561,
    "high": 16.129027293463437,
    "count": 5
  },
  "Compilation.create chunks": {
    "min": 22,
    "max": 24,
    "mean": 23,
    "median": 23,
    "variance": 0.8,
    "stdDev": 0.8944271909999159,
    "confidence": 2.220799999999997,
    "low": 21.8896,
    "high": 24.1104,
    "count": 5
  },
  "Compilation.optimize": {
    "min": 54,
    "max": 56,
    "mean": 54.4,
    "median": 54,
    "variance": 0.64,
    "stdDev": 0.8,
    "confidence": 1.986343905772614,
    "low": 53.40682804711369,
    "high": 55.393171952886306,
    "count": 5
  },
  "Compilation.module ids": {
    "min": 1,
    "max": 1,
    "mean": 1,
    "median": 1,
    "variance": 0,
    "stdDev": 0,
    "confidence": 0,
    "low": 1,
    "high": 1,
    "count": 5
  },
  "Compilation.chunk ids": {
    "min": 0,
    "max": 0,
    "mean": 0,
    "median": 0,
    "variance": 0,
    "stdDev": 0,
    "confidence": 0,
    "low": 0,
    "high": 0,
    "count": 5
  },
  "Compilation.optimize code generation": {
    "min": 8,
    "max": 8,
    "mean": 8,
    "median": 8,
    "variance": 0,
    "stdDev": 0,
    "confidence": 0,
    "low": 8,
    "high": 8,
    "count": 5
  },
  "Compilation.module code generation cache": {
    "min": 0,
    "max": 0,
    "mean": 0,
    "median": 0,
    "variance": 0,
    "stdDev": 0,
    "confidence": 0,
    "low": 0,
    "high": 0,
    "count": 5
  },
  "Compilation.code generation": {
    "min": 165,
    "max": 168,
    "mean": 165.6,
    "median": 165,
    "variance": 1.44,
    "stdDev": 1.2,
    "confidence": 2.9795158586589423,
    "low": 164.11024207067052,
    "high": 167.08975792932947,
    "count": 5
  },
  "Compilation.runtime requirements.modules": {
    "min": 1,
    "max": 2,
    "mean": 1.2,
    "median": 1,
    "variance": 0.16,
    "stdDev": 0.4,
    "confidence": 0.9931719528863066,
    "low": 0.7034140235568467,
    "high": 1.6965859764431532,
    "count": 5
  },
  "Compilation.runtime requirements.chunks": {
    "min": 0,
    "max": 0,
    "mean": 0,
    "median": 0,
    "variance": 0,
    "stdDev": 0,
    "confidence": 0,
    "low": 0,
    "high": 0,
    "count": 5
  },
  "Compilation.runtime requirements.entries": {
    "min": 0,
    "max": 0,
    "mean": 0,
    "median": 0,
    "variance": 0,
    "stdDev": 0,
    "confidence": 0,
    "low": 0,
    "high": 0,
    "count": 5
  },
  "Compilation.runtime requirements": {
    "min": 1,
    "max": 3,
    "mean": 2,
    "median": 2,
    "variance": 0.4,
    "stdDev": 0.6324555320336759,
    "confidence": 1.5703427396590843,
    "low": 1.2148286301704578,
    "high": 2.785171369829542,
    "count": 5
  },
  "Compilation.hashing: hash chunks": {
    "min": 0,
    "max": 0,
    "mean": 0,
    "median": 0,
    "variance": 0,
    "stdDev": 0,
    "confidence": 0,
    "low": 0,
    "high": 0,
    "count": 5
  },
  "Compilation.hashing: hash runtime chunks": {
    "min": 0,
    "max": 0,
    "mean": 0,
    "median": 0,
    "variance": 0,
    "stdDev": 0,
    "confidence": 0,
    "low": 0,
    "high": 0,
    "count": 5
  },
  "Compilation.hashing: process full hash chunks": {
    "min": 0,
    "max": 0,
    "mean": 0,
    "median": 0,
    "variance": 0,
    "stdDev": 0,
    "confidence": 0,
    "low": 0,
    "high": 0,
    "count": 5
  },
  "Compilation.hashing": {
    "min": 0,
    "max": 0,
    "mean": 0,
    "median": 0,
    "variance": 0,
    "stdDev": 0,
    "confidence": 0,
    "low": 0,
    "high": 0,
    "count": 5
  },
  "Compilation.create module assets": {
    "min": 0,
    "max": 0,
    "mean": 0,
    "median": 0,
    "variance": 0,
    "stdDev": 0,
    "confidence": 0,
    "low": 0,
    "high": 0,
    "count": 5
  },
  "Compilation.create chunk assets": {
    "min": 0,
    "max": 1,
    "mean": 0.2,
    "median": 0,
    "variance": 0.16000000000000003,
    "stdDev": 0.4,
    "confidence": 0.6965859764431532,
    "low": 0,
    "high": 0.6965859764431532,
    "count": 5
  },
  "Compilation.process assets": {
    "min": 3243,
    "max": 3274,
    "mean": 3256.2,
    "median": 3253,
    "variance": 136.56,
    "stdDev": 11.685888926393234,
    "confidence": 29.01524281559614,
    "low": 3241.6923785922017,
    "high": 3270.707621407798,
    "count": 5
  },
  "Compilation.after process assets": {
    "min": 0,
    "max": 0,
    "mean": 0,
    "median": 0,
    "variance": 0,
    "stdDev": 0,
    "confidence": 0,
    "low": 0,
    "high": 0,
    "count": 5
  },
  "Compilation.after seal": {
    "min": 0,
    "max": 0,
    "mean": 0,
    "median": 0,
    "variance": 0,
    "stdDev": 0,
    "confidence": 0,
    "low": 0,
    "high": 0,
    "count": 5
  },
  "Compiler.make hook": {
    "min": 54,
    "max": 58,
    "mean": 55.8,
    "median": 56,
    "variance": 1.7599999999999998,
    "stdDev": 1.3266499161421599,
    "confidence": 3.293978720028406,
    "low": 54.153010639985794,
    "high": 57.4469893600142,
    "count": 5
  },
  "Compiler.make": {
    "min": 55,
    "max": 59,
    "mean": 57.2,
    "median": 57,
    "variance": 1.7599999999999998,
    "stdDev": 1.3266499161421599,
    "confidence": 3.293978720028406,
    "low": 55.5530106399858,
    "high": 58.846989360014206,
    "count": 5
  },
  "Compiler.finish make hook": {
    "min": 0,
    "max": 0,
    "mean": 0,
    "median": 0,
    "variance": 0,
    "stdDev": 0,
    "confidence": 0,
    "low": 0,
    "high": 0,
    "count": 5
  },
  "Compiler.finish compilation": {
    "min": 30,
    "max": 33,
    "mean": 31.8,
    "median": 32,
    "variance": 0.96,
    "stdDev": 0.9797958971132712,
    "confidence": 2.4327645114149483,
    "low": 30.58361774429253,
    "high": 33.01638225570748,
    "count": 5
  },
  "Compiler.seal compilation": {
    "min": 3540,
    "max": 3567,
    "mean": 3552.4,
    "median": 3550,
    "variance": 97.04,