{
  "stats": {
    "min": 1027,
    "max": 1069,
    "mean": 1045.6,
    "median": 1047,
    "variance": 195.04000000000002,
    "stdDev": 13.965672200076874,
    "confidence": 34.675784830800694,
    "low": 1028.2621075845996,
    "high": 1062.9378924154003,
    "count": 5
  },
  "heap memory": {
    "min": 15867160,
    "max": 15930424,
    "mean": 15894320,
    "median": 15879992,
    "variance": 798028032,
    "stdDev": 28249.389940315526,
    "confidence": 70141.25443717465,
    "low": 15859249.372781413,
    "high": 15929390.627218587,
    "count": 5
  },
  "rss memory": {
    "min": 589459456,
    "max": 620527616,
    "mean": 604126412.8,
    "median": 600858624,
    "variance": 128705193847029.75,
    "stdDev": 11344831.151102679,
    "confidence": 28168420.273765087,
    "low": 590042202.6631174,
    "high": 618210622.9368825,
    "count": 5
  },
  "external memory": {
    "min": 21774719,
    "max": 21774719,
    "mean": 21774719,
    "median": 21774719,
    "variance": 0,
    "stdDev": 0,
    "confidence": 0,
    "low": 21774719,
    "high": 21774719,
    "count": 5
  },
  "array buffers memory": {
    "min": 10515,
    "max": 10515,
    "mean": 10515,
    "median": 10515,
    "variance": 0,
    "stdDev": 0,
    "confidence": 0,
    "low": 10515,
    "high": 10515,
    "count": 5
  },
  "Compilation.build module graph": {
    "min": 682,
    "max": 690,
    "mean": 686.4,
    "median": 688,
    "variance": 10.64,
    "stdDev": 3.2619012860600183,
    "confidence": 8.099072175996525,
    "low": 682.3504639120017,
    "high": 690.4495360879982,
    "count": 5
  },
  "Compilation.finish modules": {
    "min": 24,
    "max": 27,
    "mean": 24.8,
    "median": 24,
    "variance": 1.36,
    "stdDev": 1.1661903789690602,
    "confidence": 2.895568940294808,
    "low": 23.352215529852597,
    "high": 26.247784470147405,
    "count": 5
  },
  "Compilation.seal": {
    "min": 0,
    "max": 0,
    "mean": 0,
    "median": 0,
    "variance": 0,
    "stdDev": 0,
    "confidence": 0,
    "low": 0,
    "high": 0,
    "count": 5
  },
  "Compilation.optimize dependencies": {
    "min": 2,
    "max": 2,
    "mean": 2,
    "median": 2,
    "variance": 0,
    "stdDev": 0,
    "confidence": 0,
    "low": 2,
    "high": 2,
    "count": 5
  },
  "Compilation.rebuild chunk graph": {
    "min": 44,
    "max": 48,
    "mean": 46.4,
    "median": 47,
    "variance": 1.8400000000000003,
    "stdDev": 1.3564659966250538,
    "confidence": 3.368009957229944,
    "low": 44.71599502138503,
    "high": 48.08400497861497,
    "count": 5
  },
  "Compilation.build chunk graph": {
    "min": 47,
    "max": 51,
    "mean": 49.4,
    "median": 50,
    "variance": 1.8400000000000003,
    "stdDev": 1.3564659966250538,
    "confidence": 3.368009957229944,
    "low": 47.71599502138503,
    "high": 51.08400497861497,
    "count": 5
  },
  "Compilation.optimize modules": {
    "min": 0,
    "max": 0,
    "mean": 0,
    "median": 0,
    "variance": 0,
    "stdDev": 0,
    "confidence": 0,
    "low": 0,
    "high": 0,
    "count": 5
  },
  "Compilation.optimize chunks": {
    "min": 18,
    "max": 20,
    "mean": 19,
    "median": 19,
    "variance": 0.4,
    "stdDev": 0.6324555320336759,
    "confidence": 1.5703427396590826,
    "low": 18.21482863017046,
    "high": 19.78517136982954,
    "count": 5
  },
  "Compilation.optimize tree": {
    "min": 0,
    "max": 0,
    "mean": 0,
    "median": 0,
    "variance": 0,
    "stdDev": 0,
    "confidence": 0,
    "low": 0,
    "high": 0,
    "count": 5
  },
  "Compilation.optimize chunk modules": {
    "min": 0,
    "max": 0,
    "mean": 0,
    "median": 0,
    "variance": 0,
    "stdDev": 0,
    "confidence": 0,
    "low": 0,
    "high": 0,
    "count": 5
  },
  "Compilation.module ids": {
    "min": 6,
    "max": 6,
    "mean": 6,
    "median": 6,
    "variance": 0,
    "stdDev": 0,
    "confidence": 0,
    "low": 6,
    "high": 6,
    "count": 5
  },
  "Compilation.chunk ids": {
    "min": 5,
    "max": 6,
    "mean": 5.8,
    "median": 6,
    "variance": 0.15999999999999998,
    "stdDev": 0.39999999999999997,
    "confidence": 0.993171952886307,
    "low": 5.303414023556846,
    "high": 6.296585976443153,
    "count": 5
  },
  "Compilation.assign runtime ids": {
    "min": 0,
    "max": 0,
    "mean": 0,
    "median": 0,
    "variance": 0,
    "stdDev": 0,
    "confidence": 0,
    "low": 0,
    "high": 0,
    "count": 5
  },
  "Compilation.optimize code generation": {
    "min": 0,
    "max": 0,
    "mean": 0,
    "median": 0,
    "variance": 0,
    "stdDev": 0,
    "confidence": 0,
    "low": 0,
    "high": 0,
    "count": 5
  },
  "Compilation.create module hashes": {
    "min": 15,
    "max": 16,
    "mean": 15.8,
    "median": 16,
    "variance": 0.15999999999999998,
    "stdDev": 0.39999999999999997,
    "confidence": 0.993171952886307,
    "low": 15.303414023556847,
    "high": 16.296585976443154,
    "count": 5
  },
  "Compilation.module code generation cache": {
    "min": 0,
    "max": 0,
    "mean": 0,
    "median": 0,
    "variance": 0,
    "stdDev": 0,
    "confidence": 0,
    "low": 0,
    "high": 0,
    "count": 5
  },
  "Compilation.code generation": {
    "min": 68,
    "max": 73,
    "mean": 71.8,
    "median": 73,
    "variance": 3.7600000000000002,
    "stdDev": 1.9390719429665317,
    "confidence": 4.814579670957784,
    "low": 69.3927101645211,
    "high": 74.20728983547889,
    "count": 5
  },
  "Compilation.runtime requirements.modules": {
    "min": 6,
    "max": 10,
    "mean": 8.8,
    "median": 6,
    "variance": 2.1599999999999997,
    "stdDev": 1.4696938456699067,
    "confidence": 3.649146767122417,
    "low": 6.975426616438792,
    "high": 10.62457338356121,
    "count": 5
  },
  "Compilation.runtime requirements.chunks": {
    "min": 0,
    "max": 0,
    "mean": 0,
    "median": 0,
    "variance": 0,
    "stdDev": 0,
    "confidence": 0,
    "low": 0,
    "high": 0,
    "count": 5
  },
  "Compilation.runtime requirements.entries": {
    "min": 1,
    "max": 1,
    "mean": 1,
    "median": 1,
    "variance": 0,
    "stdDev": 0,
    "confidence": 0,
    "low": 1,
    "high": 1,
    "count": 5
  },
  "Compilation.runtime requirements": {
    "min": 8,
    "max": 12,
    "mean": 10.8,
    "median": 12,
    "variance": 2.16,
    "stdDev": 1.469693845669907,
    "confidence": 3.649146767122417,
    "low": 8.975426616438792,
    "high": 12.62457338356121,
    "count": 5
  },
  "Compilation.hashing: hash chunks": {
    "min": 1,
    "max": 1,
    "mean": 1,
    "median": 1,
    "variance": 0,
    "stdDev": 0,
    "confidence": 0,
    "low": 1,
    "high": 1,
    "count": 5
  },
  "Compilation.hashing: hash runtime chunks": {
    "min": 1,
    "max": 2,
    "mean": 1.8,
    "median": 2,
    "variance": 0.16000000000000006,
    "stdDev": 0.4000000000000001,
    "confidence": 0.9931719528863066,
    "low": 1.3034140235568468,
    "high": 2.2965859764431533,
    "count": 5
  },
  "Compilation.hashing: process full hash chunks": {
    "min": 0,
    "max": 0,
    "mean": 0,
    "median": 0,
    "variance": 0,
    "stdDev": 0,
    "confidence": 0,
    "low": 0,
    "high": 0,
    "count": 5
  },
  "Compilation.hashing": {
    "min": 5,
    "max": 6,
    "mean": 5.8,
    "median": 6,
    "variance": 0.15999999999999998,
    "stdDev": 0.39999999999999997,
    "confidence": 0.993171952886307,
    "low": 5.303414023556846,
    "high": 6.296585976443153,
    "count": 5
  },
  "Compilation.create module assets": {
    "min": 0,
    "max": 0,
    "mean": 0,
    "median": 0,
    "variance": 0,
    "stdDev": 0,
    "confidence": 0,
    "low": 0,
    "high": 0,
    "count": 5
  },
  "Compilation.create chunk assets": {
    "min": 19,
    "max": 21,
    "mean": 20,
    "median": 20,
    "variance": 0.4,
    "stdDev": 0.6324555320336759,
    "confidence": 1.5703427396590826,
    "low": 19.21482863017046,
    "high": 20.78517136982954,
    "count": 5
  },
  "Compilation.process assets": {
    "min": 0,
    "max": 0,
    "mean": 0,