{
  "stats": {
    "min": 29351,
    "max": 30143,
    "mean": 29714,
    "median": 29714,
    "variance": 75022,
    "stdDev": 273.9014421283685,
    "confidence": 680.0780754425214,
    "low": 29373.96096227874,
    "high": 30054.03903772126,
    "count": 5
  },
  "heap memory": {
    "min": 20118512,
    "max": 20251336,
    "mean": 20157884.8,
    "median": 20129688,
    "variance": 2429018613.7599998,
    "stdDev": 49285.074959464146,
    "confidence": 122371.38536410034,
    "low": 20096699.10731795,
    "high": 20219070.49268205,
    "count": 5
  },
  "rss memory": {
    "min": 10084073472,
    "max": 10110607360,
    "mean": 10098470092.8,
    "median": 10099859456,
    "variance": 79961247616860.17,
    "stdDev": 8942105.323516391,
    "confidence": 22202620.51768112,
    "low": 10087368782.541159,
    "high": 10109571403.05884,
    "count": 5
  },
  "external memory": {
    "min": 911473539,
    "max": 911473539,
    "mean": 911473539,
    "median": 911473539,
    "variance": 0,
    "stdDev": 0,
    "confidence": 0,
    "low": 911473539,
    "high": 911473539,
    "count": 5
  },
  "array buffers memory": {
    "min": 16623,
    "max": 16623,
    "mean": 16623,
    "median": 16623,
    "variance": 0,
    "stdDev": 0,
    "confidence": 0,
    "low": 16623,
    "high": 16623,
    "count": 5
  },
  "Compilation.finish modules": {
    "min": 20,
    "max": 21,
    "mean": 20.6,
    "median": 21,
    "variance": 0.24,
    "stdDev": 0.4898979485566356,
    "confidence": 1.2163822557074724,
    "low": 19.991808872146265,
    "high": 21.208191127853738,
    "count": 5
  },
  "Compilation.optimize dependencies": {
    "min": 87,
    "max": 89,
    "mean": 88,
    "median": 88,
    "variance": 0.4,
    "stdDev": 0.6324555320336759,
    "confidence": 1.5703427396590826,
    "low": 87.21482863017046,
    "high": 88.78517136982954,
    "count": 5
  },
  "Compilation.rebuild chunk graph": {
    "min": 41,
    "max": 42,
    "mean": 41.8,
    "median": 42,
    "variance": 0.16,
    "stdDev": 0.4,
    "confidence": 0.9931719528862999,
    "low": 41.30341402355685,
    "high": 42.29658597644315,
    "count": 5
  },
  "Compilation.create chunks": {
    "min": 60,
    "max": 64,
    "mean": 62.4,
    "median": 63,
    "variance": 1.8400000000000003,
    "stdDev": 1.3564659966250538,
    "confidence": 3.368009957229944,
    "low": 60.71599502138503,
    "high": 64.08400497861497,
    "count": 5
  },
  "Compilation.optimize": {
    "min": 789,
    "max": 869,
    "mean": 810.4,
    "median": 790,
    "variance": 957.4400000000002,
    "stdDev": 30.94252736930195,
    "confidence": 76.8281258365189,
    "low": 771.9859370817405,
    "high": 848.8140629182594,
    "count": 5
  },
  "Compilation.module ids": {
    "min": 4,
    "max": 5,
    "mean": 4.2,
    "median": 4,
    "variance": 0.15999999999999998,
    "stdDev": 0.39999999999999997,
    "confidence": 0.9931719528863066,
    "low": 3.703414023556847,
    "high": 4.696585976443154,
    "count": 5
  },
  "Compilation.chunk ids": {
    "min": 3,
    "max": 3,
    "mean": 3,
    "median": 3,
    "variance": 0,
    "stdDev": 0,
    "confidence": 0,
    "low": 3,
    "high": 3,
    "count": 5
  },
  "Compilation.optimize code generation": {
    "min": 9,
    "max": 9,
    "mean": 9,
    "median": 9,
    "variance": 0,
    "stdDev": 0,
    "confidence": 0,
    "low": 9,
    "high": 9,
    "count": 5
  },
  "Compilation.code generation": {
    "min": 453,
    "max": 466,
    "mean": 459.2,
    "median": 458,
    "variance": 25.359999999999996,
    "stdDev": 5.035871324805668,
    "confidence": 12.503715395353538,
    "low": 452.9481423023232,
    "high": 465.45185769767676,
    "count": 5
  },
  "Compilation.runtime requirements.modules": {
    "min": 2,
    "max": 3,
    "mean": 2.4,
    "median": 2,
    "variance": 0.24,
    "stdDev": 0.4898979485566356,
    "confidence": 1.216382255707473,
    "low": 1.7918088721462635,
    "high": 3.0081911278537365,
    "count": 5
  },
  "Compilation.runtime requirements.chunks": {
    "min": 0,
    "max": 0,
    "mean": 0,
    "median": 0,
    "variance": 0,
    "stdDev": 0,
    "confidence": 0,
    "low": 0,
    "high": 0,
    "count": 5
  },
  "Compilation.runtime requirements.entries": {
    "min": 0,
    "max": 0,
    "mean": 0,
    "median": 0,
    "variance": 0,
    "stdDev": 0,
    "confidence": 0,
    "low": 0,
    "high": 0,
    "count": 5
  },
  "Compilation.runtime requirements": {
    "min": 4,
    "max": 4,
    "mean": 4,
    "median": 4,
    "variance": 0,
    "stdDev": 0,
    "confidence": 0,
    "low": 4,
    "high": 4,
    "count": 5
  },
  "Compilation.hashing: hash chunks": {
    "min": 0,
    "max": 0,
    "mean": 0,
    "median": 0,
    "variance": 0,
    "stdDev": 0,
    "confidence": 0,
    "low": 0,
    "high": 0,
    "count": 5
  },
  "Compilation.hashing: hash runtime chunks": {
    "min": 0,
    "max": 0,
    "mean": 0,
    "median": 0,
    "variance": 0,
    "stdDev": 0,
    "confidence": 0,
    "low": 0,
    "high": 0,
    "count": 5
  },
  "Compilation.hashing: process full hash chunks": {
    "min": 0,
    "max": 0,
    "mean": 0,
    "median": 0,
    "variance": 0,
    "stdDev": 0,
    "confidence": 0,
    "low": 0,
    "high": 0,
    "count": 5
  },
  "Compilation.hashing": {
    "min": 0,
    "max": 0,
    "mean": 0,
    "median": 0,
    "variance": 0,
    "stdDev": 0,
    "confidence": 0,
    "low": 0,
    "high": 0,
    "count": 5
  },
  "Compilation.create module assets": {
    "min": 0,
    "max": 1,
    "mean": 0.8,
    "median": 1,
    "variance": 0.16000000000000006,
    "stdDev": 0.4000000000000001,
    "confidence": 0.9931719528863066,
    "low": 0.30341402355684677,
    "high": 1.2965859764431533,
    "count": 5
  },
  "Compilation.create chunk assets": {
    "min": 1,
    "max": 2,
    "mean": 1.6,
    "median": 2,
    "variance": 0.24,
    "stdDev": 0.4898979485566356,
    "confidence": 1.216382255707473,
    "low": 0.9918088721462637,
    "high": 2.2081911278537367,
    "count": 5
  },
  "Compilation.process assets": {
    "min": 7405,
    "max": 7700,
    "mean": 7521.4,
    "median": 7515,
    "variance": 12197.84,
    "stdDev": 110.44383187847114,
    "confidence": 274.2242904774703,
    "low": 7384.2878547612645,
    "high": 7658.512145238735,
    "count": 5
  },
  "Compilation.after process assets": {
    "min": 0,
    "max": 0,
    "mean": 0,
    "median": 0,
    "variance": 0,
    "stdDev": 0,
    "confidence": 0,
    "low": 0,
    "high": 0,
    "count": 5
  },
  "Compilation.after seal": {
    "min": 0,
    "max": 0,
    "mean": 0,
    "median": 0,
    "variance": 0,
    "stdDev": 0,
    "confidence": 0,
    "low": 0,
    "high": 0,
    "count": 5
  },
  "Compiler.make hook": {
    "min": 0,
    "max": 0,
    "mean": 0,
    "median": 0,
    "variance": 0,
    "stdDev": 0,
    "confidence": 0,
    "low": 0,
    "high": 0,
    "count": 5
  },
  "Compiler.make": {
    "min": 19806,
    "max": 20622,
    "mean": 20053.6,
    "median": 19899,
    "variance": 87275.43999999999,
    "stdDev": 295.4241696273343,
    "confidence": 733.5174986964848,
    "low": 19686.841250651756,
    "high": 20420.35874934824,
    "count": 5
  },
  "Compiler.finish make hook": {
    "min": 0,
    "max": 0,
    "mean": 0,
    "median": 0,
    "variance": 0,
    "stdDev": 0,
    "confidence": 0,
    "low": 0,
    "high": 0,
    "count": 5
  },
  "Compiler.finish compilation": {
    "min": 27,
    "max": 28,
    "mean": 27.6,
    "median": 28,
    "variance": 0.24,
    "stdDev": 0.4898979485566356,
    "confidence": 1.2163822557074724,
    "low": 26.991808872146265,
    "high": 28.208191127853738,
    "count": 5
  },
  "Compiler.seal compilation": {
    "min": 8897,
    "max": 9175,
    "mean": 9011,
    "median": 8974,
    "variance": 9371.6,
    "stdDev": 96.80702453851167,
    "confidence": 240.36505403506453,
    "low": 8890.817472982468,
    "high": 9131.182527017532,
    "count": 5
  },
  "Compiler.emitAssets": {
    "min": 517,