{
  "stats": {
    "min": 2335,
    "max": 2399,
    "mean": 2361.8,
    "median": 2345,
    "variance": 692.5600000000001,
    "stdDev": 26.31653472628948,
    "confidence": 65.34211046827295,
    "low": 2329.1289447658637,
    "high": 2394.4710552341367,
    "count": 5
  },
  "heap memory": {
    "min": 64269992,
    "max": 106995888,
    "mean": 73414940.8,
    "median": 65234808,
    "variance": 282070460805109.8,
    "stdDev": 16794953.43265678,
    "confidence": 41700691.74836578,
    "low": 52564594.92581711,
    "high": 94265286.67418289,
    "count": 5
  },
  "rss memory": {
    "min": 715137024,
    "max": 732049408,
    "mean": 722260787.2,
    "median": 718155776,
    "variance": 43920150348431.36,
    "stdDev": 6627227.953558815,
    "confidence": 16454942.322146893,
    "low": 714033316.0389266,
    "high": 730488258.3610735,
    "count": 5
  },
  "external memory": {
    "min": 8517112,
    "max": 10016262,
    "mean": 8868957,
    "median": 8601073,
    "variance": 330213455365.2,
    "stdDev": 574642.0236679527,
    "confidence": 1426795.8521420993,
    "low": 8155559.07392895,
    "high": 9582354.92607105,
    "count": 5
  },
  "array buffers memory": {
    "min": 497437,
    "max": 1289469,
    "mean": 707858.4,
    "median": 581398,
    "variance": 85703987117.04001,
    "stdDev": 292752.4331530654,
    "confidence": 726883.7643671196,
    "low": 344416.51781644026,
    "high": 1071300.2821835598,
    "count": 5
  },
  "Compilation.build module graph": {
    "min": 1090,
    "max": 1140,
    "mean": 1121.6,
    "median": 1125,
    "variance": 352.24,
    "stdDev": 18.76805797092496,
    "confidence": 46.59977196716727,
    "low": 1098.3001140164163,
    "high": 1144.8998859835835,
    "count": 5
  },
  "Compilation.finish modules": {
    "min": 6,
    "max": 11,
    "mean": 8.6,
    "median": 6,
    "variance": 3.44,
    "stdDev": 1.8547236990991407,
    "confidence": 4.605148895747019,
    "low": 6.29742555212649,
    "high": 10.902574447873508,
    "count": 5
  },
  "Compilation.seal": {
    "min": 0,
    "max": 3,
    "mean": 1.4,
    "median": 2,
    "variance": 1.44,
    "stdDev": 1.2,
    "confidence": 2.8897579293294595,
    "low": 0,
    "high": 2.8897579293294595,
    "count": 5
  },
  "Compilation.optimize dependencies": {
    "min": 10,
    "max": 12,
    "mean": 11.4,
    "median": 12,
    "variance": 0.6399999999999999,
    "stdDev": 0.7999999999999999,
    "confidence": 1.986343905772614,
    "low": 10.406828047113693,
    "high": 12.393171952886307,
    "count": 5
  },
  "Compilation.rebuild chunk graph": {
    "min": 9,
    "max": 10,
    "mean": 9.6,
    "median": 10,
    "variance": 0.24000000000000005,
    "stdDev": 0.48989794855663565,
    "confidence": 1.2163822557074724,
    "low": 8.991808872146263,
    "high": 10.208191127853736,
    "count": 5
  },
  "Compilation.build chunk graph": {
    "min": 9,
    "max": 10,
    "mean": 9.6,
    "median": 10,
    "variance": 0.24000000000000005,
    "stdDev": 0.48989794855663565,
    "confidence": 1.2163822557074724,
    "low": 8.991808872146263,
    "high": 10.208191127853736,
    "count": 5
  },
  "Compilation.optimize modules": {
    "min": 0,
    "max": 0,
    "mean": 0,
    "median": 0,
    "variance": 0,
    "stdDev": 0,
    "confidence": 0,
    "low": 0,
    "high": 0,
    "count": 5
  },
  "Compilation.optimize chunks": {
    "min": 6,
    "max": 6,
    "mean": 6,
    "median": 6,
    "variance": 0,
    "stdDev": 0,
    "confidence": 0,
    "low": 6,
    "high": 6,
    "count": 5
  },
  "Compilation.optimize tree": {
    "min": 0,
    "max": 0,
    "mean": 0,
    "median": 0,
    "variance": 0,
    "stdDev": 0,
    "confidence": 0,
    "low": 0,
    "high": 0,
    "count": 5
  },
  "Compilation.optimize chunk modules": {
    "min": 15,
    "max": 16,
    "mean": 15.2,
    "median": 15,
    "variance": 0.16,
    "stdDev": 0.4,
    "confidence": 0.993171952886307,
    "low": 14.703414023556846,
    "high": 15.696585976443153,
    "count": 5
  },
  "Compilation.module ids": {
    "min": 1,
    "max": 1,
    "mean": 1,
    "median": 1,
    "variance": 0,
    "stdDev": 0,
    "confidence": 0,
    "low": 1,
    "high": 1,
    "count": 5
  },
  "Compilation.chunk ids": {
    "min": 2,
    "max": 2,
    "mean": 2,
    "median": 2,
    "variance": 0,
    "stdDev": 0,
    "confidence": 0,
    "low": 2,
    "high": 2,
    "count": 5
  },
  "Compilation.assign runtime ids": {
    "min": 0,
    "max": 0,
    "mean": 0,
    "median": 0,
    "variance": 0,
    "stdDev": 0,
    "confidence": 0,
    "low": 0,
    "high": 0,
    "count": 5
  },
  "Compilation.optimize code generation": {
    "min": 0,
    "max": 0,
    "mean": 0,
    "median": 0,
    "variance": 0,
    "stdDev": 0,
    "confidence": 0,
    "low": 0,
    "high": 0,
    "count": 5
  },
  "Compilation.create module hashes": {
    "min": 7,
    "max": 8,
    "mean": 7.2,
    "median": 7,
    "variance": 0.15999999999999998,
    "stdDev": 0.39999999999999997,
    "confidence": 0.993171952886307,
    "low": 6.703414023556847,
    "high": 7.696585976443154,
    "count": 5
  },
  "Compilation.code generation": {
    "min": 38,
    "max": 44,
    "mean": 40.4,
    "median": 39,
    "variance": 5.04,
    "stdDev": 2.244994432064365,
    "confidence": 5.574163760780621,
    "low": 37.61291811960969,
    "high": 43.18708188039031,
    "count": 5
  },
  "Compilation.runtime requirements.modules": {
    "min": 0,
    "max": 0,
    "mean": 0,
    "median": 0,
    "variance": 0,
    "stdDev": 0,
    "confidence": 0,
    "low": 0,
    "high": 0,
    "count": 5
  },
  "Compilation.runtime requirements.chunks": {
    "min": 0,
    "max": 0,
    "mean": 0,
    "median": 0,
    "variance": 0,
    "stdDev": 0,
    "confidence": 0,
    "low": 0,
    "high": 0,
    "count": 5
  },
  "Compilation.runtime requirements.entries": {
    "min": 0,
    "max": 0,
    "mean": 0,
    "median": 0,
    "variance": 0,
    "stdDev": 0,
    "confidence": 0,
    "low": 0,
    "high": 0,
    "count": 5
  },
  "Compilation.runtime requirements": {
    "min": 1,
    "max": 1,
    "mean": 1,
    "median": 1,
    "variance": 0,
    "stdDev": 0,
    "confidence": 0,
    "low": 1,
    "high": 1,
    "count": 5
  },
  "Compilation.hashing: hash chunks": {
    "min": 0,
    "max": 0,
    "mean": 0,
    "median": 0,
    "variance": 0,
    "stdDev": 0,
    "confidence": 0,
    "low": 0,
    "high": 0,
    "count": 5
  },
  "Compilation.hashing: hash runtime chunks": {
    "min": 0,
    "max": 0,
    "mean": 0,
    "median": 0,
    "variance": 0,
    "stdDev": 0,
    "confidence": 0,
    "low": 0,
    "high": 0,
    "count": 5
  },
  "Compilation.hashing: process full hash chunks": {
    "min": 0,
    "max": 0,
    "mean": 0,
    "median": 0,
    "variance": 0,
    "stdDev": 0,
    "confidence": 0,
    "low": 0,
    "high": 0,
    "count": 5
  },
  "Compilation.hashing": {
    "min": 1,
    "max": 1,
    "mean": 1,
    "median": 1,
    "variance": 0,
    "stdDev": 0,
    "confidence": 0,
    "low": 1,
    "high": 1,
    "count": 5
  },
  "Compilation.create module assets": {
    "min": 0,
    "max": 0,
    "mean": 0,
    "median": 0,
    "variance": 0,
    "stdDev": 0,
    "confidence": 0,
    "low": 0,
    "high": 0,
    "count": 5
  },
  "Compilation.create chunk assets": {
    "min": 1,
    "max": 2,
    "mean": 1.6,
    "median": 2,
    "variance": 0.24,
    "stdDev": 0.4898979485566356,
    "confidence": 1.216382255707473,
    "low": 0.9918088721462637,
    "high": 2.2081911278537367,
    "count": 5
  },
  "Compilation.process assets": {
    "min": 1053,
    "max": 1146,
    "mean": 1091.2,
    "median": 1082,
    "variance": 1051.7599999999998,
    "stdDev": 32.43084951092092,
    "confidence": 80.52352535630826,
    "low": 1050.938237321846,
    "high": 1131.4617626781542,
    "count": 5
  },
  "Compilation.after process assets": {
    "min": 0,
    "max": 0,
    "mean": 0,
    "median": 0,
    "variance": 0,
    "stdDev": 0,
    "confidence": 0,