{
  "stats": {
    "min": 43.27272727272727,
    "max": 45,
    "mean": 44.218181818181826,
    "median": 44.27272727272727,
    "variance": 0.3160330578512392,
    "stdDev": 0.5621681757723743,
    "confidence": 1.395824162455952,
    "low": 43.52026973695385,
    "high": 44.9160938994098,
    "count": 5
  },
  "heap memory": {
    "min": 98515895.27272727,
    "max": 100888928.72727273,
    "mean": 100151222.4,
    "median": 100539397.0909091,
    "variance": 704945255797.7242,
    "stdDev": 839610.1808564045,
    "confidence": 2084693.20746094,
    "low": 99108875.79626954,
    "high": 101193569.00373048,
    "count": 5
  },
  "rss memory": {
    "min": 510148980.3636364,
    "max": 522183028.3636364,
    "mean": 518667990.1090909,
    "median": 519969326.54545456,
    "variance": 19519670386233.004,
    "stdDev": 4418107.104432056,
    "confidence": 10969850.152424097,
    "low": 513183065.0328789,
    "high": 524152915.185303,
    "count": 5
  },
  "external memory": {
    "min": 6402035.090909091,
    "max": 6443852.363636363,
    "mean": 6413584.072727272,
    "median": 6409770.7272727275,
    "variance": 241747665.42280632,
    "stdDev": 15548.236730343615,
    "confidence": 38605.18159353547,
    "low": 6394281.481930505,
    "high": 6432886.66352404,
    "count": 5
  },
  "array buffers memory": {
    "min": 2271697.4545454546,
    "max": 2292806.8181818184,
    "mean": 2285217.272727273,
    "median": 2284614.8181818184,
    "variance": 58404681.28264495,
    "stdDev": 7642.295550595053,
    "confidence": 18975.283991296776,
    "low": 2275729.6307316246,
    "high": 2294704.9147229213,
    "count": 5
  },
  "Compilation.finish modules": {
    "min": 2,
    "max": 2,
    "mean": 2,
    "median": 2,
    "variance": 0,
    "stdDev": 0,
    "confidence": 0,
    "low": 2,
    "high": 2,
    "count": 5
  },
  "Compilation.optimize dependencies": {
    "min": 1.4545454545454546,
    "max": 1.8181818181818181,
    "mean": 1.6363636363636362,
    "median": 1.6363636363636365,
    "variance": 0.016528925619834704,
    "stdDev": 0.12856486930664499,
    "confidence": 0.3192175558046335,
    "low": 1.4767548584613195,
    "high": 1.795972414265953,
    "count": 5
  },
  "Compilation.rebuild chunk graph": {
    "min": 9.363636363636363,
    "max": 10.363636363636363,
    "mean": 9.927272727272726,
    "median": 9.363636363636363,
    "variance": 0.10710743801652903,
    "stdDev": 0.32727272727272744,
    "confidence": 0.8125952341797067,
    "low": 9.520975110182873,
    "high": 10.33357034436258,
    "count": 5
  },
  "Compilation.create chunks": {
    "min": 17.181818181818183,
    "max": 17.90909090909091,
    "mean": 17.545454545454547,
    "median": 17.636363636363637,
    "variance": 0.06280991735537185,
    "stdDev": 0.2506190682198221,
    "confidence": 0.6222695735360659,
    "low": 17.234319758686514,
    "high": 17.85658933222258,
    "count": 5
  },
  "Compilation.optimize": {
    "min": 0,
    "max": 0,
    "mean": 0,
    "median": 0,
    "variance": 0,
    "stdDev": 0,
    "confidence": 0,
    "low": 0,
    "high": 0,
    "count": 5
  },
  "Compilation.module ids": {
    "min": 0,
    "max": 0,
    "mean": 0,
    "median": 0,
    "variance": 0,
    "stdDev": 0,
    "confidence": 0,
    "low": 0,
    "high": 0,
    "count": 5
  },
  "Compilation.chunk ids": {
    "min": 1,
    "max": 1.1818181818181819,
    "mean": 1.0727272727272728,
    "median": 1.0909090909090908,
    "variance": 0.004628099173553721,
    "stdDev": 0.06803013430498077,
    "confidence": 0.1689140533569886,
    "low": 0.9882702460487784,
    "high": 1.157184299405767,
    "count": 5
  },
  "Compilation.optimize code generation": {
    "min": 0,
    "max": 0,
    "mean": 0,
    "median": 0,
    "variance": 0,
    "stdDev": 0,
    "confidence": 0,
    "low": 0,
    "high": 0,
    "count": 5
  },
  "Compilation.module code generation cache": {
    "min": 0,
    "max": 0,
    "mean": 0,
    "median": 0,
    "variance": 0,
    "stdDev": 0,
    "confidence": 0,
    "low": 0,
    "high": 0,
    "count": 5
  },
  "Compilation.code generation": {
    "min": 0,
    "max": 0,
    "mean": 0,
    "median": 0,
    "variance": 0,
    "stdDev": 0,
    "confidence": 0,
    "low": 0,
    "high": 0,
    "count": 5
  },
  "Compilation.runtime requirements.modules": {
    "min": 0,
    "max": 0,
    "mean": 0,
    "median": 0,
    "variance": 0,
    "stdDev": 0,
    "confidence": 0,
    "low": 0,
    "high": 0,
    "count": 5
  },
  "Compilation.runtime requirements.chunks": {
    "min": 0,
    "max": 0,
    "mean": 0,
    "median": 0,
    "variance": 0,
    "stdDev": 0,
    "confidence": 0,
    "low": 0,
    "high": 0,
    "count": 5
  },
  "Compilation.runtime requirements.entries": {
    "min": 0,
    "max": 0,
    "mean": 0,
    "median": 0,
    "variance": 0,
    "stdDev": 0,
    "confidence": 0,
    "low": 0,
    "high": 0,
    "count": 5
  },
  "Compilation.runtime requirements": {
    "min": 0.36363636363636365,
    "max": 0.5454545454545454,
    "mean": 0.47272727272727266,
    "median": 0.5454545454545454,
    "variance": 0.007933884297520656,
    "stdDev": 0.08907235428302462,
    "confidence": 0.2211604101286313,
    "low": 0.362147067662957,
    "high": 0.5833074777915883,
    "count": 5
  },
  "Compilation.hashing: hash chunks": {
    "min": 0,
    "max": 0.2727272727272727,
    "mean": 0.16363636363636364,
    "median": 0.18181818181818182,
    "variance": 0.007933884297520661,
    "stdDev": 0.08907235428302467,
    "confidence": 0.2211604101286314,
    "low": 0.05305615857204793,
    "high": 0.27421656870067934,
    "count": 5
  },
  "Compilation.hashing: hash runtime chunks": {
    "min": 0.09090909090909091,
    "max": 0.36363636363636365,
    "mean": 0.27272727272727276,
    "median": 0.2727272727272727,
    "variance": 0.009917355371900827,
    "stdDev": 0.09958591954639384,
    "confidence": 0.24726485548967647,
    "low": 0.14909484498243453,
    "high": 0.396359700472111,
    "count": 5
  },
  "Compilation.hashing: process full hash chunks": {
    "min": 0,
    "max": 0,
    "mean": 0,
    "median": 0,
    "variance": 0,
    "stdDev": 0,
    "confidence": 0,
    "low": 0,
    "high": 0,
    "count": 5
  },
  "Compilation.hashing": {
    "min": 1.9090909090909092,
    "max": 2.1818181818181817,
    "mean": 2.018181818181818,
    "median": 2,
    "variance": 0.011239669421487583,
    "stdDev": 0.10601730717900537,
    "confidence": 0.26323354002680066,
    "low": 1.8865650481684177,
    "high": 2.1497985881952184,
    "count": 5
  },
  "Compilation.create module assets": {
    "min": 0,
    "max": 0,
    "mean": 0,
    "median": 0,
    "variance": 0,
    "stdDev": 0,
    "confidence": 0,
    "low": 0,
    "high": 0,
    "count": 5
  },
  "Compilation.create chunk assets": {
    "min": 1,
    "max": 1,
    "mean": 1,
    "median": 1,
    "variance": 0,
    "stdDev": 0,
    "confidence": 0,
    "low": 1,
    "high": 1,
    "count": 5
  },
  "Compilation.process assets": {
    "min": 2,
    "max": 2.1818181818181817,
    "mean": 2.036363636363636,
    "median": 2,
    "variance": 0.005289256198347098,
    "stdDev": 0.07272727272727267,
    "confidence": 0.1805767187066012,
    "low": 1.9460752770103356,
    "high": 2.1266519957169367,
    "count": 5
  },
  "Compilation.after process assets": {
    "min": 0,
    "max": 0,
    "mean": 0,
    "median": 0,
    "variance": 0,
    "stdDev": 0,
    "confidence": 0,
    "low": 0,
    "high": 0,
    "count": 5
  },
  "Compilation.after seal": {
    "min": 0,
    "max": 0,
    "mean": 0,
    "median": 0,
    "variance": 0,
    "stdDev": 0,
    "confidence": 0,
    "low": 0,
    "high": 0,
    "count": 5
  },
  "Compiler.make hook": {
    "min": 0,
    "max": 0,
    "mean": 0,
    "median": 0,
    "variance": 0,
    "stdDev": 0,
    "confidence": 0,
    "low": 0,
    "high": 0,
    "count": 5
  },
  "Compiler.make": {
    "min": 3.3636363636363638,
    "max": 3.727272727272727,
    "mean": 3.5454545454545454,