{
  "stats": {
    "min": 996,
    "max": 1048,
    "mean": 1029.2,
    "median": 1038,
    "variance": 349.75999999999993,
    "stdDev": 18.701871564097534,
    "confidence": 46.43543575985905,
    "low": 1005.9822821200705,
    "high": 1052.4177178799296,
    "count": 5
  },
  "heap memory": {
    "min": 15990368,
    "max": 16087680,
    "mean": 16041699.2,
    "median": 16046992,
    "variance": 1008807772.1599998,
    "stdDev": 31761.734401005244,
    "confidence": 78862.15945525467,
    "low": 16002268.120272372,
    "high": 16081130.279727627,
    "count": 5
  },
  "rss memory": {
    "min": 557703168,
    "max": 579256320,
    "mean": 571623833.6,
    "median": 573325312,
    "variance": 60567210048880.64,
    "stdDev": 7782493.819392383,
    "confidence": 19323386.46232891,
    "low": 561962140.3688356,
    "high": 581285526.8311645,
    "count": 5
  },
  "external memory": {
    "min": 21862345,
    "max": 21862345,
    "mean": 21862345,
    "median": 21862345,
    "variance": 0,
    "stdDev": 0,
    "confidence": 0,
    "low": 21862345,
    "high": 21862345,
    "count": 5
  },
  "array buffers memory": {
    "min": 10515,
    "max": 10515,
    "mean": 10515,
    "median": 10515,
    "variance": 0,
    "stdDev": 0,
    "confidence": 0,
    "low": 10515,
    "high": 10515,
    "count": 5
  },
  "Compilation.build module graph": {
    "min": 625.700461,
    "max": 663.506723,
    "mean": 639.6362014,
    "median": 635.478319,
    "variance": 165.2960490219948,
    "stdDev": 12.856751106791902,
    "confidence": 31.922411511264272,
    "low": 623.6749956443679,
    "high": 655.5974071556321,
    "count": 5
  },
  "Compilation.finish modules": {
    "min": 23.764687,
    "max": 25.067948,
    "mean": 24.329949000000003,
    "median": 23.964391,
    "variance": 0.31522233037400144,
    "stdDev": 0.5614466407184225,
    "confidence": 1.3940326415094333,
    "low": 23.632932679245286,
    "high": 25.02696532075472,
    "count": 5
  },
  "Compilation.seal": {
    "min": 0.003981,
    "max": 0.004704,
    "mean": 0.0043572,
    "median": 0.004444,
    "variance": 7.949655999999995e-8,
    "stdDev": 0.0002819513433200841,
    "confidence": 0.0007000654156603132,
    "low": 0.004007167292169844,
    "high": 0.004707232707830157,
    "count": 5
  },
  "Compilation.optimize dependencies": {
    "min": 2.607481,
    "max": 2.737985,
    "mean": 2.6751645999999996,
    "median": 2.68084,
    "variance": 0.0017976582018400043,
    "stdDev": 0.042398799533005696,
    "confidence": 0.10527324633057589,
    "low": 2.6225279768347116,
    "high": 2.7278012231652875,
    "count": 5
  },
  "Compilation.rebuild chunk graph": {
    "min": 37.920969,
    "max": 40.462983,
    "mean": 38.9573198,
    "median": 38.746759,
    "variance": 0.7099861492501611,
    "stdDev": 0.8426067583696212,
    "confidence": 2.0921334993128937,
    "low": 37.911253050343554,
    "high": 40.00338654965645,
    "count": 5
  },
  "Compilation.build chunk graph": {
    "min": 40.979464,
    "max": 43.523318,
    "mean": 42.030508,
    "median": 41.772203,
    "variance": 0.6958547165364023,
    "stdDev": 0.8341790674288119,
    "confidence": 2.0712081336378816,
    "low": 40.99490393318106,
    "high": 43.06611206681894,
    "count": 5
  },
  "Compilation.optimize modules": {
    "min": 0.005896,
    "max": 0.008126,
    "mean": 0.0070068000000000005,
    "median": 0.006662,
    "variance": 6.901445599999997e-7,
    "stdDev": 0.0008307493966293323,
    "confidence": 0.0020626925015236877,
    "low": 0.005975453749238157,
    "high": 0.008038146250761845,
    "count": 5
  },
  "Compilation.optimize chunks": {
    "min": 17.216805,
    "max": 19.196042,
    "mean": 18.218414000000003,
    "median": 18.435445,
    "variance": 0.48637278959479924,
    "stdDev": 0.6974043228965527,
    "confidence": 1.7316060333063064,
    "low": 17.35261098334685,
    "high": 19.084217016653156,
    "count": 5
  },
  "Compilation.optimize tree": {
    "min": 0.003503,
    "max": 0.00425,
    "mean": 0.003948,
    "median": 0.004066,
    "variance": 8.402200000000004e-8,
    "stdDev": 0.00028986548604482054,
    "confidence": 0.0007197156771236823,
    "low": 0.003588142161438159,
    "high": 0.0043078578385618415,
    "count": 5
  },
  "Compilation.optimize chunk modules": {
    "min": 0.003494,
    "max": 0.043727,
    "mean": 0.011651,
    "median": 0.003675,
    "variance": 0.00025722544920000004,
    "stdDev": 0.016038249567830027,
    "confidence": 0.031561924555199634,
    "low": 0,
    "high": 0.031561924555199634,
    "count": 5
  },
  "Compilation.module ids": {
    "min": 4.404556,
    "max": 4.833404,
    "mean": 4.6790374,
    "median": 4.715722,
    "variance": 0.024894674043839955,
    "stdDev": 0.1577804615402045,
    "confidence": 0.39175782278796945,
    "low": 4.483158488606016,
    "high": 4.874916311393985,
    "count": 5
  },
  "Compilation.chunk ids": {
    "min": 3.72928,
    "max": 3.934998,
    "mean": 3.8609044,
    "median": 3.893597,
    "variance": 0.005795083732240005,
    "stdDev": 0.07612544733687944,
    "confidence": 0.18901414798978067,
    "low": 3.7663973260051096,
    "high": 3.9554114739948902,
    "count": 5
  },
  "Compilation.assign runtime ids": {
    "min": 0.002034,
    "max": 0.002728,
    "mean": 0.0024456,
    "median": 0.002469,
    "variance": 5.448424000000004e-8,
    "stdDev": 0.00023341859394658353,
    "confidence": 0.0005795620019747602,
    "low": 0.00215581899901262,
    "high": 0.00273538100098738,
    "count": 5
  },
  "Compilation.optimize code generation": {
    "min": 0.001896,
    "max": 0.00425,
    "mean": 0.0024256,
    "median": 0.001945,
    "variance": 8.376186400000004e-7,
    "stdDev": 0.0009152150785471142,
    "confidence": 0.002272414867179079,
    "low": 0.0012893925664104603,
    "high": 0.0035618074335895394,
    "count": 5
  },
  "Compilation.create module hashes": {
    "min": 15.38859,
    "max": 15.977557,
    "mean": 15.6801818,
    "median": 15.703121,
    "variance": 0.04547647104375981,
    "stdDev": 0.21325213022091905,
    "confidence": 0.5294900865716876,
    "low": 15.415436756714156,
    "high": 15.944926843285844,
    "count": 5
  },
  "Compilation.module code generation cache": {
    "min": 0,
    "max": 0,
    "mean": 0,
    "median": 0,
    "variance": 0,
    "stdDev": 0,
    "confidence": 0,
    "low": 0,
    "high": 0,
    "count": 5
  },
  "Compilation.code generation": {
    "min": 66.902676,
    "max": 68.222952,
    "mean": 67.4563906,
    "median": 67.277933,
    "variance": 0.23846161959824236,
    "stdDev": 0.48832532147968977,
    "confidence": 1.212477532944547,
    "low": 66.85015183352773,
    "high": 68.06262936647228,
    "count": 5
  },
  "Compilation.runtime requirements.modules": {
    "min": 9.739495,
    "max": 10.792421,
    "mean": 10.193517799999999,
    "median": 10.076738,
    "variance": 0.16425961817975981,
    "stdDev": 0.4052895485696119,
    "confidence": 1.0063055310932256,
    "low": 9.690365034453386,
    "high": 10.696670565546611,
    "count": 5
  },
  "Compilation.runtime requirements.chunks": {
    "min": 0.76589,
    "max": 0.897798,
    "mean": 0.8420156000000001,
    "median": 0.844111,
    "variance": 0.002190211637840001,
    "stdDev": 0.04679969698448913,
    "confidence": 0.11620036612143125,
    "low": 0.7839154169392845,
    "high": 0.9001157830607157,
    "count": 5
  },
  "Compilation.runtime requirements.entries": {
    "min": 1.009532,
    "max": 1.033732,
    "mean": 1.0239430000000003,
    "median": 1.024148,
    "variance": 0.00006737525119999975,
    "stdDev": 0.008208242881396708,
    "confidence": 0.02038049153070487,
    "low": 1.0137527542346478,
    "high": 1.0341332457653527,
    "count": 5
  },
  "Compilation.runtime requirements": {
    "min": 11.803088,
    "max": 12.948249,
    "mean": 12.337650199999999,
    "median": 12.217821,
    "variance": 0.18194573118455987,
    "stdDev": 0.4265509713792243,
    "confidence": 1.0590961531256369,