{
  "stats": {
    "min": 6842,
    "max": 7074,
    "mean": 6890.5,
    "median": 6870,
    "variance": 3991.65,
    "stdDev": 63.17950617090957,
    "confidence": 90.38551216339874,
    "low": 6845.307243918301,
    "high": 6935.692756081699,
    "count": 10
  },
  "heap memory": {
    "min": 40577496,
    "max": 61046768,
    "mean": 53080678.4,
    "median": 56097628,
    "variance": 57458599211645.42,
    "stdDev": 7580145.065343104,
    "confidence": 10844264.786598861,
    "low": 47658546.00670057,
    "high": 58502810.79329943,
    "count": 10
  },
  "rss memory": {
    "min": 1201823744,
    "max": 1230262272,
    "mean": 1215635865.6,
    "median": 1218183168,
    "variance": 87304694283632.66,
    "stdDev": 9343698.105334561,
    "confidence": 13367229.184512138,
    "low": 1208952251.0077438,
    "high": 1222319480.192256,
    "count": 10
  },
  "external memory": {
    "min": 47347647,
    "max": 54544088,
    "mean": 51686036,
    "median": 53085450,
    "variance": 8170013105268.6,
    "stdDev": 2858323.4780669245,
    "confidence": 4089158.7660541534,
    "low": 49641456.61697292,
    "high": 53730615.38302708,
    "count": 10
  },
  "array buffers memory": {
    "min": 18798205,
    "max": 23241732,
    "mean": 21540867,
    "median": 21749436.5,
    "variance": 2395067453678.6,
    "stdDev": 1547600.5471951088,
    "confidence": 2214019.649096176,
    "low": 20433857.175451912,
    "high": 22647876.824548088,
    "count": 10
  },
  "Compilation.make hook": {
    "min": 0,
    "max": 0,
    "mean": 0,
    "median": 0,
    "variance": 0,
    "stdDev": 0,
    "confidence": 0,
    "low": 0,
    "high": 0,
    "count": 10
  },
  "Compilation.module add task": {
    "min": 217,
    "max": 229,
    "mean": 220.8,
    "median": 219.5,
    "variance": 11.759999999999998,
    "stdDev": 3.429285639896449,
    "confidence": 4.9059854643078324,
    "low": 218.3470072678461,
    "high": 223.25299273215393,
    "count": 10
  },
  "Compilation.module process dependencies task": {
    "min": 197,
    "max": 201,
    "mean": 198.9,
    "median": 199,
    "variance": 1.6899999999999995,
    "stdDev": 1.2999999999999998,
    "confidence": 1.859798737498238,
    "low": 197.9701006312509,
    "high": 199.82989936874912,
    "count": 10
  },
  "Compilation.module factorize task": {
    "min": 185,
    "max": 198,
    "mean": 188.6,
    "median": 187.5,
    "variance": 15.439999999999998,
    "stdDev": 3.9293765408777,
    "confidence": 5.621422715291942,
    "low": 185.78928864235402,
    "high": 191.41071135764597,
    "count": 10
  },
  "Compilation.module build task": {
    "min": 168,
    "max": 173,
    "mean": 170.3,
    "median": 170.5,
    "variance": 1.81,
    "stdDev": 1.3453624047073711,
    "confidence": 1.9246948475018257,
    "low": 169.3376525762491,
    "high": 171.26234742375092,
    "count": 10
  },
  "Compilation.finish modules": {
    "min": 0,
    "max": 0,
    "mean": 0,
    "median": 0,
    "variance": 0,
    "stdDev": 0,
    "confidence": 0,
    "low": 0,
    "high": 0,
    "count": 10
  },
  "Compilation.optimize dependencies": {
    "min": 93,
    "max": 98,
    "mean": 95.6,
    "median": 95.5,
    "variance": 2.0399999999999996,
    "stdDev": 1.42828568570857,
    "confidence": 2.0433260885135383,
    "low": 94.57833695574323,
    "high": 96.62166304425676,
    "count": 10
  },
  "Compilation.create chunks": {
    "min": 16,
    "max": 19,
    "mean": 17.3,
    "median": 17,
    "variance": 0.8099999999999999,
    "stdDev": 0.9,
    "confidence": 1.287552972114156,
    "low": 16.656223513942923,
    "high": 17.94377648605708,
    "count": 10
  },
  "Compilation.optimize": {
    "min": 0,
    "max": 0,
    "mean": 0,
    "median": 0,
    "variance": 0,
    "stdDev": 0,
    "confidence": 0,
    "low": 0,
    "high": 0,
    "count": 10
  },
  "Compilation.module ids": {
    "min": 28,
    "max": 35,
    "mean": 30.1,
    "median": 28.5,
    "variance": 6.49,
    "stdDev": 2.5475478405713994,
    "confidence": 3.6445586597007846,
    "low": 28.27772067014961,
    "high": 31.922279329850394,
    "count": 10
  },
  "Compilation.chunk ids": {
    "min": 0,
    "max": 0,
    "mean": 0,
    "median": 0,
    "variance": 0,
    "stdDev": 0,
    "confidence": 0,
    "low": 0,
    "high": 0,
    "count": 10
  },
  "Compilation.code generation": {
    "min": 24,
    "max": 27,
    "mean": 24.8,
    "median": 24,
    "variance": 1.1600000000000001,
    "stdDev": 1.077032961426901,
    "confidence": 1.5408188783890182,
    "low": 24.02959056080549,
    "high": 25.57040943919451,
    "count": 10
  },
  "Compilation.runtime requirements.modules": {
    "min": 2,
    "max": 2,
    "mean": 2,
    "median": 2,
    "variance": 0,
    "stdDev": 0,
    "confidence": 0,
    "low": 2,
    "high": 2,
    "count": 10
  },
  "Compilation.runtime requirements.chunks": {
    "min": 1,
    "max": 1,
    "mean": 1,
    "median": 1,
    "variance": 0,
    "stdDev": 0,
    "confidence": 0,
    "low": 1,
    "high": 1,
    "count": 10
  },
  "Compilation.runtime requirements.entries": {
    "min": 0,
    "max": 0,
    "mean": 0,
    "median": 0,
    "variance": 0,
    "stdDev": 0,
    "confidence": 0,
    "low": 0,
    "high": 0,
    "count": 10
  },
  "Compilation.runtime requirements": {
    "min": 3,
    "max": 4,
    "mean": 3.1,
    "median": 3,
    "variance": 0.09,
    "stdDev": 0.3,
    "confidence": 0.4291843240380526,
    "low": 2.8854078379809738,
    "high": 3.3145921620190264,
    "count": 10
  },
  "Compilation.hashing: hash chunks": {
    "min": 0,
    "max": 0,
    "mean": 0,
    "median": 0,
    "variance": 0,
    "stdDev": 0,
    "confidence": 0,
    "low": 0,
    "high": 0,
    "count": 10
  },
  "Compilation.hashing: hash runtime chunks": {
    "min": 6,
    "max": 6,
    "mean": 6,
    "median": 6,
    "variance": 0,
    "stdDev": 0,
    "confidence": 0,
    "low": 6,
    "high": 6,
    "count": 10
  },
  "Compilation.hashing: process full hash chunks": {
    "min": 0,
    "max": 0,
    "mean": 0,
    "median": 0,
    "variance": 0,
    "stdDev": 0,
    "confidence": 0,
    "low": 0,
    "high": 0,
    "count": 10
  },
  "Compilation.hashing": {
    "min": 6,
    "max": 6,
    "mean": 6,
    "median": 6,
    "variance": 0,
    "stdDev": 0,
    "confidence": 0,
    "low": 6,
    "high": 6,
    "count": 10
  },
  "Compilation.create chunk assets": {
    "min": 5,
    "max": 6,
    "mean": 5.1,
    "median": 5,
    "variance": 0.09,
    "stdDev": 0.3,
    "confidence": 0.4291843240380526,
    "low": 4.885407837980973,
    "high": 5.314592162019026,
    "count": 10
  },
  "Compilation.process assets": {
    "min": 4776,
    "max": 4959,
    "mean": 4813.1,
    "median": 4802,
    "variance": 2502.49,
    "stdDev": 50.02489380298573,
    "confidence": 71.56633410636641,
    "low": 4777.316832946817,
    "high": 4848.883167053184,
    "count": 10
  },
  "Compiler.make": {
    "min": 1816,
    "max": 1877,
    "mean": 1846,
    "median": 1846.5,
    "variance": 378.2,
    "stdDev": 19.447364860052378,
    "confidence": 27.82168047260984,
    "low": 1832.089159763695,
    "high": 1859.910840236305,
    "count": 10
  },
  "Compiler.finish make hook": {
    "min": 0,
    "max": 0,
    "mean": 0,
    "median": 0,
    "variance": 0,
    "stdDev": 0,
    "confidence": 0,
    "low": 0,
    "high": 0,
    "count": 10
  },
  "Compiler.finish compilation": {
    "min": 0,
    "max": 0,
    "mean": 0,
    "median": 0,
    "variance": 0,
    "stdDev": 0,
    "confidence": 0,
    "low": 0,
    "high": 0,
    "count": 10
  },
  "Compiler.seal compilation": {
    "min": 4869,
    "max": 5062,
    "mean": 4909.5,
    "median": 4899.5,
    "variance": 2760.65,
    "stdDev": 52.54188805134433,
    "confidence": 75.16718235666485,
    "low": 4871.916408821668,
    "high": 4947.083591178332,
    "count": 10
  },
  "Compiler.afterCompile hook": {
    "min": 0,
    "max": 0,
    "mean": 0,
    "median": 0,
    "variance": 0,
    "stdDev": 0,
    "confidence": 0,