{
  "stats": {
    "min": 2681,
    "max": 2707,
    "mean": 2691.2,
    "median": 2685,
    "variance": 114.55999999999999,
    "stdDev": 10.703270528207721,
    "confidence": 26.575470231926374,
    "low": 2677.9122648840366,
    "high": 2704.487735115963,
    "count": 5
  },
  "heap memory": {
    "min": 56225968,
    "max": 57075728,
    "mean": 56751732.8,
    "median": 56819848,
    "variance": 95651435304.95999,
    "stdDev": 309275.6623224013,
    "confidence": 767909.7838223577,
    "low": 56367777.90808882,
    "high": 57135687.691911176,
    "count": 5
  },
  "rss memory": {
    "min": 693723136,
    "max": 703627264,
    "mean": 700263628.8,
    "median": 700481536,
    "variance": 12831553025474.56,
    "stdDev": 3582115.7191629866,
    "confidence": 8894142.160664558,
    "low": 695816557.7196677,
    "high": 704710699.8803322,
    "count": 5
  },
  "external memory": {
    "min": 11822569,
    "max": 12474843,
    "mean": 12194533.4,
    "median": 12274911,
    "variance": 60579222584.240005,
    "stdDev": 246128.4676428958,
    "confidence": 611119.7271745205,
    "low": 11888973.53641274,
    "high": 12500093.26358726,
    "count": 5
  },
  "array buffers memory": {
    "min": 3788817,
    "max": 4352208,
    "mean": 4076616.4,
    "median": 4004804,
    "variance": 46218175669.840004,
    "stdDev": 214984.12887894773,
    "confidence": 533790.5177956643,
    "low": 3809721.141102168,
    "high": 4343511.658897832,
    "count": 5
  },
  "Compilation.build module graph": {
    "min": 483.134167,
    "max": 494.683307,
    "mean": 487.23714519999993,
    "median": 485.495187,
    "variance": 16.637561125237845,
    "stdDev": 4.078916660736996,
    "confidence": 10.127664064011583,
    "low": 482.17331316799414,
    "high": 492.3009772320057,
    "count": 5
  },
  "Compilation.finish modules": {
    "min": 14.474472,
    "max": 14.864153,
    "mean": 14.7304126,
    "median": 14.783728,
    "variance": 0.021304126846639976,
    "stdDev": 0.14595933285213378,
    "confidence": 0.3624067891268403,
    "low": 14.54920920543658,
    "high": 14.91161599456342,
    "count": 5
  },
  "Compilation.seal": {
    "min": 0.003604,
    "max": 0.004108,
    "mean": 0.0039426,
    "median": 0.004047,
    "variance": 3.750623999999999e-8,
    "stdDev": 0.0001936652782509038,
    "confidence": 0.00048085730651680056,
    "low": 0.0037021713467416,
    "high": 0.004183028653258401,
    "count": 5
  },
  "Compilation.optimize dependencies": {
    "min": 17.553944,
    "max": 18.711681,
    "mean": 17.992553800000003,
    "median": 17.828191,
    "variance": 0.1544238666221593,
    "stdDev": 0.3929680223913382,
    "confidence": 0.9757120455506865,
    "low": 17.50469777722466,
    "high": 18.480409822775346,
    "count": 5
  },
  "Compilation.rebuild chunk graph": {
    "min": 6.088632,
    "max": 6.654184,
    "mean": 6.4760092,
    "median": 6.551981,
    "variance": 0.043247491200560054,
    "stdDev": 0.2079603115994974,
    "confidence": 0.5163508719852938,
    "low": 6.217833764007353,
    "high": 6.734184635992647,
    "count": 5
  },
  "Compilation.build chunk graph": {
    "min": 6.096093,
    "max": 6.663037,
    "mean": 6.4840226,
    "median": 6.560167,
    "variance": 0.04343967490784002,
    "stdDev": 0.20842186763350917,
    "confidence": 0.5174968832544593,
    "low": 6.225274158372771,
    "high": 6.74277104162723,
    "count": 5
  },
  "Compilation.optimize modules": {
    "min": 3.019129,
    "max": 3.472742,
    "mean": 3.2785773999999996,
    "median": 3.325033,
    "variance": 0.030731239789840003,
    "stdDev": 0.17530327946116697,
    "confidence": 0.435265751024553,
    "low": 3.060944524487723,
    "high": 3.496210275512276,
    "count": 5
  },
  "Compilation.optimize chunks": {
    "min": 5.919395,
    "max": 6.286206,
    "mean": 6.1936212,
    "median": 6.275442,
    "variance": 0.01976658641656002,
    "stdDev": 0.14059369266279345,
    "confidence": 0.3490842807635097,
    "low": 6.019079059618245,
    "high": 6.368163340381755,
    "count": 5
  },
  "Compilation.optimize tree": {
    "min": 0.002711,
    "max": 0.002904,
    "mean": 0.0028146,
    "median": 0.002818,
    "variance": 4.925440000000002e-9,
    "stdDev": 0.00007018147903827621,
    "confidence": 0.00017425569148223508,
    "low": 0.0027274721542588825,
    "high": 0.0029017278457411175,
    "count": 5
  },
  "Compilation.optimize chunk modules": {
    "min": 19.029416,
    "max": 19.374932,
    "mean": 19.193853400000002,
    "median": 19.148843,
    "variance": 0.015605596912240005,
    "stdDev": 0.1249223635392799,
    "confidence": 0.31017346938870105,
    "low": 19.03876666530565,
    "high": 19.348940134694352,
    "count": 5
  },
  "Compilation.module ids": {
    "min": 0.215312,
    "max": 0.251884,
    "mean": 0.2245012,
    "median": 0.217478,
    "variance": 0.00019268039935999996,
    "stdDev": 0.013880936544772474,
    "confidence": 0.034465392140156426,
    "low": 0.2072685039299218,
    "high": 0.24173389607007822,
    "count": 5
  },
  "Compilation.chunk ids": {
    "min": 0.014995,
    "max": 0.017674,
    "mean": 0.0161286,
    "median": 0.015944,
    "variance": 0.000001020873039999999,
    "stdDev": 0.001010382620594792,
    "confidence": 0.002508709201146285,
    "low": 0.014874245399426857,
    "high": 0.017382954600573142,
    "count": 5
  },
  "Compilation.assign runtime ids": {
    "min": 0.002582,
    "max": 0.00329,
    "mean": 0.0028434,
    "median": 0.002735,
    "variance": 7.363583999999997e-8,
    "stdDev": 0.0002713592452819693,
    "confidence": 0.0006737659789261196,
    "low": 0.00250651701053694,
    "high": 0.0031802829894630597,
    "count": 5
  },
  "Compilation.optimize code generation": {
    "min": 2.703618,
    "max": 3.058091,
    "mean": 2.9072207999999997,
    "median": 2.92303,
    "variance": 0.016549442213359987,
    "stdDev": 0.12864463538507925,
    "confidence": 0.3194156093843654,
    "low": 2.747512995307817,
    "high": 3.0669286046921824,
    "count": 5
  },
  "Compilation.create module hashes": {
    "min": 9.712777,
    "max": 10.702219,
    "mean": 10.151411,
    "median": 10.037154,
    "variance": 0.12180853490359984,
    "stdDev": 0.34901079482388486,
    "confidence": 0.8665693316841008,
    "low": 9.71812633415795,
    "high": 10.58469566584205,
    "count": 5
  },
  "Compilation.code generation": {
    "min": 83.540565,
    "max": 85.026206,
    "mean": 84.1979228,
    "median": 84.207623,
    "variance": 0.2995232878381592,
    "stdDev": 0.5472872078152011,
    "confidence": 1.3588757624387995,
    "low": 83.5184849187806,
    "high": 84.8773606812194,
    "count": 5
  },
  "Compilation.runtime requirements.modules": {
    "min": 0.088145,
    "max": 0.144957,
    "mean": 0.11411020000000001,
    "median": 0.106738,
    "variance": 0.0004332363677600001,
    "stdDev": 0.020814330826620396,
    "confidence": 0.05168052398774056,
    "low": 0.08826993800612973,
    "high": 0.1399504619938703,
    "count": 5
  },
  "Compilation.runtime requirements.chunks": {
    "min": 0.063702,
    "max": 0.076981,
    "mean": 0.06777599999999999,
    "median": 0.066601,
    "variance": 0.000022710212399999984,
    "stdDev": 0.004765523308095343,
    "confidence": 0.011832460226065655,
    "low": 0.06185976988696716,
    "high": 0.07369223011303282,
    "count": 5
  },
  "Compilation.runtime requirements.entries": {
    "min": 0.2891,
    "max": 0.468924,
    "mean": 0.34869700000000003,
    "median": 0.34138,
    "variance": 0.004249763134399999,
    "stdDev": 0.06519020735049091,
    "confidence": 0.1618627138583758,
    "low": 0.26776564307081213,
    "high": 0.42962835692918794,
    "count": 5
  },
  "Compilation.runtime requirements": {
    "min": 0.535274,
    "max": 0.776368,
    "mean": 0.6181454000000001,
    "median": 0.590583,
    "variance": 0.007948956940639997,
    "stdDev": 0.08915692312232402,
    "confidence": 0.22137038862683212,
    "low": 0.507460205686584,
    "high": 0.7288305943134161,