{
  "stats": {
    "min": 33.63636363636363,
    "max": 35.27272727272727,
    "mean": 34.472727272727276,
    "median": 34.54545454545455,
    "variance": 0.32198347107438136,
    "stdDev": 0.5674358739755369,
    "confidence": 1.4089034877350741,
    "low": 33.76827552885974,
    "high": 35.17717901659481,
    "count": 5
  },
  "heap memory": {
    "min": 58264030.54545455,
    "max": 75603277.81818181,
    "mean": 68143690.32727273,
    "median": 73169810.18181819,
    "variance": 60280122796302.23,
    "stdDev": 7764027.485545258,
    "confidence": 19277535.850204855,
    "low": 58504922.4021703,
    "high": 77782458.25237516,
    "count": 5
  },
  "rss memory": {
    "min": 441830679.27272725,
    "max": 475545600,
    "mean": 458829749.5272728,
    "median": 457091258.1818182,
    "variance": 174287984969526.84,
    "stdDev": 13201817.487358581,
    "confidence": 32779187.13892126,
    "low": 442440155.9578122,
    "high": 475219343.09673345,
    "count": 5
  },
  "external memory": {
    "min": 3919577.3636363638,
    "max": 4220849.090909091,
    "mean": 4043227.4,
    "median": 4061965.909090909,
    "variance": 12469573416.147425,
    "stdDev": 111667.24415041067,
    "confidence": 277261.9373657387,
    "low": 3904596.4313171306,
    "high": 4181858.3686828692,
    "count": 5
  },
  "array buffers memory": {
    "min": 605392.7272727273,
    "max": 696155.9090909091,
    "mean": 647124.1272727273,
    "median": 649282.8181818182,
    "variance": 1171007766.917685,
    "stdDev": 34219.99074981881,
    "confidence": 84965.83760187216,
    "low": 604641.2084717912,
    "high": 689607.0460736634,
    "count": 5
  },
  "Compilation.finish modules": {
    "min": 1,
    "max": 1,
    "mean": 1,
    "median": 1,
    "variance": 0,
    "stdDev": 0,
    "confidence": 0,
    "low": 1,
    "high": 1,
    "count": 5
  },
  "Compilation.optimize dependencies": {
    "min": 0,
    "max": 0.09090909090909091,
    "mean": 0.01818181818181818,
    "median": 0,
    "variance": 0.0013223140495867767,
    "stdDev": 0.03636363636363636,
    "confidence": 0.06332599785846847,
    "low": 0,
    "high": 0.06332599785846847,
    "count": 5
  },
  "Compilation.rebuild chunk graph": {
    "min": 7.454545454545454,
    "max": 7.909090909090909,
    "mean": 7.636363636363636,
    "median": 7.545454545454546,
    "variance": 0.026446280991735554,
    "stdDev": 0.1626231256363484,
    "confidence": 0.4037818181818178,
    "low": 7.434472727272727,
    "high": 7.838254545454545,
    "count": 5
  },
  "Compilation.create chunks": {
    "min": 14.454545454545455,
    "max": 15,
    "mean": 14.709090909090909,
    "median": 14.727272727272727,
    "variance": 0.05090909090909075,
    "stdDev": 0.22563042992710614,
    "confidence": 0.5602245368032008,
    "low": 14.428978640689309,
    "high": 14.98920317749251,
    "count": 5
  },
  "Compilation.optimize": {
    "min": 0,
    "max": 0,
    "mean": 0,
    "median": 0,
    "variance": 0,
    "stdDev": 0,
    "confidence": 0,
    "low": 0,
    "high": 0,
    "count": 5
  },
  "Compilation.module ids": {
    "min": 0,
    "max": 0,
    "mean": 0,
    "median": 0,
    "variance": 0,
    "stdDev": 0,
    "confidence": 0,
    "low": 0,
    "high": 0,
    "count": 5
  },
  "Compilation.chunk ids": {
    "min": 1,
    "max": 1,
    "mean": 1,
    "median": 1,
    "variance": 0,
    "stdDev": 0,
    "confidence": 0,
    "low": 1,
    "high": 1,
    "count": 5
  },
  "Compilation.optimize code generation": {
    "min": 0,
    "max": 0,
    "mean": 0,
    "median": 0,
    "variance": 0,
    "stdDev": 0,
    "confidence": 0,
    "low": 0,
    "high": 0,
    "count": 5
  },
  "Compilation.module code generation cache": {
    "min": 0,
    "max": 0,
    "mean": 0,
    "median": 0,
    "variance": 0,
    "stdDev": 0,
    "confidence": 0,
    "low": 0,
    "high": 0,
    "count": 5
  },
  "Compilation.code generation": {
    "min": 0,
    "max": 0,
    "mean": 0,
    "median": 0,
    "variance": 0,
    "stdDev": 0,
    "confidence": 0,
    "low": 0,
    "high": 0,
    "count": 5
  },
  "Compilation.runtime requirements.modules": {
    "min": 0,
    "max": 0,
    "mean": 0,
    "median": 0,
    "variance": 0,
    "stdDev": 0,
    "confidence": 0,
    "low": 0,
    "high": 0,
    "count": 5
  },
  "Compilation.runtime requirements.chunks": {
    "min": 0,
    "max": 0,
    "mean": 0,
    "median": 0,
    "variance": 0,
    "stdDev": 0,
    "confidence": 0,
    "low": 0,
    "high": 0,
    "count": 5
  },
  "Compilation.runtime requirements.entries": {
    "min": 0,
    "max": 0,
    "mean": 0,
    "median": 0,
    "variance": 0,
    "stdDev": 0,
    "confidence": 0,
    "low": 0,
    "high": 0,
    "count": 5
  },
  "Compilation.runtime requirements": {
    "min": 0,
    "max": 0,
    "mean": 0,
    "median": 0,
    "variance": 0,
    "stdDev": 0,
    "confidence": 0,
    "low": 0,
    "high": 0,
    "count": 5
  },
  "Compilation.hashing: hash chunks": {
    "min": 0,
    "max": 0.2727272727272727,
    "mean": 0.12727272727272726,
    "median": 0.18181818181818182,
    "variance": 0.01190082644628099,
    "stdDev": 0.10909090909090909,
    "confidence": 0.26270526630267815,
    "low": 0,
    "high": 0.26270526630267815,
    "count": 5
  },
  "Compilation.hashing: hash runtime chunks": {
    "min": 0,
    "max": 0.09090909090909091,
    "mean": 0.07272727272727272,
    "median": 0.09090909090909091,
    "variance": 0.0013223140495867767,
    "stdDev": 0.03636363636363636,
    "confidence": 0.0902883593533006,
    "low": 0.027583093050622433,
    "high": 0.11787145240392302,
    "count": 5
  },
  "Compilation.hashing: process full hash chunks": {
    "min": 0,
    "max": 0,
    "mean": 0,
    "median": 0,
    "variance": 0,
    "stdDev": 0,
    "confidence": 0,
    "low": 0,
    "high": 0,
    "count": 5
  },
  "Compilation.hashing": {
    "min": 1.0909090909090908,
    "max": 1.3636363636363635,
    "mean": 1.2545454545454544,
    "median": 1.2727272727272727,
    "variance": 0.011239669421487599,
    "stdDev": 0.10601730717900544,
    "confidence": 0.26323354002680066,
    "low": 1.122928684532054,
    "high": 1.3861622245588547,
    "count": 5
  },
  "Compilation.create module assets": {
    "min": 0,
    "max": 0,
    "mean": 0,
    "median": 0,
    "variance": 0,
    "stdDev": 0,
    "confidence": 0,
    "low": 0,
    "high": 0,
    "count": 5
  },
  "Compilation.create chunk assets": {
    "min": 1,
    "max": 1.3636363636363635,
    "mean": 1.0727272727272728,
    "median": 1,
    "variance": 0.021157024793388417,
    "stdDev": 0.14545454545454542,
    "confidence": 0.3611534374132024,
    "low": 0.8921505540206716,
    "high": 1.253303991433874,
    "count": 5
  },
  "Compilation.process assets": {
    "min": 1.6363636363636365,
    "max": 1.9090909090909092,
    "mean": 1.7636363636363637,
    "median": 1.8181818181818181,
    "variance": 0.011900826446280984,
    "stdDev": 0.10909090909090906,
    "confidence": 0.2708650780599018,
    "low": 1.6282038246064128,
    "high": 1.8990689026663146,
    "count": 5
  },
  "Compilation.after process assets": {
    "min": 0,
    "max": 0,
    "mean": 0,
    "median": 0,
    "variance": 0,
    "stdDev": 0,
    "confidence": 0,
    "low": 0,
    "high": 0,
    "count": 5
  },
  "Compilation.after seal": {
    "min": 0,
    "max": 0,
    "mean": 0,
    "median": 0,
    "variance": 0,
    "stdDev": 0,
    "confidence": 0,
    "low": 0,
    "high": 0,
    "count": 5
  },
  "Compiler.make hook": {
    "min": 0,
    "max": 0,
    "mean": 0,
    "median": 0,
    "variance": 0,
    "stdDev": 0,
    "confidence": 0,
    "low": 0,
    "high": 0,
    "count": 5
  },
  "Compiler.make": {
    "min": 2,
    "max": 2.090909090909091,
    "mean": 2.036363636363636,
    "median": 2,
    "variance": 0.001983471074380162,
    "stdDev": 0.04453617714151229,
    "confidence": 0.11058020506431543,
    "low": 1.9810735338314784,
    "high": 2.091653738895794,
    "count": 5
  },