{
  "stats": {
    "min": 2918,
    "max": 3042,
    "mean": 2981.6,
    "median": 2966,
    "variance": 1893.0399999999997,
    "stdDev": 43.50907951221216,
    "confidence": 108.0299936685733,
    "low": 2927.5850031657133,
    "high": 3035.6149968342866,
    "count": 5
  },
  "heap memory": {
    "min": 92409416,
    "max": 108895704,
    "mean": 99582660.8,
    "median": 92409416,
    "variance": 58655111905141.766,
    "stdDev": 7658662.540231275,
    "confidence": 19015922.07894674,
    "low": 90074699.76052663,
    "high": 109090621.83947337,
    "count": 5
  },
  "rss memory": {
    "min": 706465792,
    "max": 782823424,
    "mean": 739909632,
    "median": 721666048,
    "variance": 873737786648166.4,
    "stdDev": 29559055.91604993,
    "confidence": 73393063.22404718,
    "low": 703213100.3879764,
    "high": 776606163.6120236,
    "count": 5
  },
  "external memory": {
    "min": 28657274,
    "max": 30240586,
    "mean": 29292197.2,
    "median": 28665866,
    "variance": 594474803036.1599,
    "stdDev": 771021.9212422951,
    "confidence": 1914393.3680959046,
    "low": 28335000.515952047,
    "high": 30249393.88404795,
    "count": 5
  },
  "array buffers memory": {
    "min": 685844,
    "max": 2268337,
    "mean": 1320439.6,
    "median": 685844,
    "variance": 593856263376.24,
    "stdDev": 770620.7000699112,
    "confidence": 1913397.1640576161,
    "low": 363741.01797119214,
    "high": 2277138.182028808,
    "count": 5
  },
  "Compilation.finish modules": {
    "min": 6,
    "max": 7,
    "mean": 6.2,
    "median": 6,
    "variance": 0.15999999999999998,
    "stdDev": 0.39999999999999997,
    "confidence": 0.993171952886307,
    "low": 5.703414023556847,
    "high": 6.696585976443154,
    "count": 5
  },
  "Compilation.optimize dependencies": {
    "min": 13,
    "max": 14,
    "mean": 13.8,
    "median": 14,
    "variance": 0.15999999999999998,
    "stdDev": 0.39999999999999997,
    "confidence": 0.993171952886307,
    "low": 13.303414023556847,
    "high": 14.296585976443154,
    "count": 5
  },
  "Compilation.rebuild chunk graph": {
    "min": 9,
    "max": 9,
    "mean": 9,
    "median": 9,
    "variance": 0,
    "stdDev": 0,
    "confidence": 0,
    "low": 9,
    "high": 9,
    "count": 5
  },
  "Compilation.create chunks": {
    "min": 16,
    "max": 17,
    "mean": 16.4,
    "median": 16,
    "variance": 0.24,
    "stdDev": 0.4898979485566356,
    "confidence": 1.2163822557074724,
    "low": 15.791808872146262,
    "high": 17.008191127853735,
    "count": 5
  },
  "Compilation.optimize": {
    "min": 14,
    "max": 15,
    "mean": 14.2,
    "median": 14,
    "variance": 0.16,
    "stdDev": 0.4,
    "confidence": 0.993171952886307,
    "low": 13.703414023556846,
    "high": 14.696585976443153,
    "count": 5
  },
  "Compilation.module ids": {
    "min": 1,
    "max": 1,
    "mean": 1,
    "median": 1,
    "variance": 0,
    "stdDev": 0,
    "confidence": 0,
    "low": 1,
    "high": 1,
    "count": 5
  },
  "Compilation.chunk ids": {
    "min": 1,
    "max": 1,
    "mean": 1,
    "median": 1,
    "variance": 0,
    "stdDev": 0,
    "confidence": 0,
    "low": 1,
    "high": 1,
    "count": 5
  },
  "Compilation.optimize code generation": {
    "min": 1,
    "max": 1,
    "mean": 1,
    "median": 1,
    "variance": 0,
    "stdDev": 0,
    "confidence": 0,
    "low": 1,
    "high": 1,
    "count": 5
  },
  "Compilation.code generation": {
    "min": 42,
    "max": 45,
    "mean": 43.6,
    "median": 44,
    "variance": 1.0399999999999998,
    "stdDev": 1.0198039027185568,
    "confidence": 2.5321015840601575,
    "low": 42.33394920796992,
    "high": 44.86605079203008,
    "count": 5
  },
  "Compilation.runtime requirements.modules": {
    "min": 0,
    "max": 0,
    "mean": 0,
    "median": 0,
    "variance": 0,
    "stdDev": 0,
    "confidence": 0,
    "low": 0,
    "high": 0,
    "count": 5
  },
  "Compilation.runtime requirements.chunks": {
    "min": 0,
    "max": 0,
    "mean": 0,
    "median": 0,
    "variance": 0,
    "stdDev": 0,
    "confidence": 0,
    "low": 0,
    "high": 0,
    "count": 5
  },
  "Compilation.runtime requirements.entries": {
    "min": 0,
    "max": 0,
    "mean": 0,
    "median": 0,
    "variance": 0,
    "stdDev": 0,
    "confidence": 0,
    "low": 0,
    "high": 0,
    "count": 5
  },
  "Compilation.runtime requirements": {
    "min": 1,
    "max": 1,
    "mean": 1,
    "median": 1,
    "variance": 0,
    "stdDev": 0,
    "confidence": 0,
    "low": 1,
    "high": 1,
    "count": 5
  },
  "Compilation.hashing: hash chunks": {
    "min": 0,
    "max": 0,
    "mean": 0,
    "median": 0,
    "variance": 0,
    "stdDev": 0,
    "confidence": 0,
    "low": 0,
    "high": 0,
    "count": 5
  },
  "Compilation.hashing: hash runtime chunks": {
    "min": 0,
    "max": 0,
    "mean": 0,
    "median": 0,
    "variance": 0,
    "stdDev": 0,
    "confidence": 0,
    "low": 0,
    "high": 0,
    "count": 5
  },
  "Compilation.hashing: process full hash chunks": {
    "min": 0,
    "max": 0,
    "mean": 0,
    "median": 0,
    "variance": 0,
    "stdDev": 0,
    "confidence": 0,
    "low": 0,
    "high": 0,
    "count": 5
  },
  "Compilation.hashing": {
    "min": 1,
    "max": 1,
    "mean": 1,
    "median": 1,
    "variance": 0,
    "stdDev": 0,
    "confidence": 0,
    "low": 1,
    "high": 1,
    "count": 5
  },
  "Compilation.create module assets": {
    "min": 0,
    "max": 0,
    "mean": 0,
    "median": 0,
    "variance": 0,
    "stdDev": 0,
    "confidence": 0,
    "low": 0,
    "high": 0,
    "count": 5
  },
  "Compilation.create chunk assets": {
    "min": 2,
    "max": 3,
    "mean": 2.2,
    "median": 2,
    "variance": 0.15999999999999998,
    "stdDev": 0.39999999999999997,
    "confidence": 0.9931719528863063,
    "low": 1.703414023556847,
    "high": 2.6965859764431532,
    "count": 5
  },
  "Compilation.process assets": {
    "min": 1472,
    "max": 1505,
    "mean": 1485.4,
    "median": 1483,
    "variance": 132.24,
    "stdDev": 11.499565209172042,
    "confidence": 28.552614090342104,
    "low": 1471.123692954829,
    "high": 1499.6763070451711,
    "count": 5
  },
  "Compilation.after process assets": {
    "min": 0,
    "max": 0,
    "mean": 0,
    "median": 0,
    "variance": 0,
    "stdDev": 0,
    "confidence": 0,
    "low": 0,
    "high": 0,
    "count": 5
  },
  "Compilation.after seal": {
    "min": 0,
    "max": 0,
    "mean": 0,
    "median": 0,
    "variance": 0,
    "stdDev": 0,
    "confidence": 0,
    "low": 0,
    "high": 0,
    "count": 5
  },
  "Compiler.make hook": {
    "min": 0,
    "max": 0,
    "mean": 0,
    "median": 0,
    "variance": 0,
    "stdDev": 0,
    "confidence": 0,
    "low": 0,
    "high": 0,
    "count": 5
  },
  "Compiler.make": {
    "min": 1238,
    "max": 1355,
    "mean": 1293,
    "median": 1293,
    "variance": 1462.8,
    "stdDev": 38.246568473524526,
    "confidence": 94.96354775512555,
    "low": 1245.5182261224372,
    "high": 1340.4817738775628,
    "count": 5
  },
  "Compiler.finish make hook": {
    "min": 0,
    "max": 0,
    "mean": 0,
    "median": 0,
    "variance": 0,
    "stdDev": 0,
    "confidence": 0,
    "low": 0,
    "high": 0,
    "count": 5
  },
  "Compiler.finish compilation": {
    "min": 8,
    "max": 8,
    "mean": 8,
    "median": 8,
    "variance": 0,
    "stdDev": 0,
    "confidence": 0,
    "low": 8,
    "high": 8,
    "count": 5
  },
  "Compiler.seal compilation": {
    "min": 1577,
    "max": 1611,
    "mean": 1592.2,
    "median": 1591,
    "variance": 137.35999999999999,
    "stdDev": 11.720068259186888,
    "confidence": 29.10010770234385,
    "low": 1577.6499461488281,
    "high": 1606.750053851172,
    "count": 5
  },
  "Compiler.emitAssets": {
    "min": 61,
    "max": 79,
    "mean": 69.2,
    "median": 67,
    "variance": 41.760000000000005,
    "stdDev": 6.462197768561405,
    "confidence": 16.045183944349162,
    "low": 61.17740802782542,
    "high": 77.22259197217458,
    "count": 5
  },