{
  "stats": {
    "min": 3014,
    "max": 3085,
    "mean": 3042.8,
    "median": 3037,
    "variance": 560.1600000000001,
    "stdDev": 23.667699507979226,
    "confidence": 58.765238351665175,
    "low": 3013.4173808241676,
    "high": 3072.1826191758328,
    "count": 5
  },
  "heap memory": {
    "min": 85863840,
    "max": 98930328,
    "mean": 90034003.2,
    "median": 88598224,
    "variance": 21185104287400.96,
    "stdDev": 4602727.918028716,
    "confidence": 11428250.687382251,
    "low": 84319877.85630888,
    "high": 95748128.54369113,
    "count": 5
  },
  "rss memory": {
    "min": 695717888,
    "max": 767373312,
    "mean": 729623756.8,
    "median": 736153600,
    "variance": 660299550619074.6,
    "stdDev": 25696294.49198998,
    "confidence": 63802097.45637822,
    "low": 697722708.0718108,
    "high": 761524805.5281891,
    "count": 5
  },
  "external memory": {
    "min": 30210894,
    "max": 30243764,
    "mean": 30233913.2,
    "median": 30235572,
    "variance": 145892664.96,
    "stdDev": 12078.603601410223,
    "confidence": 29990.325817383826,
    "low": 30218918.037091307,
    "high": 30248908.36290869,
    "count": 5
  },
  "array buffers memory": {
    "min": 2234829,
    "max": 2268227,
    "mean": 2258270.6,
    "median": 2260035,
    "variance": 150798925.44,
    "stdDev": 12280.021394118172,
    "confidence": 30490.4320737049,
    "low": 2243025.3839631476,
    "high": 2273515.8160368525,
    "count": 5
  },
  "Compilation.finish modules": {
    "min": 7,
    "max": 8,
    "mean": 7.2,
    "median": 7,
    "variance": 0.15999999999999998,
    "stdDev": 0.39999999999999997,
    "confidence": 0.993171952886307,
    "low": 6.703414023556847,
    "high": 7.696585976443154,
    "count": 5
  },
  "Compilation.optimize dependencies": {
    "min": 11,
    "max": 12,
    "mean": 11.6,
    "median": 12,
    "variance": 0.24000000000000005,
    "stdDev": 0.48989794855663565,
    "confidence": 1.2163822557074724,
    "low": 10.991808872146263,
    "high": 12.208191127853736,
    "count": 5
  },
  "Compilation.rebuild chunk graph": {
    "min": 11,
    "max": 13,
    "mean": 12,
    "median": 12,
    "variance": 0.4,
    "stdDev": 0.6324555320336759,
    "confidence": 1.570342739659086,
    "low": 11.214828630170457,
    "high": 12.785171369829543,
    "count": 5
  },
  "Compilation.create chunks": {
    "min": 17,
    "max": 20,
    "mean": 18.6,
    "median": 19,
    "variance": 1.0399999999999998,
    "stdDev": 1.0198039027185568,
    "confidence": 2.5321015840601646,
    "low": 17.33394920796992,
    "high": 19.866050792030084,
    "count": 5
  },
  "Compilation.optimize": {
    "min": 29,
    "max": 31,
    "mean": 29.6,
    "median": 29,
    "variance": 0.64,
    "stdDev": 0.8,
    "confidence": 1.986343905772614,
    "low": 28.606828047113694,
    "high": 30.59317195288631,
    "count": 5
  },
  "Compilation.module ids": {
    "min": 1,
    "max": 2,
    "mean": 1.6,
    "median": 2,
    "variance": 0.24,
    "stdDev": 0.4898979485566356,
    "confidence": 1.216382255707473,
    "low": 0.9918088721462637,
    "high": 2.2081911278537367,
    "count": 5
  },
  "Compilation.chunk ids": {
    "min": 1,
    "max": 1,
    "mean": 1,
    "median": 1,
    "variance": 0,
    "stdDev": 0,
    "confidence": 0,
    "low": 1,
    "high": 1,
    "count": 5
  },
  "Compilation.optimize code generation": {
    "min": 2,
    "max": 2,
    "mean": 2,
    "median": 2,
    "variance": 0,
    "stdDev": 0,
    "confidence": 0,
    "low": 2,
    "high": 2,
    "count": 5
  },
  "Compilation.code generation": {
    "min": 47,
    "max": 50,
    "mean": 48.8,
    "median": 49,
    "variance": 1.3599999999999999,
    "stdDev": 1.16619037896906,
    "confidence": 2.895568940294808,
    "low": 47.35221552985259,
    "high": 50.2477844701474,
    "count": 5
  },
  "Compilation.runtime requirements.modules": {
    "min": 0,
    "max": 1,
    "mean": 0.2,
    "median": 0,
    "variance": 0.16000000000000003,
    "stdDev": 0.4,
    "confidence": 0.6965859764431532,
    "low": 0,
    "high": 0.6965859764431532,
    "count": 5
  },
  "Compilation.runtime requirements.chunks": {
    "min": 0,
    "max": 0,
    "mean": 0,
    "median": 0,
    "variance": 0,
    "stdDev": 0,
    "confidence": 0,
    "low": 0,
    "high": 0,
    "count": 5
  },
  "Compilation.runtime requirements.entries": {
    "min": 0,
    "max": 0,
    "mean": 0,
    "median": 0,
    "variance": 0,
    "stdDev": 0,
    "confidence": 0,
    "low": 0,
    "high": 0,
    "count": 5
  },
  "Compilation.runtime requirements": {
    "min": 1,
    "max": 2,
    "mean": 1.2,
    "median": 1,
    "variance": 0.16,
    "stdDev": 0.4,
    "confidence": 0.9931719528863066,
    "low": 0.7034140235568467,
    "high": 1.6965859764431532,
    "count": 5
  },
  "Compilation.hashing: hash chunks": {
    "min": 0,
    "max": 0,
    "mean": 0,
    "median": 0,
    "variance": 0,
    "stdDev": 0,
    "confidence": 0,
    "low": 0,
    "high": 0,
    "count": 5
  },
  "Compilation.hashing: hash runtime chunks": {
    "min": 0,
    "max": 1,
    "mean": 0.4,
    "median": 0,
    "variance": 0.24000000000000005,
    "stdDev": 0.48989794855663565,
    "confidence": 1.0081911278537365,
    "low": 0,
    "high": 1.0081911278537365,
    "count": 5
  },
  "Compilation.hashing: process full hash chunks": {
    "min": 0,
    "max": 0,
    "mean": 0,
    "median": 0,
    "variance": 0,
    "stdDev": 0,
    "confidence": 0,
    "low": 0,
    "high": 0,
    "count": 5
  },
  "Compilation.hashing": {
    "min": 1,
    "max": 2,
    "mean": 1.2,
    "median": 1,
    "variance": 0.16,
    "stdDev": 0.4,
    "confidence": 0.9931719528863066,
    "low": 0.7034140235568467,
    "high": 1.6965859764431532,
    "count": 5
  },
  "Compilation.create module assets": {
    "min": 0,
    "max": 0,
    "mean": 0,
    "median": 0,
    "variance": 0,
    "stdDev": 0,
    "confidence": 0,
    "low": 0,
    "high": 0,
    "count": 5
  },
  "Compilation.create chunk assets": {
    "min": 2,
    "max": 2,
    "mean": 2,
    "median": 2,
    "variance": 0,
    "stdDev": 0,
    "confidence": 0,
    "low": 2,
    "high": 2,
    "count": 5
  },
  "Compilation.process assets": {
    "min": 1452,
    "max": 1577,
    "mean": 1501.4,
    "median": 1503,
    "variance": 1805.0399999999997,
    "stdDev": 42.48576232104115,
    "confidence": 105.4891688356297,
    "low": 1448.6554155821852,
    "high": 1554.144584417815,
    "count": 5
  },
  "Compilation.after process assets": {
    "min": 0,
    "max": 0,
    "mean": 0,
    "median": 0,
    "variance": 0,
    "stdDev": 0,
    "confidence": 0,
    "low": 0,
    "high": 0,
    "count": 5
  },
  "Compilation.after seal": {
    "min": 0,
    "max": 0,
    "mean": 0,
    "median": 0,
    "variance": 0,
    "stdDev": 0,
    "confidence": 0,
    "low": 0,
    "high": 0,
    "count": 5
  },
  "Compiler.make hook": {
    "min": 0,
    "max": 0,
    "mean": 0,
    "median": 0,
    "variance": 0,
    "stdDev": 0,
    "confidence": 0,
    "low": 0,
    "high": 0,
    "count": 5
  },
  "Compiler.make": {
    "min": 1274,
    "max": 1375,
    "mean": 1316.2,
    "median": 1304,
    "variance": 1329.36,
    "stdDev": 36.4603894658299,
    "confidence": 90.52859052193389,
    "low": 1270.935704739033,
    "high": 1361.464295260967,
    "count": 5
  },
  "Compiler.finish make hook": {
    "min": 0,
    "max": 0,
    "mean": 0,
    "median": 0,
    "variance": 0,
    "stdDev": 0,
    "confidence": 0,
    "low": 0,
    "high": 0,
    "count": 5
  },
  "Compiler.finish compilation": {
    "min": 9,
    "max": 10,
    "mean": 9.6,
    "median": 10,
    "variance": 0.24000000000000005,
    "stdDev": 0.48989794855663565,
    "confidence": 1.2163822557074724,
    "low": 8.991808872146263,
    "high": 10.208191127853736,
    "count": 5
  },
  "Compiler.seal compilation": {
    "min": 1582,
    "max": 1706,
    "mean": 1632.2,
    "median": 1633,
    "variance": 1755.36,
    "stdDev": 41.897016600230614,