{
  "stats": {
    "min": 852,
    "max": 878,
    "mean": 867.2,
    "median": 872,
    "variance": 114.16,
    "stdDev": 10.684568311354464,
    "confidence": 26.529033938837756,
    "low": 853.9354830305812,
    "high": 880.4645169694189,
    "count": 5
  },
  "heap memory": {
    "min": 8730184,
    "max": 8749304,
    "mean": 8738745.6,
    "median": 8739216,
    "variance": 50696483.84,
    "stdDev": 7120.146335574853,
    "confidence": 17678.82410234958,
    "low": 8729906.187948825,
    "high": 8747585.012051174,
    "count": 5
  },
  "rss memory": {
    "min": 564219904,
    "max": 578433024,
    "mean": 569564364.8,
    "median": 567853056,
    "variance": 23354954387292.16,
    "stdDev": 4832696.388900523,
    "confidence": 11999246.275677443,
    "low": 563564741.6621612,
    "high": 575563987.9378387,
    "count": 5
  },
  "external memory": {
    "min": 2847319,
    "max": 2847319,
    "mean": 2847319,
    "median": 2847319,
    "variance": 0,
    "stdDev": 0,
    "confidence": 0,
    "low": 2847319,
    "high": 2847319,
    "count": 5
  },
  "array buffers memory": {
    "min": 10515,
    "max": 10515,
    "mean": 10515,
    "median": 10515,
    "variance": 0,
    "stdDev": 0,
    "confidence": 0,
    "low": 10515,
    "high": 10515,
    "count": 5
  },
  "Compilation.build module graph": {
    "min": 316.169406,
    "max": 323.860515,
    "mean": 320.3561826,
    "median": 319.485977,
    "variance": 7.830311398802712,
    "stdDev": 2.7982693578000513,
    "confidence": 6.947906606970491,
    "low": 316.88222929651477,
    "high": 323.83013590348526,
    "count": 5
  },
  "Compilation.finish modules": {
    "min": 16.278511,
    "max": 17.62549,
    "mean": 17.0508436,
    "median": 17.134136,
    "variance": 0.18880502243943936,
    "stdDev": 0.43451699902240803,
    "confidence": 1.0788752412034555,
    "low": 16.511405979398273,
    "high": 17.590281220601728,
    "count": 5
  },
  "Compilation.seal": {
    "min": 0.003493,
    "max": 0.004563,
    "mean": 0.0041136,
    "median": 0.004189,
    "variance": 1.2359664000000006e-7,
    "stdDev": 0.0003515631379994212,
    "confidence": 0.0008729066208243083,
    "low": 0.003677146689587846,
    "high": 0.004550053310412154,
    "count": 5
  },
  "Compilation.optimize dependencies": {
    "min": 25.858542,
    "max": 28.272511,
    "mean": 26.5735906,
    "median": 26.110873,
    "variance": 0.7740584183682407,
    "stdDev": 0.879805898120853,
    "confidence": 2.1844963549939465,
    "low": 25.481342422503026,
    "high": 27.665838777496973,
    "count": 5
  },
  "Compilation.rebuild chunk graph": {
    "min": 19.196426,
    "max": 20.464624,
    "mean": 19.699026,
    "median": 19.336139,
    "variance": 0.28395310524680034,
    "stdDev": 0.5328725037443763,
    "confidence": 1.323085062958043,
    "low": 19.03748346852098,
    "high": 20.36056853147902,
    "count": 5
  },
  "Compilation.build chunk graph": {
    "min": 19.21058,
    "max": 20.473447,
    "mean": 19.711200199999997,
    "median": 19.345293,
    "variance": 0.2848565561005595,
    "stdDev": 0.5337195481716587,
    "confidence": 1.3251882148781107,
    "low": 19.04860609256094,
    "high": 20.373794307439052,
    "count": 5
  },
  "Compilation.optimize modules": {
    "min": 11.454528,
    "max": 12.703061,
    "mean": 12.1901162,
    "median": 12.287405,
    "variance": 0.18143164166296005,
    "stdDev": 0.4259479330422441,
    "confidence": 1.0575988512186285,
    "low": 11.661316774390686,
    "high": 12.718915625609315,
    "count": 5
  },
  "Compilation.optimize chunks": {
    "min": 22.961902,
    "max": 23.761096,
    "mean": 23.1947386,
    "median": 23.083138,
    "variance": 0.08264952709983978,
    "stdDev": 0.28748830776196754,
    "confidence": 0.7138133101298294,
    "low": 22.837831944935086,
    "high": 23.551645255064916,
    "count": 5
  },
  "Compilation.optimize tree": {
    "min": 0.003281,
    "max": 0.004262,
    "mean": 0.0035822,
    "median": 0.003415,
    "variance": 1.3158616000000002e-7,
    "stdDev": 0.00036274806684529696,
    "confidence": 0.0009006780148861897,
    "low": 0.003131860992556905,
    "high": 0.004032539007443095,
    "count": 5
  },
  "Compilation.optimize chunk modules": {
    "min": 48.584515,
    "max": 51.229129,
    "mean": 49.9438486,
    "median": 49.697523,
    "variance": 0.8853884797746382,
    "stdDev": 0.940950838128453,
    "confidence": 2.336314953685104,
    "low": 48.77569112315745,
    "high": 51.112006076842555,
    "count": 5
  },
  "Compilation.module ids": {
    "min": 1.472159,
    "max": 1.597579,
    "mean": 1.530143,
    "median": 1.530576,
    "variance": 0.0016316845268000025,
    "stdDev": 0.04039411500206438,
    "confidence": 0.1002957552042858,
    "low": 1.4799951223978571,
    "high": 1.580290877602143,
    "count": 5
  },
  "Compilation.chunk ids": {
    "min": 1.604683,
    "max": 1.736794,
    "mean": 1.6959774000000003,
    "median": 1.712722,
    "variance": 0.0022165540430399973,
    "stdDev": 0.047080293574275824,
    "confidence": 0.11689706777906039,
    "low": 1.63752886611047,
    "high": 1.7544259338895305,
    "count": 5
  },
  "Compilation.assign runtime ids": {
    "min": 0.00293,
    "max": 0.003726,
    "mean": 0.0033,
    "median": 0.003311,
    "variance": 7.182120000000003e-8,
    "stdDev": 0.0002679947760684899,
    "confidence": 0.0006654122377781763,
    "low": 0.002967293881110912,
    "high": 0.003632706118889088,
    "count": 5
  },
  "Compilation.optimize code generation": {
    "min": 2.949074,
    "max": 3.215639,
    "mean": 3.0907037999999996,
    "median": 3.091165,
    "variance": 0.008011755542959992,
    "stdDev": 0.08950841045935289,
    "confidence": 0.22224310703916128,
    "low": 2.979582246480419,
    "high": 3.20182535351958,
    "count": 5
  },
  "Compilation.create module hashes": {
    "min": 29.919267,
    "max": 32.094148,
    "mean": 31.286316999999997,
    "median": 31.488132,
    "variance": 0.5311282758187981,
    "stdDev": 0.728785479972535,
    "confidence": 1.8095232459487676,
    "low": 30.381555377025613,
    "high": 32.19107862297438,
    "count": 5
  },
  "Compilation.code generation": {
    "min": 89.474613,
    "max": 95.724258,
    "mean": 92.6044374,
    "median": 92.055071,
    "variance": 4.7729926025514375,
    "stdDev": 2.184717968652118,
    "confidence": 5.424501528580066,
    "low": 89.89218663570996,
    "high": 95.31668816429003,
    "count": 5
  },
  "Compilation.runtime requirements.modules": {
    "min": 0.767172,
    "max": 0.856246,
    "mean": 0.813495,
    "median": 0.811039,
    "variance": 0.0008117086471999999,
    "stdDev": 0.02849050099945594,
    "confidence": 0.0707399162908473,
    "low": 0.7781250418545763,
    "high": 0.8488649581454236,
    "count": 5
  },
  "Compilation.runtime requirements.chunks": {
    "min": 0.087564,
    "max": 0.107959,
    "mean": 0.09726400000000002,
    "median": 0.096422,
    "variance": 0.00005035987479999999,
    "stdDev": 0.007096469178401326,
    "confidence": 0.017620035381275823,
    "low": 0.0884539823093621,
    "high": 0.10607401769063793,
    "count": 5
  },
  "Compilation.runtime requirements.entries": {
    "min": 0.463464,
    "max": 0.498041,
    "mean": 0.47260280000000005,
    "median": 0.467393,
    "variance": 0.00016534485856000013,
    "stdDev": 0.012858649173221895,
    "confidence": 0.03192712427712174,
    "low": 0.4566392378614392,
    "high": 0.4885663621385609,
    "count": 5
  },
  "Compilation.runtime requirements": {
    "min": 1.580415,
    "max": 1.685884,
    "mean": 1.6305418,
    "median": 1.627765,
    "variance": 0.001207065909360001,
    "stdDev": 0.03474285407619818,
    "confidence": 0.08626407057925434,
    "low": 1.5874097647103729,
    "high": 1.6736738352896272,
    "count": 5
  },
  "Compilation.hashing: hash chunks": {
    "min": 0.400794,
    "max": 0.657788,
    "mean": 0.4595148,
    "median": 0.4088,
    "variance": 0.009924542703360004,
    "stdDev": 0.09962199909337296,