{
  "stats": {
    "min": 696,
    "max": 707,
    "mean": 702.8,
    "median": 704,
    "variance": 18.160000000000004,
    "stdDev": 4.261455150532504,
    "confidence": 10.580894334979348,
    "low": 697.5095528325103,
    "high": 708.0904471674896,
    "count": 5
  },
  "heap memory": {
    "min": 71496256,
    "max": 76824264,
    "mean": 75168976,
    "median": 75838480,
    "variance": 3527746779212.8,
    "stdDev": 1878229.6928791218,
    "confidence": 4663512.630114526,
    "low": 72837219.68494274,
    "high": 77500732.31505726,
    "count": 5
  },
  "rss memory": {
    "min": 553771008,
    "max": 564563968,
    "mean": 557813760,
    "median": 555311104,
    "variance": 17146657007206.4,
    "stdDev": 4140852.2078439845,
    "confidence": 10281445.684695005,
    "low": 552673037.1576525,
    "high": 562954482.8423475,
    "count": 5
  },
  "external memory": {
    "min": 21489491,
    "max": 22453452,
    "mean": 21928552.2,
    "median": 21712187,
    "variance": 148712146824.56,
    "stdDev": 385632.13925263024,
    "confidence": 957497.5620931461,
    "low": 21449803.418953426,
    "high": 22407300.981046572,
    "count": 5
  },
  "array buffers memory": {
    "min": 4130961,
    "max": 4306556,
    "mean": 4222392.2,
    "median": 4209134,
    "variance": 3426926286.16,
    "stdDev": 58539.95461357995,
    "confidence": 145350.60261361254,
    "low": 4149716.898693194,
    "high": 4295067.501306807,
    "count": 5
  },
  "Compilation.build module graph": {
    "min": 570,
    "max": 580,
    "mean": 576.8,
    "median": 578,
    "variance": 12.560000000000002,
    "stdDev": 3.5440090293338704,
    "confidence": 8.799525921775512,
    "low": 572.4002370391122,
    "high": 581.1997629608877,
    "count": 5
  },
  "Compilation.finish modules": {
    "min": 18,
    "max": 19,
    "mean": 18.4,
    "median": 18,
    "variance": 0.24,
    "stdDev": 0.4898979485566356,
    "confidence": 1.2163822557074724,
    "low": 17.791808872146262,
    "high": 19.008191127853735,
    "count": 5
  },
  "Compilation.seal": {
    "min": 0,
    "max": 0,
    "mean": 0,
    "median": 0,
    "variance": 0,
    "stdDev": 0,
    "confidence": 0,
    "low": 0,
    "high": 0,
    "count": 5
  },
  "Compilation.optimize dependencies": {
    "min": 0,
    "max": 1,
    "mean": 0.2,
    "median": 0,
    "variance": 0.16000000000000003,
    "stdDev": 0.4,
    "confidence": 0.6965859764431532,
    "low": 0,
    "high": 0.6965859764431532,
    "count": 5
  },
  "Compilation.rebuild chunk graph": {
    "min": 12,
    "max": 13,
    "mean": 12.6,
    "median": 13,
    "variance": 0.24000000000000005,
    "stdDev": 0.48989794855663565,
    "confidence": 1.2163822557074724,
    "low": 11.991808872146263,
    "high": 13.208191127853736,
    "count": 5
  },
  "Compilation.build chunk graph": {
    "min": 12,
    "max": 14,
    "mean": 13.2,
    "median": 13,
    "variance": 0.56,
    "stdDev": 0.7483314773547883,
    "confidence": 1.858054586926876,
    "low": 12.270972706536561,
    "high": 14.129027293463437,
    "count": 5
  },
  "Compilation.optimize modules": {
    "min": 0,
    "max": 0,
    "mean": 0,
    "median": 0,
    "variance": 0,
    "stdDev": 0,
    "confidence": 0,
    "low": 0,
    "high": 0,
    "count": 5
  },
  "Compilation.optimize chunks": {
    "min": 6,
    "max": 6,
    "mean": 6,
    "median": 6,
    "variance": 0,
    "stdDev": 0,
    "confidence": 0,
    "low": 6,
    "high": 6,
    "count": 5
  },
  "Compilation.optimize tree": {
    "min": 0,
    "max": 0,
    "mean": 0,
    "median": 0,
    "variance": 0,
    "stdDev": 0,
    "confidence": 0,
    "low": 0,
    "high": 0,
    "count": 5
  },
  "Compilation.optimize chunk modules": {
    "min": 0,
    "max": 0,
    "mean": 0,
    "median": 0,
    "variance": 0,
    "stdDev": 0,
    "confidence": 0,
    "low": 0,
    "high": 0,
    "count": 5
  },
  "Compilation.module ids": {
    "min": 2,
    "max": 2,
    "mean": 2,
    "median": 2,
    "variance": 0,
    "stdDev": 0,
    "confidence": 0,
    "low": 2,
    "high": 2,
    "count": 5
  },
  "Compilation.chunk ids": {
    "min": 0,
    "max": 0,
    "mean": 0,
    "median": 0,
    "variance": 0,
    "stdDev": 0,
    "confidence": 0,
    "low": 0,
    "high": 0,
    "count": 5
  },
  "Compilation.assign runtime ids": {
    "min": 0,
    "max": 0,
    "mean": 0,
    "median": 0,
    "variance": 0,
    "stdDev": 0,
    "confidence": 0,
    "low": 0,
    "high": 0,
    "count": 5
  },
  "Compilation.optimize code generation": {
    "min": 0,
    "max": 0,
    "mean": 0,
    "median": 0,
    "variance": 0,
    "stdDev": 0,
    "confidence": 0,
    "low": 0,
    "high": 0,
    "count": 5
  },
  "Compilation.create module hashes": {
    "min": 4,
    "max": 5,
    "mean": 4.6,
    "median": 5,
    "variance": 0.24000000000000005,
    "stdDev": 0.48989794855663565,
    "confidence": 1.2163822557074724,
    "low": 3.9918088721462635,
    "high": 5.208191127853736,
    "count": 5
  },
  "Compilation.module code generation cache": {
    "min": 0,
    "max": 0,
    "mean": 0,
    "median": 0,
    "variance": 0,
    "stdDev": 0,
    "confidence": 0,
    "low": 0,
    "high": 0,
    "count": 5
  },
  "Compilation.code generation": {
    "min": 28,
    "max": 29,
    "mean": 28.6,
    "median": 29,
    "variance": 0.24,
    "stdDev": 0.4898979485566356,
    "confidence": 1.2163822557074724,
    "low": 27.991808872146265,
    "high": 29.208191127853738,
    "count": 5
  },
  "Compilation.runtime requirements.modules": {
    "min": 2,
    "max": 2,
    "mean": 2,
    "median": 2,
    "variance": 0,
    "stdDev": 0,
    "confidence": 0,
    "low": 2,
    "high": 2,
    "count": 5
  },
  "Compilation.runtime requirements.chunks": {
    "min": 0,
    "max": 0,
    "mean": 0,
    "median": 0,
    "variance": 0,
    "stdDev": 0,
    "confidence": 0,
    "low": 0,
    "high": 0,
    "count": 5
  },
  "Compilation.runtime requirements.entries": {
    "min": 0,
    "max": 0,
    "mean": 0,
    "median": 0,
    "variance": 0,
    "stdDev": 0,
    "confidence": 0,
    "low": 0,
    "high": 0,
    "count": 5
  },
  "Compilation.runtime requirements": {
    "min": 3,
    "max": 3,
    "mean": 3,
    "median": 3,
    "variance": 0,
    "stdDev": 0,
    "confidence": 0,
    "low": 3,
    "high": 3,
    "count": 5
  },
  "Compilation.hashing: hash chunks": {
    "min": 0,
    "max": 0,
    "mean": 0,
    "median": 0,
    "variance": 0,
    "stdDev": 0,
    "confidence": 0,
    "low": 0,
    "high": 0,
    "count": 5
  },
  "Compilation.hashing: hash runtime chunks": {
    "min": 2,
    "max": 2,
    "mean": 2,
    "median": 2,
    "variance": 0,
    "stdDev": 0,
    "confidence": 0,
    "low": 2,
    "high": 2,
    "count": 5
  },
  "Compilation.hashing: process full hash chunks": {
    "min": 0,
    "max": 0,
    "mean": 0,
    "median": 0,
    "variance": 0,
    "stdDev": 0,
    "confidence": 0,
    "low": 0,
    "high": 0,
    "count": 5
  },
  "Compilation.hashing": {
    "min": 2,
    "max": 2,
    "mean": 2,
    "median": 2,
    "variance": 0,
    "stdDev": 0,
    "confidence": 0,
    "low": 2,
    "high": 2,
    "count": 5
  },
  "Compilation.create module assets": {
    "min": 0,
    "max": 0,
    "mean": 0,
    "median": 0,
    "variance": 0,
    "stdDev": 0,
    "confidence": 0,
    "low": 0,
    "high": 0,
    "count": 5
  },
  "Compilation.create chunk assets": {
    "min": 4,
    "max": 5,
    "mean": 4.4,
    "median": 4,
    "variance": 0.24000000000000005,
    "stdDev": 0.48989794855663565,
    "confidence": 1.2163822557074724,
    "low": 3.791808872146264,
    "high": 5.0081911278537365,
    "count": 5
  },
  "Compilation.process assets": {
    "min": 0,
    "max": 0,
    "mean": 0,
    "median": 0,
    "variance": 0,
    "stdDev": 0,
    "confidence": 0,
    "low": 0,
    "high": 0,
    "count": 5
  },
  "Compilation.after process assets": {
    "min": 0,
    "max": 0,
    "mean": 0,
    "median": 0,
    "variance": 0,
    "stdDev": 0,
    "confidence": 0,