{
  "stats": {
    "min": 3437,
    "max": 3484,
    "mean": 3466,
    "median": 3466,
    "variance": 298,
    "stdDev": 17.26267650163207,
    "confidence": 42.8620153329266,
    "low": 3444.5689923335367,
    "high": 3487.4310076664633,
    "count": 5
  },
  "heap memory": {
    "min": 10010264,
    "max": 10031984,
    "mean": 10022393.6,
    "median": 10026256,
    "variance": 64305699.84000001,
    "stdDev": 8019.083478802301,
    "confidence": 19910.821997500956,
    "low": 10012438.18900125,
    "high": 10032349.01099875,
    "count": 5
  },
  "rss memory": {
    "min": 698302464,
    "max": 728465408,
    "mean": 716605849.6,
    "median": 723513344,
    "variance": 130820466582487.05,
    "stdDev": 11437677.499496436,
    "confidence": 28398951.246646643,
    "low": 702406373.9766767,
    "high": 730805325.2233233,
    "count": 5
  },
  "external memory": {
    "min": 1747292,
    "max": 1747292,
    "mean": 1747292,
    "median": 1747292,
    "variance": 0,
    "stdDev": 0,
    "confidence": 0,
    "low": 1747292,
    "high": 1747292,
    "count": 5
  },
  "array buffers memory": {
    "min": 16663,
    "max": 16663,
    "mean": 16663,
    "median": 16663,
    "variance": 0,
    "stdDev": 0,
    "confidence": 0,
    "low": 16663,
    "high": 16663,
    "count": 5
  },
  "Compilation.finish modules": {
    "min": 12,
    "max": 13,
    "mean": 12.6,
    "median": 13,
    "variance": 0.24000000000000005,
    "stdDev": 0.48989794855663565,
    "confidence": 1.2163822557074724,
    "low": 11.991808872146263,
    "high": 13.208191127853736,
    "count": 5
  },
  "Compilation.optimize dependencies": {
    "min": 26,
    "max": 28,
    "mean": 26.8,
    "median": 27,
    "variance": 0.56,
    "stdDev": 0.7483314773547883,
    "confidence": 1.858054586926876,
    "low": 25.870972706536563,
    "high": 27.72902729346344,
    "count": 5
  },
  "Compilation.rebuild chunk graph": {
    "min": 10,
    "max": 12,
    "mean": 11,
    "median": 11,
    "variance": 0.4,
    "stdDev": 0.6324555320336759,
    "confidence": 1.570342739659086,
    "low": 10.214828630170457,
    "high": 11.785171369829543,
    "count": 5
  },
  "Compilation.create chunks": {
    "min": 19,
    "max": 20,
    "mean": 19.6,
    "median": 20,
    "variance": 0.24,
    "stdDev": 0.4898979485566356,
    "confidence": 1.2163822557074724,
    "low": 18.991808872146265,
    "high": 20.208191127853738,
    "count": 5
  },
  "Compilation.optimize": {
    "min": 26,
    "max": 29,
    "mean": 27.2,
    "median": 27,
    "variance": 1.3599999999999999,
    "stdDev": 1.16619037896906,
    "confidence": 2.895568940294808,
    "low": 25.752215529852595,
    "high": 28.647784470147403,
    "count": 5
  },
  "Compilation.module ids": {
    "min": 0,
    "max": 0,
    "mean": 0,
    "median": 0,
    "variance": 0,
    "stdDev": 0,
    "confidence": 0,
    "low": 0,
    "high": 0,
    "count": 5
  },
  "Compilation.chunk ids": {
    "min": 0,
    "max": 0,
    "mean": 0,
    "median": 0,
    "variance": 0,
    "stdDev": 0,
    "confidence": 0,
    "low": 0,
    "high": 0,
    "count": 5
  },
  "Compilation.optimize code generation": {
    "min": 3,
    "max": 3,
    "mean": 3,
    "median": 3,
    "variance": 0,
    "stdDev": 0,
    "confidence": 0,
    "low": 3,
    "high": 3,
    "count": 5
  },
  "Compilation.module code generation cache": {
    "min": 0,
    "max": 0,
    "mean": 0,
    "median": 0,
    "variance": 0,
    "stdDev": 0,
    "confidence": 0,
    "low": 0,
    "high": 0,
    "count": 5
  },
  "Compilation.code generation": {
    "min": 140,
    "max": 145,
    "mean": 142.4,
    "median": 142,
    "variance": 3.44,
    "stdDev": 1.8547236990991407,
    "confidence": 4.605148895746993,
    "low": 140.0974255521265,
    "high": 144.7025744478735,
    "count": 5
  },
  "Compilation.runtime requirements.modules": {
    "min": 1,
    "max": 1,
    "mean": 1,
    "median": 1,
    "variance": 0,
    "stdDev": 0,
    "confidence": 0,
    "low": 1,
    "high": 1,
    "count": 5
  },
  "Compilation.runtime requirements.chunks": {
    "min": 0,
    "max": 0,
    "mean": 0,
    "median": 0,
    "variance": 0,
    "stdDev": 0,
    "confidence": 0,
    "low": 0,
    "high": 0,
    "count": 5
  },
  "Compilation.runtime requirements.entries": {
    "min": 0,
    "max": 0,
    "mean": 0,
    "median": 0,
    "variance": 0,
    "stdDev": 0,
    "confidence": 0,
    "low": 0,
    "high": 0,
    "count": 5
  },
  "Compilation.runtime requirements": {
    "min": 1,
    "max": 2,
    "mean": 1.4,
    "median": 1,
    "variance": 0.24,
    "stdDev": 0.4898979485566356,
    "confidence": 1.216382255707473,
    "low": 0.7918088721462635,
    "high": 2.0081911278537365,
    "count": 5
  },
  "Compilation.hashing: hash chunks": {
    "min": 0,
    "max": 0,
    "mean": 0,
    "median": 0,
    "variance": 0,
    "stdDev": 0,
    "confidence": 0,
    "low": 0,
    "high": 0,
    "count": 5
  },
  "Compilation.hashing: hash runtime chunks": {
    "min": 0,
    "max": 1,
    "mean": 0.6,
    "median": 1,
    "variance": 0.24000000000000005,
    "stdDev": 0.48989794855663565,
    "confidence": 1.2081911278537363,
    "low": 0,
    "high": 1.2081911278537363,
    "count": 5
  },
  "Compilation.hashing: process full hash chunks": {
    "min": 0,
    "max": 0,
    "mean": 0,
    "median": 0,
    "variance": 0,
    "stdDev": 0,
    "confidence": 0,
    "low": 0,
    "high": 0,
    "count": 5
  },
  "Compilation.hashing": {
    "min": 0,
    "max": 1,
    "mean": 0.6,
    "median": 1,
    "variance": 0.24000000000000005,
    "stdDev": 0.48989794855663565,
    "confidence": 1.2081911278537363,
    "low": 0,
    "high": 1.2081911278537363,
    "count": 5
  },
  "Compilation.create module assets": {
    "min": 0,
    "max": 0,
    "mean": 0,
    "median": 0,
    "variance": 0,
    "stdDev": 0,
    "confidence": 0,
    "low": 0,
    "high": 0,
    "count": 5
  },
  "Compilation.create chunk assets": {
    "min": 0,
    "max": 0,
    "mean": 0,
    "median": 0,
    "variance": 0,
    "stdDev": 0,
    "confidence": 0,
    "low": 0,
    "high": 0,
    "count": 5
  },
  "Compilation.process assets": {
    "min": 3041,
    "max": 3091,
    "mean": 3068.4,
    "median": 3073,
    "variance": 300.64,
    "stdDev": 17.338973441354593,
    "confidence": 43.0514552844852,
    "low": 3046.8742723577575,
    "high": 3089.9257276422427,
    "count": 5
  },
  "Compilation.after process assets": {
    "min": 0,
    "max": 0,
    "mean": 0,
    "median": 0,
    "variance": 0,
    "stdDev": 0,
    "confidence": 0,
    "low": 0,
    "high": 0,
    "count": 5
  },
  "Compilation.after seal": {
    "min": 0,
    "max": 0,
    "mean": 0,
    "median": 0,
    "variance": 0,
    "stdDev": 0,
    "confidence": 0,
    "low": 0,
    "high": 0,
    "count": 5
  },
  "Compiler.make hook": {
    "min": 64,
    "max": 66,
    "mean": 65.2,
    "median": 65,
    "variance": 0.5599999999999999,
    "stdDev": 0.7483314773547882,
    "confidence": 1.858054586926869,
    "low": 64.27097270653657,
    "high": 66.12902729346344,
    "count": 5
  },
  "Compiler.make": {
    "min": 64,
    "max": 67,
    "mean": 66,
    "median": 66,
    "variance": 1.2,
    "stdDev": 1.0954451150103321,
    "confidence": 2.7199134103864537,
    "low": 64.64004329480677,
    "high": 67.35995670519323,
    "count": 5
  },
  "Compiler.finish make hook": {
    "min": 0,
    "max": 0,
    "mean": 0,
    "median": 0,
    "variance": 0,
    "stdDev": 0,
    "confidence": 0,
    "low": 0,
    "high": 0,
    "count": 5
  },
  "Compiler.finish compilation": {
    "min": 17,
    "max": 18,
    "mean": 17.8,
    "median": 18,
    "variance": 0.15999999999999998,
    "stdDev": 0.39999999999999997,
    "confidence": 0.993171952886307,
    "low": 17.303414023556847,
    "high": 18.296585976443154,
    "count": 5
  },
  "Compiler.seal compilation": {
    "min": 3279,
    "max": 3329,
    "mean": 3308.2,
    "median": 3312,
    "variance": 334.96000000000004,