{
  "stats": {
    "min": 929.2727272727273,
    "max": 936.0909090909091,
    "mean": 931.8727272727274,
    "median": 930.3636363636364,
    "variance": 6.560661157024812,
    "stdDev": 2.5613787609459115,
    "confidence": 6.359723865225305,
    "low": 928.6928653401147,
    "high": 935.05258920534,
    "count": 5
  },
  "heap memory": {
    "min": 21580573.09090909,
    "max": 21617831.272727273,
    "mean": 21599904,
    "median": 21604307.636363637,
    "variance": 170872626.98844305,
    "stdDev": 13071.825694540265,
    "confidence": 32456.426632091403,
    "low": 21583675.786683954,
    "high": 21616132.213316046,
    "count": 5
  },
  "rss memory": {
    "min": 864721826.9090909,
    "max": 937343162.1818181,
    "mean": 891998878.2545455,
    "median": 878014091.6363636,
    "variance": 746660164989751.9,
    "stdDev": 27325083.073794156,
    "confidence": 67846265.2979517,
    "low": 858075745.6055696,
    "high": 925922010.9035213,
    "count": 5
  },
  "external memory": {
    "min": 39909990.72727273,
    "max": 39910811.81818182,
    "mean": 39910349.7090909,
    "median": 39910067.09090909,
    "variance": 143140.72859527724,
    "stdDev": 378.33943568610084,
    "confidence": 939.3902904838324,
    "low": 39909880.01394566,
    "high": 39910819.404236145,
    "count": 5
  },
  "array buffers memory": {
    "min": 138752.45454545456,
    "max": 139497.18181818182,
    "mean": 139050.34545454546,
    "median": 138752.45454545456,
    "variance": 133108.49057850958,
    "stdDev": 364.8403631432651,
    "confidence": 905.8730398868793,
    "low": 138597.40893460202,
    "high": 139503.2819744889,
    "count": 5
  },
  "Compilation.make hook": {
    "min": 0,
    "max": 0,
    "mean": 0,
    "median": 0,
    "variance": 0,
    "stdDev": 0,
    "confidence": 0,
    "low": 0,
    "high": 0,
    "count": 5
  },
  "Compilation.module add task": {
    "min": 3.5454545454545454,
    "max": 4,
    "mean": 3.781818181818182,
    "median": 3.8181818181818183,
    "variance": 0.02842975206611572,
    "stdDev": 0.1686112453726492,
    "confidence": 0.4186498996133654,
    "low": 3.5724932320114995,
    "high": 3.991143131624865,
    "count": 5
  },
  "Compilation.module process dependencies task": {
    "min": 3.1818181818181817,
    "max": 3.3636363636363638,
    "mean": 3.327272727272727,
    "median": 3.3636363636363638,
    "variance": 0.005289256198347124,
    "stdDev": 0.07272727272727285,
    "confidence": 0.1805767187066012,
    "low": 3.2369843679194266,
    "high": 3.4175610866260278,
    "count": 5
  },
  "Compilation.module factorize task": {
    "min": 1.5454545454545454,
    "max": 2,
    "mean": 1.781818181818182,
    "median": 1.8181818181818181,
    "variance": 0.02181818181818182,
    "stdDev": 0.14770978917519928,
    "confidence": 0.3667530494388931,
    "low": 1.5984416570987354,
    "high": 1.9651947065376285,
    "count": 5
  },
  "Compilation.module build task": {
    "min": 0.45454545454545453,
    "max": 1,
    "mean": 0.7636363636363637,
    "median": 0.8181818181818182,
    "variance": 0.03834710743801653,
    "stdDev": 0.19582417480489106,
    "confidence": 0.4862176952833077,
    "low": 0.5205275159947098,
    "high": 1.0067452112780175,
    "count": 5
  },
  "Compilation.module build cache": {
    "min": 0,
    "max": 0.7545454545454546,
    "mean": 0.6036363636363637,
    "median": 0.7545454545454546,
    "variance": 0.09109421487603306,
    "stdDev": 0.3018181818181818,
    "confidence": 0.7493933826323949,
    "low": 0.22893967232016632,
    "high": 0.9783330549525612,
    "count": 5
  },
  "Compilation.module factorize cache": {
    "min": 98.64545454545456,
    "max": 98.70000000000003,
    "mean": 98.68909090909094,
    "median": 98.70000000000003,
    "variance": 0.0004760330578516141,
    "stdDev": 0.0218181818181904,
    "confidence": 0.05417301561200816,
    "low": 98.66200440128493,
    "high": 98.71617741689694,
    "count": 5
  },
  "Compilation.finish modules": {
    "min": 0,
    "max": 0,
    "mean": 0,
    "median": 0,
    "variance": 0,
    "stdDev": 0,
    "confidence": 0,
    "low": 0,
    "high": 0,
    "count": 5
  },
  "Compilation.optimize dependencies": {
    "min": 0,
    "max": 0,
    "mean": 0,
    "median": 0,
    "variance": 0,
    "stdDev": 0,
    "confidence": 0,
    "low": 0,
    "high": 0,
    "count": 5
  },
  "Compilation.create chunks": {
    "min": 22.181818181818183,
    "max": 23.09090909090909,
    "mean": 22.654545454545456,
    "median": 22.545454545454547,
    "variance": 0.11702479338842933,
    "stdDev": 0.34208886767684993,
    "confidence": 0.849382671928204,
    "low": 22.229854118581354,
    "high": 23.079236790509558,
    "count": 5
  },
  "Compilation.optimize": {
    "min": 0,
    "max": 0,
    "mean": 0,
    "median": 0,
    "variance": 0,
    "stdDev": 0,
    "confidence": 0,
    "low": 0,
    "high": 0,
    "count": 5
  },
  "Compilation.module ids": {
    "min": 5.181818181818182,
    "max": 5.454545454545454,
    "mean": 5.327272727272726,
    "median": 5.363636363636363,
    "variance": 0.008595041322314034,
    "stdDev": 0.09270944570168692,
    "confidence": 0.23019105309637844,
    "low": 5.212177200724537,
    "high": 5.4423682538209155,
    "count": 5
  },
  "Compilation.chunk ids": {
    "min": 0,
    "max": 0,
    "mean": 0,
    "median": 0,
    "variance": 0,
    "stdDev": 0,
    "confidence": 0,
    "low": 0,
    "high": 0,
    "count": 5
  },
  "Compilation.module code generation cache": {
    "min": 99.70000000000003,
    "max": 99.72727272727275,
    "mean": 99.72181818181821,
    "median": 99.72727272727275,
    "variance": 0.00011900826446271751,
    "stdDev": 0.010909090909086674,
    "confidence": 0.027086507805989868,
    "low": 99.70827492791521,
    "high": 99.7353614357212,
    "count": 5
  },
  "Compilation.code generation": {
    "min": 6.090909090909091,
    "max": 6.2727272727272725,
    "mean": 6.218181818181819,
    "median": 6.2727272727272725,
    "variance": 0.0052892561983470966,
    "stdDev": 0.07272727272727265,
    "confidence": 0.1805767187066003,
    "low": 6.1278934588285185,
    "high": 6.308470177535119,
    "count": 5
  },
  "Compilation.runtime requirements.modules": {
    "min": 2,
    "max": 2.272727272727273,
    "mean": 2.1090909090909093,
    "median": 2.090909090909091,
    "variance": 0.007933884297520675,
    "stdDev": 0.08907235428302474,
    "confidence": 0.22116041012863175,
    "low": 1.9985107040265935,
    "high": 2.2196711141552252,
    "count": 5
  },
  "Compilation.runtime requirements.chunks": {
    "min": 0,
    "max": 0,
    "mean": 0,
    "median": 0,
    "variance": 0,
    "stdDev": 0,
    "confidence": 0,
    "low": 0,
    "high": 0,
    "count": 5
  },
  "Compilation.runtime requirements.entries": {
    "min": 0,
    "max": 0,
    "mean": 0,
    "median": 0,
    "variance": 0,
    "stdDev": 0,
    "confidence": 0,
    "low": 0,
    "high": 0,
    "count": 5
  },
  "Compilation.runtime requirements": {
    "min": 3.090909090909091,
    "max": 3.6363636363636362,
    "mean": 3.418181818181818,
    "median": 3.4545454545454546,
    "variance": 0.035041322314049585,
    "stdDev": 0.18719327529067273,
    "confidence": 0.4647877769690538,
    "low": 3.185787929697291,
    "high": 3.650575706666345,
    "count": 5
  },
  "Compilation.hashing: hash chunks": {
    "min": 0,
    "max": 0,
    "mean": 0,
    "median": 0,
    "variance": 0,
    "stdDev": 0,
    "confidence": 0,
    "low": 0,
    "high": 0,
    "count": 5
  },
  "Compilation.hashing: hash runtime chunks": {
    "min": 7,
    "max": 7,
    "mean": 7,
    "median": 7,
    "variance": 0,
    "stdDev": 0,
    "confidence": 0,
    "low": 7,
    "high": 7,
    "count": 5
  },
  "Compilation.hashing: process full hash chunks": {
    "min": 0,
    "max": 0,
    "mean": 0,
    "median": 0,
    "variance": 0,
    "stdDev": 0,
    "confidence": 0,
    "low": 0,
    "high": 0,
    "count": 5
  },
  "Compilation.hashing": {
    "min": 7,
    "max": 7,