{
  "stats": {
    "min": 2646,
    "max": 2791,
    "mean": 2694.4,
    "median": 2683,
    "variance": 2625.84,
    "stdDev": 51.24295073471082,
    "confidence": 127.2326536321234,
    "low": 2630.7836731839384,
    "high": 2758.016326816062,
    "count": 5
  },
  "heap memory": {
    "min": 59629952,
    "max": 60215176,
    "mean": 59865475.2,
    "median": 59821664,
    "variance": 39236883727.36,
    "stdDev": 198083.0223097376,
    "confidence": 491826.2552524656,
    "low": 59619562.07237377,
    "high": 60111388.327626236,
    "count": 5
  },
  "rss memory": {
    "min": 616546304,
    "max": 655773696,
    "mean": 638638489.6,
    "median": 640569344,
    "variance": 170796116281917.44,
    "stdDev": 13068898.816729642,
    "confidence": 32449159.399712324,
    "low": 622413909.9001439,
    "high": 654863069.2998562,
    "count": 5
  },
  "external memory": {
    "min": 28571600,
    "max": 28579792,
    "mean": 28578153.6,
    "median": 28579792,
    "variance": 10737418.239999998,
    "stdDev": 3276.7999999999997,
    "confidence": 8136.06463804096,
    "low": 28574085.56768098,
    "high": 28582221.632319022,
    "count": 5
  },
  "array buffers memory": {
    "min": 581275,
    "max": 589467,
    "mean": 587828.6,
    "median": 589467,
    "variance": 10737418.24,
    "stdDev": 3276.8,
    "confidence": 8136.064638044685,
    "low": 583760.5676809776,
    "high": 591896.6323190223,
    "count": 5
  },
  "Compilation.finish modules": {
    "min": 6,
    "max": 11,
    "mean": 8,
    "median": 7,
    "variance": 2.8,
    "stdDev": 1.6733200530681511,
    "confidence": 4.154736362273784,
    "low": 5.922631818863108,
    "high": 10.077368181136892,
    "count": 5
  },
  "Compilation.optimize dependencies": {
    "min": 12,
    "max": 14,
    "mean": 12.4,
    "median": 12,
    "variance": 0.6399999999999999,
    "stdDev": 0.7999999999999999,
    "confidence": 1.986343905772614,
    "low": 11.406828047113693,
    "high": 13.393171952886307,
    "count": 5
  },
  "Compilation.rebuild chunk graph": {
    "min": 8,
    "max": 9,
    "mean": 8.2,
    "median": 8,
    "variance": 0.16,
    "stdDev": 0.4,
    "confidence": 0.993171952886307,
    "low": 7.703414023556846,
    "high": 8.696585976443153,
    "count": 5
  },
  "Compilation.create chunks": {
    "min": 14,
    "max": 16,
    "mean": 15,
    "median": 15,
    "variance": 0.4,
    "stdDev": 0.6324555320336759,
    "confidence": 1.570342739659086,
    "low": 14.214828630170457,
    "high": 15.785171369829543,
    "count": 5
  },
  "Compilation.optimize": {
    "min": 13,
    "max": 13,
    "mean": 13,
    "median": 13,
    "variance": 0,
    "stdDev": 0,
    "confidence": 0,
    "low": 13,
    "high": 13,
    "count": 5
  },
  "Compilation.module ids": {
    "min": 1,
    "max": 1,
    "mean": 1,
    "median": 1,
    "variance": 0,
    "stdDev": 0,
    "confidence": 0,
    "low": 1,
    "high": 1,
    "count": 5
  },
  "Compilation.chunk ids": {
    "min": 1,
    "max": 1,
    "mean": 1,
    "median": 1,
    "variance": 0,
    "stdDev": 0,
    "confidence": 0,
    "low": 1,
    "high": 1,
    "count": 5
  },
  "Compilation.optimize code generation": {
    "min": 0,
    "max": 1,
    "mean": 0.2,
    "median": 0,
    "variance": 0.16000000000000003,
    "stdDev": 0.4,
    "confidence": 0.6965859764431532,
    "low": 0,
    "high": 0.6965859764431532,
    "count": 5
  },
  "Compilation.code generation": {
    "min": 39,
    "max": 43,
    "mean": 41,
    "median": 41,
    "variance": 2,
    "stdDev": 1.4142135623730951,
    "confidence": 3.5113931138509713,
    "low": 39.244303443074514,
    "high": 42.755696556925486,
    "count": 5
  },
  "Compilation.runtime requirements.modules": {
    "min": 0,
    "max": 0,
    "mean": 0,
    "median": 0,
    "variance": 0,
    "stdDev": 0,
    "confidence": 0,
    "low": 0,
    "high": 0,
    "count": 5
  },
  "Compilation.runtime requirements.chunks": {
    "min": 0,
    "max": 0,
    "mean": 0,
    "median": 0,
    "variance": 0,
    "stdDev": 0,
    "confidence": 0,
    "low": 0,
    "high": 0,
    "count": 5
  },
  "Compilation.runtime requirements.entries": {
    "min": 0,
    "max": 0,
    "mean": 0,
    "median": 0,
    "variance": 0,
    "stdDev": 0,
    "confidence": 0,
    "low": 0,
    "high": 0,
    "count": 5
  },
  "Compilation.runtime requirements": {
    "min": 1,
    "max": 1,
    "mean": 1,
    "median": 1,
    "variance": 0,
    "stdDev": 0,
    "confidence": 0,
    "low": 1,
    "high": 1,
    "count": 5
  },
  "Compilation.hashing: hash chunks": {
    "min": 0,
    "max": 0,
    "mean": 0,
    "median": 0,
    "variance": 0,
    "stdDev": 0,
    "confidence": 0,
    "low": 0,
    "high": 0,
    "count": 5
  },
  "Compilation.hashing: hash runtime chunks": {
    "min": 0,
    "max": 0,
    "mean": 0,
    "median": 0,
    "variance": 0,
    "stdDev": 0,
    "confidence": 0,
    "low": 0,
    "high": 0,
    "count": 5
  },
  "Compilation.hashing: process full hash chunks": {
    "min": 0,
    "max": 0,
    "mean": 0,
    "median": 0,
    "variance": 0,
    "stdDev": 0,
    "confidence": 0,
    "low": 0,
    "high": 0,
    "count": 5
  },
  "Compilation.hashing": {
    "min": 1,
    "max": 2,
    "mean": 1.2,
    "median": 1,
    "variance": 0.16,
    "stdDev": 0.4,
    "confidence": 0.9931719528863066,
    "low": 0.7034140235568467,
    "high": 1.6965859764431532,
    "count": 5
  },
  "Compilation.create module assets": {
    "min": 0,
    "max": 0,
    "mean": 0,
    "median": 0,
    "variance": 0,
    "stdDev": 0,
    "confidence": 0,
    "low": 0,
    "high": 0,
    "count": 5
  },
  "Compilation.create chunk assets": {
    "min": 1,
    "max": 2,
    "mean": 1.6,
    "median": 2,
    "variance": 0.24,
    "stdDev": 0.4898979485566356,
    "confidence": 1.216382255707473,
    "low": 0.9918088721462637,
    "high": 2.2081911278537367,
    "count": 5
  },
  "Compilation.process assets": {
    "min": 1340,
    "max": 1437,
    "mean": 1362.6,
    "median": 1346,
    "variance": 1394.6399999999999,
    "stdDev": 37.34487916702904,
    "confidence": 92.72471643155359,
    "low": 1316.2376417842231,
    "high": 1408.9623582157767,
    "count": 5
  },
  "Compilation.after process assets": {
    "min": 0,
    "max": 0,
    "mean": 0,
    "median": 0,
    "variance": 0,
    "stdDev": 0,
    "confidence": 0,
    "low": 0,
    "high": 0,
    "count": 5
  },
  "Compilation.after seal": {
    "min": 0,
    "max": 0,
    "mean": 0,
    "median": 0,
    "variance": 0,
    "stdDev": 0,
    "confidence": 0,
    "low": 0,
    "high": 0,
    "count": 5
  },
  "Compiler.make hook": {
    "min": 0,
    "max": 0,
    "mean": 0,
    "median": 0,
    "variance": 0,
    "stdDev": 0,
    "confidence": 0,
    "low": 0,
    "high": 0,
    "count": 5
  },
  "Compiler.make": {
    "min": 1126,
    "max": 1169,
    "mean": 1144.4,
    "median": 1149,
    "variance": 262.24,
    "stdDev": 16.19382598399773,
    "confidence": 40.208134443069866,
    "low": 1124.2959327784652,
    "high": 1164.504067221535,
    "count": 5
  },
  "Compiler.finish make hook": {
    "min": 0,
    "max": 0,
    "mean": 0,
    "median": 0,
    "variance": 0,
    "stdDev": 0,
    "confidence": 0,
    "low": 0,
    "high": 0,
    "count": 5
  },
  "Compiler.finish compilation": {
    "min": 0,
    "max": 0,
    "mean": 0,
    "median": 0,
    "variance": 0,
    "stdDev": 0,
    "confidence": 0,
    "low": 0,
    "high": 0,
    "count": 5
  },
  "Compiler.seal compilation": {
    "min": 2574,
    "max": 2701,
    "mean": 2619.6,
    "median": 2609,
    "variance": 2140.64,
    "stdDev": 46.26705091098848,
    "confidence": 114.87784326889141,
    "low": 2562.161078365554,
    "high": 2677.0389216344456,
    "count": 5
  },
  "Compiler.emitAssets": {
    "min": 46,
    "max": 76,
    "mean": 61.4,
    "median": 60,
    "variance": 95.84,
    "stdDev": 9.789790600416334,
    "confidence": 24.307363622408744,
    "low": 49.24631818879563,
    "high": 73.55368181120437,