{
  "stats": {
    "min": 2359,
    "max": 2395,
    "mean": 2375.2,
    "median": 2376,
    "variance": 139.35999999999999,
    "stdDev": 11.805083650698965,
    "confidence": 29.3111949583772,
    "low": 2360.544402520811,
    "high": 2389.8555974791884,
    "count": 5
  },
  "heap memory": {
    "min": 8634144,
    "max": 8742280,
    "mean": 8665502.4,
    "median": 8649808,
    "variance": 1529510384.6399999,
    "stdDev": 39108.95529977757,
    "confidence": 97104.79377605766,
    "low": 8616950.003111972,
    "high": 8714054.79688803,
    "count": 5
  },
  "rss memory": {
    "min": 651681792,
    "max": 665534464,
    "mean": 659630489.6,
    "median": 658653184,
    "variance": 28388147373015.04,
    "stdDev": 5328052.868826945,
    "confidence": 13229181.682035923,
    "low": 653015898.7589821,
    "high": 666245080.441018,
    "count": 5
  },
  "external memory": {
    "min": 7695124,
    "max": 7695124,
    "mean": 7695124,
    "median": 7695124,
    "variance": 0,
    "stdDev": 0,
    "confidence": 0,
    "low": 7695124,
    "high": 7695124,
    "count": 5
  },
  "array buffers memory": {
    "min": 5880783,
    "max": 5880783,
    "mean": 5880783,
    "median": 5880783,
    "variance": 0,
    "stdDev": 0,
    "confidence": 0,
    "low": 5880783,
    "high": 5880783,
    "count": 5
  },
  "Compilation.build module graph": {
    "min": 54,
    "max": 57,
    "mean": 56,
    "median": 56,
    "variance": 1.2,
    "stdDev": 1.0954451150103321,
    "confidence": 2.7199134103864395,
    "low": 54.64004329480678,
    "high": 57.35995670519322,
    "count": 5
  },
  "Compilation.finish modules": {
    "min": 13,
    "max": 15,
    "mean": 14,
    "median": 14,
    "variance": 0.4,
    "stdDev": 0.6324555320336759,
    "confidence": 1.570342739659086,
    "low": 13.214828630170457,
    "high": 14.785171369829543,
    "count": 5
  },
  "Compilation.seal": {
    "min": 0,
    "max": 0,
    "mean": 0,
    "median": 0,
    "variance": 0,
    "stdDev": 0,
    "confidence": 0,
    "low": 0,
    "high": 0,
    "count": 5
  },
  "Compilation.optimize dependencies": {
    "min": 27,
    "max": 30,
    "mean": 28.4,
    "median": 29,
    "variance": 1.4400000000000002,
    "stdDev": 1.2000000000000002,
    "confidence": 2.979515858658921,
    "low": 26.910242070670538,
    "high": 29.88975792932946,
    "count": 5
  },
  "Compilation.rebuild chunk graph": {
    "min": 12,
    "max": 14,
    "mean": 13,
    "median": 13,
    "variance": 0.4,
    "stdDev": 0.6324555320336759,
    "confidence": 1.570342739659086,
    "low": 12.214828630170457,
    "high": 13.785171369829543,
    "count": 5
  },
  "Compilation.build chunk graph": {
    "min": 13,
    "max": 15,
    "mean": 14,
    "median": 14,
    "variance": 0.4,
    "stdDev": 0.6324555320336759,
    "confidence": 1.570342739659086,
    "low": 13.214828630170457,
    "high": 14.785171369829543,
    "count": 5
  },
  "Compilation.optimize modules": {
    "min": 0,
    "max": 0,
    "mean": 0,
    "median": 0,
    "variance": 0,
    "stdDev": 0,
    "confidence": 0,
    "low": 0,
    "high": 0,
    "count": 5
  },
  "Compilation.optimize chunks": {
    "min": 7,
    "max": 7,
    "mean": 7,
    "median": 7,
    "variance": 0,
    "stdDev": 0,
    "confidence": 0,
    "low": 7,
    "high": 7,
    "count": 5
  },
  "Compilation.optimize tree": {
    "min": 0,
    "max": 0,
    "mean": 0,
    "median": 0,
    "variance": 0,
    "stdDev": 0,
    "confidence": 0,
    "low": 0,
    "high": 0,
    "count": 5
  },
  "Compilation.optimize chunk modules": {
    "min": 29,
    "max": 32,
    "mean": 30,
    "median": 30,
    "variance": 1.2,
    "stdDev": 1.0954451150103321,
    "confidence": 2.7199134103864395,
    "low": 28.64004329480678,
    "high": 31.35995670519322,
    "count": 5
  },
  "Compilation.module ids": {
    "min": 0,
    "max": 0,
    "mean": 0,
    "median": 0,
    "variance": 0,
    "stdDev": 0,
    "confidence": 0,
    "low": 0,
    "high": 0,
    "count": 5
  },
  "Compilation.chunk ids": {
    "min": 0,
    "max": 0,
    "mean": 0,
    "median": 0,
    "variance": 0,
    "stdDev": 0,
    "confidence": 0,
    "low": 0,
    "high": 0,
    "count": 5
  },
  "Compilation.assign runtime ids": {
    "min": 0,
    "max": 0,
    "mean": 0,
    "median": 0,
    "variance": 0,
    "stdDev": 0,
    "confidence": 0,
    "low": 0,
    "high": 0,
    "count": 5
  },
  "Compilation.optimize code generation": {
    "min": 3,
    "max": 4,
    "mean": 3.6,
    "median": 4,
    "variance": 0.24,
    "stdDev": 0.4898979485566356,
    "confidence": 1.2163822557074733,
    "low": 2.9918088721462635,
    "high": 4.208191127853737,
    "count": 5
  },
  "Compilation.create module hashes": {
    "min": 15,
    "max": 17,
    "mean": 16,
    "median": 16,
    "variance": 0.4,
    "stdDev": 0.6324555320336759,
    "confidence": 1.5703427396590843,
    "low": 15.214828630170457,
    "high": 16.78517136982954,
    "count": 5
  },
  "Compilation.module code generation cache": {
    "min": 0,
    "max": 0,
    "mean": 0,
    "median": 0,
    "variance": 0,
    "stdDev": 0,
    "confidence": 0,
    "low": 0,
    "high": 0,
    "count": 5
  },
  "Compilation.code generation": {
    "min": 117,
    "max": 121,
    "mean": 119.6,
    "median": 120,
    "variance": 2.2399999999999998,
    "stdDev": 1.4966629547095764,
    "confidence": 3.716109173853738,
    "low": 117.74194541307313,
    "high": 121.45805458692686,
    "count": 5
  },
  "Compilation.runtime requirements.modules": {
    "min": 1,
    "max": 1,
    "mean": 1,
    "median": 1,
    "variance": 0,
    "stdDev": 0,
    "confidence": 0,
    "low": 1,
    "high": 1,
    "count": 5
  },
  "Compilation.runtime requirements.chunks": {
    "min": 0,
    "max": 0,
    "mean": 0,
    "median": 0,
    "variance": 0,
    "stdDev": 0,
    "confidence": 0,
    "low": 0,
    "high": 0,
    "count": 5
  },
  "Compilation.runtime requirements.entries": {
    "min": 0,
    "max": 0,
    "mean": 0,
    "median": 0,
    "variance": 0,
    "stdDev": 0,
    "confidence": 0,
    "low": 0,
    "high": 0,
    "count": 5
  },
  "Compilation.runtime requirements": {
    "min": 1,
    "max": 2,
    "mean": 1.2,
    "median": 1,
    "variance": 0.16,
    "stdDev": 0.4,
    "confidence": 0.9931719528863066,
    "low": 0.7034140235568467,
    "high": 1.6965859764431532,
    "count": 5
  },
  "Compilation.hashing: hash chunks": {
    "min": 0,
    "max": 0,
    "mean": 0,
    "median": 0,
    "variance": 0,
    "stdDev": 0,
    "confidence": 0,
    "low": 0,
    "high": 0,
    "count": 5
  },
  "Compilation.hashing: hash runtime chunks": {
    "min": 0,
    "max": 1,
    "mean": 0.6,
    "median": 1,
    "variance": 0.24000000000000005,
    "stdDev": 0.48989794855663565,
    "confidence": 1.2081911278537363,
    "low": 0,
    "high": 1.2081911278537363,
    "count": 5
  },
  "Compilation.hashing: process full hash chunks": {
    "min": 0,
    "max": 0,
    "mean": 0,
    "median": 0,
    "variance": 0,
    "stdDev": 0,
    "confidence": 0,
    "low": 0,
    "high": 0,
    "count": 5
  },
  "Compilation.hashing": {
    "min": 0,
    "max": 1,
    "mean": 0.6,
    "median": 1,
    "variance": 0.24000000000000005,
    "stdDev": 0.48989794855663565,
    "confidence": 1.2081911278537363,
    "low": 0,
    "high": 1.2081911278537363,
    "count": 5
  },
  "Compilation.create module assets": {
    "min": 0,
    "max": 0,
    "mean": 0,
    "median": 0,
    "variance": 0,
    "stdDev": 0,
    "confidence": 0,
    "low": 0,
    "high": 0,
    "count": 5
  },
  "Compilation.create chunk assets": {
    "min": 0,
    "max": 1,
    "mean": 0.2,
    "median": 0,
    "variance": 0.16000000000000003,
    "stdDev": 0.4,
    "confidence": 0.6965859764431532,
    "low": 0,
    "high": 0.6965859764431532,
    "count": 5
  },
  "Compilation.process assets": {
    "min": 2013,
    "max": 2040,
    "mean": 2028.2,
    "median": 2030,
    "variance": 84.96000000000001,
    "stdDev": 9.21737489744233,