{
  "stats": {
    "min": 1871,
    "max": 1905,
    "mean": 1883.8,
    "median": 1879,
    "variance": 168.56,
    "stdDev": 12.983065893693986,
    "confidence": 32.23604227022906,
    "low": 1867.6819788648854,
    "high": 1899.9180211351145,
    "count": 5
  },
  "heap memory": {
    "min": 20762272,
    "max": 20881752,
    "mean": 20811811.2,
    "median": 20805400,
    "variance": 1688877480.96,
    "stdDev": 41095.95455710939,
    "confidence": 102038.37360803038,
    "low": 20760792.013195984,
    "high": 20862830.386804014,
    "count": 5
  },
  "rss memory": {
    "min": 715857920,
    "max": 789069824,
    "mean": 740941004.8,
    "median": 724627456,
    "variance": 816658949037096.9,
    "stdDev": 28577245.301762324,
    "confidence": 70955296.3111558,
    "low": 705463356.644422,
    "high": 776418652.9555779,
    "count": 5
  },
  "external memory": {
    "min": 7084400,
    "max": 7084400,
    "mean": 7084400,
    "median": 7084400,
    "variance": 0,
    "stdDev": 0,
    "confidence": 0,
    "low": 7084400,
    "high": 7084400,
    "count": 5
  },
  "array buffers memory": {
    "min": 16623,
    "max": 16623,
    "mean": 16623,
    "median": 16623,
    "variance": 0,
    "stdDev": 0,
    "confidence": 0,
    "low": 16623,
    "high": 16623,
    "count": 5
  },
  "Compilation.finish modules": {
    "min": 21,
    "max": 22,
    "mean": 21.4,
    "median": 21,
    "variance": 0.24,
    "stdDev": 0.4898979485566356,
    "confidence": 1.2163822557074724,
    "low": 20.791808872146262,
    "high": 22.008191127853735,
    "count": 5
  },
  "Compilation.optimize dependencies": {
    "min": 97,
    "max": 116,
    "mean": 105.4,
    "median": 105,
    "variance": 37.040000000000006,
    "stdDev": 6.086049621881176,
    "confidence": 15.111234470816726,
    "low": 97.84438276459164,
    "high": 112.95561723540837,
    "count": 5
  },
  "Compilation.rebuild chunk graph": {
    "min": 36,
    "max": 42,
    "mean": 38.2,
    "median": 37,
    "variance": 5.76,
    "stdDev": 2.4,
    "confidence": 5.959031717317842,
    "low": 35.22048414134108,
    "high": 41.179515858658924,
    "count": 5
  },
  "Compilation.create chunks": {
    "min": 59,
    "max": 66,
    "mean": 62.6,
    "median": 62,
    "variance": 8.639999999999999,
    "stdDev": 2.9393876913398134,
    "confidence": 7.298293534244841,
    "low": 58.950853232877584,
    "high": 66.24914676712243,
    "count": 5
  },
  "Compilation.optimize": {
    "min": 175,
    "max": 189,
    "mean": 182.2,
    "median": 182,
    "variance": 19.759999999999998,
    "stdDev": 4.445222154178573,
    "confidence": 11.03717491969752,
    "low": 176.68141254015123,
    "high": 187.71858745984875,
    "count": 5
  },
  "Compilation.module ids": {
    "min": 3,
    "max": 3,
    "mean": 3,
    "median": 3,
    "variance": 0,
    "stdDev": 0,
    "confidence": 0,
    "low": 3,
    "high": 3,
    "count": 5
  },
  "Compilation.chunk ids": {
    "min": 3,
    "max": 3,
    "mean": 3,
    "median": 3,
    "variance": 0,
    "stdDev": 0,
    "confidence": 0,
    "low": 3,
    "high": 3,
    "count": 5
  },
  "Compilation.optimize code generation": {
    "min": 21,
    "max": 26,
    "mean": 24.8,
    "median": 26,
    "variance": 3.7599999999999993,
    "stdDev": 1.9390719429665315,
    "confidence": 4.814579670957791,
    "low": 22.392710164521105,
    "high": 27.207289835478896,
    "count": 5
  },
  "Compilation.code generation": {
    "min": 283,
    "max": 289,
    "mean": 284.6,
    "median": 283,
    "variance": 5.4399999999999995,
    "stdDev": 2.33238075793812,
    "confidence": 5.791137880589645,
    "low": 281.7044310597052,
    "high": 287.49556894029485,
    "count": 5
  },
  "Compilation.runtime requirements.modules": {
    "min": 4,
    "max": 5,
    "mean": 4.2,
    "median": 4,
    "variance": 0.15999999999999998,
    "stdDev": 0.39999999999999997,
    "confidence": 0.9931719528863066,
    "low": 3.703414023556847,
    "high": 4.696585976443154,
    "count": 5
  },
  "Compilation.runtime requirements.chunks": {
    "min": 0,
    "max": 0,
    "mean": 0,
    "median": 0,
    "variance": 0,
    "stdDev": 0,
    "confidence": 0,
    "low": 0,
    "high": 0,
    "count": 5
  },
  "Compilation.runtime requirements.entries": {
    "min": 0,
    "max": 0,
    "mean": 0,
    "median": 0,
    "variance": 0,
    "stdDev": 0,
    "confidence": 0,
    "low": 0,
    "high": 0,
    "count": 5
  },
  "Compilation.runtime requirements": {
    "min": 5,
    "max": 7,
    "mean": 5.8,
    "median": 6,
    "variance": 0.5599999999999999,
    "stdDev": 0.7483314773547882,
    "confidence": 1.8580545869268743,
    "low": 4.870972706536563,
    "high": 6.729027293463437,
    "count": 5
  },
  "Compilation.hashing: hash chunks": {
    "min": 0,
    "max": 0,
    "mean": 0,
    "median": 0,
    "variance": 0,
    "stdDev": 0,
    "confidence": 0,
    "low": 0,
    "high": 0,
    "count": 5
  },
  "Compilation.hashing: hash runtime chunks": {
    "min": 0,
    "max": 0,
    "mean": 0,
    "median": 0,
    "variance": 0,
    "stdDev": 0,
    "confidence": 0,
    "low": 0,
    "high": 0,
    "count": 5
  },
  "Compilation.hashing: process full hash chunks": {
    "min": 0,
    "max": 0,
    "mean": 0,
    "median": 0,
    "variance": 0,
    "stdDev": 0,
    "confidence": 0,
    "low": 0,
    "high": 0,
    "count": 5
  },
  "Compilation.hashing": {
    "min": 0,
    "max": 0,
    "mean": 0,
    "median": 0,
    "variance": 0,
    "stdDev": 0,
    "confidence": 0,
    "low": 0,
    "high": 0,
    "count": 5
  },
  "Compilation.create module assets": {
    "min": 0,
    "max": 1,
    "mean": 0.8,
    "median": 1,
    "variance": 0.16000000000000006,
    "stdDev": 0.4000000000000001,
    "confidence": 0.9931719528863066,
    "low": 0.30341402355684677,
    "high": 1.2965859764431533,
    "count": 5
  },
  "Compilation.create chunk assets": {
    "min": 1,
    "max": 1,
    "mean": 1,
    "median": 1,
    "variance": 0,
    "stdDev": 0,
    "confidence": 0,
    "low": 1,
    "high": 1,
    "count": 5
  },
  "Compilation.process assets": {
    "min": 501,
    "max": 535,
    "mean": 514.4,
    "median": 515,
    "variance": 155.83999999999997,
    "stdDev": 12.483589227461787,
    "confidence": 30.995876730171688,
    "low": 498.9020616349141,
    "high": 529.8979383650858,
    "count": 5
  },
  "Compilation.after process assets": {
    "min": 0,
    "max": 0,
    "mean": 0,
    "median": 0,
    "variance": 0,
    "stdDev": 0,
    "confidence": 0,
    "low": 0,
    "high": 0,
    "count": 5
  },
  "Compilation.after seal": {
    "min": 0,
    "max": 0,
    "mean": 0,
    "median": 0,
    "variance": 0,
    "stdDev": 0,
    "confidence": 0,
    "low": 0,
    "high": 0,
    "count": 5
  },
  "Compiler.make hook": {
    "min": 0,
    "max": 0,
    "mean": 0,
    "median": 0,
    "variance": 0,
    "stdDev": 0,
    "confidence": 0,
    "low": 0,
    "high": 0,
    "count": 5
  },
  "Compiler.make": {
    "min": 571,
    "max": 585,
    "mean": 579,
    "median": 580,
    "variance": 22.8,
    "stdDev": 4.774934554525329,
    "confidence": 11.855827691055538,
    "low": 573.0720861544722,
    "high": 584.9279138455278,
    "count": 5
  },
  "Compiler.finish make hook": {
    "min": 0,
    "max": 0,
    "mean": 0,
    "median": 0,
    "variance": 0,
    "stdDev": 0,
    "confidence": 0,
    "low": 0,
    "high": 0,
    "count": 5
  },
  "Compiler.finish compilation": {
    "min": 34,
    "max": 37,
    "mean": 34.8,
    "median": 34,
    "variance": 1.3599999999999999,
    "stdDev": 1.16619037896906,
    "confidence": 2.895568940294808,
    "low": 33.35221552985259,
    "high": 36.2477844701474,
    "count": 5
  },
  "Compiler.seal compilation": {
    "min": 1230,
    "max": 1261,
    "mean": 1246,
    "median": 1244,
    "variance": 110,
    "stdDev": 10.488088481701515,
    "confidence": 26.04118829853951,
    "low": 1232.9794058507302,
    "high": 1259.0205941492698,
    "count": 5
  },