{
  "stats": {
    "min": 793.1818181818181,
    "max": 804.1818181818181,
    "mean": 798.1636363636363,
    "median": 795.6363636363636,
    "variance": 23.34677685950424,
    "stdDev": 4.831850252181273,
    "confidence": 11.99714537753266,
    "low": 792.16506367487,
    "high": 804.1622090524027,
    "count": 5
  },
  "heap memory": {
    "min": 20126612.363636363,
    "max": 20178325.818181816,
    "mean": 20153072.87272727,
    "median": 20155010.181818184,
    "variance": 387983150.84164065,
    "stdDev": 19697.287905740744,
    "confidence": 48906.984739772975,
    "low": 20128619.380357385,
    "high": 20177526.365097158,
    "count": 5
  },
  "rss memory": {
    "min": 1109311115.6363637,
    "max": 1491324555.6363637,
    "mean": 1342211760.8727274,
    "median": 1451452974.5454545,
    "variance": 26683709613050256,
    "stdDev": 163351491.00345016,
    "confidence": 405590298.31696606,
    "low": 1139416611.7142444,
    "high": 1545006910.0312104,
    "count": 5
  },
  "external memory": {
    "min": 47285499.18181818,
    "max": 66186586.81818182,
    "mean": 58555780.98181818,
    "median": 62717502.90909091,
    "variance": 48368193830277.555,
    "stdDev": 6954724.568973063,
    "confidence": 17268093.45488338,
    "low": 49921734.254376486,
    "high": 67189827.70925987,
    "count": 5
  },
  "array buffers memory": {
    "min": 33273,
    "max": 33273,
    "mean": 33273,
    "median": 33273,
    "variance": 0,
    "stdDev": 0,
    "confidence": 0,
    "low": 33273,
    "high": 33273,
    "count": 5
  },
  "Compilation.make hook": {
    "min": 0,
    "max": 0,
    "mean": 0,
    "median": 0,
    "variance": 0,
    "stdDev": 0,
    "confidence": 0,
    "low": 0,
    "high": 0,
    "count": 5
  },
  "Compilation.module add task": {
    "min": 3.6363636363636362,
    "max": 4,
    "mean": 3.7818181818181813,
    "median": 3.727272727272727,
    "variance": 0.015206611570247951,
    "stdDev": 0.12331509060227767,
    "confidence": 0.30618272338453956,
    "low": 3.6287268201259115,
    "high": 3.934909543510451,
    "count": 5
  },
  "Compilation.module process dependencies task": {
    "min": 2.272727272727273,
    "max": 2.8181818181818183,
    "mean": 2.509090909090909,
    "median": 2.4545454545454546,
    "variance": 0.03173553719008264,
    "stdDev": 0.1781447085660493,
    "confidence": 0.4423208202572626,
    "low": 2.2879304989622775,
    "high": 2.73025131921954,
    "count": 5
  },
  "Compilation.module factorize task": {
    "min": 1.6363636363636365,
    "max": 2,
    "mean": 1.8545454545454547,
    "median": 1.8181818181818181,
    "variance": 0.018512396694214867,
    "stdDev": 0.13606026860996148,
    "confidence": 0.337828106713977,
    "low": 1.685631401188466,
    "high": 2.023459507902443,
    "count": 5
  },
  "Compilation.module build task": {
    "min": 0.09090909090909091,
    "max": 0.2727272727272727,
    "mean": 0.18181818181818182,
    "median": 0.18181818181818182,
    "variance": 0.0066115702479338815,
    "stdDev": 0.08131156281817416,
    "confidence": 0.201890909090909,
    "low": 0.08087272727272732,
    "high": 0.28276363636363633,
    "count": 5
  },
  "Compilation.module build cache": {
    "min": 0,
    "max": 0.7545454545454546,
    "mean": 0.6036363636363637,
    "median": 0.7545454545454546,
    "variance": 0.09109421487603306,
    "stdDev": 0.3018181818181818,
    "confidence": 0.7493933826323949,
    "low": 0.22893967232016632,
    "high": 0.9783330549525612,
    "count": 5
  },
  "Compilation.module factorize cache": {
    "min": 98.64545454545456,
    "max": 98.70000000000003,
    "mean": 98.68909090909094,
    "median": 98.70000000000003,
    "variance": 0.0004760330578516141,
    "stdDev": 0.0218181818181904,
    "confidence": 0.05417301561200816,
    "low": 98.66200440128493,
    "high": 98.71617741689694,
    "count": 5
  },
  "Compilation.finish modules": {
    "min": 0,
    "max": 0,
    "mean": 0,
    "median": 0,
    "variance": 0,
    "stdDev": 0,
    "confidence": 0,
    "low": 0,
    "high": 0,
    "count": 5
  },
  "Compilation.optimize dependencies": {
    "min": 0,
    "max": 0,
    "mean": 0,
    "median": 0,
    "variance": 0,
    "stdDev": 0,
    "confidence": 0,
    "low": 0,
    "high": 0,
    "count": 5
  },
  "Compilation.create chunks": {
    "min": 25.727272727272727,
    "max": 26.545454545454547,
    "mean": 26.181818181818187,
    "median": 26.181818181818183,
    "variance": 0.0694214876033061,
    "stdDev": 0.26347957720344495,
    "confidence": 0.6542013155920117,
    "low": 25.85471752402218,
    "high": 26.508918839614193,
    "count": 5
  },
  "Compilation.optimize": {
    "min": 0,
    "max": 0,
    "mean": 0,
    "median": 0,
    "variance": 0,
    "stdDev": 0,
    "confidence": 0,
    "low": 0,
    "high": 0,
    "count": 5
  },
  "Compilation.module ids": {
    "min": 4,
    "max": 4.545454545454546,
    "mean": 4.327272727272727,
    "median": 4.454545454545454,
    "variance": 0.054876033057851305,
    "stdDev": 0.2342563404859115,
    "confidence": 0.5816420678909804,
    "low": 4.036451693327237,
    "high": 4.618093761218217,
    "count": 5
  },
  "Compilation.chunk ids": {
    "min": 0,
    "max": 0,
    "mean": 0,
    "median": 0,
    "variance": 0,
    "stdDev": 0,
    "confidence": 0,
    "low": 0,
    "high": 0,
    "count": 5
  },
  "Compilation.optimize code generation": {
    "min": 0,
    "max": 0,
    "mean": 0,
    "median": 0,
    "variance": 0,
    "stdDev": 0,
    "confidence": 0,
    "low": 0,
    "high": 0,
    "count": 5
  },
  "Compilation.module code generation cache": {
    "min": 99.70000000000003,
    "max": 99.72727272727275,
    "mean": 99.72181818181821,
    "median": 99.72727272727275,
    "variance": 0.00011900826446271751,
    "stdDev": 0.010909090909086674,
    "confidence": 0.027086507805989868,
    "low": 99.70827492791521,
    "high": 99.7353614357212,
    "count": 5
  },
  "Compilation.code generation": {
    "min": 8.363636363636363,
    "max": 8.909090909090908,
    "mean": 8.636363636363637,
    "median": 8.727272727272727,
    "variance": 0.03966942148760316,
    "stdDev": 0.19917183909278732,
    "confidence": 0.4945297109793536,
    "low": 8.38909878087396,
    "high": 8.883628491853313,
    "count": 5
  },
  "Compilation.runtime requirements.modules": {
    "min": 2,
    "max": 2.090909090909091,
    "mean": 2.0727272727272728,
    "median": 2.090909090909091,
    "variance": 0.0013223140495867748,
    "stdDev": 0.036363636363636334,
    "confidence": 0.09028835935330015,
    "low": 2.0275830930506227,
    "high": 2.117871452403923,
    "count": 5
  },
  "Compilation.runtime requirements.chunks": {
    "min": 0,
    "max": 0,
    "mean": 0,
    "median": 0,
    "variance": 0,
    "stdDev": 0,
    "confidence": 0,
    "low": 0,
    "high": 0,
    "count": 5
  },
  "Compilation.runtime requirements.entries": {
    "min": 0,
    "max": 0,
    "mean": 0,
    "median": 0,
    "variance": 0,
    "stdDev": 0,
    "confidence": 0,
    "low": 0,
    "high": 0,
    "count": 5
  },
  "Compilation.runtime requirements": {
    "min": 3,
    "max": 3.5454545454545454,
    "mean": 3.327272727272727,
    "median": 3.3636363636363638,
    "variance": 0.035041322314049585,
    "stdDev": 0.18719327529067273,
    "confidence": 0.4647877769690538,
    "low": 3.0948788387882002,
    "high": 3.559666615757254,
    "count": 5
  },
  "Compilation.hashing: hash chunks": {
    "min": 0,
    "max": 0,
    "mean": 0,
    "median": 0,
    "variance": 0,
    "stdDev": 0,
    "confidence": 0,
    "low": 0,
    "high": 0,
    "count": 5
  },
  "Compilation.hashing: hash runtime chunks": {
    "min": 6.2727272727272725,
    "max": 6.7272727272727275,
    "mean": 6.545454545454545,
    "median": 6.545454545454546,
    "variance": 0.02975206611570256,
    "stdDev": 0.17248787237282093,
    "confidence": 0.42827529263429653,
    "low": 6.331316899137397,
    "high": 6.759592191771693,
    "count": 5
  },