{
  "stats": {
    "min": 3674,
    "max": 3720,
    "mean": 3700.4,
    "median": 3707,
    "variance": 277.84000000000003,
    "stdDev": 16.668533228811707,
    "confidence": 41.38679924652297,
    "low": 3679.7066003767386,
    "high": 3721.0933996232616,
    "count": 5
  },
  "heap memory": {
    "min": 71896936,
    "max": 73380904,
    "mean": 72736705.6,
    "median": 72842224,
    "variance": 239413395082.24,
    "stdDev": 489298.88113732694,
    "confidence": 1214894.8133106232,
    "low": 72129258.19334468,
    "high": 73344153.0066553,
    "count": 5
  },
  "rss memory": {
    "min": 839708672,
    "max": 887529472,
    "mean": 862923980.8,
    "median": 857743360,
    "variance": 380256791151247.4,
    "stdDev": 19500174.131305788,
    "confidence": 48417565.059030056,
    "low": 838715198.2704849,
    "high": 887132763.329515,
    "count": 5
  },
  "external memory": {
    "min": 31827465,
    "max": 32192455,
    "mean": 31951333.4,
    "median": 31872617,
    "variance": 18772783451.840004,
    "stdDev": 137013.80752259973,
    "confidence": 340195.6769740209,
    "low": 31781235.561512988,
    "high": 32121431.23848701,
    "count": 5
  },
  "array buffers memory": {
    "min": 4070381,
    "max": 4261101,
    "mean": 4144466,
    "median": 4098892,
    "variance": 5697035820.4,
    "stdDev": 75478.71104092861,
    "confidence": 187408.34711465053,
    "low": 4050761.8264426747,
    "high": 4238170.173557325,
    "count": 5
  },
  "Compilation.finish modules": {
    "min": 13,
    "max": 14,
    "mean": 13.6,
    "median": 14,
    "variance": 0.24000000000000005,
    "stdDev": 0.48989794855663565,
    "confidence": 1.2163822557074724,
    "low": 12.991808872146263,
    "high": 14.208191127853736,
    "count": 5
  },
  "Compilation.optimize dependencies": {
    "min": 28,
    "max": 29,
    "mean": 28.2,
    "median": 28,
    "variance": 0.16,
    "stdDev": 0.4,
    "confidence": 0.993171952886307,
    "low": 27.703414023556846,
    "high": 28.696585976443153,
    "count": 5
  },
  "Compilation.rebuild chunk graph": {
    "min": 10,
    "max": 10,
    "mean": 10,
    "median": 10,
    "variance": 0,
    "stdDev": 0,
    "confidence": 0,
    "low": 10,
    "high": 10,
    "count": 5
  },
  "Compilation.create chunks": {
    "min": 17,
    "max": 18,
    "mean": 17.8,
    "median": 18,
    "variance": 0.15999999999999998,
    "stdDev": 0.39999999999999997,
    "confidence": 0.993171952886307,
    "low": 17.303414023556847,
    "high": 18.296585976443154,
    "count": 5
  },
  "Compilation.optimize": {
    "min": 23,
    "max": 25,
    "mean": 24.2,
    "median": 24,
    "variance": 0.56,
    "stdDev": 0.7483314773547883,
    "confidence": 1.858054586926876,
    "low": 23.27097270653656,
    "high": 25.129027293463437,
    "count": 5
  },
  "Compilation.module ids": {
    "min": 0,
    "max": 0,
    "mean": 0,
    "median": 0,
    "variance": 0,
    "stdDev": 0,
    "confidence": 0,
    "low": 0,
    "high": 0,
    "count": 5
  },
  "Compilation.chunk ids": {
    "min": 0,
    "max": 0,
    "mean": 0,
    "median": 0,
    "variance": 0,
    "stdDev": 0,
    "confidence": 0,
    "low": 0,
    "high": 0,
    "count": 5
  },
  "Compilation.optimize code generation": {
    "min": 3,
    "max": 3,
    "mean": 3,
    "median": 3,
    "variance": 0,
    "stdDev": 0,
    "confidence": 0,
    "low": 3,
    "high": 3,
    "count": 5
  },
  "Compilation.module code generation cache": {
    "min": 0,
    "max": 0,
    "mean": 0,
    "median": 0,
    "variance": 0,
    "stdDev": 0,
    "confidence": 0,
    "low": 0,
    "high": 0,
    "count": 5
  },
  "Compilation.code generation": {
    "min": 134,
    "max": 136,
    "mean": 135.2,
    "median": 135,
    "variance": 0.5599999999999999,
    "stdDev": 0.7483314773547882,
    "confidence": 1.858054586926869,
    "low": 134.27097270653655,
    "high": 136.12902729346342,
    "count": 5
  },
  "Compilation.runtime requirements.modules": {
    "min": 1,
    "max": 1,
    "mean": 1,
    "median": 1,
    "variance": 0,
    "stdDev": 0,
    "confidence": 0,
    "low": 1,
    "high": 1,
    "count": 5
  },
  "Compilation.runtime requirements.chunks": {
    "min": 0,
    "max": 0,
    "mean": 0,
    "median": 0,
    "variance": 0,
    "stdDev": 0,
    "confidence": 0,
    "low": 0,
    "high": 0,
    "count": 5
  },
  "Compilation.runtime requirements.entries": {
    "min": 0,
    "max": 0,
    "mean": 0,
    "median": 0,
    "variance": 0,
    "stdDev": 0,
    "confidence": 0,
    "low": 0,
    "high": 0,
    "count": 5
  },
  "Compilation.runtime requirements": {
    "min": 1,
    "max": 1,
    "mean": 1,
    "median": 1,
    "variance": 0,
    "stdDev": 0,
    "confidence": 0,
    "low": 1,
    "high": 1,
    "count": 5
  },
  "Compilation.hashing: hash chunks": {
    "min": 0,
    "max": 0,
    "mean": 0,
    "median": 0,
    "variance": 0,
    "stdDev": 0,
    "confidence": 0,
    "low": 0,
    "high": 0,
    "count": 5
  },
  "Compilation.hashing: hash runtime chunks": {
    "min": 1,
    "max": 1,
    "mean": 1,
    "median": 1,
    "variance": 0,
    "stdDev": 0,
    "confidence": 0,
    "low": 1,
    "high": 1,
    "count": 5
  },
  "Compilation.hashing: process full hash chunks": {
    "min": 0,
    "max": 0,
    "mean": 0,
    "median": 0,
    "variance": 0,
    "stdDev": 0,
    "confidence": 0,
    "low": 0,
    "high": 0,
    "count": 5
  },
  "Compilation.hashing": {
    "min": 1,
    "max": 1,
    "mean": 1,
    "median": 1,
    "variance": 0,
    "stdDev": 0,
    "confidence": 0,
    "low": 1,
    "high": 1,
    "count": 5
  },
  "Compilation.create module assets": {
    "min": 0,
    "max": 0,
    "mean": 0,
    "median": 0,
    "variance": 0,
    "stdDev": 0,
    "confidence": 0,
    "low": 0,
    "high": 0,
    "count": 5
  },
  "Compilation.create chunk assets": {
    "min": 0,
    "max": 0,
    "mean": 0,
    "median": 0,
    "variance": 0,
    "stdDev": 0,
    "confidence": 0,
    "low": 0,
    "high": 0,
    "count": 5
  },
  "Compilation.process assets": {
    "min": 2755,
    "max": 2796,
    "mean": 2769.2,
    "median": 2764,
    "variance": 197.35999999999999,
    "stdDev": 14.048487463068755,
    "confidence": 34.88140932198712,
    "low": 2751.7592953390063,
    "high": 2786.6407046609934,
    "count": 5
  },
  "Compilation.after process assets": {
    "min": 0,
    "max": 0,
    "mean": 0,
    "median": 0,
    "variance": 0,
    "stdDev": 0,
    "confidence": 0,
    "low": 0,
    "high": 0,
    "count": 5
  },
  "Compilation.after seal": {
    "min": 0,
    "max": 0,
    "mean": 0,
    "median": 0,
    "variance": 0,
    "stdDev": 0,
    "confidence": 0,
    "low": 0,
    "high": 0,
    "count": 5
  },
  "Compiler.make hook": {
    "min": 1,
    "max": 2,
    "mean": 1.8,
    "median": 2,
    "variance": 0.16000000000000006,
    "stdDev": 0.4000000000000001,
    "confidence": 0.9931719528863066,
    "low": 1.3034140235568468,
    "high": 2.2965859764431533,
    "count": 5
  },
  "Compiler.make": {
    "min": 566,
    "max": 611,
    "mean": 586.6,
    "median": 581,
    "variance": 254.63999999999996,
    "stdDev": 15.957443404254954,
    "confidence": 39.621213072191495,
    "low": 566.7893934639043,
    "high": 606.4106065360958,
    "count": 5
  },
  "Compiler.finish make hook": {
    "min": 0,
    "max": 0,
    "mean": 0,
    "median": 0,
    "variance": 0,
    "stdDev": 0,
    "confidence": 0,
    "low": 0,
    "high": 0,
    "count": 5
  },
  "Compiler.finish compilation": {
    "min": 45,
    "max": 47,
    "mean": 45.6,
    "median": 45,
    "variance": 0.64,
    "stdDev": 0.8,
    "confidence": 1.986343905772614,
    "low": 44.606828047113694,
    "high": 46.59317195288631,
    "count": 5
  },
  "Compiler.seal compilation": {
    "min": 2984,
    "max": 3024,
    "mean": 2996.4,
    "median": 2991,
    "variance": 201.04000000000002,
    "stdDev": 14.178857499812882,
    "confidence": 35.20510898196426,
    "low": 2978.797445509018,
    "high": 3014.002554490982,