{
  "stats": {
    "min": 1298,
    "max": 1353,
    "mean": 1315.8,
    "median": 1309,
    "variance": 382.15999999999997,
    "stdDev": 19.548913013259842,
    "confidence": 48.538580285459375,
    "low": 1291.5307098572703,
    "high": 1340.0692901427296,
    "count": 5
  },
  "heap memory": {
    "min": 20286128,
    "max": 20316912,
    "mean": 20303928,
    "median": 20306656,
    "variance": 154592000,
    "stdDev": 12433.503126633299,
    "confidence": 30871.51645374298,
    "low": 20288492.24177313,
    "high": 20319363.75822687,
    "count": 5
  },
  "rss memory": {
    "min": 706015232,
    "max": 718757888,
    "mean": 713779609.6,
    "median": 715091968,
    "variance": 17717482320035.84,
    "stdDev": 4209213.9788844,
    "confidence": 10451183.168812513,
    "low": 708554018.0155938,
    "high": 719005201.1844063,
    "count": 5
  },
  "external memory": {
    "min": 34169215,
    "max": 34169215,
    "mean": 34169215,
    "median": 34169215,
    "variance": 0,
    "stdDev": 0,
    "confidence": 0,
    "low": 34169215,
    "high": 34169215,
    "count": 5
  },
  "array buffers memory": {
    "min": 16623,
    "max": 16623,
    "mean": 16623,
    "median": 16623,
    "variance": 0,
    "stdDev": 0,
    "confidence": 0,
    "low": 16623,
    "high": 16623,
    "count": 5
  },
  "Compilation.finish modules": {
    "min": 25,
    "max": 26,
    "mean": 25.4,
    "median": 25,
    "variance": 0.24,
    "stdDev": 0.4898979485566356,
    "confidence": 1.2163822557074724,
    "low": 24.791808872146262,
    "high": 26.008191127853735,
    "count": 5
  },
  "Compilation.optimize dependencies": {
    "min": 0,
    "max": 1,
    "mean": 0.4,
    "median": 0,
    "variance": 0.24000000000000005,
    "stdDev": 0.48989794855663565,
    "confidence": 1.0081911278537365,
    "low": 0,
    "high": 1.0081911278537365,
    "count": 5
  },
  "Compilation.rebuild chunk graph": {
    "min": 32,
    "max": 35,
    "mean": 33.8,
    "median": 34,
    "variance": 0.9599999999999997,
    "stdDev": 0.9797958971132711,
    "confidence": 2.4327645114149448,
    "low": 32.583617744292525,
    "high": 35.01638225570747,
    "count": 5
  },
  "Compilation.create chunks": {
    "min": 63,
    "max": 66,
    "mean": 64.4,
    "median": 64,
    "variance": 1.04,
    "stdDev": 1.019803902718557,
    "confidence": 2.5321015840601717,
    "low": 63.13394920796992,
    "high": 65.66605079203009,
    "count": 5
  },
  "Compilation.optimize": {
    "min": 0,
    "max": 0,
    "mean": 0,
    "median": 0,
    "variance": 0,
    "stdDev": 0,
    "confidence": 0,
    "low": 0,
    "high": 0,
    "count": 5
  },
  "Compilation.module ids": {
    "min": 10,
    "max": 11,
    "mean": 10.2,
    "median": 10,
    "variance": 0.16,
    "stdDev": 0.4,
    "confidence": 0.993171952886307,
    "low": 9.703414023556846,
    "high": 10.696585976443153,
    "count": 5
  },
  "Compilation.chunk ids": {
    "min": 4,
    "max": 4,
    "mean": 4,
    "median": 4,
    "variance": 0,
    "stdDev": 0,
    "confidence": 0,
    "low": 4,
    "high": 4,
    "count": 5
  },
  "Compilation.optimize code generation": {
    "min": 0,
    "max": 0,
    "mean": 0,
    "median": 0,
    "variance": 0,
    "stdDev": 0,
    "confidence": 0,
    "low": 0,
    "high": 0,
    "count": 5
  },
  "Compilation.module code generation cache": {
    "min": 0,
    "max": 0,
    "mean": 0,
    "median": 0,
    "variance": 0,
    "stdDev": 0,
    "confidence": 0,
    "low": 0,
    "high": 0,
    "count": 5
  },
  "Compilation.code generation": {
    "min": 94,
    "max": 96,
    "mean": 95.2,
    "median": 95,
    "variance": 0.5599999999999999,
    "stdDev": 0.7483314773547882,
    "confidence": 1.858054586926869,
    "low": 94.27097270653657,
    "high": 96.12902729346344,
    "count": 5
  },
  "Compilation.runtime requirements.modules": {
    "min": 10,
    "max": 11,
    "mean": 10.2,
    "median": 10,
    "variance": 0.16,
    "stdDev": 0.4,
    "confidence": 0.993171952886307,
    "low": 9.703414023556846,
    "high": 10.696585976443153,
    "count": 5
  },
  "Compilation.runtime requirements.chunks": {
    "min": 0,
    "max": 0,
    "mean": 0,
    "median": 0,
    "variance": 0,
    "stdDev": 0,
    "confidence": 0,
    "low": 0,
    "high": 0,
    "count": 5
  },
  "Compilation.runtime requirements.entries": {
    "min": 0,
    "max": 0,
    "mean": 0,
    "median": 0,
    "variance": 0,
    "stdDev": 0,
    "confidence": 0,
    "low": 0,
    "high": 0,
    "count": 5
  },
  "Compilation.runtime requirements": {
    "min": 12,
    "max": 13,
    "mean": 12.2,
    "median": 12,
    "variance": 0.16,
    "stdDev": 0.4,
    "confidence": 0.993171952886307,
    "low": 11.703414023556846,
    "high": 12.696585976443153,
    "count": 5
  },
  "Compilation.hashing: hash chunks": {
    "min": 2,
    "max": 2,
    "mean": 2,
    "median": 2,
    "variance": 0,
    "stdDev": 0,
    "confidence": 0,
    "low": 2,
    "high": 2,
    "count": 5
  },
  "Compilation.hashing: hash runtime chunks": {
    "min": 7,
    "max": 7,
    "mean": 7,
    "median": 7,
    "variance": 0,
    "stdDev": 0,
    "confidence": 0,
    "low": 7,
    "high": 7,
    "count": 5
  },
  "Compilation.hashing: process full hash chunks": {
    "min": 0,
    "max": 0,
    "mean": 0,
    "median": 0,
    "variance": 0,
    "stdDev": 0,
    "confidence": 0,
    "low": 0,
    "high": 0,
    "count": 5
  },
  "Compilation.hashing": {
    "min": 9,
    "max": 9,
    "mean": 9,
    "median": 9,
    "variance": 0,
    "stdDev": 0,
    "confidence": 0,
    "low": 9,
    "high": 9,
    "count": 5
  },
  "Compilation.create module assets": {
    "min": 0,
    "max": 0,
    "mean": 0,
    "median": 0,
    "variance": 0,
    "stdDev": 0,
    "confidence": 0,
    "low": 0,
    "high": 0,
    "count": 5
  },
  "Compilation.create chunk assets": {
    "min": 12,
    "max": 12,
    "mean": 12,
    "median": 12,
    "variance": 0,
    "stdDev": 0,
    "confidence": 0,
    "low": 12,
    "high": 12,
    "count": 5
  },
  "Compilation.process assets": {
    "min": 130,
    "max": 148,
    "mean": 135,
    "median": 132,
    "variance": 44,
    "stdDev": 6.6332495807108,
    "confidence": 16.46989360014203,
    "low": 126.76505319992899,
    "high": 143.23494680007101,
    "count": 5
  },
  "Compilation.after process assets": {
    "min": 0,
    "max": 0,
    "mean": 0,
    "median": 0,
    "variance": 0,
    "stdDev": 0,
    "confidence": 0,
    "low": 0,
    "high": 0,
    "count": 5
  },
  "Compilation.after seal": {
    "min": 0,
    "max": 0,
    "mean": 0,
    "median": 0,
    "variance": 0,
    "stdDev": 0,
    "confidence": 0,
    "low": 0,
    "high": 0,
    "count": 5
  },
  "Compiler.make hook": {
    "min": 0,
    "max": 0,
    "mean": 0,
    "median": 0,
    "variance": 0,
    "stdDev": 0,
    "confidence": 0,
    "low": 0,
    "high": 0,
    "count": 5
  },
  "Compiler.make": {
    "min": 818,
    "max": 834,
    "mean": 825.6,
    "median": 825,
    "variance": 30.639999999999997,
    "stdDev": 5.535341001239218,
    "confidence": 13.743863580230936,
    "low": 818.7280682098846,
    "high": 832.4719317901155,
    "count": 5
  },
  "Compiler.finish make hook": {
    "min": 0,
    "max": 0,
    "mean": 0,
    "median": 0,
    "variance": 0,
    "stdDev": 0,
    "confidence": 0,
    "low": 0,
    "high": 0,
    "count": 5
  },
  "Compiler.finish compilation": {
    "min": 30,
    "max": 32,
    "mean": 31,
    "median": 31,
    "variance": 0.4,
    "stdDev": 0.6324555320336759,
    "confidence": 1.5703427396590826,
    "low": 30.21482863017046,
    "high": 31.78517136982954,
    "count": 5
  },
  "Compiler.seal compilation": {
    "min": 360,
    "max": 380,
    "mean": 366,
    "median": 362,
    "variance": 54.8,
    "stdDev": 7.402702209328699,
    "confidence": 18.380390524686845,
    "low": 356.8098047376566,
    "high": 375.1901952623434,
    "count": 5
  },
  "Compiler.emitAssets": {
    "min": 63,
    "max": 109,
    "mean": 78,
    "median": 67,