{
  "stats": {
    "min": 11710,
    "max": 11966,
    "mean": 11799.2,
    "median": 11764,
    "variance": 7698.960000000001,
    "stdDev": 87.74371772383479,
    "confidence": 217.86149871321322,
    "low": 11690.269250643394,
    "high": 11908.130749356607,
    "count": 5
  },
  "heap memory": {
    "min": 8138952,
    "max": 8165384,
    "mean": 8153403.2,
    "median": 8154624,
    "variance": 71230940.16,
    "stdDev": 8439.84242506932,
    "confidence": 20955.536958396435,
    "low": 8142925.431520802,
    "high": 8163880.968479198,
    "count": 5
  },
  "rss memory": {
    "min": 2255302656,
    "max": 2331684864,
    "mean": 2304584089.6,
    "median": 2318983168,
    "variance": 831144586578493.5,
    "stdDev": 28829578.328142323,
    "confidence": 71581821.52262497,
    "low": 2268793178.8386874,
    "high": 2340375000.3613124,
    "count": 5
  },
  "external memory": {
    "min": 8450609,
    "max": 8450609,
    "mean": 8450609,
    "median": 8450609,
    "variance": 0,
    "stdDev": 0,
    "confidence": 0,
    "low": 8450609,
    "high": 8450609,
    "count": 5
  },
  "array buffers memory": {
    "min": 10479,
    "max": 10479,
    "mean": 10479,
    "median": 10479,
    "variance": 0,
    "stdDev": 0,
    "confidence": 0,
    "low": 10479,
    "high": 10479,
    "count": 5
  },
  "Compilation.build module graph": {
    "min": 11382.586424,
    "max": 11649.015424,
    "mean": 11476.8666118,
    "median": 11449.910601,
    "variance": 8154.98838186739,
    "stdDev": 90.30497429193693,
    "confidence": 224.22091918217848,
    "low": 11364.75615220891,
    "high": 11588.97707139109,
    "count": 5
  },
  "Compilation.finish modules": {
    "min": 14.999499,
    "max": 17.487159,
    "mean": 16.205935,
    "median": 16.032996,
    "variance": 0.9528682497075988,
    "stdDev": 0.976149706606317,
    "confidence": 2.4237112760489765,
    "low": 14.994079361975512,
    "high": 17.41779063802449,
    "count": 5
  },
  "Compilation.seal": {
    "min": 0.00318,
    "max": 0.004169,
    "mean": 0.0037414,
    "median": 0.003832,
    "variance": 1.1382103999999996e-7,
    "stdDev": 0.0003373737393455513,
    "confidence": 0.0008376753388959425,
    "low": 0.003322562330552029,
    "high": 0.004160237669447972,
    "count": 5
  },
  "Compilation.optimize dependencies": {
    "min": 22.683034,
    "max": 25.452998,
    "mean": 24.540680000000002,
    "median": 25.009849,
    "variance": 0.995319136413201,
    "stdDev": 0.9976568229672972,
    "confidence": 2.477111937941949,
    "low": 23.302124031029027,
    "high": 25.779235968970976,
    "count": 5
  },
  "Compilation.rebuild chunk graph": {
    "min": 15.758402,
    "max": 18.118429,
    "mean": 17.027439199999996,
    "median": 17.224259,
    "variance": 0.6207599692105596,
    "stdDev": 0.7878832205413183,
    "confidence": 1.9562587919784349,
    "low": 16.04930980401078,
    "high": 18.005568595989214,
    "count": 5
  },
  "Compilation.build chunk graph": {
    "min": 15.767008,
    "max": 18.128294,
    "mean": 17.0370584,
    "median": 17.234029,
    "variance": 0.6211588797538402,
    "stdDev": 0.7881363332278497,
    "confidence": 1.9568872530313897,
    "low": 16.058614773484305,
    "high": 18.015502026515694,
    "count": 5
  },
  "Compilation.optimize modules": {
    "min": 8.791838,
    "max": 9.849024,
    "mean": 9.340004400000002,
    "median": 9.440156,
    "variance": 0.1439432876150398,
    "stdDev": 0.37939858673305543,
    "confidence": 0.9420200882699348,
    "low": 8.868994355865034,
    "high": 9.811014444134969,
    "count": 5
  },
  "Compilation.optimize chunks": {
    "min": 24.174042,
    "max": 26.362759,
    "mean": 25.305618399999997,
    "median": 25.642573,
    "variance": 0.7964410214282405,
    "stdDev": 0.8924354438435536,
    "confidence": 2.21585463146765,
    "low": 24.19769108426617,
    "high": 26.41354571573382,
    "count": 5
  },
  "Compilation.optimize tree": {
    "min": 0.002916,
    "max": 0.004388,
    "mean": 0.003431,
    "median": 0.003178,
    "variance": 2.7421120000000014e-7,
    "stdDev": 0.0005236517927019826,
    "confidence": 0.0013001906839756085,
    "low": 0.002780904658012196,
    "high": 0.004081095341987804,
    "count": 5
  },
  "Compilation.optimize chunk modules": {
    "min": 41.59442,
    "max": 45.167246,
    "mean": 43.2628168,
    "median": 42.636402,
    "variance": 1.8283766044217586,
    "stdDev": 1.3521747684459131,
    "confidence": 3.357355138552535,
    "low": 41.584139230723736,
    "high": 44.94149436927627,
    "count": 5
  },
  "Compilation.module ids": {
    "min": 1.367012,
    "max": 1.52037,
    "mean": 1.4536544,
    "median": 1.474316,
    "variance": 0.0029890644246400033,
    "stdDev": 0.05467233692316438,
    "confidence": 0.13574757907709323,
    "low": 1.3857806104614534,
    "high": 1.5215281895385466,
    "count": 5
  },
  "Compilation.chunk ids": {
    "min": 1.513186,
    "max": 1.613811,
    "mean": 1.5697603999999998,
    "median": 1.570975,
    "variance": 0.0012481697026400017,
    "stdDev": 0.035329445263689065,
    "confidence": 0.08772053536731983,
    "low": 1.52590013231634,
    "high": 1.6136206676836597,
    "count": 5
  },
  "Compilation.assign runtime ids": {
    "min": 0.002834,
    "max": 0.004345,
    "mean": 0.0033204,
    "median": 0.002974,
    "variance": 3.106602399999999e-7,
    "stdDev": 0.0005573690339442979,
    "confidence": 0.0013839082298020308,
    "low": 0.002628445885098984,
    "high": 0.004012354114901015,
    "count": 5
  },
  "Compilation.optimize code generation": {
    "min": 3.186965,
    "max": 3.365412,
    "mean": 3.2930158,
    "median": 3.310233,
    "variance": 0.0036129691301600127,
    "stdDev": 0.06010797892260238,
    "confidence": 0.1492438970265253,
    "low": 3.2183938514867374,
    "high": 3.3676377485132627,
    "count": 5
  },
  "Compilation.create module hashes": {
    "min": 34.730414,
    "max": 38.281195,
    "mean": 36.664809399999996,
    "median": 36.59415,
    "variance": 1.8246696904786355,
    "stdDev": 1.350803350039759,
    "confidence": 3.353950002810876,
    "low": 34.98783439859456,
    "high": 38.341784401405434,
    "count": 5
  },
  "Compilation.code generation": {
    "min": 98.359429,
    "max": 103.82207,
    "mean": 101.516343,
    "median": 102.317585,
    "variance": 3.7022500348011844,
    "stdDev": 1.9241231859735968,
    "confidence": 4.777462955518047,
    "low": 99.12761152224098,
    "high": 103.90507447775903,
    "count": 5
  },
  "Compilation.runtime requirements.modules": {
    "min": 0.867023,
    "max": 0.999314,
    "mean": 0.9342644,
    "median": 0.952188,
    "variance": 0.0024941008482400003,
    "stdDev": 0.04994097364128978,
    "confidence": 0.12399993580090829,
    "low": 0.8722644320995459,
    "high": 0.9962643679004541,
    "count": 5
  },
  "Compilation.runtime requirements.chunks": {
    "min": 0.080546,
    "max": 0.118574,
    "mean": 0.0950336,
    "median": 0.092861,
    "variance": 0.00020432047863999992,
    "stdDev": 0.014294071450779862,
    "confidence": 0.03549117714366859,
    "low": 0.0772880114281657,
    "high": 0.11277918857183429,
    "count": 5
  },
  "Compilation.runtime requirements.entries": {
    "min": 0.525707,
    "max": 0.612388,
    "mean": 0.5491566,
    "median": 0.53292,
    "variance": 0.0010580302018400015,
    "stdDev": 0.03252737619052606,
    "confidence": 0.08076319433353074,
    "low": 0.5087750028332346,
    "high": 0.5895381971667654,
    "count": 5
  },
  "Compilation.runtime requirements": {
    "min": 1.743811,
    "max": 1.93799,
    "mean": 1.8356548,
    "median": 1.831867,
    "variance": 0.0038459918725600047,
    "stdDev": 0.06201606140799337,
    "confidence": 0.15398153204723464,
    "low": 1.7586640339763826,
    "high": 1.9126455660236172,
    "count": 5
  },
  "Compilation.hashing: hash chunks": {
    "min": 0.413269,
    "max": 0.668296,
    "mean": 0.4808476,
    "median": 0.433457,
    "variance": 0.00899190266464,