{
  "stats": {
    "min": 1229,
    "max": 1258,
    "mean": 1244,
    "median": 1244,
    "variance": 120.4,
    "stdDev": 10.972693379476162,
    "confidence": 27.244428280292595,
    "low": 1230.3777858598537,
    "high": 1257.6222141401463,
    "count": 5
  },
  "heap memory": {
    "min": 8458128,
    "max": 8490216,
    "mean": 8478310.4,
    "median": 8482384,
    "variance": 117001354.23999998,
    "stdDev": 10816.716425976969,
    "confidence": 26857.148441512138,
    "low": 8464881.825779244,
    "high": 8491738.974220756,
    "count": 5
  },
  "rss memory": {
    "min": 611610624,
    "max": 640270336,
    "mean": 627466240,
    "median": 635416576,
    "variance": 168211233164492.8,
    "stdDev": 12969627.33329269,
    "confidence": 32202675.26703477,
    "low": 611364902.3664826,
    "high": 643567577.6335174,
    "count": 5
  },
  "external memory": {
    "min": 6707936,
    "max": 6707936,
    "mean": 6707936,
    "median": 6707936,
    "variance": 0,
    "stdDev": 0,
    "confidence": 0,
    "low": 6707936,
    "high": 6707936,
    "count": 5
  },
  "array buffers memory": {
    "min": 10515,
    "max": 10515,
    "mean": 10515,
    "median": 10515,
    "variance": 0,
    "stdDev": 0,
    "confidence": 0,
    "low": 10515,
    "high": 10515,
    "count": 5
  },
  "Compilation.finish modules": {
    "min": 23,
    "max": 24,
    "mean": 23.8,
    "median": 24,
    "variance": 0.15999999999999998,
    "stdDev": 0.39999999999999997,
    "confidence": 0.993171952886307,
    "low": 23.303414023556847,
    "high": 24.296585976443154,
    "count": 5
  },
  "Compilation.optimize dependencies": {
    "min": 39,
    "max": 41,
    "mean": 40,
    "median": 40,
    "variance": 0.4,
    "stdDev": 0.6324555320336759,
    "confidence": 1.5703427396590826,
    "low": 39.21482863017046,
    "high": 40.78517136982954,
    "count": 5
  },
  "Compilation.rebuild chunk graph": {
    "min": 29,
    "max": 30,
    "mean": 29.2,
    "median": 29,
    "variance": 0.16,
    "stdDev": 0.4,
    "confidence": 0.993171952886307,
    "low": 28.703414023556846,
    "high": 29.696585976443153,
    "count": 5
  },
  "Compilation.create chunks": {
    "min": 54,
    "max": 59,
    "mean": 56.8,
    "median": 57,
    "variance": 2.96,
    "stdDev": 1.7204650534085253,
    "confidence": 4.271794092415973,
    "low": 54.66410295379201,
    "high": 58.935897046207984,
    "count": 5
  },
  "Compilation.optimize": {
    "min": 56,
    "max": 57,
    "mean": 56.4,
    "median": 56,
    "variance": 0.24,
    "stdDev": 0.4898979485566356,
    "confidence": 1.2163822557074724,
    "low": 55.79180887214626,
    "high": 57.008191127853735,
    "count": 5
  },
  "Compilation.module ids": {
    "min": 1,
    "max": 2,
    "mean": 1.8,
    "median": 2,
    "variance": 0.16000000000000006,
    "stdDev": 0.4000000000000001,
    "confidence": 0.9931719528863066,
    "low": 1.3034140235568468,
    "high": 2.2965859764431533,
    "count": 5
  },
  "Compilation.chunk ids": {
    "min": 2,
    "max": 2,
    "mean": 2,
    "median": 2,
    "variance": 0,
    "stdDev": 0,
    "confidence": 0,
    "low": 2,
    "high": 2,
    "count": 5
  },
  "Compilation.optimize code generation": {
    "min": 4,
    "max": 4,
    "mean": 4,
    "median": 4,
    "variance": 0,
    "stdDev": 0,
    "confidence": 0,
    "low": 4,
    "high": 4,
    "count": 5
  },
  "Compilation.code generation": {
    "min": 119,
    "max": 127,
    "mean": 123.2,
    "median": 123,
    "variance": 7.360000000000001,
    "stdDev": 2.7129319932501077,
    "confidence": 6.736019914459888,
    "low": 119.83199004277006,
    "high": 126.56800995722995,
    "count": 5
  },
  "Compilation.runtime requirements.modules": {
    "min": 1,
    "max": 2,
    "mean": 1.8,
    "median": 2,
    "variance": 0.16000000000000006,
    "stdDev": 0.4000000000000001,
    "confidence": 0.9931719528863066,
    "low": 1.3034140235568468,
    "high": 2.2965859764431533,
    "count": 5
  },
  "Compilation.runtime requirements.chunks": {
    "min": 0,
    "max": 0,
    "mean": 0,
    "median": 0,
    "variance": 0,
    "stdDev": 0,
    "confidence": 0,
    "low": 0,
    "high": 0,
    "count": 5
  },
  "Compilation.runtime requirements.entries": {
    "min": 0,
    "max": 0,
    "mean": 0,
    "median": 0,
    "variance": 0,
    "stdDev": 0,
    "confidence": 0,
    "low": 0,
    "high": 0,
    "count": 5
  },
  "Compilation.runtime requirements": {
    "min": 2,
    "max": 3,
    "mean": 2.8,
    "median": 3,
    "variance": 0.15999999999999998,
    "stdDev": 0.39999999999999997,
    "confidence": 0.9931719528863061,
    "low": 2.3034140235568468,
    "high": 3.296585976443153,
    "count": 5
  },
  "Compilation.hashing: hash chunks": {
    "min": 0,
    "max": 0,
    "mean": 0,
    "median": 0,
    "variance": 0,
    "stdDev": 0,
    "confidence": 0,
    "low": 0,
    "high": 0,
    "count": 5
  },
  "Compilation.hashing: hash runtime chunks": {
    "min": 0,
    "max": 0,
    "mean": 0,
    "median": 0,
    "variance": 0,
    "stdDev": 0,
    "confidence": 0,
    "low": 0,
    "high": 0,
    "count": 5
  },
  "Compilation.hashing: process full hash chunks": {
    "min": 0,
    "max": 0,
    "mean": 0,
    "median": 0,
    "variance": 0,
    "stdDev": 0,
    "confidence": 0,
    "low": 0,
    "high": 0,
    "count": 5
  },
  "Compilation.hashing": {
    "min": 0,
    "max": 0,
    "mean": 0,
    "median": 0,
    "variance": 0,
    "stdDev": 0,
    "confidence": 0,
    "low": 0,
    "high": 0,
    "count": 5
  },
  "Compilation.create module assets": {
    "min": 0,
    "max": 1,
    "mean": 0.4,
    "median": 0,
    "variance": 0.24000000000000005,
    "stdDev": 0.48989794855663565,
    "confidence": 1.0081911278537365,
    "low": 0,
    "high": 1.0081911278537365,
    "count": 5
  },
  "Compilation.create chunk assets": {
    "min": 1,
    "max": 2,
    "mean": 1.8,
    "median": 2,
    "variance": 0.16000000000000006,
    "stdDev": 0.4000000000000001,
    "confidence": 0.9931719528863066,
    "low": 1.3034140235568468,
    "high": 2.2965859764431533,
    "count": 5
  },
  "Compilation.process assets": {
    "min": 377,
    "max": 393,
    "mean": 383.6,
    "median": 379,
    "variance": 47.839999999999996,
    "stdDev": 6.916646586316233,
    "confidence": 17.17354849389028,
    "low": 375.0132257530549,
    "high": 392.18677424694516,
    "count": 5
  },
  "Compilation.after process assets": {
    "min": 0,
    "max": 0,
    "mean": 0,
    "median": 0,
    "variance": 0,
    "stdDev": 0,
    "confidence": 0,
    "low": 0,
    "high": 0,
    "count": 5
  },
  "Compilation.after seal": {
    "min": 0,
    "max": 0,
    "mean": 0,
    "median": 0,
    "variance": 0,
    "stdDev": 0,
    "confidence": 0,
    "low": 0,
    "high": 0,
    "count": 5
  },
  "Compiler.make hook": {
    "min": 0,
    "max": 0,
    "mean": 0,
    "median": 0,
    "variance": 0,
    "stdDev": 0,
    "confidence": 0,
    "low": 0,
    "high": 0,
    "count": 5
  },
  "Compiler.make": {
    "min": 482,
    "max": 488,
    "mean": 485,
    "median": 484,
    "variance": 6.4,
    "stdDev": 2.5298221281347035,
    "confidence": 6.28137095863633,
    "low": 481.85931452068183,
    "high": 488.14068547931817,
    "count": 5
  },
  "Compiler.finish make hook": {
    "min": 0,
    "max": 0,
    "mean": 0,
    "median": 0,
    "variance": 0,
    "stdDev": 0,
    "confidence": 0,
    "low": 0,
    "high": 0,
    "count": 5
  },
  "Compiler.finish compilation": {
    "min": 28,
    "max": 29,
    "mean": 28.8,
    "median": 29,
    "variance": 0.15999999999999998,
    "stdDev": 0.39999999999999997,
    "confidence": 0.993171952886307,
    "low": 28.303414023556847,
    "high": 29.296585976443154,
    "count": 5
  },
  "Compiler.seal compilation": {
    "min": 703,
    "max": 725,
    "mean": 714.4,
    "median": 712,
    "variance": 83.03999999999999,
    "stdDev": 9.112628599915613,
    "confidence": 22.626017856264525,
    "low": 703.0869910718677,
    "high": 725.7130089281322,