{
  "stats": {
    "min": 2773,
    "max": 2906,
    "mean": 2832.4,
    "median": 2825,
    "variance": 1920.2399999999998,
    "stdDev": 43.82054312762451,
    "confidence": 108.80333598650395,
    "low": 2777.998332006748,
    "high": 2886.801667993252,
    "count": 5
  },
  "heap memory": {
    "min": 63171312,
    "max": 67530904,
    "mean": 65681758.4,
    "median": 66832008,
    "variance": 3111563114378.2397,
    "stdDev": 1763962.3336052955,
    "confidence": 4379794.789211646,
    "low": 63491861.005394176,
    "high": 67871655.79460582,
    "count": 5
  },
  "rss memory": {
    "min": 706940928,
    "max": 727433216,
    "mean": 714684825.6,
    "median": 712630272,
    "variance": 60487880660746.25,
    "stdDev": 7777395.493399204,
    "confidence": 19310727.676371098,
    "low": 705029461.7618145,
    "high": 724340189.4381856,
    "count": 5
  },
  "external memory": {
    "min": 28457930,
    "max": 28558275,
    "mean": 28502983.2,
    "median": 28474314,
    "variance": 2064965643.7599998,
    "stdDev": 45441.89304771534,
    "confidence": 112829.03415262699,
    "low": 28446568.682923686,
    "high": 28559397.717076313,
    "count": 5
  },
  "array buffers memory": {
    "min": 489245,
    "max": 589590,
    "mean": 534298.2,
    "median": 505629,
    "variance": 2064965643.7599998,
    "stdDev": 45441.89304771534,
    "confidence": 112829.0341526253,
    "low": 477883.68292368733,
    "high": 590712.7170763126,
    "count": 5
  },
  "Compilation.finish modules": {
    "min": 6,
    "max": 9,
    "mean": 6.8,
    "median": 6,
    "variance": 1.3599999999999999,
    "stdDev": 1.16619037896906,
    "confidence": 2.8955689402948073,
    "low": 5.352215529852596,
    "high": 8.247784470147403,
    "count": 5
  },
  "Compilation.optimize dependencies": {
    "min": 11,
    "max": 12,
    "mean": 11.4,
    "median": 11,
    "variance": 0.24000000000000005,
    "stdDev": 0.48989794855663565,
    "confidence": 1.2163822557074724,
    "low": 10.791808872146264,
    "high": 12.008191127853737,
    "count": 5
  },
  "Compilation.rebuild chunk graph": {
    "min": 9,
    "max": 9,
    "mean": 9,
    "median": 9,
    "variance": 0,
    "stdDev": 0,
    "confidence": 0,
    "low": 9,
    "high": 9,
    "count": 5
  },
  "Compilation.create chunks": {
    "min": 15,
    "max": 16,
    "mean": 15.4,
    "median": 15,
    "variance": 0.24000000000000005,
    "stdDev": 0.48989794855663565,
    "confidence": 1.2163822557074742,
    "low": 14.791808872146264,
    "high": 16.00819112785374,
    "count": 5
  },
  "Compilation.optimize": {
    "min": 14,
    "max": 15,
    "mean": 14.6,
    "median": 15,
    "variance": 0.24000000000000005,
    "stdDev": 0.48989794855663565,
    "confidence": 1.2163822557074724,
    "low": 13.991808872146263,
    "high": 15.208191127853736,
    "count": 5
  },
  "Compilation.module ids": {
    "min": 1,
    "max": 1,
    "mean": 1,
    "median": 1,
    "variance": 0,
    "stdDev": 0,
    "confidence": 0,
    "low": 1,
    "high": 1,
    "count": 5
  },
  "Compilation.chunk ids": {
    "min": 2,
    "max": 2,
    "mean": 2,
    "median": 2,
    "variance": 0,
    "stdDev": 0,
    "confidence": 0,
    "low": 2,
    "high": 2,
    "count": 5
  },
  "Compilation.optimize code generation": {
    "min": 0,
    "max": 1,
    "mean": 0.4,
    "median": 0,
    "variance": 0.24000000000000005,
    "stdDev": 0.48989794855663565,
    "confidence": 1.0081911278537365,
    "low": 0,
    "high": 1.0081911278537365,
    "count": 5
  },
  "Compilation.code generation": {
    "min": 41,
    "max": 43,
    "mean": 41.6,
    "median": 41,
    "variance": 0.64,
    "stdDev": 0.8,
    "confidence": 1.986343905772614,
    "low": 40.606828047113694,
    "high": 42.59317195288631,
    "count": 5
  },
  "Compilation.runtime requirements.modules": {
    "min": 0,
    "max": 0,
    "mean": 0,
    "median": 0,
    "variance": 0,
    "stdDev": 0,
    "confidence": 0,
    "low": 0,
    "high": 0,
    "count": 5
  },
  "Compilation.runtime requirements.chunks": {
    "min": 0,
    "max": 0,
    "mean": 0,
    "median": 0,
    "variance": 0,
    "stdDev": 0,
    "confidence": 0,
    "low": 0,
    "high": 0,
    "count": 5
  },
  "Compilation.runtime requirements.entries": {
    "min": 0,
    "max": 0,
    "mean": 0,
    "median": 0,
    "variance": 0,
    "stdDev": 0,
    "confidence": 0,
    "low": 0,
    "high": 0,
    "count": 5
  },
  "Compilation.runtime requirements": {
    "min": 1,
    "max": 1,
    "mean": 1,
    "median": 1,
    "variance": 0,
    "stdDev": 0,
    "confidence": 0,
    "low": 1,
    "high": 1,
    "count": 5
  },
  "Compilation.hashing: hash chunks": {
    "min": 0,
    "max": 0,
    "mean": 0,
    "median": 0,
    "variance": 0,
    "stdDev": 0,
    "confidence": 0,
    "low": 0,
    "high": 0,
    "count": 5
  },
  "Compilation.hashing: hash runtime chunks": {
    "min": 0,
    "max": 0,
    "mean": 0,
    "median": 0,
    "variance": 0,
    "stdDev": 0,
    "confidence": 0,
    "low": 0,
    "high": 0,
    "count": 5
  },
  "Compilation.hashing: process full hash chunks": {
    "min": 0,
    "max": 0,
    "mean": 0,
    "median": 0,
    "variance": 0,
    "stdDev": 0,
    "confidence": 0,
    "low": 0,
    "high": 0,
    "count": 5
  },
  "Compilation.hashing": {
    "min": 1,
    "max": 1,
    "mean": 1,
    "median": 1,
    "variance": 0,
    "stdDev": 0,
    "confidence": 0,
    "low": 1,
    "high": 1,
    "count": 5
  },
  "Compilation.create module assets": {
    "min": 0,
    "max": 0,
    "mean": 0,
    "median": 0,
    "variance": 0,
    "stdDev": 0,
    "confidence": 0,
    "low": 0,
    "high": 0,
    "count": 5
  },
  "Compilation.create chunk assets": {
    "min": 1,
    "max": 2,
    "mean": 1.6,
    "median": 2,
    "variance": 0.24,
    "stdDev": 0.4898979485566356,
    "confidence": 1.216382255707473,
    "low": 0.9918088721462637,
    "high": 2.2081911278537367,
    "count": 5
  },
  "Compilation.process assets": {
    "min": 1423,
    "max": 1482,
    "mean": 1439.4,
    "median": 1432,
    "variance": 477.43999999999994,
    "stdDev": 21.850400453996258,
    "confidence": 54.25301222560847,
    "low": 1412.2734938871959,
    "high": 1466.5265061128043,
    "count": 5
  },
  "Compilation.after process assets": {
    "min": 0,
    "max": 0,
    "mean": 0,
    "median": 0,
    "variance": 0,
    "stdDev": 0,
    "confidence": 0,
    "low": 0,
    "high": 0,
    "count": 5
  },
  "Compilation.after seal": {
    "min": 0,
    "max": 0,
    "mean": 0,
    "median": 0,
    "variance": 0,
    "stdDev": 0,
    "confidence": 0,
    "low": 0,
    "high": 0,
    "count": 5
  },
  "Compiler.make hook": {
    "min": 0,
    "max": 0,
    "mean": 0,
    "median": 0,
    "variance": 0,
    "stdDev": 0,
    "confidence": 0,
    "low": 0,
    "high": 0,
    "count": 5
  },
  "Compiler.make": {
    "min": 1141,
    "max": 1231,
    "mean": 1199.6,
    "median": 1205,
    "variance": 990.2399999999998,
    "stdDev": 31.46807906434709,
    "confidence": 78.13303384479559,
    "low": 1160.533483077602,
    "high": 1238.6665169223977,
    "count": 5
  },
  "Compiler.finish make hook": {
    "min": 0,
    "max": 0,
    "mean": 0,
    "median": 0,
    "variance": 0,
    "stdDev": 0,
    "confidence": 0,
    "low": 0,
    "high": 0,
    "count": 5
  },
  "Compiler.finish compilation": {
    "min": 0,
    "max": 0,
    "mean": 0,
    "median": 0,
    "variance": 0,
    "stdDev": 0,
    "confidence": 0,
    "low": 0,
    "high": 0,
    "count": 5
  },
  "Compiler.seal compilation": {
    "min": 2691,
    "max": 2826,
    "mean": 2754,
    "median": 2747,
    "variance": 1930.8,
    "stdDev": 43.940869358718885,
    "confidence": 109.10209758130259,
    "low": 2699.4489512093487,
    "high": 2808.5510487906513,
    "count": 5
  },
  "Compiler.emitAssets": {
    "min": 60,
    "max": 68,
    "mean": 64.2,
    "median": 64,
    "variance": 6.5600000000000005,
    "stdDev": 2.5612496949731396,
    "confidence": 6.359403403464825,