{
  "stats": {
    "min": 1478,
    "max": 1623,
    "mean": 1519.4,
    "median": 1500,
    "variance": 2780.2400000000002,
    "stdDev": 52.72798118646304,
    "confidence": 130.91988011677995,
    "low": 1453.9400599416101,
    "high": 1584.85994005839,
    "count": 5
  },
  "heap memory": {
    "min": 14414392,
    "max": 14687848,
    "mean": 14512918.4,
    "median": 14505120,
    "variance": 8883577917.439999,
    "stdDev": 94252.7342703648,
    "confidence": 234022.93040043116,
    "low": 14395906.934799785,
    "high": 14629929.865200216,
    "count": 5
  },
  "rss memory": {
    "min": 766062592,
    "max": 811589632,
    "mean": 791561011.2,
    "median": 799563776,
    "variance": 399910293062287.4,
    "stdDev": 19997757.200803477,
    "confidence": 49653028.93117046,
    "low": 766734496.7344148,
    "high": 816387525.6655853,
    "count": 5
  },
  "external memory": {
    "min": 7089574,
    "max": 7094687,
    "mean": 7093664.4,
    "median": 7094687,
    "variance": 4182843.04,
    "stdDev": 2045.2,
    "confidence": 5078.088195107877,
    "low": 7091125.355902446,
    "high": 7096203.444097554,
    "count": 5
  },
  "array buffers memory": {
    "min": 5223974,
    "max": 5229087,
    "mean": 5228064.4,
    "median": 5229087,
    "variance": 4182843.04,
    "stdDev": 2045.2,
    "confidence": 5078.088195107877,
    "low": 5225525.355902446,
    "high": 5230603.444097554,
    "count": 5
  },
  "Compilation.finish modules": {
    "min": 21,
    "max": 36,
    "mean": 24.8,
    "median": 22,
    "variance": 31.76,
    "stdDev": 5.635601121442148,
    "confidence": 13.992802428677393,
    "low": 17.803598785661304,
    "high": 31.796401214338697,
    "count": 5
  },
  "Compilation.optimize dependencies": {
    "min": 78,
    "max": 155,
    "mean": 96.6,
    "median": 83,
    "variance": 857.0400000000002,
    "stdDev": 29.275245515622924,
    "confidence": 72.68838189994328,
    "low": 60.25580905002836,
    "high": 132.94419094997164,
    "count": 5
  },
  "Compilation.rebuild chunk graph": {
    "min": 36,
    "max": 51,
    "mean": 40.6,
    "median": 39,
    "variance": 28.24,
    "stdDev": 5.314132102234569,
    "confidence": 13.194617394680293,
    "low": 34.002691302659855,
    "high": 47.19730869734015,
    "count": 5
  },
  "Compilation.create chunks": {
    "min": 58,
    "max": 73,
    "mean": 62,
    "median": 60,
    "variance": 30.8,
    "stdDev": 5.549774770204643,
    "confidence": 13.779701616508248,
    "low": 55.110149191745876,
    "high": 68.88985080825412,
    "count": 5
  },
  "Compilation.optimize": {
    "min": 173,
    "max": 177,
    "mean": 175,
    "median": 176,
    "variance": 2.8,
    "stdDev": 1.6733200530681511,
    "confidence": 4.154736362273809,
    "low": 172.9226318188631,
    "high": 177.0773681811369,
    "count": 5
  },
  "Compilation.module ids": {
    "min": 3,
    "max": 3,
    "mean": 3,
    "median": 3,
    "variance": 0,
    "stdDev": 0,
    "confidence": 0,
    "low": 3,
    "high": 3,
    "count": 5
  },
  "Compilation.chunk ids": {
    "min": 3,
    "max": 3,
    "mean": 3,
    "median": 3,
    "variance": 0,
    "stdDev": 0,
    "confidence": 0,
    "low": 3,
    "high": 3,
    "count": 5
  },
  "Compilation.optimize code generation": {
    "min": 9,
    "max": 9,
    "mean": 9,
    "median": 9,
    "variance": 0,
    "stdDev": 0,
    "confidence": 0,
    "low": 9,
    "high": 9,
    "count": 5
  },
  "Compilation.module code generation cache": {
    "min": 0,
    "max": 0,
    "mean": 0,
    "median": 0,
    "variance": 0,
    "stdDev": 0,
    "confidence": 0,
    "low": 0,
    "high": 0,
    "count": 5
  },
  "Compilation.code generation": {
    "min": 298,
    "max": 301,
    "mean": 299.6,
    "median": 299,
    "variance": 1.44,
    "stdDev": 1.2,
    "confidence": 2.9795158586589423,
    "low": 298.11024207067055,
    "high": 301.0897579293295,
    "count": 5
  },
  "Compilation.runtime requirements.modules": {
    "min": 3,
    "max": 7,
    "mean": 4.8,
    "median": 4,
    "variance": 3.3600000000000003,
    "stdDev": 1.8330302779823362,
    "confidence": 4.551285652208614,
    "low": 2.5243571738956923,
    "high": 7.075642826104307,
    "count": 5
  },
  "Compilation.runtime requirements.chunks": {
    "min": 0,
    "max": 0,
    "mean": 0,
    "median": 0,
    "variance": 0,
    "stdDev": 0,
    "confidence": 0,
    "low": 0,
    "high": 0,
    "count": 5
  },
  "Compilation.runtime requirements.entries": {
    "min": 0,
    "max": 0,
    "mean": 0,
    "median": 0,
    "variance": 0,
    "stdDev": 0,
    "confidence": 0,
    "low": 0,
    "high": 0,
    "count": 5
  },
  "Compilation.runtime requirements": {
    "min": 5,
    "max": 8,
    "mean": 6.2,
    "median": 5,
    "variance": 2.16,
    "stdDev": 1.469693845669907,
    "confidence": 3.649146767122419,
    "low": 4.375426616438791,
    "high": 8.02457338356121,
    "count": 5
  },
  "Compilation.hashing: hash chunks": {
    "min": 0,
    "max": 0,
    "mean": 0,
    "median": 0,
    "variance": 0,
    "stdDev": 0,
    "confidence": 0,
    "low": 0,
    "high": 0,
    "count": 5
  },
  "Compilation.hashing: hash runtime chunks": {
    "min": 0,
    "max": 0,
    "mean": 0,
    "median": 0,
    "variance": 0,
    "stdDev": 0,
    "confidence": 0,
    "low": 0,
    "high": 0,
    "count": 5
  },
  "Compilation.hashing: process full hash chunks": {
    "min": 0,
    "max": 0,
    "mean": 0,
    "median": 0,
    "variance": 0,
    "stdDev": 0,
    "confidence": 0,
    "low": 0,
    "high": 0,
    "count": 5
  },
  "Compilation.hashing": {
    "min": 0,
    "max": 0,
    "mean": 0,
    "median": 0,
    "variance": 0,
    "stdDev": 0,
    "confidence": 0,
    "low": 0,
    "high": 0,
    "count": 5
  },
  "Compilation.create module assets": {
    "min": 0,
    "max": 1,
    "mean": 0.4,
    "median": 0,
    "variance": 0.24000000000000005,
    "stdDev": 0.48989794855663565,
    "confidence": 1.0081911278537365,
    "low": 0,
    "high": 1.0081911278537365,
    "count": 5
  },
  "Compilation.create chunk assets": {
    "min": 1,
    "max": 1,
    "mean": 1,
    "median": 1,
    "variance": 0,
    "stdDev": 0,
    "confidence": 0,
    "low": 1,
    "high": 1,
    "count": 5
  },
  "Compilation.process assets": {
    "min": 512,
    "max": 532,
    "mean": 522.4,
    "median": 525,
    "variance": 64.24,
    "stdDev": 8.01498596380555,
    "confidence": 19.90064815507276,
    "low": 512.4496759224636,
    "high": 532.3503240775364,
    "count": 5
  },
  "Compilation.after process assets": {
    "min": 0,
    "max": 0,
    "mean": 0,
    "median": 0,
    "variance": 0,
    "stdDev": 0,
    "confidence": 0,
    "low": 0,
    "high": 0,
    "count": 5
  },
  "Compilation.after seal": {
    "min": 0,
    "max": 0,
    "mean": 0,
    "median": 0,
    "variance": 0,
    "stdDev": 0,
    "confidence": 0,
    "low": 0,
    "high": 0,
    "count": 5
  },
  "Compiler.make hook": {
    "min": 102,
    "max": 116,
    "mean": 108,
    "median": 107,
    "variance": 28.4,
    "stdDev": 5.329165037789691,
    "confidence": 13.231943119587527,
    "low": 101.38402844020624,
    "high": 114.61597155979376,
    "count": 5
  },
  "Compiler.make": {
    "min": 104,
    "max": 119,
    "mean": 110.2,
    "median": 109,
    "variance": 31.76,
    "stdDev": 5.635601121442148,
    "confidence": 13.99280242867738,
    "low": 103.20359878566131,
    "high": 117.19640121433869,
    "count": 5
  },
  "Compiler.finish make hook": {
    "min": 0,
    "max": 0,
    "mean": 0,
    "median": 0,
    "variance": 0,
    "stdDev": 0,
    "confidence": 0,
    "low": 0,
    "high": 0,
    "count": 5
  },
  "Compiler.finish compilation": {
    "min": 28,
    "max": 47,
    "mean": 32.8,
    "median": 30,
    "variance": 50.959999999999994,
    "stdDev": 7.138627319029898,
    "confidence": 17.72471108842116,
    "low": 23.937644455789417,
    "high": 41.66235554421058,
    "count": 5
  },
  "Compiler.seal compilation": {
    "min": 1273,
    "max": 1387,