{
  "stats": {
    "min": 27889,
    "max": 28335,
    "mean": 28019.6,
    "median": 27961,
    "variance": 25682.239999999998,
    "stdDev": 160.25679392774583,
    "confidence": 397.9063824712939,
    "low": 27820.64680876435,
    "high": 28218.553191235645,
    "count": 5
  },
  "heap memory": {
    "min": 20098480,
    "max": 20182432,
    "mean": 20124139.2,
    "median": 20113704,
    "variance": 906035957.76,
    "stdDev": 30100.431188938142,
    "confidence": 74737.2600665912,
    "low": 20086770.569966704,
    "high": 20161507.830033295,
    "count": 5
  },
  "rss memory": {
    "min": 9994211328,
    "max": 10451701760,
    "mean": 10229794406.4,
    "median": 10297462784,
    "variance": 22291217445331930,
    "stdDev": 149302436.1667683,
    "confidence": 370707480.2460823,
    "low": 10044440666.276958,
    "high": 10415148146.52304,
    "count": 5
  },
  "external memory": {
    "min": 911470730,
    "max": 916141818,
    "mean": 913339165.2,
    "median": 911470730,
    "variance": 5236575144898.56,
    "stdDev": 2288356.428727518,
    "confidence": 5681828.55804801,
    "low": 910498250.920976,
    "high": 916180079.479024,
    "count": 5
  },
  "array buffers memory": {
    "min": 16623,
    "max": 16623,
    "mean": 16623,
    "median": 16623,
    "variance": 0,
    "stdDev": 0,
    "confidence": 0,
    "low": 16623,
    "high": 16623,
    "count": 5
  },
  "Compilation.finish modules": {
    "min": 23,
    "max": 24,
    "mean": 23.2,
    "median": 23,
    "variance": 0.16,
    "stdDev": 0.4,
    "confidence": 0.993171952886307,
    "low": 22.703414023556846,
    "high": 23.696585976443153,
    "count": 5
  },
  "Compilation.optimize dependencies": {
    "min": 38,
    "max": 41,
    "mean": 39.2,
    "median": 39,
    "variance": 1.3599999999999999,
    "stdDev": 1.16619037896906,
    "confidence": 2.895568940294808,
    "low": 37.7522155298526,
    "high": 40.64778447014741,
    "count": 5
  },
  "Compilation.rebuild chunk graph": {
    "min": 37,
    "max": 39,
    "mean": 37.8,
    "median": 38,
    "variance": 0.5599999999999999,
    "stdDev": 0.7483314773547882,
    "confidence": 1.858054586926869,
    "low": 36.87097270653656,
    "high": 38.72902729346343,
    "count": 5
  },
  "Compilation.create chunks": {
    "min": 52,
    "max": 54,
    "mean": 53.2,
    "median": 53,
    "variance": 0.5599999999999999,
    "stdDev": 0.7483314773547882,
    "confidence": 1.858054586926869,
    "low": 52.27097270653657,
    "high": 54.12902729346344,
    "count": 5
  },
  "Compilation.optimize": {
    "min": 83,
    "max": 89,
    "mean": 85.4,
    "median": 85,
    "variance": 3.84,
    "stdDev": 1.9595917942265424,
    "confidence": 4.8655290228298895,
    "low": 82.96723548858506,
    "high": 87.83276451141495,
    "count": 5
  },
  "Compilation.module ids": {
    "min": 2,
    "max": 3,
    "mean": 2.2,
    "median": 2,
    "variance": 0.15999999999999998,
    "stdDev": 0.39999999999999997,
    "confidence": 0.9931719528863063,
    "low": 1.703414023556847,
    "high": 2.6965859764431532,
    "count": 5
  },
  "Compilation.chunk ids": {
    "min": 3,
    "max": 3,
    "mean": 3,
    "median": 3,
    "variance": 0,
    "stdDev": 0,
    "confidence": 0,
    "low": 3,
    "high": 3,
    "count": 5
  },
  "Compilation.optimize code generation": {
    "min": 4,
    "max": 5,
    "mean": 4.4,
    "median": 4,
    "variance": 0.24000000000000005,
    "stdDev": 0.48989794855663565,
    "confidence": 1.2163822557074724,
    "low": 3.791808872146264,
    "high": 5.0081911278537365,
    "count": 5
  },
  "Compilation.code generation": {
    "min": 436,
    "max": 452,
    "mean": 441,
    "median": 439,
    "variance": 35.2,
    "stdDev": 5.932958789676531,
    "confidence": 14.73112066884255,
    "low": 433.6344396655787,
    "high": 448.3655603344213,
    "count": 5
  },
  "Compilation.runtime requirements.modules": {
    "min": 2,
    "max": 2,
    "mean": 2,
    "median": 2,
    "variance": 0,
    "stdDev": 0,
    "confidence": 0,
    "low": 2,
    "high": 2,
    "count": 5
  },
  "Compilation.runtime requirements.chunks": {
    "min": 0,
    "max": 0,
    "mean": 0,
    "median": 0,
    "variance": 0,
    "stdDev": 0,
    "confidence": 0,
    "low": 0,
    "high": 0,
    "count": 5
  },
  "Compilation.runtime requirements.entries": {
    "min": 0,
    "max": 0,
    "mean": 0,
    "median": 0,
    "variance": 0,
    "stdDev": 0,
    "confidence": 0,
    "low": 0,
    "high": 0,
    "count": 5
  },
  "Compilation.runtime requirements": {
    "min": 4,
    "max": 4,
    "mean": 4,
    "median": 4,
    "variance": 0,
    "stdDev": 0,
    "confidence": 0,
    "low": 4,
    "high": 4,
    "count": 5
  },
  "Compilation.hashing: hash chunks": {
    "min": 0,
    "max": 0,
    "mean": 0,
    "median": 0,
    "variance": 0,
    "stdDev": 0,
    "confidence": 0,
    "low": 0,
    "high": 0,
    "count": 5
  },
  "Compilation.hashing: hash runtime chunks": {
    "min": 0,
    "max": 0,
    "mean": 0,
    "median": 0,
    "variance": 0,
    "stdDev": 0,
    "confidence": 0,
    "low": 0,
    "high": 0,
    "count": 5
  },
  "Compilation.hashing: process full hash chunks": {
    "min": 0,
    "max": 0,
    "mean": 0,
    "median": 0,
    "variance": 0,
    "stdDev": 0,
    "confidence": 0,
    "low": 0,
    "high": 0,
    "count": 5
  },
  "Compilation.hashing": {
    "min": 0,
    "max": 0,
    "mean": 0,
    "median": 0,
    "variance": 0,
    "stdDev": 0,
    "confidence": 0,
    "low": 0,
    "high": 0,
    "count": 5
  },
  "Compilation.create module assets": {
    "min": 1,
    "max": 1,
    "mean": 1,
    "median": 1,
    "variance": 0,
    "stdDev": 0,
    "confidence": 0,
    "low": 1,
    "high": 1,
    "count": 5
  },
  "Compilation.create chunk assets": {
    "min": 2,
    "max": 2,
    "mean": 2,
    "median": 2,
    "variance": 0,
    "stdDev": 0,
    "confidence": 0,
    "low": 2,
    "high": 2,
    "count": 5
  },
  "Compilation.process assets": {
    "min": 7553,
    "max": 7649,
    "mean": 7608.8,
    "median": 7616,
    "variance": 995.76,
    "stdDev": 31.555665101531293,
    "confidence": 78.35050383378439,
    "low": 7569.624748083108,
    "high": 7647.975251916892,
    "count": 5
  },
  "Compilation.after process assets": {
    "min": 0,
    "max": 0,
    "mean": 0,
    "median": 0,
    "variance": 0,
    "stdDev": 0,
    "confidence": 0,
    "low": 0,
    "high": 0,
    "count": 5
  },
  "Compilation.after seal": {
    "min": 0,
    "max": 0,
    "mean": 0,
    "median": 0,
    "variance": 0,
    "stdDev": 0,
    "confidence": 0,
    "low": 0,
    "high": 0,
    "count": 5
  },
  "Compiler.make hook": {
    "min": 0,
    "max": 0,
    "mean": 0,
    "median": 0,
    "variance": 0,
    "stdDev": 0,
    "confidence": 0,
    "low": 0,
    "high": 0,
    "count": 5
  },
  "Compiler.make": {
    "min": 18902,
    "max": 19240,
    "mean": 18987,
    "median": 18939,
    "variance": 16397.6,
    "stdDev": 128.05311398009812,
    "confidence": 317.94690321196686,
    "low": 18828.026548394017,
    "high": 19145.973451605983,
    "count": 5
  },
  "Compiler.finish make hook": {
    "min": 0,
    "max": 0,
    "mean": 0,
    "median": 0,
    "variance": 0,
    "stdDev": 0,
    "confidence": 0,
    "low": 0,
    "high": 0,
    "count": 5
  },
  "Compiler.finish compilation": {
    "min": 29,
    "max": 30,
    "mean": 29.4,
    "median": 29,
    "variance": 0.24,
    "stdDev": 0.4898979485566356,
    "confidence": 1.2163822557074724,
    "low": 28.791808872146262,
    "high": 30.008191127853735,
    "count": 5
  },
  "Compiler.seal compilation": {
    "min": 8225,
    "max": 8339,
    "mean": 8291.8,
    "median": 8297,
    "variance": 1374.1599999999999,
    "stdDev": 37.069664147386064,
    "confidence": 92.04137683524823,
    "low": 8245.779311582375,
    "high": 8337.820688417623,
    "count": 5
  },
  "Compiler.emitAssets": {
    "min": 595,
    "max": 735,
    "mean": 697,
    "median": 720,
    "variance": 2648.4,