{
  "stats": {
    "min": 2295,
    "max": 2349,
    "mean": 2324.6,
    "median": 2334,
    "variance": 481.84,
    "stdDev": 21.9508541975022,
    "confidence": 54.502431827139844,
    "low": 2297.34878408643,
    "high": 2351.85121591357,
    "count": 5
  },
  "heap memory": {
    "min": 62107160,
    "max": 108583744,
    "mean": 89231217.6,
    "median": 108583744,
    "variance": 488833485545866.2,
    "stdDev": 22109579.04497203,
    "confidence": 54896534.49397257,
    "low": 61782950.35301371,
    "high": 116679484.84698628,
    "count": 5
  },
  "rss memory": {
    "min": 841170944,
    "max": 867864576,
    "mean": 850546688,
    "median": 846811136,
    "variance": 87933663890636.8,
    "stdDev": 9377295.126561645,
    "confidence": 23283166.28409624,
    "low": 838905104.8579519,
    "high": 862188271.1420481,
    "count": 5
  },
  "external memory": {
    "min": 10082478,
    "max": 10083923,
    "mean": 10083226.6,
    "median": 10083244,
    "variance": 209256.63999999998,
    "stdDev": 457.4457782076472,
    "confidence": 1135.8057922050357,
    "low": 10082658.697103897,
    "high": 10083794.502896102,
    "count": 5
  },
  "array buffers memory": {
    "min": 497441,
    "max": 1281281,
    "mean": 969383.4,
    "median": 1281281,
    "variance": 145926880215.03998,
    "stdDev": 382003.7698963715,
    "confidence": 948488.5753947764,
    "low": 495139.1123026118,
    "high": 1443627.6876973882,
    "count": 5
  },
  "Compilation.build module graph": {
    "min": 1070,
    "max": 1135,
    "mean": 1104.2,
    "median": 1106,
    "variance": 426.15999999999997,
    "stdDev": 20.643643089338664,
    "confidence": 51.25671830431611,
    "low": 1078.571640847842,
    "high": 1129.828359152158,
    "count": 5
  },
  "Compilation.finish modules": {
    "min": 5,
    "max": 5,
    "mean": 5,
    "median": 5,
    "variance": 0,
    "stdDev": 0,
    "confidence": 0,
    "low": 5,
    "high": 5,
    "count": 5
  },
  "Compilation.seal": {
    "min": 0,
    "max": 0,
    "mean": 0,
    "median": 0,
    "variance": 0,
    "stdDev": 0,
    "confidence": 0,
    "low": 0,
    "high": 0,
    "count": 5
  },
  "Compilation.optimize dependencies": {
    "min": 9,
    "max": 10,
    "mean": 9.4,
    "median": 9,
    "variance": 0.24000000000000005,
    "stdDev": 0.48989794855663565,
    "confidence": 1.2163822557074724,
    "low": 8.791808872146264,
    "high": 10.008191127853737,
    "count": 5
  },
  "Compilation.rebuild chunk graph": {
    "min": 6,
    "max": 7,
    "mean": 6.8,
    "median": 7,
    "variance": 0.15999999999999998,
    "stdDev": 0.39999999999999997,
    "confidence": 0.993171952886307,
    "low": 6.303414023556846,
    "high": 7.296585976443153,
    "count": 5
  },
  "Compilation.build chunk graph": {
    "min": 6,
    "max": 7,
    "mean": 6.8,
    "median": 7,
    "variance": 0.15999999999999998,
    "stdDev": 0.39999999999999997,
    "confidence": 0.993171952886307,
    "low": 6.303414023556846,
    "high": 7.296585976443153,
    "count": 5
  },
  "Compilation.optimize modules": {
    "min": 0,
    "max": 0,
    "mean": 0,
    "median": 0,
    "variance": 0,
    "stdDev": 0,
    "confidence": 0,
    "low": 0,
    "high": 0,
    "count": 5
  },
  "Compilation.optimize chunks": {
    "min": 5,
    "max": 6,
    "mean": 5.2,
    "median": 5,
    "variance": 0.15999999999999998,
    "stdDev": 0.39999999999999997,
    "confidence": 0.993171952886307,
    "low": 4.703414023556847,
    "high": 5.696585976443154,
    "count": 5
  },
  "Compilation.optimize tree": {
    "min": 0,
    "max": 0,
    "mean": 0,
    "median": 0,
    "variance": 0,
    "stdDev": 0,
    "confidence": 0,
    "low": 0,
    "high": 0,
    "count": 5
  },
  "Compilation.optimize chunk modules": {
    "min": 14,
    "max": 15,
    "mean": 14.2,
    "median": 14,
    "variance": 0.16,
    "stdDev": 0.4,
    "confidence": 0.993171952886307,
    "low": 13.703414023556846,
    "high": 14.696585976443153,
    "count": 5
  },
  "Compilation.module ids": {
    "min": 0,
    "max": 0,
    "mean": 0,
    "median": 0,
    "variance": 0,
    "stdDev": 0,
    "confidence": 0,
    "low": 0,
    "high": 0,
    "count": 5
  },
  "Compilation.chunk ids": {
    "min": 1,
    "max": 1,
    "mean": 1,
    "median": 1,
    "variance": 0,
    "stdDev": 0,
    "confidence": 0,
    "low": 1,
    "high": 1,
    "count": 5
  },
  "Compilation.assign runtime ids": {
    "min": 0,
    "max": 0,
    "mean": 0,
    "median": 0,
    "variance": 0,
    "stdDev": 0,
    "confidence": 0,
    "low": 0,
    "high": 0,
    "count": 5
  },
  "Compilation.optimize code generation": {
    "min": 0,
    "max": 0,
    "mean": 0,
    "median": 0,
    "variance": 0,
    "stdDev": 0,
    "confidence": 0,
    "low": 0,
    "high": 0,
    "count": 5
  },
  "Compilation.create module hashes": {
    "min": 5,
    "max": 6,
    "mean": 5.2,
    "median": 5,
    "variance": 0.15999999999999998,
    "stdDev": 0.39999999999999997,
    "confidence": 0.993171952886307,
    "low": 4.703414023556847,
    "high": 5.696585976443154,
    "count": 5
  },
  "Compilation.code generation": {
    "min": 33,
    "max": 36,
    "mean": 34.6,
    "median": 35,
    "variance": 1.0399999999999998,
    "stdDev": 1.0198039027185568,
    "confidence": 2.5321015840601575,
    "low": 33.33394920796992,
    "high": 35.86605079203008,
    "count": 5
  },
  "Compilation.runtime requirements.modules": {
    "min": 0,
    "max": 0,
    "mean": 0,
    "median": 0,
    "variance": 0,
    "stdDev": 0,
    "confidence": 0,
    "low": 0,
    "high": 0,
    "count": 5
  },
  "Compilation.runtime requirements.chunks": {
    "min": 0,
    "max": 0,
    "mean": 0,
    "median": 0,
    "variance": 0,
    "stdDev": 0,
    "confidence": 0,
    "low": 0,
    "high": 0,
    "count": 5
  },
  "Compilation.runtime requirements.entries": {
    "min": 0,
    "max": 1,
    "mean": 0.6,
    "median": 1,
    "variance": 0.24000000000000005,
    "stdDev": 0.48989794855663565,
    "confidence": 1.2081911278537363,
    "low": 0,
    "high": 1.2081911278537363,
    "count": 5
  },
  "Compilation.runtime requirements": {
    "min": 1,
    "max": 2,
    "mean": 1.4,
    "median": 1,
    "variance": 0.24,
    "stdDev": 0.4898979485566356,
    "confidence": 1.216382255707473,
    "low": 0.7918088721462635,
    "high": 2.0081911278537365,
    "count": 5
  },
  "Compilation.hashing: hash chunks": {
    "min": 0,
    "max": 0,
    "mean": 0,
    "median": 0,
    "variance": 0,
    "stdDev": 0,
    "confidence": 0,
    "low": 0,
    "high": 0,
    "count": 5
  },
  "Compilation.hashing: hash runtime chunks": {
    "min": 0,
    "max": 0,
    "mean": 0,
    "median": 0,
    "variance": 0,
    "stdDev": 0,
    "confidence": 0,
    "low": 0,
    "high": 0,
    "count": 5
  },
  "Compilation.hashing: process full hash chunks": {
    "min": 0,
    "max": 0,
    "mean": 0,
    "median": 0,
    "variance": 0,
    "stdDev": 0,
    "confidence": 0,
    "low": 0,
    "high": 0,
    "count": 5
  },
  "Compilation.hashing": {
    "min": 1,
    "max": 1,
    "mean": 1,
    "median": 1,
    "variance": 0,
    "stdDev": 0,
    "confidence": 0,
    "low": 1,
    "high": 1,
    "count": 5
  },
  "Compilation.create module assets": {
    "min": 0,
    "max": 0,
    "mean": 0,
    "median": 0,
    "variance": 0,
    "stdDev": 0,
    "confidence": 0,
    "low": 0,
    "high": 0,
    "count": 5
  },
  "Compilation.create chunk assets": {
    "min": 1,
    "max": 2,
    "mean": 1.4,
    "median": 1,
    "variance": 0.24,
    "stdDev": 0.4898979485566356,
    "confidence": 1.216382255707473,
    "low": 0.7918088721462635,
    "high": 2.0081911278537365,
    "count": 5
  },
  "Compilation.process assets": {
    "min": 1055,
    "max": 1099,
    "mean": 1084.8,
    "median": 1091,
    "variance": 242.55999999999995,
    "stdDev": 15.574337867145426,
    "confidence": 38.669988886059855,
    "low": 1065.46500555697,
    "high": 1104.1349944430299,
    "count": 5
  },