{
  "stats": {
    "min": 2715,
    "max": 2822,
    "mean": 2751.8,
    "median": 2740,
    "variance": 1334.56,
    "stdDev": 36.53163013061421,
    "confidence": 90.70547609735604,
    "low": 2706.447261951322,
    "high": 2797.152738048678,
    "count": 5
  },
  "heap memory": {
    "min": 50577464,
    "max": 50899728,
    "mean": 50762195.2,
    "median": 50848512,
    "variance": 20170816885.76,
    "stdDev": 142024.00109051992,
    "confidence": 352635.6362994909,
    "low": 50585877.38185026,
    "high": 50938513.01814975,
    "count": 5
  },
  "rss memory": {
    "min": 781611008,
    "max": 814657536,
    "mean": 792226201.6,
    "median": 783720448,
    "variance": 163615803378237.44,
    "stdDev": 12791239.321435489,
    "confidence": 31759750.341765404,
    "low": 776346326.4291173,
    "high": 808106076.7708827,
    "count": 5
  },
  "external memory": {
    "min": 28682431,
    "max": 28690623,
    "mean": 28688984.6,
    "median": 28690623,
    "variance": 10737418.239999998,
    "stdDev": 3276.7999999999997,
    "confidence": 8136.06463804096,
    "low": 28684916.56768098,
    "high": 28693052.632319022,
    "count": 5
  },
  "array buffers memory": {
    "min": 581275,
    "max": 589467,
    "mean": 587828.6,
    "median": 589467,
    "variance": 10737418.24,
    "stdDev": 3276.8,
    "confidence": 8136.064638044685,
    "low": 583760.5676809776,
    "high": 591896.6323190223,
    "count": 5
  },
  "Compilation.build module graph": {
    "min": 1149,
    "max": 1233,
    "mean": 1184.6,
    "median": 1170,
    "variance": 887.4399999999999,
    "stdDev": 29.789931184881915,
    "confidence": 73.96631032809455,
    "low": 1147.6168448359526,
    "high": 1221.5831551640472,
    "count": 5
  },
  "Compilation.finish modules": {
    "min": 7,
    "max": 12,
    "mean": 9.4,
    "median": 7,
    "variance": 2.6399999999999997,
    "stdDev": 1.624807680927192,
    "confidence": 4.034283543827826,
    "low": 7.3828582280860875,
    "high": 11.417141771913913,
    "count": 5
  },
  "Compilation.seal": {
    "min": 0,
    "max": 2,
    "mean": 0.4,
    "median": 0,
    "variance": 0.6400000000000001,
    "stdDev": 0.8,
    "confidence": 1.3931719528863065,
    "low": 0,
    "high": 1.3931719528863065,
    "count": 5
  },
  "Compilation.optimize dependencies": {
    "min": 10,
    "max": 13,
    "mean": 10.8,
    "median": 10,
    "variance": 1.36,
    "stdDev": 1.1661903789690602,
    "confidence": 2.895568940294808,
    "low": 9.352215529852597,
    "high": 12.247784470147405,
    "count": 5
  },
  "Compilation.rebuild chunk graph": {
    "min": 8,
    "max": 9,
    "mean": 8.6,
    "median": 9,
    "variance": 0.24000000000000005,
    "stdDev": 0.48989794855663565,
    "confidence": 1.2163822557074724,
    "low": 7.9918088721462635,
    "high": 9.208191127853736,
    "count": 5
  },
  "Compilation.build chunk graph": {
    "min": 8,
    "max": 9,
    "mean": 8.6,
    "median": 9,
    "variance": 0.24000000000000005,
    "stdDev": 0.48989794855663565,
    "confidence": 1.2163822557074724,
    "low": 7.9918088721462635,
    "high": 9.208191127853736,
    "count": 5
  },
  "Compilation.optimize modules": {
    "min": 0,
    "max": 0,
    "mean": 0,
    "median": 0,
    "variance": 0,
    "stdDev": 0,
    "confidence": 0,
    "low": 0,
    "high": 0,
    "count": 5
  },
  "Compilation.optimize chunks": {
    "min": 5,
    "max": 6,
    "mean": 5.6,
    "median": 6,
    "variance": 0.24000000000000005,
    "stdDev": 0.48989794855663565,
    "confidence": 1.2163822557074724,
    "low": 4.9918088721462635,
    "high": 6.208191127853736,
    "count": 5
  },
  "Compilation.optimize tree": {
    "min": 0,
    "max": 0,
    "mean": 0,
    "median": 0,
    "variance": 0,
    "stdDev": 0,
    "confidence": 0,
    "low": 0,
    "high": 0,
    "count": 5
  },
  "Compilation.optimize chunk modules": {
    "min": 14,
    "max": 14,
    "mean": 14,
    "median": 14,
    "variance": 0,
    "stdDev": 0,
    "confidence": 0,
    "low": 14,
    "high": 14,
    "count": 5
  },
  "Compilation.module ids": {
    "min": 1,
    "max": 1,
    "mean": 1,
    "median": 1,
    "variance": 0,
    "stdDev": 0,
    "confidence": 0,
    "low": 1,
    "high": 1,
    "count": 5
  },
  "Compilation.chunk ids": {
    "min": 1,
    "max": 1,
    "mean": 1,
    "median": 1,
    "variance": 0,
    "stdDev": 0,
    "confidence": 0,
    "low": 1,
    "high": 1,
    "count": 5
  },
  "Compilation.assign runtime ids": {
    "min": 0,
    "max": 0,
    "mean": 0,
    "median": 0,
    "variance": 0,
    "stdDev": 0,
    "confidence": 0,
    "low": 0,
    "high": 0,
    "count": 5
  },
  "Compilation.optimize code generation": {
    "min": 0,
    "max": 0,
    "mean": 0,
    "median": 0,
    "variance": 0,
    "stdDev": 0,
    "confidence": 0,
    "low": 0,
    "high": 0,
    "count": 5
  },
  "Compilation.create module hashes": {
    "min": 6,
    "max": 6,
    "mean": 6,
    "median": 6,
    "variance": 0,
    "stdDev": 0,
    "confidence": 0,
    "low": 6,
    "high": 6,
    "count": 5
  },
  "Compilation.code generation": {
    "min": 39,
    "max": 42,
    "mean": 40.6,
    "median": 40,
    "variance": 1.44,
    "stdDev": 1.2,
    "confidence": 2.979515858658914,
    "low": 39.110242070670544,
    "high": 42.08975792932946,
    "count": 5
  },
  "Compilation.runtime requirements.modules": {
    "min": 0,
    "max": 0,
    "mean": 0,
    "median": 0,
    "variance": 0,
    "stdDev": 0,
    "confidence": 0,
    "low": 0,
    "high": 0,
    "count": 5
  },
  "Compilation.runtime requirements.chunks": {
    "min": 0,
    "max": 0,
    "mean": 0,
    "median": 0,
    "variance": 0,
    "stdDev": 0,
    "confidence": 0,
    "low": 0,
    "high": 0,
    "count": 5
  },
  "Compilation.runtime requirements.entries": {
    "min": 0,
    "max": 1,
    "mean": 0.4,
    "median": 0,
    "variance": 0.24000000000000005,
    "stdDev": 0.48989794855663565,
    "confidence": 1.0081911278537365,
    "low": 0,
    "high": 1.0081911278537365,
    "count": 5
  },
  "Compilation.runtime requirements": {
    "min": 1,
    "max": 1,
    "mean": 1,
    "median": 1,
    "variance": 0,
    "stdDev": 0,
    "confidence": 0,
    "low": 1,
    "high": 1,
    "count": 5
  },
  "Compilation.hashing: hash chunks": {
    "min": 0,
    "max": 0,
    "mean": 0,
    "median": 0,
    "variance": 0,
    "stdDev": 0,
    "confidence": 0,
    "low": 0,
    "high": 0,
    "count": 5
  },
  "Compilation.hashing: hash runtime chunks": {
    "min": 0,
    "max": 0,
    "mean": 0,
    "median": 0,
    "variance": 0,
    "stdDev": 0,
    "confidence": 0,
    "low": 0,
    "high": 0,
    "count": 5
  },
  "Compilation.hashing: process full hash chunks": {
    "min": 0,
    "max": 0,
    "mean": 0,
    "median": 0,
    "variance": 0,
    "stdDev": 0,
    "confidence": 0,
    "low": 0,
    "high": 0,
    "count": 5
  },
  "Compilation.hashing": {
    "min": 1,
    "max": 1,
    "mean": 1,
    "median": 1,
    "variance": 0,
    "stdDev": 0,
    "confidence": 0,
    "low": 1,
    "high": 1,
    "count": 5
  },
  "Compilation.create module assets": {
    "min": 0,
    "max": 0,
    "mean": 0,
    "median": 0,
    "variance": 0,
    "stdDev": 0,
    "confidence": 0,
    "low": 0,
    "high": 0,
    "count": 5
  },
  "Compilation.create chunk assets": {
    "min": 1,
    "max": 2,
    "mean": 1.6,
    "median": 2,
    "variance": 0.24,
    "stdDev": 0.4898979485566356,
    "confidence": 1.216382255707473,
    "low": 0.9918088721462637,
    "high": 2.2081911278537367,
    "count": 5
  },
  "Compilation.process assets": {
    "min": 1324,
    "max": 1414,
    "mean": 1376.2,
    "median": 1394,
    "variance": 1063.36,
    "stdDev": 32.609201155502106,
    "confidence": 80.96635998418105,
    "low": 1335.7168200079095,
    "high": 1416.6831799920906,
    "count": 5
  },
  "Compilation.after process assets": {
    "min": 0,
    "max": 0,
    "mean": 0,
    "median": 0,
    "variance": 0,
    "stdDev": 0,
    "confidence": 0,