{
  "stats": {
    "min": 678,
    "max": 705,
    "mean": 688.8,
    "median": 688,
    "variance": 90.16,
    "stdDev": 9.495261976375375,
    "confidence": 23.57606970060965,
    "low": 677.0119651496951,
    "high": 700.5880348503048,
    "count": 5
  },
  "heap memory": {
    "min": 69648800,
    "max": 71600320,
    "mean": 70299040,
    "median": 70211040,
    "variance": 476202090214.4,
    "stdDev": 690073.9744508555,
    "confidence": 1713405.2921034396,
    "low": 69442337.35394828,
    "high": 71155742.64605172,
    "count": 5
  },
  "rss memory": {
    "min": 616296448,
    "max": 628224000,
    "mean": 623381708.8,
    "median": 624574464,
    "variance": 20978850972303.363,
    "stdDev": 4580267.565579915,
    "confidence": 11372483.207122087,
    "low": 617695467.1964389,
    "high": 629067950.403561,
    "count": 5
  },
  "external memory": {
    "min": 21453721,
    "max": 21961672,
    "mean": 21744918,
    "median": 21718370,
    "variance": 36456874336.4,
    "stdDev": 190936.83336747784,
    "confidence": 474082.7691837624,
    "low": 21507876.61540812,
    "high": 21981959.38459188,
    "count": 5
  },
  "array buffers memory": {
    "min": 4132374,
    "max": 4365974,
    "mean": 4259829.2,
    "median": 4279553,
    "variance": 6759263194.959999,
    "stdDev": 82214.73830743488,
    "confidence": 204133.43050207943,
    "low": 4157762.4847489605,
    "high": 4361895.91525104,
    "count": 5
  },
  "Compilation.build module graph": {
    "min": 558,
    "max": 587,
    "mean": 569.6,
    "median": 569,
    "variance": 104.63999999999999,
    "stdDev": 10.229369482035537,
    "confidence": 25.398807163172023,
    "low": 556.900596418414,
    "high": 582.299403581586,
    "count": 5
  },
  "Compilation.finish modules": {
    "min": 17,
    "max": 20,
    "mean": 18.8,
    "median": 19,
    "variance": 1.3599999999999999,
    "stdDev": 1.16619037896906,
    "confidence": 2.895568940294808,
    "low": 17.352215529852597,
    "high": 20.247784470147405,
    "count": 5
  },
  "Compilation.seal": {
    "min": 0,
    "max": 0,
    "mean": 0,
    "median": 0,
    "variance": 0,
    "stdDev": 0,
    "confidence": 0,
    "low": 0,
    "high": 0,
    "count": 5
  },
  "Compilation.optimize dependencies": {
    "min": 0,
    "max": 1,
    "mean": 0.8,
    "median": 1,
    "variance": 0.16000000000000006,
    "stdDev": 0.4000000000000001,
    "confidence": 0.9931719528863066,
    "low": 0.30341402355684677,
    "high": 1.2965859764431533,
    "count": 5
  },
  "Compilation.rebuild chunk graph": {
    "min": 9,
    "max": 11,
    "mean": 9.6,
    "median": 9,
    "variance": 0.6399999999999999,
    "stdDev": 0.7999999999999999,
    "confidence": 1.986343905772614,
    "low": 8.606828047113693,
    "high": 10.593171952886307,
    "count": 5
  },
  "Compilation.build chunk graph": {
    "min": 10,
    "max": 12,
    "mean": 10.6,
    "median": 10,
    "variance": 0.64,
    "stdDev": 0.8,
    "confidence": 1.986343905772614,
    "low": 9.606828047113693,
    "high": 11.593171952886307,
    "count": 5
  },
  "Compilation.optimize modules": {
    "min": 0,
    "max": 0,
    "mean": 0,
    "median": 0,
    "variance": 0,
    "stdDev": 0,
    "confidence": 0,
    "low": 0,
    "high": 0,
    "count": 5
  },
  "Compilation.optimize chunks": {
    "min": 5,
    "max": 6,
    "mean": 5.4,
    "median": 5,
    "variance": 0.24000000000000005,
    "stdDev": 0.48989794855663565,
    "confidence": 1.2163822557074724,
    "low": 4.791808872146264,
    "high": 6.0081911278537365,
    "count": 5
  },
  "Compilation.optimize tree": {
    "min": 0,
    "max": 0,
    "mean": 0,
    "median": 0,
    "variance": 0,
    "stdDev": 0,
    "confidence": 0,
    "low": 0,
    "high": 0,
    "count": 5
  },
  "Compilation.optimize chunk modules": {
    "min": 0,
    "max": 0,
    "mean": 0,
    "median": 0,
    "variance": 0,
    "stdDev": 0,
    "confidence": 0,
    "low": 0,
    "high": 0,
    "count": 5
  },
  "Compilation.module ids": {
    "min": 1,
    "max": 2,
    "mean": 1.8,
    "median": 2,
    "variance": 0.16000000000000006,
    "stdDev": 0.4000000000000001,
    "confidence": 0.9931719528863066,
    "low": 1.3034140235568468,
    "high": 2.2965859764431533,
    "count": 5
  },
  "Compilation.chunk ids": {
    "min": 0,
    "max": 0,
    "mean": 0,
    "median": 0,
    "variance": 0,
    "stdDev": 0,
    "confidence": 0,
    "low": 0,
    "high": 0,
    "count": 5
  },
  "Compilation.assign runtime ids": {
    "min": 0,
    "max": 0,
    "mean": 0,
    "median": 0,
    "variance": 0,
    "stdDev": 0,
    "confidence": 0,
    "low": 0,
    "high": 0,
    "count": 5
  },
  "Compilation.optimize code generation": {
    "min": 0,
    "max": 0,
    "mean": 0,
    "median": 0,
    "variance": 0,
    "stdDev": 0,
    "confidence": 0,
    "low": 0,
    "high": 0,
    "count": 5
  },
  "Compilation.create module hashes": {
    "min": 3,
    "max": 4,
    "mean": 3.8,
    "median": 4,
    "variance": 0.15999999999999998,
    "stdDev": 0.39999999999999997,
    "confidence": 0.9931719528863066,
    "low": 3.3034140235568468,
    "high": 4.296585976443153,
    "count": 5
  },
  "Compilation.module code generation cache": {
    "min": 0,
    "max": 0,
    "mean": 0,
    "median": 0,
    "variance": 0,
    "stdDev": 0,
    "confidence": 0,
    "low": 0,
    "high": 0,
    "count": 5
  },
  "Compilation.code generation": {
    "min": 28,
    "max": 29,
    "mean": 28.2,
    "median": 28,
    "variance": 0.16,
    "stdDev": 0.4,
    "confidence": 0.993171952886307,
    "low": 27.703414023556846,
    "high": 28.696585976443153,
    "count": 5
  },
  "Compilation.runtime requirements.modules": {
    "min": 2,
    "max": 3,
    "mean": 2.2,
    "median": 2,
    "variance": 0.15999999999999998,
    "stdDev": 0.39999999999999997,
    "confidence": 0.9931719528863063,
    "low": 1.703414023556847,
    "high": 2.6965859764431532,
    "count": 5
  },
  "Compilation.runtime requirements.chunks": {
    "min": 0,
    "max": 0,
    "mean": 0,
    "median": 0,
    "variance": 0,
    "stdDev": 0,
    "confidence": 0,
    "low": 0,
    "high": 0,
    "count": 5
  },
  "Compilation.runtime requirements.entries": {
    "min": 0,
    "max": 0,
    "mean": 0,
    "median": 0,
    "variance": 0,
    "stdDev": 0,
    "confidence": 0,
    "low": 0,
    "high": 0,
    "count": 5
  },
  "Compilation.runtime requirements": {
    "min": 3,
    "max": 3,
    "mean": 3,
    "median": 3,
    "variance": 0,
    "stdDev": 0,
    "confidence": 0,
    "low": 3,
    "high": 3,
    "count": 5
  },
  "Compilation.hashing: hash chunks": {
    "min": 0,
    "max": 0,
    "mean": 0,
    "median": 0,
    "variance": 0,
    "stdDev": 0,
    "confidence": 0,
    "low": 0,
    "high": 0,
    "count": 5
  },
  "Compilation.hashing: hash runtime chunks": {
    "min": 2,
    "max": 3,
    "mean": 2.2,
    "median": 2,
    "variance": 0.15999999999999998,
    "stdDev": 0.39999999999999997,
    "confidence": 0.9931719528863063,
    "low": 1.703414023556847,
    "high": 2.6965859764431532,
    "count": 5
  },
  "Compilation.hashing: process full hash chunks": {
    "min": 0,
    "max": 0,
    "mean": 0,
    "median": 0,
    "variance": 0,
    "stdDev": 0,
    "confidence": 0,
    "low": 0,
    "high": 0,
    "count": 5
  },
  "Compilation.hashing": {
    "min": 2,
    "max": 3,
    "mean": 2.2,
    "median": 2,
    "variance": 0.15999999999999998,
    "stdDev": 0.39999999999999997,
    "confidence": 0.9931719528863063,
    "low": 1.703414023556847,
    "high": 2.6965859764431532,
    "count": 5
  },
  "Compilation.create module assets": {
    "min": 0,
    "max": 0,
    "mean": 0,
    "median": 0,
    "variance": 0,
    "stdDev": 0,
    "confidence": 0,
    "low": 0,
    "high": 0,
    "count": 5
  },
  "Compilation.create chunk assets": {
    "min": 5,
    "max": 5,
    "mean": 5,
    "median": 5,
    "variance": 0,
    "stdDev": 0,
    "confidence": 0,
    "low": 5,
    "high": 5,
    "count": 5
  },