{
  "stats": {
    "min": 807,
    "max": 828,
    "mean": 818,
    "median": 819,
    "variance": 58.8,
    "stdDev": 7.6681158050723255,
    "confidence": 19.039393872704977,
    "low": 808.4803030636475,
    "high": 827.5196969363525,
    "count": 5
  },
  "heap memory": {
    "min": 72109576,
    "max": 86723536,
    "mean": 75141380.8,
    "median": 72291480,
    "variance": 33541668499522.562,
    "stdDev": 5791516.942867608,
    "confidence": 14379930.48080489,
    "low": 67951415.55959755,
    "high": 82331346.04040244,
    "count": 5
  },
  "rss memory": {
    "min": 617570304,
    "max": 652333056,
    "mean": 636820684.8,
    "median": 636506112,
    "variance": 157652045329858.56,
    "stdDev": 12555956.567695612,
    "confidence": 31175559.761734724,
    "low": 621232904.9191326,
    "high": 652408464.6808673,
    "count": 5
  },
  "external memory": {
    "min": 37409849,
    "max": 41299794,
    "mean": 38271278.2,
    "median": 37524725,
    "variance": 2298419522106.1597,
    "stdDev": 1516053.9311337706,
    "confidence": 3764255.6086627245,
    "low": 36389150.39566864,
    "high": 40153406.004331365,
    "count": 5
  },
  "array buffers memory": {
    "min": 4230357,
    "max": 8108764,
    "mean": 5050348,
    "median": 4298504,
    "variance": 2340340776623.6,
    "stdDev": 1529817.2363467475,
    "confidence": 3798428.9304540786,
    "low": 3151133.534772961,
    "high": 6949562.4652270395,
    "count": 5
  },
  "Compilation.finish modules": {
    "min": 14,
    "max": 15,
    "mean": 14.6,
    "median": 15,
    "variance": 0.24000000000000005,
    "stdDev": 0.48989794855663565,
    "confidence": 1.2163822557074724,
    "low": 13.991808872146263,
    "high": 15.208191127853736,
    "count": 5
  },
  "Compilation.optimize dependencies": {
    "min": 0,
    "max": 0,
    "mean": 0,
    "median": 0,
    "variance": 0,
    "stdDev": 0,
    "confidence": 0,
    "low": 0,
    "high": 0,
    "count": 5
  },
  "Compilation.rebuild chunk graph": {
    "min": 11,
    "max": 12,
    "mean": 11.4,
    "median": 11,
    "variance": 0.24000000000000005,
    "stdDev": 0.48989794855663565,
    "confidence": 1.2163822557074724,
    "low": 10.791808872146264,
    "high": 12.008191127853737,
    "count": 5
  },
  "Compilation.create chunks": {
    "min": 18,
    "max": 20,
    "mean": 19.4,
    "median": 20,
    "variance": 0.6399999999999999,
    "stdDev": 0.7999999999999999,
    "confidence": 1.986343905772614,
    "low": 18.40682804711369,
    "high": 20.393171952886306,
    "count": 5
  },
  "Compilation.optimize": {
    "min": 0,
    "max": 0,
    "mean": 0,
    "median": 0,
    "variance": 0,
    "stdDev": 0,
    "confidence": 0,
    "low": 0,
    "high": 0,
    "count": 5
  },
  "Compilation.module ids": {
    "min": 3,
    "max": 3,
    "mean": 3,
    "median": 3,
    "variance": 0,
    "stdDev": 0,
    "confidence": 0,
    "low": 3,
    "high": 3,
    "count": 5
  },
  "Compilation.chunk ids": {
    "min": 0,
    "max": 0,
    "mean": 0,
    "median": 0,
    "variance": 0,
    "stdDev": 0,
    "confidence": 0,
    "low": 0,
    "high": 0,
    "count": 5
  },
  "Compilation.optimize code generation": {
    "min": 0,
    "max": 0,
    "mean": 0,
    "median": 0,
    "variance": 0,
    "stdDev": 0,
    "confidence": 0,
    "low": 0,
    "high": 0,
    "count": 5
  },
  "Compilation.module code generation cache": {
    "min": 0,
    "max": 0,
    "mean": 0,
    "median": 0,
    "variance": 0,
    "stdDev": 0,
    "confidence": 0,
    "low": 0,
    "high": 0,
    "count": 5
  },
  "Compilation.code generation": {
    "min": 29,
    "max": 32,
    "mean": 30.4,
    "median": 30,
    "variance": 1.0399999999999998,
    "stdDev": 1.0198039027185568,
    "confidence": 2.5321015840601646,
    "low": 29.133949207969916,
    "high": 31.66605079203008,
    "count": 5
  },
  "Compilation.runtime requirements.modules": {
    "min": 2,
    "max": 3,
    "mean": 2.6,
    "median": 3,
    "variance": 0.24,
    "stdDev": 0.4898979485566356,
    "confidence": 1.216382255707473,
    "low": 1.9918088721462637,
    "high": 3.2081911278537367,
    "count": 5
  },
  "Compilation.runtime requirements.chunks": {
    "min": 0,
    "max": 0,
    "mean": 0,
    "median": 0,
    "variance": 0,
    "stdDev": 0,
    "confidence": 0,
    "low": 0,
    "high": 0,
    "count": 5
  },
  "Compilation.runtime requirements.entries": {
    "min": 0,
    "max": 0,
    "mean": 0,
    "median": 0,
    "variance": 0,
    "stdDev": 0,
    "confidence": 0,
    "low": 0,
    "high": 0,
    "count": 5
  },
  "Compilation.runtime requirements": {
    "min": 3,
    "max": 3,
    "mean": 3,
    "median": 3,
    "variance": 0,
    "stdDev": 0,
    "confidence": 0,
    "low": 3,
    "high": 3,
    "count": 5
  },
  "Compilation.hashing: hash chunks": {
    "min": 0,
    "max": 0,
    "mean": 0,
    "median": 0,
    "variance": 0,
    "stdDev": 0,
    "confidence": 0,
    "low": 0,
    "high": 0,
    "count": 5
  },
  "Compilation.hashing: hash runtime chunks": {
    "min": 2,
    "max": 2,
    "mean": 2,
    "median": 2,
    "variance": 0,
    "stdDev": 0,
    "confidence": 0,
    "low": 2,
    "high": 2,
    "count": 5
  },
  "Compilation.hashing: process full hash chunks": {
    "min": 0,
    "max": 0,
    "mean": 0,
    "median": 0,
    "variance": 0,
    "stdDev": 0,
    "confidence": 0,
    "low": 0,
    "high": 0,
    "count": 5
  },
  "Compilation.hashing": {
    "min": 2,
    "max": 2,
    "mean": 2,
    "median": 2,
    "variance": 0,
    "stdDev": 0,
    "confidence": 0,
    "low": 2,
    "high": 2,
    "count": 5
  },
  "Compilation.create module assets": {
    "min": 0,
    "max": 0,
    "mean": 0,
    "median": 0,
    "variance": 0,
    "stdDev": 0,
    "confidence": 0,
    "low": 0,
    "high": 0,
    "count": 5
  },
  "Compilation.create chunk assets": {
    "min": 5,
    "max": 6,
    "mean": 5.2,
    "median": 5,
    "variance": 0.15999999999999998,
    "stdDev": 0.39999999999999997,
    "confidence": 0.993171952886307,
    "low": 4.703414023556847,
    "high": 5.696585976443154,
    "count": 5
  },
  "Compilation.process assets": {
    "min": 101,
    "max": 104,
    "mean": 103,
    "median": 103,
    "variance": 1.2,
    "stdDev": 1.0954451150103321,
    "confidence": 2.7199134103864537,
    "low": 101.64004329480677,
    "high": 104.35995670519323,
    "count": 5
  },
  "Compilation.after process assets": {
    "min": 0,
    "max": 0,
    "mean": 0,
    "median": 0,
    "variance": 0,
    "stdDev": 0,
    "confidence": 0,
    "low": 0,
    "high": 0,
    "count": 5
  },
  "Compilation.after seal": {
    "min": 0,
    "max": 0,
    "mean": 0,
    "median": 0,
    "variance": 0,
    "stdDev": 0,
    "confidence": 0,
    "low": 0,
    "high": 0,
    "count": 5
  },
  "Compiler.make hook": {
    "min": 0,
    "max": 0,
    "mean": 0,
    "median": 0,
    "variance": 0,
    "stdDev": 0,
    "confidence": 0,
    "low": 0,
    "high": 0,
    "count": 5
  },
  "Compiler.make": {
    "min": 575,
    "max": 599,
    "mean": 589.2,
    "median": 589,
    "variance": 64.16,
    "stdDev": 8.009993757800315,
    "confidence": 19.88825285760413,
    "low": 579.255873571198,
    "high": 599.1441264288021,
    "count": 5
  },
  "Compiler.finish make hook": {
    "min": 0,
    "max": 4,
    "mean": 0.8,
    "median": 0,
    "variance": 2.5600000000000005,
    "stdDev": 1.6,
    "confidence": 2.786343905772613,
    "low": 0,
    "high": 2.786343905772613,
    "count": 5
  },
  "Compiler.finish compilation": {
    "min": 0,
    "max": 0,
    "mean": 0,
    "median": 0,
    "variance": 0,
    "stdDev": 0,
    "confidence": 0,
    "low": 0,
    "high": 0,
    "count": 5
  },
  "Compiler.seal compilation": {
    "min": 779,
    "max": 796,
    "mean": 788.6,
    "median": 788,
    "variance": 44.64,
    "stdDev": 6.681317235396026,
    "confidence": 16.589242216328103,
    "low": 780.305378891836,
    "high": 796.8946211081641,
    "count": 5
  },
  "Compiler.emitAssets": {
    "min": 22,