{
  "stats": {
    "min": 261.6363636363636,
    "max": 277.8181818181818,
    "mean": 266.29090909090905,
    "median": 262.72727272727275,
    "variance": 36.143471074380145,
    "stdDev": 6.011944034534931,
    "confidence": 14.9272354935556,
    "low": 258.82729134413125,
    "high": 273.75452683768685,
    "count": 5
  },
  "heap memory": {
    "min": 127372903.27272727,
    "max": 151182005.8181818,
    "mean": 140347795.92727274,
    "median": 144876442.1818182,
    "variance": 75088604744060.31,
    "stdDev": 8665368.125132384,
    "confidence": 21515501.458291188,
    "low": 129590045.19812714,
    "high": 151105546.65641832,
    "count": 5
  },
  "rss memory": {
    "min": 909160820.3636364,
    "max": 951101626.1818181,
    "mean": 935478290.6181818,
    "median": 937903569.4545455,
    "variance": 207080259937222.2,
    "stdDev": 14390283.525254887,
    "confidence": 35730064.97841263,
    "low": 917613258.1289755,
    "high": 953343323.1073881,
    "count": 5
  },
  "external memory": {
    "min": 71843252.27272727,
    "max": 93570356.9090909,
    "mean": 83890691.65454546,
    "median": 81029288.72727273,
    "variance": 72105421293847.38,
    "stdDev": 8491491.111333001,
    "confidence": 21083777.02489826,
    "low": 73348803.14209633,
    "high": 94432580.16699459,
    "count": 5
  },
  "array buffers memory": {
    "min": 27411412.727272727,
    "max": 38383791.90909091,
    "mean": 32448119.98181818,
    "median": 30602181.363636363,
    "variance": 24825483872061.926,
    "stdDev": 4982517.824560382,
    "confidence": 12371242.395273663,
    "low": 26262498.78418135,
    "high": 38633741.17945501,
    "count": 5
  },
  "Compilation.finish modules": {
    "min": 14.909090909090908,
    "max": 16.181818181818183,
    "mean": 15.436363636363637,
    "median": 15,
    "variance": 0.3285950413223145,
    "stdDev": 0.5732321007430712,
    "confidence": 1.4232951123802895,
    "low": 14.724716080173492,
    "high": 16.14801119255378,
    "count": 5
  },
  "Compilation.optimize dependencies": {
    "min": 0,
    "max": 0.09090909090909091,
    "mean": 0.01818181818181818,
    "median": 0,
    "variance": 0.0013223140495867767,
    "stdDev": 0.03636363636363636,
    "confidence": 0.06332599785846847,
    "low": 0,
    "high": 0.06332599785846847,
    "count": 5
  },
  "Compilation.rebuild chunk graph": {
    "min": 16,
    "max": 17.272727272727273,
    "mean": 16.454545454545457,
    "median": 16.181818181818183,
    "variance": 0.23140495867768607,
    "stdDev": 0.48104569292083477,
    "confidence": 1.1944027256643306,
    "low": 15.857344091713292,
    "high": 17.051746817377623,
    "count": 5
  },
  "Compilation.create chunks": {
    "min": 20.545454545454547,
    "max": 22.09090909090909,
    "mean": 21.12727272727273,
    "median": 20.818181818181817,
    "variance": 0.35570247933884264,
    "stdDev": 0.5964079806129715,
    "confidence": 1.4808391970559072,
    "low": 20.386853128744775,
    "high": 21.867692325800682,
    "count": 5
  },
  "Compilation.optimize": {
    "min": 0,
    "max": 0,
    "mean": 0,
    "median": 0,
    "variance": 0,
    "stdDev": 0,
    "confidence": 0,
    "low": 0,
    "high": 0,
    "count": 5
  },
  "Compilation.module ids": {
    "min": 0,
    "max": 0.18181818181818182,
    "mean": 0.09090909090909091,
    "median": 0.09090909090909091,
    "variance": 0.006611570247933884,
    "stdDev": 0.08131156281817417,
    "confidence": 0.19185454545454544,
    "low": 0,
    "high": 0.19185454545454544,
    "count": 5
  },
  "Compilation.chunk ids": {
    "min": 0,
    "max": 0,
    "mean": 0,
    "median": 0,
    "variance": 0,
    "stdDev": 0,
    "confidence": 0,
    "low": 0,
    "high": 0,
    "count": 5
  },
  "Compilation.optimize code generation": {
    "min": 0,
    "max": 0,
    "mean": 0,
    "median": 0,
    "variance": 0,
    "stdDev": 0,
    "confidence": 0,
    "low": 0,
    "high": 0,
    "count": 5
  },
  "Compilation.module code generation cache": {
    "min": 0,
    "max": 0,
    "mean": 0,
    "median": 0,
    "variance": 0,
    "stdDev": 0,
    "confidence": 0,
    "low": 0,
    "high": 0,
    "count": 5
  },
  "Compilation.code generation": {
    "min": 8,
    "max": 8.363636363636363,
    "mean": 8.2,
    "median": 8.272727272727273,
    "variance": 0.027768595041322293,
    "stdDev": 0.1666391161802123,
    "confidence": 0.4137532411098732,
    "low": 7.993123379445063,
    "high": 8.406876620554936,
    "count": 5
  },
  "Compilation.runtime requirements.modules": {
    "min": 0,
    "max": 0,
    "mean": 0,
    "median": 0,
    "variance": 0,
    "stdDev": 0,
    "confidence": 0,
    "low": 0,
    "high": 0,
    "count": 5
  },
  "Compilation.runtime requirements.chunks": {
    "min": 0,
    "max": 0,
    "mean": 0,
    "median": 0,
    "variance": 0,
    "stdDev": 0,
    "confidence": 0,
    "low": 0,
    "high": 0,
    "count": 5
  },
  "Compilation.runtime requirements.entries": {
    "min": 0,
    "max": 0,
    "mean": 0,
    "median": 0,
    "variance": 0,
    "stdDev": 0,
    "confidence": 0,
    "low": 0,
    "high": 0,
    "count": 5
  },
  "Compilation.runtime requirements": {
    "min": 0,
    "max": 0.09090909090909091,
    "mean": 0.03636363636363636,
    "median": 0,
    "variance": 0.0019834710743801653,
    "stdDev": 0.04453617714151233,
    "confidence": 0.09165373889579422,
    "low": 0,
    "high": 0.09165373889579422,
    "count": 5
  },
  "Compilation.hashing: hash chunks": {
    "min": 0,
    "max": 0,
    "mean": 0,
    "median": 0,
    "variance": 0,
    "stdDev": 0,
    "confidence": 0,
    "low": 0,
    "high": 0,
    "count": 5
  },
  "Compilation.hashing: hash runtime chunks": {
    "min": 3.1818181818181817,
    "max": 3.6363636363636362,
    "mean": 3.418181818181818,
    "median": 3.4545454545454546,
    "variance": 0.028429752066115692,
    "stdDev": 0.16861124537264913,
    "confidence": 0.4186498996133654,
    "low": 3.2088568683751353,
    "high": 3.6275067679885007,
    "count": 5
  },
  "Compilation.hashing: process full hash chunks": {
    "min": 0,
    "max": 0,
    "mean": 0,
    "median": 0,
    "variance": 0,
    "stdDev": 0,
    "confidence": 0,
    "low": 0,
    "high": 0,
    "count": 5
  },
  "Compilation.hashing": {
    "min": 3.272727272727273,
    "max": 3.8181818181818183,
    "mean": 3.5454545454545454,
    "median": 3.5454545454545454,
    "variance": 0.04297520661157022,
    "stdDev": 0.20730462274529773,
    "confidence": 0.5147228425357655,
    "low": 3.2880931241866627,
    "high": 3.802815966722428,
    "count": 5
  },
  "Compilation.create module assets": {
    "min": 0,
    "max": 0,
    "mean": 0,
    "median": 0,
    "variance": 0,
    "stdDev": 0,
    "confidence": 0,
    "low": 0,
    "high": 0,
    "count": 5
  },
  "Compilation.create chunk assets": {
    "min": 5,
    "max": 5.2727272727272725,
    "mean": 5.054545454545455,
    "median": 5,
    "variance": 0.01190082644628097,
    "stdDev": 0.10909090909090899,
    "confidence": 0.27086507805990223,
    "low": 4.919112915515504,
    "high": 5.189977993575406,
    "count": 5
  },
  "Compilation.process assets": {
    "min": 101.81818181818181,
    "max": 110.45454545454545,
    "mean": 104.76363636363638,
    "median": 104.27272727272727,
    "variance": 8.980495867768601,
    "stdDev": 2.9967475482210046,
    "confidence": 7.440714036934764,
    "low": 101.043279345169,
    "high": 108.48399338210376,
    "count": 5
  },
  "Compilation.after process assets": {
    "min": 0,
    "max": 0,
    "mean": 0,
    "median": 0,
    "variance": 0,
    "stdDev": 0,
    "confidence": 0,
    "low": 0,
    "high": 0,
    "count": 5
  },
  "Compilation.after seal": {
    "min": 0,
    "max": 0,
    "mean": 0,
    "median": 0,
    "variance": 0,
    "stdDev": 0,
    "confidence": 0,
    "low": 0,
    "high": 0,
    "count": 5
  },
  "Compiler.make hook": {
    "min": 0,
    "max": 0,
    "mean": 0,
    "median": 0,
    "variance": 0,
    "stdDev": 0,
    "confidence": 0,