{
  "stats": {
    "min": 40.81818181818182,
    "max": 41.27272727272727,
    "mean": 41.03636363636364,
    "median": 41.09090909090909,
    "variance": 0.03504132231404926,
    "stdDev": 0.18719327529067187,
    "confidence": 0.4647877769690467,
    "low": 40.803969747879115,
    "high": 41.26875752484816,
    "count": 5
  },
  "heap memory": {
    "min": 98358480.72727273,
    "max": 100569413.0909091,
    "mean": 99220772.07272728,
    "median": 98543700.36363636,
    "variance": 673258016191.598,
    "stdDev": 820523.0138098493,
    "confidence": 2037301.1100342274,
    "low": 98202121.51771016,
    "high": 100239422.62774439,
    "count": 5
  },
  "rss memory": {
    "min": 525185768.72727275,
    "max": 537535953.4545455,
    "mean": 529522613.5272728,
    "median": 529032285.09090906,
    "variance": 18640150710396.023,
    "stdDev": 4317424.08276,
    "confidence": 10719861.269282818,
    "low": 524162682.8926314,
    "high": 534882544.1619142,
    "count": 5
  },
  "external memory": {
    "min": 6354462.636363637,
    "max": 6441055.909090909,
    "mean": 6400651.581818181,
    "median": 6401070.454545454,
    "variance": 762810768.6135478,
    "stdDev": 27619.029103383557,
    "confidence": 68576.11267857812,
    "low": 6366363.525478892,
    "high": 6434939.63815747,
    "count": 5
  },
  "array buffers memory": {
    "min": 2271697.4545454546,
    "max": 2292807,
    "mean": 2285202.2727272725,
    "median": 2284615,
    "variance": 58190449.841322325,
    "stdDev": 7628.266503034771,
    "confidence": 18940.45084989071,
    "low": 2275732.047302327,
    "high": 2294672.498152218,
    "count": 5
  },
  "Compilation.finish modules": {
    "min": 1,
    "max": 1,
    "mean": 1,
    "median": 1,
    "variance": 0,
    "stdDev": 0,
    "confidence": 0,
    "low": 1,
    "high": 1,
    "count": 5
  },
  "Compilation.optimize dependencies": {
    "min": 1,
    "max": 1.0909090909090908,
    "mean": 1.0363636363636364,
    "median": 1,
    "variance": 0.001983471074380162,
    "stdDev": 0.04453617714151229,
    "confidence": 0.11058020506431554,
    "low": 0.9810735338314786,
    "high": 1.091653738895794,
    "count": 5
  },
  "Compilation.rebuild chunk graph": {
    "min": 7.090909090909091,
    "max": 7.2727272727272725,
    "mean": 7.1454545454545455,
    "median": 7.090909090909091,
    "variance": 0.005289256198347097,
    "stdDev": 0.07272727272727265,
    "confidence": 0.1805767187066003,
    "low": 7.055166186101245,
    "high": 7.235742904807846,
    "count": 5
  },
  "Compilation.create chunks": {
    "min": 14.363636363636363,
    "max": 14.727272727272727,
    "mean": 14.545454545454543,
    "median": 14.545454545454545,
    "variance": 0.013223140495867744,
    "stdDev": 0.11499191491521368,
    "confidence": 0.2855168617561965,
    "low": 14.402696114576445,
    "high": 14.688212976332641,
    "count": 5
  },
  "Compilation.optimize": {
    "min": 0,
    "max": 0,
    "mean": 0,
    "median": 0,
    "variance": 0,
    "stdDev": 0,
    "confidence": 0,
    "low": 0,
    "high": 0,
    "count": 5
  },
  "Compilation.module ids": {
    "min": 0,
    "max": 0,
    "mean": 0,
    "median": 0,
    "variance": 0,
    "stdDev": 0,
    "confidence": 0,
    "low": 0,
    "high": 0,
    "count": 5
  },
  "Compilation.chunk ids": {
    "min": 1.7272727272727273,
    "max": 2,
    "mean": 1.9090909090909094,
    "median": 1.9090909090909092,
    "variance": 0.009917355371900825,
    "stdDev": 0.09958591954639383,
    "confidence": 0.24726485548967636,
    "low": 1.7854584813460712,
    "high": 2.0327233368357476,
    "count": 5
  },
  "Compilation.optimize code generation": {
    "min": 0,
    "max": 0,
    "mean": 0,
    "median": 0,
    "variance": 0,
    "stdDev": 0,
    "confidence": 0,
    "low": 0,
    "high": 0,
    "count": 5
  },
  "Compilation.module code generation cache": {
    "min": 0,
    "max": 0,
    "mean": 0,
    "median": 0,
    "variance": 0,
    "stdDev": 0,
    "confidence": 0,
    "low": 0,
    "high": 0,
    "count": 5
  },
  "Compilation.code generation": {
    "min": 0,
    "max": 0.09090909090909091,
    "mean": 0.01818181818181818,
    "median": 0,
    "variance": 0.0013223140495867767,
    "stdDev": 0.03636363636363636,
    "confidence": 0.06332599785846847,
    "low": 0,
    "high": 0.06332599785846847,
    "count": 5
  },
  "Compilation.runtime requirements.modules": {
    "min": 0,
    "max": 0,
    "mean": 0,
    "median": 0,
    "variance": 0,
    "stdDev": 0,
    "confidence": 0,
    "low": 0,
    "high": 0,
    "count": 5
  },
  "Compilation.runtime requirements.chunks": {
    "min": 0,
    "max": 0,
    "mean": 0,
    "median": 0,
    "variance": 0,
    "stdDev": 0,
    "confidence": 0,
    "low": 0,
    "high": 0,
    "count": 5
  },
  "Compilation.runtime requirements.entries": {
    "min": 0,
    "max": 0,
    "mean": 0,
    "median": 0,
    "variance": 0,
    "stdDev": 0,
    "confidence": 0,
    "low": 0,
    "high": 0,
    "count": 5
  },
  "Compilation.runtime requirements": {
    "min": 0,
    "max": 0,
    "mean": 0,
    "median": 0,
    "variance": 0,
    "stdDev": 0,
    "confidence": 0,
    "low": 0,
    "high": 0,
    "count": 5
  },
  "Compilation.hashing: hash chunks": {
    "min": 0,
    "max": 0.45454545454545453,
    "mean": 0.14545454545454545,
    "median": 0,
    "variance": 0.035041322314049585,
    "stdDev": 0.18719327529067273,
    "confidence": 0.3778484339390722,
    "low": 0,
    "high": 0.3778484339390722,
    "count": 5
  },
  "Compilation.hashing: hash runtime chunks": {
    "min": 0.09090909090909091,
    "max": 0.2727272727272727,
    "mean": 0.14545454545454545,
    "median": 0.09090909090909091,
    "variance": 0.005289256198347106,
    "stdDev": 0.07272727272727272,
    "confidence": 0.1805767187066012,
    "low": 0.055166186101244866,
    "high": 0.23574290480784604,
    "count": 5
  },
  "Compilation.hashing: process full hash chunks": {
    "min": 0,
    "max": 0,
    "mean": 0,
    "median": 0,
    "variance": 0,
    "stdDev": 0,
    "confidence": 0,
    "low": 0,
    "high": 0,
    "count": 5
  },
  "Compilation.hashing": {
    "min": 1.3636363636363635,
    "max": 1.9090909090909092,
    "mean": 1.5272727272727273,
    "median": 1.3636363636363635,
    "variance": 0.047603305785124006,
    "stdDev": 0.21818181818181828,
    "confidence": 0.5417301561198036,
    "low": 1.2564076492128256,
    "high": 1.7981378053326291,
    "count": 5
  },
  "Compilation.create module assets": {
    "min": 0,
    "max": 0,
    "mean": 0,
    "median": 0,
    "variance": 0,
    "stdDev": 0,
    "confidence": 0,
    "low": 0,
    "high": 0,
    "count": 5
  },
  "Compilation.create chunk assets": {
    "min": 1,
    "max": 1,
    "mean": 1,
    "median": 1,
    "variance": 0,
    "stdDev": 0,
    "confidence": 0,
    "low": 1,
    "high": 1,
    "count": 5
  },
  "Compilation.process assets": {
    "min": 2,
    "max": 2.090909090909091,
    "mean": 2.036363636363636,
    "median": 2,
    "variance": 0.001983471074380162,
    "stdDev": 0.04453617714151229,
    "confidence": 0.11058020506431543,
    "low": 1.9810735338314784,
    "high": 2.091653738895794,
    "count": 5
  },
  "Compilation.after process assets": {
    "min": 0,
    "max": 0,
    "mean": 0,
    "median": 0,
    "variance": 0,
    "stdDev": 0,
    "confidence": 0,
    "low": 0,
    "high": 0,
    "count": 5
  },
  "Compilation.after seal": {
    "min": 0,
    "max": 0,
    "mean": 0,
    "median": 0,
    "variance": 0,
    "stdDev": 0,
    "confidence": 0,
    "low": 0,
    "high": 0,
    "count": 5
  },
  "Compiler.make hook": {
    "min": 0,
    "max": 0.09090909090909091,
    "mean": 0.01818181818181818,
    "median": 0,
    "variance": 0.0013223140495867767,
    "stdDev": 0.03636363636363636,
    "confidence": 0.06332599785846847,
    "low": 0,
    "high": 0.06332599785846847,
    "count": 5
  },
  "Compiler.make": {
    "min": 3,
    "max": 3.3636363636363638,
    "mean": 3.1636363636363636,