{
  "stats": {
    "min": 2248,
    "max": 2353,
    "mean": 2305.8,
    "median": 2304,
    "variance": 1178.16,
    "stdDev": 34.32433539050684,
    "confidence": 85.22491802828517,
    "low": 2263.1875409858576,
    "high": 2348.4124590141428,
    "count": 5
  },
  "heap memory": {
    "min": 43953408,
    "max": 93832616,
    "mean": 54223521.6,
    "median": 44466928,
    "variance": 392265193380029.44,
    "stdDev": 19805685.88511969,
    "confidence": 49176129.3219427,
    "low": 29635456.939028654,
    "high": 78811586.26097135,
    "count": 5
  },
  "rss memory": {
    "min": 696791040,
    "max": 715972608,
    "mean": 702699110.4,
    "median": 698793984,
    "variance": 53003114973757.44,
    "stdDev": 7280323.8234131755,
    "confidence": 18076533.573359966,
    "low": 693660843.61332,
    "high": 711737377.18668,
    "count": 5
  },
  "external memory": {
    "min": 10011246,
    "max": 10011246,
    "mean": 10011246,
    "median": 10011246,
    "variance": 0,
    "stdDev": 0,
    "confidence": 0,
    "low": 10011246,
    "high": 10011246,
    "count": 5
  },
  "array buffers memory": {
    "min": 489122,
    "max": 1281154,
    "mean": 649166.8,
    "median": 489122,
    "variance": 99862021570.56003,
    "stdDev": 316009.5276578857,
    "confidence": 784629.4992866539,
    "low": 256852.05035667302,
    "high": 1041481.549643327,
    "count": 5
  },
  "Compilation.build module graph": {
    "min": 1059,
    "max": 1137,
    "mean": 1096.8,
    "median": 1108,
    "variance": 966.1599999999999,
    "stdDev": 31.083114387075177,
    "confidence": 77.17719354399969,
    "low": 1058.211403228,
    "high": 1135.3885967719998,
    "count": 5
  },
  "Compilation.finish modules": {
    "min": 6,
    "max": 6,
    "mean": 6,
    "median": 6,
    "variance": 0,
    "stdDev": 0,
    "confidence": 0,
    "low": 6,
    "high": 6,
    "count": 5
  },
  "Compilation.seal": {
    "min": 0,
    "max": 0,
    "mean": 0,
    "median": 0,
    "variance": 0,
    "stdDev": 0,
    "confidence": 0,
    "low": 0,
    "high": 0,
    "count": 5
  },
  "Compilation.optimize dependencies": {
    "min": 10,
    "max": 11,
    "mean": 10.2,
    "median": 10,
    "variance": 0.16,
    "stdDev": 0.4,
    "confidence": 0.993171952886307,
    "low": 9.703414023556846,
    "high": 10.696585976443153,
    "count": 5
  },
  "Compilation.rebuild chunk graph": {
    "min": 8,
    "max": 9,
    "mean": 8.6,
    "median": 9,
    "variance": 0.24000000000000005,
    "stdDev": 0.48989794855663565,
    "confidence": 1.2163822557074724,
    "low": 7.9918088721462635,
    "high": 9.208191127853736,
    "count": 5
  },
  "Compilation.build chunk graph": {
    "min": 8,
    "max": 9,
    "mean": 8.6,
    "median": 9,
    "variance": 0.24000000000000005,
    "stdDev": 0.48989794855663565,
    "confidence": 1.2163822557074724,
    "low": 7.9918088721462635,
    "high": 9.208191127853736,
    "count": 5
  },
  "Compilation.optimize modules": {
    "min": 0,
    "max": 0,
    "mean": 0,
    "median": 0,
    "variance": 0,
    "stdDev": 0,
    "confidence": 0,
    "low": 0,
    "high": 0,
    "count": 5
  },
  "Compilation.optimize chunks": {
    "min": 5,
    "max": 6,
    "mean": 5.8,
    "median": 6,
    "variance": 0.15999999999999998,
    "stdDev": 0.39999999999999997,
    "confidence": 0.993171952886307,
    "low": 5.303414023556846,
    "high": 6.296585976443153,
    "count": 5
  },
  "Compilation.optimize tree": {
    "min": 0,
    "max": 0,
    "mean": 0,
    "median": 0,
    "variance": 0,
    "stdDev": 0,
    "confidence": 0,
    "low": 0,
    "high": 0,
    "count": 5
  },
  "Compilation.optimize chunk modules": {
    "min": 14,
    "max": 15,
    "mean": 14.2,
    "median": 14,
    "variance": 0.16,
    "stdDev": 0.4,
    "confidence": 0.993171952886307,
    "low": 13.703414023556846,
    "high": 14.696585976443153,
    "count": 5
  },
  "Compilation.module ids": {
    "min": 1,
    "max": 1,
    "mean": 1,
    "median": 1,
    "variance": 0,
    "stdDev": 0,
    "confidence": 0,
    "low": 1,
    "high": 1,
    "count": 5
  },
  "Compilation.chunk ids": {
    "min": 2,
    "max": 2,
    "mean": 2,
    "median": 2,
    "variance": 0,
    "stdDev": 0,
    "confidence": 0,
    "low": 2,
    "high": 2,
    "count": 5
  },
  "Compilation.assign runtime ids": {
    "min": 0,
    "max": 0,
    "mean": 0,
    "median": 0,
    "variance": 0,
    "stdDev": 0,
    "confidence": 0,
    "low": 0,
    "high": 0,
    "count": 5
  },
  "Compilation.optimize code generation": {
    "min": 0,
    "max": 1,
    "mean": 0.2,
    "median": 0,
    "variance": 0.16000000000000003,
    "stdDev": 0.4,
    "confidence": 0.6965859764431532,
    "low": 0,
    "high": 0.6965859764431532,
    "count": 5
  },
  "Compilation.create module hashes": {
    "min": 7,
    "max": 8,
    "mean": 7.2,
    "median": 7,
    "variance": 0.15999999999999998,
    "stdDev": 0.39999999999999997,
    "confidence": 0.993171952886307,
    "low": 6.703414023556847,
    "high": 7.696585976443154,
    "count": 5
  },
  "Compilation.code generation": {
    "min": 35,
    "max": 41,
    "mean": 38,
    "median": 38,
    "variance": 4,
    "stdDev": 2,
    "confidence": 4.965859764431528,
    "low": 35.517070117784236,
    "high": 40.482929882215764,
    "count": 5
  },
  "Compilation.runtime requirements.modules": {
    "min": 0,
    "max": 0,
    "mean": 0,
    "median": 0,
    "variance": 0,
    "stdDev": 0,
    "confidence": 0,
    "low": 0,
    "high": 0,
    "count": 5
  },
  "Compilation.runtime requirements.chunks": {
    "min": 0,
    "max": 0,
    "mean": 0,
    "median": 0,
    "variance": 0,
    "stdDev": 0,
    "confidence": 0,
    "low": 0,
    "high": 0,
    "count": 5
  },
  "Compilation.runtime requirements.entries": {
    "min": 0,
    "max": 1,
    "mean": 0.2,
    "median": 0,
    "variance": 0.16000000000000003,
    "stdDev": 0.4,
    "confidence": 0.6965859764431532,
    "low": 0,
    "high": 0.6965859764431532,
    "count": 5
  },
  "Compilation.runtime requirements": {
    "min": 1,
    "max": 1,
    "mean": 1,
    "median": 1,
    "variance": 0,
    "stdDev": 0,
    "confidence": 0,
    "low": 1,
    "high": 1,
    "count": 5
  },
  "Compilation.hashing: hash chunks": {
    "min": 0,
    "max": 0,
    "mean": 0,
    "median": 0,
    "variance": 0,
    "stdDev": 0,
    "confidence": 0,
    "low": 0,
    "high": 0,
    "count": 5
  },
  "Compilation.hashing: hash runtime chunks": {
    "min": 0,
    "max": 0,
    "mean": 0,
    "median": 0,
    "variance": 0,
    "stdDev": 0,
    "confidence": 0,
    "low": 0,
    "high": 0,
    "count": 5
  },
  "Compilation.hashing: process full hash chunks": {
    "min": 0,
    "max": 0,
    "mean": 0,
    "median": 0,
    "variance": 0,
    "stdDev": 0,
    "confidence": 0,
    "low": 0,
    "high": 0,
    "count": 5
  },
  "Compilation.hashing": {
    "min": 1,
    "max": 1,
    "mean": 1,
    "median": 1,
    "variance": 0,
    "stdDev": 0,
    "confidence": 0,
    "low": 1,
    "high": 1,
    "count": 5
  },
  "Compilation.create module assets": {
    "min": 0,
    "max": 0,
    "mean": 0,
    "median": 0,
    "variance": 0,
    "stdDev": 0,
    "confidence": 0,
    "low": 0,
    "high": 0,
    "count": 5
  },
  "Compilation.create chunk assets": {
    "min": 1,
    "max": 2,
    "mean": 1.8,
    "median": 2,
    "variance": 0.16000000000000006,
    "stdDev": 0.4000000000000001,
    "confidence": 0.9931719528863066,
    "low": 1.3034140235568468,
    "high": 2.2965859764431533,
    "count": 5
  },
  "Compilation.process assets": {
    "min": 1038,
    "max": 1112,
    "mean": 1062.4,
    "median": 1056,
    "variance": 703.04,
    "stdDev": 26.51490147068248,
    "confidence": 65.83464118556412,
    "low": 1029.482679407218,
    "high": 1095.3173205927822,
    "count": 5
  },
  "Compilation.after process assets": {
    "min": 0,
    "max": 0,
    "mean": 0,
    "median": 0,
    "variance": 0,
    "stdDev": 0,
    "confidence": 0,
    "low": 0,
    "high": 0,