{
  "stats": {
    "min": 1965,
    "max": 1998,
    "mean": 1978.2,
    "median": 1981,
    "variance": 152.56,
    "stdDev": 12.351518125315609,
    "confidence": 30.66795344407592,
    "low": 1962.866023277962,
    "high": 1993.533976722038,
    "count": 5
  },
  "heap memory": {
    "min": 165430640,
    "max": 166482208,
    "mean": 166127753.6,
    "median": 166232056,
    "variance": 132036349271.04,
    "stdDev": 363368.06308623217,
    "confidence": 902217.4220796824,
    "low": 165676644.88896015,
    "high": 166578862.31103984,
    "count": 5
  },
  "rss memory": {
    "min": 866000896,
    "max": 912482304,
    "mean": 885494579.2,
    "median": 890376192,
    "variance": 310490859055349.8,
    "stdDev": 17620750.808502737,
    "confidence": 43751088.729509115,
    "low": 863619034.8352455,
    "high": 907370123.5647546,
    "count": 5
  },
  "external memory": {
    "min": 29636406,
    "max": 29654642,
    "mean": 29647834.4,
    "median": 29647032,
    "variance": 45171114.239999995,
    "stdDev": 6720.94593342336,
    "confidence": 16687.63749485463,
    "low": 29639490.58125257,
    "high": 29656178.218747426,
    "count": 5
  },
  "array buffers memory": {
    "min": 470340,
    "max": 478532,
    "mean": 475255.2,
    "median": 478532,
    "variance": 16106127.36,
    "stdDev": 4013.243994575959,
    "confidence": 9964.603438755614,
    "low": 470272.8982806222,
    "high": 480237.5017193778,
    "count": 5
  },
  "Compilation.finish modules": {
    "min": 25,
    "max": 25,
    "mean": 25,
    "median": 25,
    "variance": 0,
    "stdDev": 0,
    "confidence": 0,
    "low": 25,
    "high": 25,
    "count": 5
  },
  "Compilation.optimize dependencies": {
    "min": 1,
    "max": 1,
    "mean": 1,
    "median": 1,
    "variance": 0,
    "stdDev": 0,
    "confidence": 0,
    "low": 1,
    "high": 1,
    "count": 5
  },
  "Compilation.rebuild chunk graph": {
    "min": 31,
    "max": 32,
    "mean": 31.6,
    "median": 32,
    "variance": 0.24,
    "stdDev": 0.4898979485566356,
    "confidence": 1.2163822557074724,
    "low": 30.991808872146265,
    "high": 32.20819112785374,
    "count": 5
  },
  "Compilation.create chunks": {
    "min": 57,
    "max": 61,
    "mean": 59,
    "median": 59,
    "variance": 2,
    "stdDev": 1.4142135623730951,
    "confidence": 3.5113931138509713,
    "low": 57.244303443074514,
    "high": 60.755696556925486,
    "count": 5
  },
  "Compilation.optimize": {
    "min": 0,
    "max": 0,
    "mean": 0,
    "median": 0,
    "variance": 0,
    "stdDev": 0,
    "confidence": 0,
    "low": 0,
    "high": 0,
    "count": 5
  },
  "Compilation.module ids": {
    "min": 9,
    "max": 10,
    "mean": 9.8,
    "median": 10,
    "variance": 0.16,
    "stdDev": 0.4,
    "confidence": 0.993171952886307,
    "low": 9.303414023556847,
    "high": 10.296585976443154,
    "count": 5
  },
  "Compilation.chunk ids": {
    "min": 4,
    "max": 4,
    "mean": 4,
    "median": 4,
    "variance": 0,
    "stdDev": 0,
    "confidence": 0,
    "low": 4,
    "high": 4,
    "count": 5
  },
  "Compilation.optimize code generation": {
    "min": 0,
    "max": 0,
    "mean": 0,
    "median": 0,
    "variance": 0,
    "stdDev": 0,
    "confidence": 0,
    "low": 0,
    "high": 0,
    "count": 5
  },
  "Compilation.module code generation cache": {
    "min": 0,
    "max": 0,
    "mean": 0,
    "median": 0,
    "variance": 0,
    "stdDev": 0,
    "confidence": 0,
    "low": 0,
    "high": 0,
    "count": 5
  },
  "Compilation.code generation": {
    "min": 67,
    "max": 71,
    "mean": 69,
    "median": 69,
    "variance": 2,
    "stdDev": 1.4142135623730951,
    "confidence": 3.5113931138509713,
    "low": 67.24430344307451,
    "high": 70.75569655692549,
    "count": 5
  },
  "Compilation.runtime requirements.modules": {
    "min": 7,
    "max": 8,
    "mean": 7.8,
    "median": 8,
    "variance": 0.15999999999999998,
    "stdDev": 0.39999999999999997,
    "confidence": 0.9931719528863061,
    "low": 7.303414023556846,
    "high": 8.296585976443152,
    "count": 5
  },
  "Compilation.runtime requirements.chunks": {
    "min": 0,
    "max": 0,
    "mean": 0,
    "median": 0,
    "variance": 0,
    "stdDev": 0,
    "confidence": 0,
    "low": 0,
    "high": 0,
    "count": 5
  },
  "Compilation.runtime requirements.entries": {
    "min": 0,
    "max": 0,
    "mean": 0,
    "median": 0,
    "variance": 0,
    "stdDev": 0,
    "confidence": 0,
    "low": 0,
    "high": 0,
    "count": 5
  },
  "Compilation.runtime requirements": {
    "min": 9,
    "max": 9,
    "mean": 9,
    "median": 9,
    "variance": 0,
    "stdDev": 0,
    "confidence": 0,
    "low": 9,
    "high": 9,
    "count": 5
  },
  "Compilation.hashing: hash chunks": {
    "min": 1,
    "max": 1,
    "mean": 1,
    "median": 1,
    "variance": 0,
    "stdDev": 0,
    "confidence": 0,
    "low": 1,
    "high": 1,
    "count": 5
  },
  "Compilation.hashing: hash runtime chunks": {
    "min": 5,
    "max": 6,
    "mean": 5.2,
    "median": 5,
    "variance": 0.15999999999999998,
    "stdDev": 0.39999999999999997,
    "confidence": 0.993171952886307,
    "low": 4.703414023556847,
    "high": 5.696585976443154,
    "count": 5
  },
  "Compilation.hashing: process full hash chunks": {
    "min": 0,
    "max": 0,
    "mean": 0,
    "median": 0,
    "variance": 0,
    "stdDev": 0,
    "confidence": 0,
    "low": 0,
    "high": 0,
    "count": 5
  },
  "Compilation.hashing": {
    "min": 7,
    "max": 8,
    "mean": 7.2,
    "median": 7,
    "variance": 0.15999999999999998,
    "stdDev": 0.39999999999999997,
    "confidence": 0.993171952886307,
    "low": 6.703414023556847,
    "high": 7.696585976443154,
    "count": 5
  },
  "Compilation.create module assets": {
    "min": 0,
    "max": 0,
    "mean": 0,
    "median": 0,
    "variance": 0,
    "stdDev": 0,
    "confidence": 0,
    "low": 0,
    "high": 0,
    "count": 5
  },
  "Compilation.create chunk assets": {
    "min": 14,
    "max": 14,
    "mean": 14,
    "median": 14,
    "variance": 0,
    "stdDev": 0,
    "confidence": 0,
    "low": 14,
    "high": 14,
    "count": 5
  },
  "Compilation.process assets": {
    "min": 93,
    "max": 105,
    "mean": 98.4,
    "median": 93,
    "variance": 29.439999999999998,
    "stdDev": 5.4258639865002145,
    "confidence": 13.472039828919748,
    "low": 91.66398008554013,
    "high": 105.13601991445988,
    "count": 5
  },
  "Compilation.after process assets": {
    "min": 0,
    "max": 0,
    "mean": 0,
    "median": 0,
    "variance": 0,
    "stdDev": 0,
    "confidence": 0,
    "low": 0,
    "high": 0,
    "count": 5
  },
  "Compilation.after seal": {
    "min": 0,
    "max": 0,
    "mean": 0,
    "median": 0,
    "variance": 0,
    "stdDev": 0,
    "confidence": 0,
    "low": 0,
    "high": 0,
    "count": 5
  },
  "Compiler.make hook": {
    "min": 0,
    "max": 0,
    "mean": 0,
    "median": 0,
    "variance": 0,
    "stdDev": 0,
    "confidence": 0,
    "low": 0,
    "high": 0,
    "count": 5
  },
  "Compiler.make": {
    "min": 1598,
    "max": 1624,
    "mean": 1613,
    "median": 1617,
    "variance": 92,
    "stdDev": 9.591663046625438,
    "confidence": 23.815426798611043,
    "low": 1601.0922866006945,
    "high": 1624.9077133993055,
    "count": 5
  },
  "Compiler.finish make hook": {
    "min": 0,
    "max": 0,
    "mean": 0,
    "median": 0,
    "variance": 0,
    "stdDev": 0,
    "confidence": 0,
    "low": 0,
    "high": 0,
    "count": 5
  },
  "Compiler.finish compilation": {
    "min": 0,
    "max": 0,
    "mean": 0,
    "median": 0,
    "variance": 0,
    "stdDev": 0,
    "confidence": 0,
    "low": 0,
    "high": 0,
    "count": 5
  },
  "Compiler.seal compilation": {
    "min": 1927,
    "max": 1957,
    "mean": 1939.2,
    "median": 1940,
    "variance": 129.76,
    "stdDev": 11.391224692718513,
    "confidence": 28.283612184584854,
    "low": 1925.0581939077076,
    "high": 1953.3418060922925,
    "count": 5
  },
  "Compiler.emitAssets": {
    "min": 28,