{
  "stats": {
    "min": 667,
    "max": 678,
    "mean": 671.6,
    "median": 669,
    "variance": 20.240000000000002,
    "stdDev": 4.498888751680798,
    "confidence": 11.17042531831271,
    "low": 666.0147873408437,
    "high": 677.1852126591564,
    "count": 5
  },
  "heap memory": {
    "min": 69598016,
    "max": 76334328,
    "mean": 72031336,
    "median": 70888096,
    "variance": 5528511922073.6,
    "stdDev": 2351278.784422128,
    "confidence": 5838060.355261654,
    "low": 69112305.82236917,
    "high": 74950366.17763083,
    "count": 5
  },
  "rss memory": {
    "min": 560259072,
    "max": 574042112,
    "mean": 565986918.4,
    "median": 567562240,
    "variance": 26719821013975.04,
    "stdDev": 5169121.88035599,
    "confidence": 12834567.181551218,
    "low": 559569634.8092244,
    "high": 572404201.9907756,
    "count": 5
  },
  "external memory": {
    "min": 21607635,
    "max": 22184294,
    "mean": 21967040,
    "median": 22133462,
    "variance": 58777415314,
    "stdDev": 242440.53974944042,
    "confidence": 601962.8608044013,
    "low": 21666058.5695978,
    "high": 22268021.4304022,
    "count": 5
  },
  "array buffers memory": {
    "min": 4073906,
    "max": 4423910,
    "mean": 4290532,
    "median": 4308615,
    "variance": 13857059517.2,
    "stdDev": 117716.01215297772,
    "confidence": 292280.60418990254,
    "low": 4144391.6979050487,
    "high": 4436672.302094951,
    "count": 5
  },
  "Compilation.build module graph": {
    "min": 555.780807,
    "max": 565.296591,
    "mean": 559.4968005999999,
    "median": 556.972431,
    "variance": 14.629716351997942,
    "stdDev": 3.824881220639138,
    "confidence": 9.496911878650735,
    "low": 554.7483446606745,
    "high": 564.2452565393253,
    "count": 5
  },
  "Compilation.finish modules": {
    "min": 18.161568,
    "max": 21.265037,
    "mean": 19.3867562,
    "median": 19.039646,
    "variance": 1.05516778580776,
    "stdDev": 1.0272136028147991,
    "confidence": 2.550499349847385,
    "low": 18.111506525076308,
    "high": 20.662005874923693,
    "count": 5
  },
  "Compilation.seal": {
    "min": 0.00455,
    "max": 0.005401,
    "mean": 0.0049510000000000005,
    "median": 0.005003,
    "variance": 8.873720000000007e-8,
    "stdDev": 0.00029788789837789664,
    "confidence": 0.000739634764432933,
    "low": 0.004581182617783534,
    "high": 0.005320817382216467,
    "count": 5
  },
  "Compilation.optimize dependencies": {
    "min": 0.863436,
    "max": 0.901253,
    "mean": 0.8832927999999999,
    "median": 0.881975,
    "variance": 0.00019149525415999987,
    "stdDev": 0.01383818102786634,
    "confidence": 0.034359233189600547,
    "low": 0.8661131834051996,
    "high": 0.9004724165948002,
    "count": 5
  },
  "Compilation.rebuild chunk graph": {
    "min": 8.074398,
    "max": 8.975944,
    "mean": 8.495737199999999,
    "median": 8.574579,
    "variance": 0.11874993771095996,
    "stdDev": 0.3446011284238053,
    "confidence": 0.8556204392087388,
    "low": 8.06792698039563,
    "high": 8.923547419604368,
    "count": 5
  },
  "Compilation.build chunk graph": {
    "min": 8.88762,
    "max": 9.514359,
    "mean": 9.2390834,
    "median": 9.396765,
    "variance": 0.07239920999463999,
    "stdDev": 0.26907101292157054,
    "confidence": 0.6680844584210313,
    "low": 8.905041170789485,
    "high": 9.573125629210516,
    "count": 5
  },
  "Compilation.optimize modules": {
    "min": 0.006107,
    "max": 0.008309,
    "mean": 0.007297200000000001,
    "median": 0.007604,
    "variance": 6.688125600000003e-7,
    "stdDev": 0.0008178096110953944,
    "confidence": 0.0020305639213520094,
    "low": 0.006281918039323996,
    "high": 0.008312481960676006,
    "count": 5
  },
  "Compilation.optimize chunks": {
    "min": 5.018902,
    "max": 5.678166,
    "mean": 5.364801,
    "median": 5.367414,
    "variance": 0.05059017057120002,
    "stdDev": 0.22492258795238868,
    "confidence": 0.5584670148122903,
    "low": 5.085567492593855,
    "high": 5.644034507406145,
    "count": 5
  },
  "Compilation.optimize tree": {
    "min": 0.002506,
    "max": 0.003106,
    "mean": 0.0028025999999999997,
    "median": 0.002773,
    "variance": 4.081143999999997e-8,
    "stdDev": 0.00020201841500219717,
    "confidence": 0.0005015975593668214,
    "low": 0.002551801220316589,
    "high": 0.0030533987796834104,
    "count": 5
  },
  "Compilation.optimize chunk modules": {
    "min": 0.003951,
    "max": 0.004563,
    "mean": 0.0042492,
    "median": 0.0042,
    "variance": 4.014936000000007e-8,
    "stdDev": 0.00020037305208036351,
    "confidence": 0.0004975122386011114,
    "low": 0.004000443880699444,
    "high": 0.0044979561193005555,
    "count": 5
  },
  "Compilation.module ids": {
    "min": 1.448204,
    "max": 1.57458,
    "mean": 1.5004570000000002,
    "median": 1.506679,
    "variance": 0.0019627848364000013,
    "stdDev": 0.04430332759962847,
    "confidence": 0.11000205597871204,
    "low": 1.4454559720106441,
    "high": 1.5554580279893562,
    "count": 5
  },
  "Compilation.chunk ids": {
    "min": 0.040224,
    "max": 0.047504,
    "mean": 0.0442028,
    "median": 0.044501,
    "variance": 0.000005398273359999992,
    "stdDev": 0.0023234184642461617,
    "confidence": 0.005768885133768664,
    "low": 0.04131835743311567,
    "high": 0.04708724256688433,
    "count": 5
  },
  "Compilation.assign runtime ids": {
    "min": 0.003053,
    "max": 0.004037,
    "mean": 0.0037254000000000002,
    "median": 0.003881,
    "variance": 1.3348863999999992e-7,
    "stdDev": 0.00036536097219051723,
    "confidence": 0.0009071656756472388,
    "low": 0.003271817162176381,
    "high": 0.00417898283782362,
    "count": 5
  },
  "Compilation.optimize code generation": {
    "min": 0.001651,
    "max": 0.00283,
    "mean": 0.0022075999999999997,
    "median": 0.002214,
    "variance": 1.6103464000000003e-7,
    "stdDev": 0.0004012912159517076,
    "confidence": 0.0009963779515571947,
    "low": 0.0017094110242214023,
    "high": 0.002705788975778597,
    "count": 5
  },
  "Compilation.create module hashes": {
    "min": 3.944933,
    "max": 4.198039,
    "mean": 4.0625464000000004,
    "median": 4.04621,
    "variance": 0.006787258909439984,
    "stdDev": 0.08238482208174018,
    "confidence": 0.20455573658778192,
    "low": 3.9602685317061095,
    "high": 4.164824268293891,
    "count": 5
  },
  "Compilation.module code generation cache": {
    "min": 0,
    "max": 0,
    "mean": 0,
    "median": 0,
    "variance": 0,
    "stdDev": 0,
    "confidence": 0,
    "low": 0,
    "high": 0,
    "count": 5
  },
  "Compilation.code generation": {
    "min": 27.24649,
    "max": 28.441301,
    "mean": 27.6496734,
    "median": 27.496341,
    "variance": 0.16865360625943943,
    "stdDev": 0.4106745746444981,
    "confidence": 1.0196761732510708,
    "low": 27.139835313374466,
    "high": 28.159511486625536,
    "count": 5
  },
  "Compilation.runtime requirements.modules": {
    "min": 2.60962,
    "max": 2.899135,
    "mean": 2.7300698,
    "median": 2.689122,
    "variance": 0.00997701929575999,
    "stdDev": 0.09988503038874239,
    "confidence": 0.24800752673823823,
    "low": 2.6060660366308808,
    "high": 2.854073563369119,
    "count": 5
  },
  "Compilation.runtime requirements.chunks": {
    "min": 0.202241,
    "max": 0.212883,
    "mean": 0.2080126,
    "median": 0.21098,
    "variance": 0.00002084496583999995,
    "stdDev": 0.004565628745309889,
    "confidence": 0.011336136042833178,
    "low": 0.2023445319785834,
    "high": 0.21368066802141658,
    "count": 5
  },
  "Compilation.runtime requirements.entries": {
    "min": 0.281779,
    "max": 0.306342,
    "mean": 0.2917892,
    "median": 0.283701,
    "variance": 0.00012772418216000007,
    "stdDev": 0.011301512383747587,
    "confidence": 0.028060862811838394,
    "low": 0.27775876859408083,
    "high": 0.3058196314059192,
    "count": 5
  },
  "Compilation.runtime requirements": {
    "min": 3.168927,