{
  "stats": {
    "min": 235.1818181818182,
    "max": 237.54545454545453,
    "mean": 236.52727272727276,
    "median": 236.45454545454547,
    "variance": 0.7054545454545387,
    "stdDev": 0.8399134154509849,
    "confidence": 2.0854461176971313,
    "low": 235.4845496684242,
    "high": 237.56999578612132,
    "count": 5
  },
  "heap memory": {
    "min": 67823712,
    "max": 97340640,
    "mean": 86021545.3090909,
    "median": 87516153.45454545,
    "variance": 122519313222548.4,
    "stdDev": 11068844.258663522,
    "confidence": 27483164.171428084,
    "low": 72279963.22337686,
    "high": 99763127.39480494,
    "count": 5
  },
  "rss memory": {
    "min": 822461905.4545455,
    "max": 845896610.9090909,
    "mean": 831814637.3818182,
    "median": 829328290.9090909,
    "variance": 63360551389551.25,
    "stdDev": 7959934.132236978,
    "confidence": 19763958.317400455,
    "low": 821932658.223118,
    "high": 841696616.5405184,
    "count": 5
  },
  "external memory": {
    "min": 40499644.36363637,
    "max": 41889241.27272727,
    "mean": 41055483.12727273,
    "median": 40499644.36363637,
    "variance": 463435096741.2002,
    "stdDev": 680760.6750842767,
    "confidence": 1690281.0228041261,
    "low": 40210342.61587067,
    "high": 41900623.638674796,
    "count": 5
  },
  "array buffers memory": {
    "min": 19856417,
    "max": 21246013.90909091,
    "mean": 20412255.76363636,
    "median": 19856417,
    "variance": 463435096741.20264,
    "stdDev": 680760.6750842786,
    "confidence": 1690281.0228041336,
    "low": 19567115.252234295,
    "high": 21257396.27503843,
    "count": 5
  },
  "Compilation.finish modules": {
    "min": 6.7272727272727275,
    "max": 7.090909090909091,
    "mean": 6.927272727272728,
    "median": 6.909090909090909,
    "variance": 0.01454545454545452,
    "stdDev": 0.12060453783110534,
    "confidence": 0.29945261091167374,
    "low": 6.777546421816891,
    "high": 7.076999032728565,
    "count": 5
  },
  "Compilation.optimize dependencies": {
    "min": 0,
    "max": 0.09090909090909091,
    "mean": 0.03636363636363636,
    "median": 0,
    "variance": 0.0019834710743801653,
    "stdDev": 0.04453617714151233,
    "confidence": 0.09165373889579422,
    "low": 0,
    "high": 0.09165373889579422,
    "count": 5
  },
  "Compilation.rebuild chunk graph": {
    "min": 41.90909090909091,
    "max": 43.45454545454545,
    "mean": 42.63636363636364,
    "median": 42.45454545454545,
    "variance": 0.26776859504132255,
    "stdDev": 0.5174636171184623,
    "confidence": 1.2848258779028896,
    "low": 41.993950697412195,
    "high": 43.278776575315085,
    "count": 5
  },
  "Compilation.optimize modules": {
    "min": 0,
    "max": 0,
    "mean": 0,
    "median": 0,
    "variance": 0,
    "stdDev": 0,
    "confidence": 0,
    "low": 0,
    "high": 0,
    "count": 5
  },
  "Compilation.optimize chunks": {
    "min": 23.727272727272727,
    "max": 25,
    "mean": 24.290909090909093,
    "median": 24.272727272727273,
    "variance": 0.16661157024793397,
    "stdDev": 0.40818080582988464,
    "confidence": 1.0134843201419343,
    "low": 23.784166930838126,
    "high": 24.79765125098006,
    "count": 5
  },
  "Compilation.optimize tree": {
    "min": 0,
    "max": 0,
    "mean": 0,
    "median": 0,
    "variance": 0,
    "stdDev": 0,
    "confidence": 0,
    "low": 0,
    "high": 0,
    "count": 5
  },
  "Compilation.optimize chunk modules": {
    "min": 0,
    "max": 0,
    "mean": 0,
    "median": 0,
    "variance": 0,
    "stdDev": 0,
    "confidence": 0,
    "low": 0,
    "high": 0,
    "count": 5
  },
  "Compilation.module ids": {
    "min": 1,
    "max": 1.0909090909090908,
    "mean": 1.018181818181818,
    "median": 1,
    "variance": 0.0013223140495867746,
    "stdDev": 0.036363636363636334,
    "confidence": 0.0902883593533006,
    "low": 0.9730376385051678,
    "high": 1.0633259978584684,
    "count": 5
  },
  "Compilation.chunk ids": {
    "min": 4.363636363636363,
    "max": 4.454545454545454,
    "mean": 4.418181818181817,
    "median": 4.454545454545454,
    "variance": 0.0019834710743801614,
    "stdDev": 0.044536177141512284,
    "confidence": 0.11058020506431632,
    "low": 4.362891715649659,
    "high": 4.473471920713975,
    "count": 5
  },
  "Compilation.optimize code generation": {
    "min": 0,
    "max": 0,
    "mean": 0,
    "median": 0,
    "variance": 0,
    "stdDev": 0,
    "confidence": 0,
    "low": 0,
    "high": 0,
    "count": 5
  },
  "Compilation.module code generation cache": {
    "min": 0,
    "max": 0,
    "mean": 0,
    "median": 0,
    "variance": 0,
    "stdDev": 0,
    "confidence": 0,
    "low": 0,
    "high": 0,
    "count": 5
  },
  "Compilation.code generation": {
    "min": 0,
    "max": 0,
    "mean": 0,
    "median": 0,
    "variance": 0,
    "stdDev": 0,
    "confidence": 0,
    "low": 0,
    "high": 0,
    "count": 5
  },
  "Compilation.runtime requirements.modules": {
    "min": 0,
    "max": 0,
    "mean": 0,
    "median": 0,
    "variance": 0,
    "stdDev": 0,
    "confidence": 0,
    "low": 0,
    "high": 0,
    "count": 5
  },
  "Compilation.runtime requirements.chunks": {
    "min": 0,
    "max": 0,
    "mean": 0,
    "median": 0,
    "variance": 0,
    "stdDev": 0,
    "confidence": 0,
    "low": 0,
    "high": 0,
    "count": 5
  },
  "Compilation.runtime requirements.entries": {
    "min": 0,
    "max": 0,
    "mean": 0,
    "median": 0,
    "variance": 0,
    "stdDev": 0,
    "confidence": 0,
    "low": 0,
    "high": 0,
    "count": 5
  },
  "Compilation.runtime requirements": {
    "min": 0.45454545454545453,
    "max": 1,
    "mean": 0.8181818181818181,
    "median": 0.9090909090909091,
    "variance": 0.03636363636363636,
    "stdDev": 0.19069251784911845,
    "confidence": 0.4734761508825396,
    "low": 0.5814437427405483,
    "high": 1.054919893623088,
    "count": 5
  },
  "Compilation.hashing: hash chunks": {
    "min": 2,
    "max": 2.090909090909091,
    "mean": 2.018181818181818,
    "median": 2,
    "variance": 0.0013223140495867746,
    "stdDev": 0.036363636363636334,
    "confidence": 0.09028835935330037,
    "low": 1.9730376385051678,
    "high": 2.063325997858468,
    "count": 5
  },
  "Compilation.hashing: hash runtime chunks": {
    "min": 7,
    "max": 7.090909090909091,
    "mean": 7.036363636363636,
    "median": 7,
    "variance": 0.001983471074380162,
    "stdDev": 0.04453617714151229,
    "confidence": 0.11058020506431632,
    "low": 6.981073533831478,
    "high": 7.091653738895794,
    "count": 5
  },
  "Compilation.hashing: process full hash chunks": {
    "min": 0,
    "max": 0,
    "mean": 0,
    "median": 0,
    "variance": 0,
    "stdDev": 0,
    "confidence": 0,
    "low": 0,
    "high": 0,
    "count": 5
  },
  "Compilation.hashing": {
    "min": 9.272727272727273,
    "max": 9.636363636363637,
    "mean": 9.418181818181818,
    "median": 9.363636363636363,
    "variance": 0.021818181818181754,
    "stdDev": 0.14770978917519906,
    "confidence": 0.3667530494388913,
    "low": 9.234805293462372,
    "high": 9.601558342901264,
    "count": 5
  },
  "Compilation.create module assets": {
    "min": 0,
    "max": 0,
    "mean": 0,
    "median": 0,
    "variance": 0,
    "stdDev": 0,
    "confidence": 0,
    "low": 0,
    "high": 0,
    "count": 5
  },
  "Compilation.create chunk assets": {
    "min": 12.181818181818182,
    "max": 12.636363636363637,
    "mean": 12.436363636363637,
    "median": 12.454545454545455,
    "variance": 0.024462809917355405,
    "stdDev": 0.15640591394622969,
    "confidence": 0.3883449174923612,
    "low": 12.242191177617457,
    "high": 12.630536095109818,
    "count": 5
  },
  "Compilation.process assets": {
    "min": 46.45454545454545,
    "max": 48,
    "mean": 47.236363636363635,
    "median": 47.36363636363637,
    "variance": 0.2961983471074384,
    "stdDev": 0.5442410744398464,
    "confidence": 1.3513124268559125,
    "low": 46.56070742293568,
    "high": 47.91201984979159,
    "count": 5
  },