{
  "stats": {
    "min": 2879,
    "max": 2991,
    "mean": 2927,
    "median": 2919,
    "variance": 1331.6,
    "stdDev": 36.491094804075146,
    "confidence": 90.60482972380669,
    "low": 2881.6975851380967,
    "high": 2972.3024148619033,
    "count": 5
  },
  "heap memory": {
    "min": 86465112,
    "max": 99003576,
    "mean": 92445521.6,
    "median": 90020808,
    "variance": 29636950903664.637,
    "stdDev": 5443982.999942656,
    "confidence": 13517028.068832248,
    "low": 85687007.56558387,
    "high": 99204035.63441612,
    "count": 5
  },
  "rss memory": {
    "min": 912662528,
    "max": 1008136192,
    "mean": 963677388.8,
    "median": 912662528,
    "variance": 1837581419581276,
    "stdDev": 42867020.185467474,
    "confidence": 106435805.3800435,
    "low": 910459486.1099782,
    "high": 1016895291.4900217,
    "count": 5
  },
  "external memory": {
    "min": 30232398,
    "max": 30240590,
    "mean": 30235674.8,
    "median": 30232398,
    "variance": 16106127.36,
    "stdDev": 4013.243994575959,
    "confidence": 9964.60343875736,
    "low": 30230692.498280622,
    "high": 30240657.10171938,
    "count": 5
  },
  "array buffers memory": {
    "min": 2260022,
    "max": 2268214,
    "mean": 2263298.8,
    "median": 2260022,
    "variance": 16106127.360000003,
    "stdDev": 4013.2439945759593,
    "confidence": 9964.603438755497,
    "low": 2258316.498280622,
    "high": 2268281.1017193776,
    "count": 5
  },
  "Compilation.finish modules": {
    "min": 5,
    "max": 5,
    "mean": 5,
    "median": 5,
    "variance": 0,
    "stdDev": 0,
    "confidence": 0,
    "low": 5,
    "high": 5,
    "count": 5
  },
  "Compilation.optimize dependencies": {
    "min": 12,
    "max": 13,
    "mean": 12.2,
    "median": 12,
    "variance": 0.16,
    "stdDev": 0.4,
    "confidence": 0.993171952886307,
    "low": 11.703414023556846,
    "high": 12.696585976443153,
    "count": 5
  },
  "Compilation.rebuild chunk graph": {
    "min": 7,
    "max": 8,
    "mean": 7.4,
    "median": 7,
    "variance": 0.24000000000000005,
    "stdDev": 0.48989794855663565,
    "confidence": 1.2163822557074724,
    "low": 6.791808872146264,
    "high": 8.008191127853737,
    "count": 5
  },
  "Compilation.create chunks": {
    "min": 14,
    "max": 15,
    "mean": 14.4,
    "median": 14,
    "variance": 0.24000000000000005,
    "stdDev": 0.48989794855663565,
    "confidence": 1.2163822557074724,
    "low": 13.791808872146264,
    "high": 15.008191127853737,
    "count": 5
  },
  "Compilation.optimize": {
    "min": 13,
    "max": 14,
    "mean": 13.6,
    "median": 14,
    "variance": 0.24000000000000005,
    "stdDev": 0.48989794855663565,
    "confidence": 1.2163822557074724,
    "low": 12.991808872146263,
    "high": 14.208191127853736,
    "count": 5
  },
  "Compilation.module ids": {
    "min": 1,
    "max": 1,
    "mean": 1,
    "median": 1,
    "variance": 0,
    "stdDev": 0,
    "confidence": 0,
    "low": 1,
    "high": 1,
    "count": 5
  },
  "Compilation.chunk ids": {
    "min": 1,
    "max": 1,
    "mean": 1,
    "median": 1,
    "variance": 0,
    "stdDev": 0,
    "confidence": 0,
    "low": 1,
    "high": 1,
    "count": 5
  },
  "Compilation.optimize code generation": {
    "min": 0,
    "max": 1,
    "mean": 0.4,
    "median": 0,
    "variance": 0.24000000000000005,
    "stdDev": 0.48989794855663565,
    "confidence": 1.0081911278537365,
    "low": 0,
    "high": 1.0081911278537365,
    "count": 5
  },
  "Compilation.module code generation cache": {
    "min": 0,
    "max": 0,
    "mean": 0,
    "median": 0,
    "variance": 0,
    "stdDev": 0,
    "confidence": 0,
    "low": 0,
    "high": 0,
    "count": 5
  },
  "Compilation.code generation": {
    "min": 41,
    "max": 43,
    "mean": 42.2,
    "median": 43,
    "variance": 0.96,
    "stdDev": 0.9797958971132712,
    "confidence": 2.4327645114149448,
    "low": 40.98361774429253,
    "high": 43.416382255707475,
    "count": 5
  },
  "Compilation.runtime requirements.modules": {
    "min": 0,
    "max": 0,
    "mean": 0,
    "median": 0,
    "variance": 0,
    "stdDev": 0,
    "confidence": 0,
    "low": 0,
    "high": 0,
    "count": 5
  },
  "Compilation.runtime requirements.chunks": {
    "min": 0,
    "max": 0,
    "mean": 0,
    "median": 0,
    "variance": 0,
    "stdDev": 0,
    "confidence": 0,
    "low": 0,
    "high": 0,
    "count": 5
  },
  "Compilation.runtime requirements.entries": {
    "min": 0,
    "max": 0,
    "mean": 0,
    "median": 0,
    "variance": 0,
    "stdDev": 0,
    "confidence": 0,
    "low": 0,
    "high": 0,
    "count": 5
  },
  "Compilation.runtime requirements": {
    "min": 1,
    "max": 1,
    "mean": 1,
    "median": 1,
    "variance": 0,
    "stdDev": 0,
    "confidence": 0,
    "low": 1,
    "high": 1,
    "count": 5
  },
  "Compilation.hashing: hash chunks": {
    "min": 0,
    "max": 0,
    "mean": 0,
    "median": 0,
    "variance": 0,
    "stdDev": 0,
    "confidence": 0,
    "low": 0,
    "high": 0,
    "count": 5
  },
  "Compilation.hashing: hash runtime chunks": {
    "min": 0,
    "max": 0,
    "mean": 0,
    "median": 0,
    "variance": 0,
    "stdDev": 0,
    "confidence": 0,
    "low": 0,
    "high": 0,
    "count": 5
  },
  "Compilation.hashing: process full hash chunks": {
    "min": 0,
    "max": 0,
    "mean": 0,
    "median": 0,
    "variance": 0,
    "stdDev": 0,
    "confidence": 0,
    "low": 0,
    "high": 0,
    "count": 5
  },
  "Compilation.hashing": {
    "min": 1,
    "max": 1,
    "mean": 1,
    "median": 1,
    "variance": 0,
    "stdDev": 0,
    "confidence": 0,
    "low": 1,
    "high": 1,
    "count": 5
  },
  "Compilation.create module assets": {
    "min": 0,
    "max": 0,
    "mean": 0,
    "median": 0,
    "variance": 0,
    "stdDev": 0,
    "confidence": 0,
    "low": 0,
    "high": 0,
    "count": 5
  },
  "Compilation.create chunk assets": {
    "min": 2,
    "max": 3,
    "mean": 2.2,
    "median": 2,
    "variance": 0.15999999999999998,
    "stdDev": 0.39999999999999997,
    "confidence": 0.9931719528863063,
    "low": 1.703414023556847,
    "high": 2.6965859764431532,
    "count": 5
  },
  "Compilation.process assets": {
    "min": 1335,
    "max": 1384,
    "mean": 1357.8,
    "median": 1355,
    "variance": 315.75999999999993,
    "stdDev": 17.76963702499294,
    "confidence": 44.120762765482596,
    "low": 1335.7396186172587,
    "high": 1379.8603813827413,
    "count": 5
  },
  "Compilation.after process assets": {
    "min": 0,
    "max": 0,
    "mean": 0,
    "median": 0,
    "variance": 0,
    "stdDev": 0,
    "confidence": 0,
    "low": 0,
    "high": 0,
    "count": 5
  },
  "Compilation.after seal": {
    "min": 0,
    "max": 0,
    "mean": 0,
    "median": 0,
    "variance": 0,
    "stdDev": 0,
    "confidence": 0,
    "low": 0,
    "high": 0,
    "count": 5
  },
  "Compiler.make hook": {
    "min": 2,
    "max": 4,
    "mean": 2.8,
    "median": 2,
    "variance": 0.96,
    "stdDev": 0.9797958971132712,
    "confidence": 2.432764511414946,
    "low": 1.583617744292527,
    "high": 4.016382255707473,
    "count": 5
  },
  "Compiler.make": {
    "min": 1252,
    "max": 1319,
    "mean": 1279.4,
    "median": 1268,
    "variance": 720.24,
    "stdDev": 26.83728749333658,
    "confidence": 66.63510307482102,
    "low": 1246.0824484625896,
    "high": 1312.7175515374106,
    "count": 5
  },
  "Compiler.finish make hook": {
    "min": 0,
    "max": 0,
    "mean": 0,
    "median": 0,
    "variance": 0,
    "stdDev": 0,
    "confidence": 0,
    "low": 0,
    "high": 0,
    "count": 5
  },
  "Compiler.finish compilation": {
    "min": 35,
    "max": 36,
    "mean": 35.4,
    "median": 35,
    "variance": 0.24,
    "stdDev": 0.4898979485566356,
    "confidence": 1.2163822557074724,
    "low": 34.79180887214626,
    "high": 36.008191127853735,
    "count": 5
  },
  "Compiler.seal compilation": {
    "min": 1432,
    "max": 1483,
    "mean": 1457.8,
    "median": 1457,
    "variance": 344.55999999999995,