{
  "stats": {
    "min": 1162,
    "max": 1194,
    "mean": 1179.6,
    "median": 1187,
    "variance": 189.04000000000002,
    "stdDev": 13.74918179383777,
    "confidence": 34.13825433193688,
    "low": 1162.5308728340315,
    "high": 1196.6691271659683,
    "count": 5
  },
  "heap memory": {
    "min": 15622264,
    "max": 15664168,
    "mean": 15642340.8,
    "median": 15637248,
    "variance": 341885557.76,
    "stdDev": 18490.147586214665,
    "confidence": 45909.739968393,
    "low": 15619385.930015804,
    "high": 15665295.669984197,
    "count": 5
  },
  "rss memory": {
    "min": 465043456,
    "max": 472944640,
    "mean": 468912537.6,
    "median": 470552576,
    "variance": 10448787042467.84,
    "stdDev": 3232458.3589688884,
    "confidence": 8025967.452502012,
    "low": 464899553.873749,
    "high": 472925521.32625103,
    "count": 5
  },
  "external memory": {
    "min": 2453438,
    "max": 2453438,
    "mean": 2453438,
    "median": 2453438,
    "variance": 0,
    "stdDev": 0,
    "confidence": 0,
    "low": 2453438,
    "high": 2453438,
    "count": 5
  },
  "array buffers memory": {
    "min": 10515,
    "max": 10515,
    "mean": 10515,
    "median": 10515,
    "variance": 0,
    "stdDev": 0,
    "confidence": 0,
    "low": 10515,
    "high": 10515,
    "count": 5
  },
  "Compilation.build module graph": {
    "min": 491,
    "max": 515,
    "mean": 497.2,
    "median": 493,
    "variance": 80.96000000000001,
    "stdDev": 8.997777503361595,
    "confidence": 22.340850636625305,
    "low": 486.02957468168734,
    "high": 508.37042531831264,
    "count": 5
  },
  "Compilation.finish modules": {
    "min": 16,
    "max": 17,
    "mean": 16.6,
    "median": 17,
    "variance": 0.24,
    "stdDev": 0.4898979485566356,
    "confidence": 1.2163822557074724,
    "low": 15.991808872146265,
    "high": 17.208191127853738,
    "count": 5
  },
  "Compilation.seal": {
    "min": 0,
    "max": 0,
    "mean": 0,
    "median": 0,
    "variance": 0,
    "stdDev": 0,
    "confidence": 0,
    "low": 0,
    "high": 0,
    "count": 5
  },
  "Compilation.optimize dependencies": {
    "min": 125,
    "max": 133,
    "mean": 128.6,
    "median": 129,
    "variance": 7.039999999999999,
    "stdDev": 2.6532998322843198,
    "confidence": 6.587957440056812,
    "low": 125.30602127997159,
    "high": 131.8939787200284,
    "count": 5
  },
  "Compilation.rebuild chunk graph": {
    "min": 36,
    "max": 39,
    "mean": 37.8,
    "median": 38,
    "variance": 0.9599999999999997,
    "stdDev": 0.9797958971132711,
    "confidence": 2.4327645114149448,
    "low": 36.583617744292525,
    "high": 39.01638225570747,
    "count": 5
  },
  "Compilation.build chunk graph": {
    "min": 36,
    "max": 39,
    "mean": 37.8,
    "median": 38,
    "variance": 0.9599999999999997,
    "stdDev": 0.9797958971132711,
    "confidence": 2.4327645114149448,
    "low": 36.583617744292525,
    "high": 39.01638225570747,
    "count": 5
  },
  "Compilation.optimize modules": {
    "min": 0,
    "max": 0,
    "mean": 0,
    "median": 0,
    "variance": 0,
    "stdDev": 0,
    "confidence": 0,
    "low": 0,
    "high": 0,
    "count": 5
  },
  "Compilation.optimize chunks": {
    "min": 23,
    "max": 24,
    "mean": 23.6,
    "median": 24,
    "variance": 0.24,
    "stdDev": 0.4898979485566356,
    "confidence": 1.2163822557074724,
    "low": 22.991808872146265,
    "high": 24.208191127853738,
    "count": 5
  },
  "Compilation.optimize tree": {
    "min": 0,
    "max": 0,
    "mean": 0,
    "median": 0,
    "variance": 0,
    "stdDev": 0,
    "confidence": 0,
    "low": 0,
    "high": 0,
    "count": 5
  },
  "Compilation.optimize chunk modules": {
    "min": 68,
    "max": 71,
    "mean": 69.4,
    "median": 69,
    "variance": 1.04,
    "stdDev": 1.019803902718557,
    "confidence": 2.5321015840601717,
    "low": 68.13394920796992,
    "high": 70.66605079203009,
    "count": 5
  },
  "Compilation.module ids": {
    "min": 3,
    "max": 4,
    "mean": 3.4,
    "median": 3,
    "variance": 0.24,
    "stdDev": 0.4898979485566356,
    "confidence": 1.2163822557074733,
    "low": 2.7918088721462633,
    "high": 4.0081911278537365,
    "count": 5
  },
  "Compilation.chunk ids": {
    "min": 3,
    "max": 4,
    "mean": 3.8,
    "median": 4,
    "variance": 0.15999999999999998,
    "stdDev": 0.39999999999999997,
    "confidence": 0.9931719528863066,
    "low": 3.3034140235568468,
    "high": 4.296585976443153,
    "count": 5
  },
  "Compilation.assign runtime ids": {
    "min": 0,
    "max": 0,
    "mean": 0,
    "median": 0,
    "variance": 0,
    "stdDev": 0,
    "confidence": 0,
    "low": 0,
    "high": 0,
    "count": 5
  },
  "Compilation.optimize code generation": {
    "min": 3,
    "max": 4,
    "mean": 3.2,
    "median": 3,
    "variance": 0.15999999999999998,
    "stdDev": 0.39999999999999997,
    "confidence": 0.9931719528863061,
    "low": 2.703414023556847,
    "high": 3.6965859764431532,
    "count": 5
  },
  "Compilation.create module hashes": {
    "min": 30,
    "max": 34,
    "mean": 32.4,
    "median": 33,
    "variance": 1.8400000000000003,
    "stdDev": 1.3564659966250538,
    "confidence": 3.3680099572299405,
    "low": 30.71599502138503,
    "high": 34.08400497861497,
    "count": 5
  },
  "Compilation.code generation": {
    "min": 110,
    "max": 116,
    "mean": 112,
    "median": 111,
    "variance": 5.2,
    "stdDev": 2.280350850198276,
    "confidence": 5.661951267893414,
    "low": 109.16902436605329,
    "high": 114.83097563394671,
    "count": 5
  },
  "Compilation.runtime requirements.modules": {
    "min": 2,
    "max": 2,
    "mean": 2,
    "median": 2,
    "variance": 0,
    "stdDev": 0,
    "confidence": 0,
    "low": 2,
    "high": 2,
    "count": 5
  },
  "Compilation.runtime requirements.chunks": {
    "min": 0,
    "max": 1,
    "mean": 0.2,
    "median": 0,
    "variance": 0.16000000000000003,
    "stdDev": 0.4,
    "confidence": 0.6965859764431532,
    "low": 0,
    "high": 0.6965859764431532,
    "count": 5
  },
  "Compilation.runtime requirements.entries": {
    "min": 0,
    "max": 1,
    "mean": 0.4,
    "median": 0,
    "variance": 0.24000000000000005,
    "stdDev": 0.48989794855663565,
    "confidence": 1.0081911278537365,
    "low": 0,
    "high": 1.0081911278537365,
    "count": 5
  },
  "Compilation.runtime requirements": {
    "min": 4,
    "max": 5,
    "mean": 4.4,
    "median": 4,
    "variance": 0.24000000000000005,
    "stdDev": 0.48989794855663565,
    "confidence": 1.2163822557074724,
    "low": 3.791808872146264,
    "high": 5.0081911278537365,
    "count": 5
  },
  "Compilation.hashing: hash chunks": {
    "min": 1,
    "max": 1,
    "mean": 1,
    "median": 1,
    "variance": 0,
    "stdDev": 0,
    "confidence": 0,
    "low": 1,
    "high": 1,
    "count": 5
  },
  "Compilation.hashing: hash runtime chunks": {
    "min": 1,
    "max": 1,
    "mean": 1,
    "median": 1,
    "variance": 0,
    "stdDev": 0,
    "confidence": 0,
    "low": 1,
    "high": 1,
    "count": 5
  },
  "Compilation.hashing: process full hash chunks": {
    "min": 0,
    "max": 0,
    "mean": 0,
    "median": 0,
    "variance": 0,
    "stdDev": 0,
    "confidence": 0,
    "low": 0,
    "high": 0,
    "count": 5
  },
  "Compilation.hashing": {
    "min": 4,
    "max": 4,
    "mean": 4,
    "median": 4,
    "variance": 0,
    "stdDev": 0,
    "confidence": 0,
    "low": 4,
    "high": 4,
    "count": 5
  },
  "Compilation.create module assets": {
    "min": 0,
    "max": 0,
    "mean": 0,
    "median": 0,
    "variance": 0,
    "stdDev": 0,
    "confidence": 0,
    "low": 0,
    "high": 0,
    "count": 5
  },
  "Compilation.create chunk assets": {
    "min": 7,
    "max": 8,
    "mean": 7.2,
    "median": 7,
    "variance": 0.15999999999999998,
    "stdDev": 0.39999999999999997,
    "confidence": 0.993171952886307,
    "low": 6.703414023556847,
    "high": 7.696585976443154,
    "count": 5
  },
  "Compilation.process assets": {
    "min": 93,