{
  "stats": {
    "min": 14334,
    "max": 14552,
    "mean": 14481.8,
    "median": 14510,
    "variance": 5780.160000000001,
    "stdDev": 76.02736349499436,
    "confidence": 188.77061268780017,
    "low": 14387.4146936561,
    "high": 14576.1853063439,
    "count": 5
  },
  "heap memory": {
    "min": 8055152,
    "max": 8075936,
    "mean": 8065969.6,
    "median": 8065288,
    "variance": 46351933.440000005,
    "stdDev": 6808.225425175051,
    "confidence": 16904.34635302797,
    "low": 8057517.426823486,
    "high": 8074421.773176514,
    "count": 5
  },
  "rss memory": {
    "min": 2318741504,
    "max": 2376785920,
    "mean": 2342592512,
    "median": 2342912000,
    "variance": 397156974749286.4,
    "stdDev": 19928797.624274436,
    "confidence": 49481807.13794136,
    "low": 2317851608.4310293,
    "high": 2367333415.5689707,
    "count": 5
  },
  "external memory": {
    "min": 8442560,
    "max": 8442560,
    "mean": 8442560,
    "median": 8442560,
    "variance": 0,
    "stdDev": 0,
    "confidence": 0,
    "low": 8442560,
    "high": 8442560,
    "count": 5
  },
  "array buffers memory": {
    "min": 10479,
    "max": 10479,
    "mean": 10479,
    "median": 10479,
    "variance": 0,
    "stdDev": 0,
    "confidence": 0,
    "low": 10479,
    "high": 10479,
    "count": 5
  },
  "Compilation.build module graph": {
    "min": 13851,
    "max": 14088,
    "mean": 13999,
    "median": 14032,
    "variance": 6480.8,
    "stdDev": 80.50341607658646,
    "confidence": 199.88433739700486,
    "low": 13899.057831301498,
    "high": 14098.942168698502,
    "count": 5
  },
  "Compilation.finish modules": {
    "min": 16,
    "max": 65,
    "mean": 45,
    "median": 49,
    "variance": 306.8,
    "stdDev": 17.515707236649053,
    "confidence": 43.49027290601887,
    "low": 23.254863546990563,
    "high": 66.74513645300944,
    "count": 5
  },
  "Compilation.seal": {
    "min": 0,
    "max": 0,
    "mean": 0,
    "median": 0,
    "variance": 0,
    "stdDev": 0,
    "confidence": 0,
    "low": 0,
    "high": 0,
    "count": 5
  },
  "Compilation.optimize dependencies": {
    "min": 54,
    "max": 67,
    "mean": 59.4,
    "median": 61,
    "variance": 24.24,
    "stdDev": 4.923413450036469,
    "confidence": 12.22449037759857,
    "low": 53.28775481120071,
    "high": 65.51224518879928,
    "count": 5
  },
  "Compilation.rebuild chunk graph": {
    "min": 22,
    "max": 23,
    "mean": 22.6,
    "median": 23,
    "variance": 0.24,
    "stdDev": 0.4898979485566356,
    "confidence": 1.2163822557074724,
    "low": 21.991808872146265,
    "high": 23.208191127853738,
    "count": 5
  },
  "Compilation.build chunk graph": {
    "min": 22,
    "max": 23,
    "mean": 22.6,
    "median": 23,
    "variance": 0.24,
    "stdDev": 0.4898979485566356,
    "confidence": 1.2163822557074724,
    "low": 21.991808872146265,
    "high": 23.208191127853738,
    "count": 5
  },
  "Compilation.optimize modules": {
    "min": 0,
    "max": 0,
    "mean": 0,
    "median": 0,
    "variance": 0,
    "stdDev": 0,
    "confidence": 0,
    "low": 0,
    "high": 0,
    "count": 5
  },
  "Compilation.optimize chunks": {
    "min": 23,
    "max": 24,
    "mean": 23.8,
    "median": 24,
    "variance": 0.15999999999999998,
    "stdDev": 0.39999999999999997,
    "confidence": 0.993171952886307,
    "low": 23.303414023556847,
    "high": 24.296585976443154,
    "count": 5
  },
  "Compilation.optimize tree": {
    "min": 0,
    "max": 0,
    "mean": 0,
    "median": 0,
    "variance": 0,
    "stdDev": 0,
    "confidence": 0,
    "low": 0,
    "high": 0,
    "count": 5
  },
  "Compilation.optimize chunk modules": {
    "min": 58,
    "max": 85,
    "mean": 72.4,
    "median": 79,
    "variance": 124.24000000000001,
    "stdDev": 11.146299834474219,
    "confidence": 27.675480935152677,
    "low": 58.56225953242367,
    "high": 86.23774046757634,
    "count": 5
  },
  "Compilation.module ids": {
    "min": 1,
    "max": 1,
    "mean": 1,
    "median": 1,
    "variance": 0,
    "stdDev": 0,
    "confidence": 0,
    "low": 1,
    "high": 1,
    "count": 5
  },
  "Compilation.chunk ids": {
    "min": 2,
    "max": 2,
    "mean": 2,
    "median": 2,
    "variance": 0,
    "stdDev": 0,
    "confidence": 0,
    "low": 2,
    "high": 2,
    "count": 5
  },
  "Compilation.assign runtime ids": {
    "min": 0,
    "max": 0,
    "mean": 0,
    "median": 0,
    "variance": 0,
    "stdDev": 0,
    "confidence": 0,
    "low": 0,
    "high": 0,
    "count": 5
  },
  "Compilation.optimize code generation": {
    "min": 3,
    "max": 4,
    "mean": 3.6,
    "median": 4,
    "variance": 0.24,
    "stdDev": 0.4898979485566356,
    "confidence": 1.2163822557074733,
    "low": 2.9918088721462635,
    "high": 4.208191127853737,
    "count": 5
  },
  "Compilation.create module hashes": {
    "min": 33,
    "max": 67,
    "mean": 44.4,
    "median": 43,
    "variance": 150.24,
    "stdDev": 12.25724275683565,
    "confidence": 30.433874314519997,
    "low": 29.18306284274,
    "high": 59.61693715726,
    "count": 5
  },
  "Compilation.code generation": {
    "min": 159,
    "max": 184,
    "mean": 167.4,
    "median": 166,
    "variance": 80.64000000000001,
    "stdDev": 8.97997772825746,
    "confidence": 22.296655043122485,
    "low": 156.25167247843876,
    "high": 178.54832752156125,
    "count": 5
  },
  "Compilation.runtime requirements.modules": {
    "min": 0,
    "max": 1,
    "mean": 0.2,
    "median": 0,
    "variance": 0.16000000000000003,
    "stdDev": 0.4,
    "confidence": 0.6965859764431532,
    "low": 0,
    "high": 0.6965859764431532,
    "count": 5
  },
  "Compilation.runtime requirements.chunks": {
    "min": 0,
    "max": 0,
    "mean": 0,
    "median": 0,
    "variance": 0,
    "stdDev": 0,
    "confidence": 0,
    "low": 0,
    "high": 0,
    "count": 5
  },
  "Compilation.runtime requirements.entries": {
    "min": 0,
    "max": 0,
    "mean": 0,
    "median": 0,
    "variance": 0,
    "stdDev": 0,
    "confidence": 0,
    "low": 0,
    "high": 0,
    "count": 5
  },
  "Compilation.runtime requirements": {
    "min": 1,
    "max": 1,
    "mean": 1,
    "median": 1,
    "variance": 0,
    "stdDev": 0,
    "confidence": 0,
    "low": 1,
    "high": 1,
    "count": 5
  },
  "Compilation.hashing: hash chunks": {
    "min": 0,
    "max": 0,
    "mean": 0,
    "median": 0,
    "variance": 0,
    "stdDev": 0,
    "confidence": 0,
    "low": 0,
    "high": 0,
    "count": 5
  },
  "Compilation.hashing: hash runtime chunks": {
    "min": 0,
    "max": 0,
    "mean": 0,
    "median": 0,
    "variance": 0,
    "stdDev": 0,
    "confidence": 0,
    "low": 0,
    "high": 0,
    "count": 5
  },
  "Compilation.hashing: process full hash chunks": {
    "min": 0,
    "max": 0,
    "mean": 0,
    "median": 0,
    "variance": 0,
    "stdDev": 0,
    "confidence": 0,
    "low": 0,
    "high": 0,
    "count": 5
  },
  "Compilation.hashing": {
    "min": 0,
    "max": 0,
    "mean": 0,
    "median": 0,
    "variance": 0,
    "stdDev": 0,
    "confidence": 0,
    "low": 0,
    "high": 0,
    "count": 5
  },
  "Compilation.create module assets": {
    "min": 0,
    "max": 0,
    "mean": 0,
    "median": 0,
    "variance": 0,
    "stdDev": 0,
    "confidence": 0,
    "low": 0,
    "high": 0,
    "count": 5
  },
  "Compilation.create chunk assets": {
    "min": 1,
    "max": 1,
    "mean": 1,
    "median": 1,
    "variance": 0,
    "stdDev": 0,
    "confidence": 0,
    "low": 1,
    "high": 1,
    "count": 5
  },
  "Compilation.process assets": {
    "min": 0,
    "max": 0,
    "mean": 0,
    "median": 0,
    "variance": 0,
    "stdDev": 0,
    "confidence": 0,
    "low": 0,
    "high": 0,
    "count": 5
  },
  "Compilation.after process assets": {
    "min": 0,
    "max": 0,
    "mean": 0,
    "median": 0,
    "variance": 0,
    "stdDev": 0,
    "confidence": 0,
    "low": 0,
    "high": 0,
    "count": 5
  },
  "Compilation.after seal": {
    "min": 0,
    "max": 0,
    "mean": 0,
    "median": 0,