{
  "stats": {
    "min": 1042,
    "max": 1067,
    "mean": 1056.6,
    "median": 1057,
    "variance": 73.84,
    "stdDev": 8.593020423576334,
    "confidence": 21.335867188187876,
    "low": 1045.932066405906,
    "high": 1067.2679335940938,
    "count": 5
  },
  "heap memory": {
    "min": 8742408,
    "max": 8787696,
    "mean": 8762313.6,
    "median": 8760824,
    "variance": 262996592.64000005,
    "stdDev": 16217.169686477355,
    "confidence": 40266.09521951899,
    "low": 8742180.55239024,
    "high": 8782446.64760976,
    "count": 5
  },
  "rss memory": {
    "min": 825622528,
    "max": 865816576,
    "mean": 841889382.4,
    "median": 844148736,
    "variance": 203737951727779.84,
    "stdDev": 14273680.384812456,
    "confidence": 35440547.55664778,
    "low": 824169108.6216761,
    "high": 859609656.1783239,
    "count": 5
  },
  "external memory": {
    "min": 2836162,
    "max": 2836162,
    "mean": 2836162,
    "median": 2836162,
    "variance": 0,
    "stdDev": 0,
    "confidence": 0,
    "low": 2836162,
    "high": 2836162,
    "count": 5
  },
  "array buffers memory": {
    "min": 10515,
    "max": 10515,
    "mean": 10515,
    "median": 10515,
    "variance": 0,
    "stdDev": 0,
    "confidence": 0,
    "low": 10515,
    "high": 10515,
    "count": 5
  },
  "Compilation.build module graph": {
    "min": 408,
    "max": 425,
    "mean": 416.2,
    "median": 417,
    "variance": 31.759999999999998,
    "stdDev": 5.635601121442148,
    "confidence": 13.99280242867735,
    "low": 409.2035987856613,
    "high": 423.19640121433866,
    "count": 5
  },
  "Compilation.finish modules": {
    "min": 18,
    "max": 21,
    "mean": 19.4,
    "median": 19,
    "variance": 1.0399999999999998,
    "stdDev": 1.0198039027185568,
    "confidence": 2.5321015840601646,
    "low": 18.133949207969916,
    "high": 20.66605079203008,
    "count": 5
  },
  "Compilation.seal": {
    "min": 0,
    "max": 0,
    "mean": 0,
    "median": 0,
    "variance": 0,
    "stdDev": 0,
    "confidence": 0,
    "low": 0,
    "high": 0,
    "count": 5
  },
  "Compilation.optimize dependencies": {
    "min": 27,
    "max": 28,
    "mean": 27.4,
    "median": 27,
    "variance": 0.24,
    "stdDev": 0.4898979485566356,
    "confidence": 1.2163822557074724,
    "low": 26.791808872146262,
    "high": 28.008191127853735,
    "count": 5
  },
  "Compilation.rebuild chunk graph": {
    "min": 25,
    "max": 27,
    "mean": 25.6,
    "median": 25,
    "variance": 0.64,
    "stdDev": 0.8,
    "confidence": 1.986343905772614,
    "low": 24.606828047113694,
    "high": 26.59317195288631,
    "count": 5
  },
  "Compilation.build chunk graph": {
    "min": 27,
    "max": 29,
    "mean": 28,
    "median": 28,
    "variance": 0.4,
    "stdDev": 0.6324555320336759,
    "confidence": 1.5703427396590826,
    "low": 27.21482863017046,
    "high": 28.78517136982954,
    "count": 5
  },
  "Compilation.optimize modules": {
    "min": 0,
    "max": 0,
    "mean": 0,
    "median": 0,
    "variance": 0,
    "stdDev": 0,
    "confidence": 0,
    "low": 0,
    "high": 0,
    "count": 5
  },
  "Compilation.optimize chunks": {
    "min": 24,
    "max": 27,
    "mean": 24.6,
    "median": 24,
    "variance": 1.44,
    "stdDev": 1.2,
    "confidence": 2.979515858658921,
    "low": 23.11024207067054,
    "high": 26.089757929329462,
    "count": 5
  },
  "Compilation.optimize tree": {
    "min": 0,
    "max": 0,
    "mean": 0,
    "median": 0,
    "variance": 0,
    "stdDev": 0,
    "confidence": 0,
    "low": 0,
    "high": 0,
    "count": 5
  },
  "Compilation.optimize chunk modules": {
    "min": 54,
    "max": 58,
    "mean": 55.6,
    "median": 55,
    "variance": 2.6399999999999997,
    "stdDev": 1.624807680927192,
    "confidence": 4.034283543827826,
    "low": 53.58285822808609,
    "high": 57.617141771913914,
    "count": 5
  },
  "Compilation.module ids": {
    "min": 1,
    "max": 1,
    "mean": 1,
    "median": 1,
    "variance": 0,
    "stdDev": 0,
    "confidence": 0,
    "low": 1,
    "high": 1,
    "count": 5
  },
  "Compilation.chunk ids": {
    "min": 1,
    "max": 2,
    "mean": 1.6,
    "median": 2,
    "variance": 0.24,
    "stdDev": 0.4898979485566356,
    "confidence": 1.216382255707473,
    "low": 0.9918088721462637,
    "high": 2.2081911278537367,
    "count": 5
  },
  "Compilation.assign runtime ids": {
    "min": 0,
    "max": 0,
    "mean": 0,
    "median": 0,
    "variance": 0,
    "stdDev": 0,
    "confidence": 0,
    "low": 0,
    "high": 0,
    "count": 5
  },
  "Compilation.optimize code generation": {
    "min": 3,
    "max": 3,
    "mean": 3,
    "median": 3,
    "variance": 0,
    "stdDev": 0,
    "confidence": 0,
    "low": 3,
    "high": 3,
    "count": 5
  },
  "Compilation.create module hashes": {
    "min": 32,
    "max": 34,
    "mean": 33,
    "median": 33,
    "variance": 0.4,
    "stdDev": 0.6324555320336759,
    "confidence": 1.5703427396590826,
    "low": 32.21482863017046,
    "high": 33.78517136982954,
    "count": 5
  },
  "Compilation.module code generation cache": {
    "min": 0,
    "max": 0,
    "mean": 0,
    "median": 0,
    "variance": 0,
    "stdDev": 0,
    "confidence": 0,
    "low": 0,
    "high": 0,
    "count": 5
  },
  "Compilation.code generation": {
    "min": 91,
    "max": 97,
    "mean": 93.2,
    "median": 93,
    "variance": 4.959999999999999,
    "stdDev": 2.2271057451320084,
    "confidence": 5.529747405442663,
    "low": 90.43512629727867,
    "high": 95.96487370272133,
    "count": 5
  },
  "Compilation.runtime requirements.modules": {
    "min": 0,
    "max": 1,
    "mean": 0.2,
    "median": 0,
    "variance": 0.16000000000000003,
    "stdDev": 0.4,
    "confidence": 0.6965859764431532,
    "low": 0,
    "high": 0.6965859764431532,
    "count": 5
  },
  "Compilation.runtime requirements.chunks": {
    "min": 0,
    "max": 0,
    "mean": 0,
    "median": 0,
    "variance": 0,
    "stdDev": 0,
    "confidence": 0,
    "low": 0,
    "high": 0,
    "count": 5
  },
  "Compilation.runtime requirements.entries": {
    "min": 0,
    "max": 0,
    "mean": 0,
    "median": 0,
    "variance": 0,
    "stdDev": 0,
    "confidence": 0,
    "low": 0,
    "high": 0,
    "count": 5
  },
  "Compilation.runtime requirements": {
    "min": 1,
    "max": 2,
    "mean": 1.6,
    "median": 2,
    "variance": 0.24,
    "stdDev": 0.4898979485566356,
    "confidence": 1.216382255707473,
    "low": 0.9918088721462637,
    "high": 2.2081911278537367,
    "count": 5
  },
  "Compilation.hashing: hash chunks": {
    "min": 0,
    "max": 0,
    "mean": 0,
    "median": 0,
    "variance": 0,
    "stdDev": 0,
    "confidence": 0,
    "low": 0,
    "high": 0,
    "count": 5
  },
  "Compilation.hashing: hash runtime chunks": {
    "min": 0,
    "max": 0,
    "mean": 0,
    "median": 0,
    "variance": 0,
    "stdDev": 0,
    "confidence": 0,
    "low": 0,
    "high": 0,
    "count": 5
  },
  "Compilation.hashing: process full hash chunks": {
    "min": 0,
    "max": 0,
    "mean": 0,
    "median": 0,
    "variance": 0,
    "stdDev": 0,
    "confidence": 0,
    "low": 0,
    "high": 0,
    "count": 5
  },
  "Compilation.hashing": {
    "min": 0,
    "max": 1,
    "mean": 0.2,
    "median": 0,
    "variance": 0.16000000000000003,
    "stdDev": 0.4,
    "confidence": 0.6965859764431532,
    "low": 0,
    "high": 0.6965859764431532,
    "count": 5
  },
  "Compilation.create module assets": {
    "min": 0,
    "max": 0,
    "mean": 0,
    "median": 0,
    "variance": 0,
    "stdDev": 0,
    "confidence": 0,
    "low": 0,
    "high": 0,
    "count": 5
  },
  "Compilation.create chunk assets": {
    "min": 1,
    "max": 1,
    "mean": 1,
    "median": 1,
    "variance": 0,
    "stdDev": 0,
    "confidence": 0,
    "low": 1,
    "high": 1,
    "count": 5
  },
  "Compilation.process assets": {
    "min": 264,
    "max": 287,
    "mean": 273.2,
    "median": 272,
    "variance": 68.55999999999999,
    "stdDev": 8.28009661779378,
    "confidence": 20.558899319953866,