{
  "stats": {
    "min": 2726,
    "max": 2863,
    "mean": 2761.6,
    "median": 2736,
    "variance": 2614.6400000000003,
    "stdDev": 51.133550629699094,
    "confidence": 126.96102084227277,
    "low": 2698.1194895788635,
    "high": 2825.0805104211363,
    "count": 5
  },
  "heap memory": {
    "min": 56297856,
    "max": 59069896,
    "mean": 57403291.2,
    "median": 56722376,
    "variance": 1154757693608.9602,
    "stdDev": 1074596.5259617027,
    "confidence": 2668147.8256355673,
    "low": 56069217.28718222,
    "high": 58737365.11281779,
    "count": 5
  },
  "rss memory": {
    "min": 642793472,
    "max": 652161024,
    "mean": 646665830.4,
    "median": 644481024,
    "variance": 13465095598243.84,
    "stdDev": 3669481.6525285747,
    "confidence": 9111065.647305727,
    "low": 642110297.5763471,
    "high": 651221363.2236528,
    "count": 5
  },
  "external memory": {
    "min": 12239627,
    "max": 12510643,
    "mean": 12385409.2,
    "median": 12378215,
    "variance": 7732479956.160001,
    "stdDev": 87934.5208445466,
    "confidence": 218335.24948325008,
    "low": 12276241.575258374,
    "high": 12494576.824741624,
    "count": 5
  },
  "array buffers memory": {
    "min": 4188696,
    "max": 4372587,
    "mean": 4282635.8,
    "median": 4305098,
    "variance": 5805632612.96,
    "stdDev": 76194.70200059844,
    "confidence": 189186.10246381164,
    "low": 4188042.748768094,
    "high": 4377228.851231906,
    "count": 5
  },
  "Compilation.build module graph": {
    "min": 489.330551,
    "max": 532.751638,
    "mean": 505.6643172,
    "median": 507.814109,
    "variance": 254.44885734978962,
    "stdDev": 15.951453142262293,
    "confidence": 39.606339671687635,
    "low": 485.86114736415624,
    "high": 525.4674870358439,
    "count": 5
  },
  "Compilation.finish modules": {
    "min": 10.447625,
    "max": 13.291501,
    "mean": 11.801272599999999,
    "median": 11.342067,
    "variance": 1.1801679133606395,
    "stdDev": 1.0863553347595987,
    "confidence": 2.6973441233791213,
    "low": 10.452600538310438,
    "high": 13.14994466168956,
    "count": 5
  },
  "Compilation.seal": {
    "min": 0.003092,
    "max": 0.004993,
    "mean": 0.0040942,
    "median": 0.003859,
    "variance": 4.792621599999999e-7,
    "stdDev": 0.0006922876280853211,
    "confidence": 0.0017189016388613181,
    "low": 0.003234749180569341,
    "high": 0.004953650819430659,
    "count": 5
  },
  "Compilation.optimize dependencies": {
    "min": 18.099542,
    "max": 18.483941,
    "mean": 18.3013362,
    "median": 18.340574,
    "variance": 0.02100347297776011,
    "stdDev": 0.14492574987820525,
    "confidence": 0.3598404750751243,
    "low": 18.12141596246244,
    "high": 18.481256437537564,
    "count": 5
  },
  "Compilation.rebuild chunk graph": {
    "min": 7.134104,
    "max": 7.85401,
    "mean": 7.481711799999999,
    "median": 7.417101,
    "variance": 0.07152371656735994,
    "stdDev": 0.2674391829320452,
    "confidence": 0.6640327389773439,
    "low": 7.149695430511327,
    "high": 7.813728169488671,
    "count": 5
  },
  "Compilation.build chunk graph": {
    "min": 7.141958,
    "max": 7.861604,
    "mean": 7.4921618,
    "median": 7.424807,
    "variance": 0.07051781649095996,
    "stdDev": 0.2655519092210786,
    "confidence": 0.6593467706844649,
    "low": 7.162488414657767,
    "high": 7.821835185342232,
    "count": 5
  },
  "Compilation.optimize modules": {
    "min": 3.704567,
    "max": 4.013808,
    "mean": 3.8047525999999996,
    "median": 3.757952,
    "variance": 0.012013406824240012,
    "stdDev": 0.1096056879191952,
    "confidence": 0.27214323779538496,
    "low": 3.668680981102307,
    "high": 3.940824218897692,
    "count": 5
  },
  "Compilation.optimize chunks": {
    "min": 6.324692,
    "max": 6.761039,
    "mean": 6.551063399999999,
    "median": 6.498739,
    "variance": 0.02438178262264004,
    "stdDev": 0.15614667022591305,
    "confidence": 0.38770123351241104,
    "low": 6.357212783243794,
    "high": 6.744914016756205,
    "count": 5
  },
  "Compilation.optimize tree": {
    "min": 0.002368,
    "max": 0.002947,
    "mean": 0.0025872,
    "median": 0.002542,
    "variance": 3.714456e-8,
    "stdDev": 0.00019272924012717944,
    "confidence": 0.0004785331894885114,
    "low": 0.0023479334052557443,
    "high": 0.0028264665947442557,
    "count": 5
  },
  "Compilation.optimize chunk modules": {
    "min": 18.309598,
    "max": 20.262178,
    "mean": 19.34531,
    "median": 19.446029,
    "variance": 0.40758003943319887,
    "stdDev": 0.6384199553845407,
    "confidence": 1.5851519846271316,
    "low": 18.552734007686436,
    "high": 20.137885992313567,
    "count": 5
  },
  "Compilation.module ids": {
    "min": 0.25325,
    "max": 0.318038,
    "mean": 0.2695632,
    "median": 0.25757,
    "variance": 0.0006070579653599999,
    "stdDev": 0.024638546332119513,
    "confidence": 0.061175782942377216,
    "low": 0.2389753085288114,
    "high": 0.3001510914711886,
    "count": 5
  },
  "Compilation.chunk ids": {
    "min": 0.00743,
    "max": 0.020594,
    "mean": 0.0107256,
    "median": 0.007948,
    "variance": 0.000025032626240000005,
    "stdDev": 0.005003261560222492,
    "confidence": 0.012422747636417904,
    "low": 0.004514226181791049,
    "high": 0.016936973818208953,
    "count": 5
  },
  "Compilation.assign runtime ids": {
    "min": 0.002081,
    "max": 0.003092,
    "mean": 0.0027098000000000005,
    "median": 0.002819,
    "variance": 1.3308696000000002e-7,
    "stdDev": 0.00036481085510165406,
    "confidence": 0.0009057997734885827,
    "low": 0.002256900113255709,
    "high": 0.003162699886744292,
    "count": 5
  },
  "Compilation.optimize code generation": {
    "min": 2.970937,
    "max": 3.215787,
    "mean": 3.1041716000000004,
    "median": 3.125206,
    "variance": 0.010981156580240004,
    "stdDev": 0.104791013833439,
    "confidence": 0.26018873963473155,
    "low": 2.9740772301826346,
    "high": 3.234265969817366,
    "count": 5
  },
  "Compilation.create module hashes": {
    "min": 11.063357,
    "max": 13.462356,
    "mean": 12.140867199999999,
    "median": 11.825181,
    "variance": 0.8073407787461602,
    "stdDev": 0.8985214403374915,
    "confidence": 2.23096573402551,
    "low": 11.025384332987244,
    "high": 13.256350067012754,
    "count": 5
  },
  "Compilation.code generation": {
    "min": 85.024659,
    "max": 90.857266,
    "mean": 87.1743554,
    "median": 86.728576,
    "variance": 3.9028061774326317,
    "stdDev": 1.975552119644691,
    "confidence": 4.905157391740488,
    "low": 84.72177670412975,
    "high": 89.62693409587024,
    "count": 5
  },
  "Compilation.runtime requirements.modules": {
    "min": 0.100848,
    "max": 0.15734,
    "mean": 0.1185228,
    "median": 0.114168,
    "variance": 0.00041561766976000013,
    "stdDev": 0.02038670325874196,
    "confidence": 0.050618754720995945,
    "low": 0.09321342263950202,
    "high": 0.14383217736049797,
    "count": 5
  },
  "Compilation.runtime requirements.chunks": {
    "min": 0.047505,
    "max": 0.105318,
    "mean": 0.064164,
    "median": 0.05574,
    "variance": 0.0004480638588,
    "stdDev": 0.021167518957119182,
    "confidence": 0.05255746535099992,
    "low": 0.03788526732450004,
    "high": 0.09044273267549996,
    "count": 5
  },
  "Compilation.runtime requirements.entries": {
    "min": 0.332313,
    "max": 0.461941,
    "mean": 0.3999664,
    "median": 0.413772,
    "variance": 0.0026765765614399995,
    "stdDev": 0.0517356411136462,
    "confidence": 0.1284559692966627,
    "low": 0.33573841535166865,
    "high": 0.46419438464833135,
    "count": 5
  },
  "Compilation.runtime requirements": {
    "min": 0.55609,
    "max": 0.837524,
    "mean": 0.6659608,
    "median": 0.653636,
    "variance": 0.009453319915760003,
    "stdDev": 0.09722818478075174,
    "confidence": 0.2414107653857247,
    "low": 0.5452554173071377,
    "high": 0.7866661826928624,
    "count": 5
  },