{
  "stats": {
    "min": 1439,
    "max": 1470,
    "mean": 1451.8,
    "median": 1451,
    "variance": 106.16,
    "stdDev": 10.303397497913005,
    "confidence": 25.582613535915243,
    "low": 1439.0086932320423,
    "high": 1464.5913067679576,
    "count": 5
  },
  "heap memory": {
    "min": 11866136,
    "max": 11955056,
    "mean": 11894846.4,
    "median": 11875072,
    "variance": 1119401047.04,
    "stdDev": 33457.45129324707,
    "confidence": 83072.5055987835,
    "low": 11853310.147200609,
    "high": 11936382.652799392,
    "count": 5
  },
  "rss memory": {
    "min": 701857792,
    "max": 714731520,
    "mean": 708092723.2,
    "median": 708657152,
    "variance": 20871959973724.16,
    "stdDev": 4568584.022837291,
    "confidence": 11343473.789716244,
    "low": 702420986.3051419,
    "high": 713764460.0948582,
    "count": 5
  },
  "external memory": {
    "min": 21781222,
    "max": 21781222,
    "mean": 21781222,
    "median": 21781222,
    "variance": 0,
    "stdDev": 0,
    "confidence": 0,
    "low": 21781222,
    "high": 21781222,
    "count": 5
  },
  "array buffers memory": {
    "min": 10475,
    "max": 10475,
    "mean": 10475,
    "median": 10475,
    "variance": 0,
    "stdDev": 0,
    "confidence": 0,
    "low": 10475,
    "high": 10475,
    "count": 5
  },
  "Compilation.finish modules": {
    "min": 25,
    "max": 27,
    "mean": 26.2,
    "median": 26,
    "variance": 0.56,
    "stdDev": 0.7483314773547883,
    "confidence": 1.858054586926876,
    "low": 25.27097270653656,
    "high": 27.129027293463437,
    "count": 5
  },
  "Compilation.build module graph": {
    "min": 1098,
    "max": 1110,
    "mean": 1102.2,
    "median": 1099,
    "variance": 24.160000000000004,
    "stdDev": 4.915282290977803,
    "confidence": 12.20430127979489,
    "low": 1096.0978493601026,
    "high": 1108.3021506398975,
    "count": 5
  },
  "Compilation.seal": {
    "min": 0,
    "max": 0,
    "mean": 0,
    "median": 0,
    "variance": 0,
    "stdDev": 0,
    "confidence": 0,
    "low": 0,
    "high": 0,
    "count": 5
  },
  "Compilation.optimize dependencies": {
    "min": 0,
    "max": 0,
    "mean": 0,
    "median": 0,
    "variance": 0,
    "stdDev": 0,
    "confidence": 0,
    "low": 0,
    "high": 0,
    "count": 5
  },
  "Compilation.rebuild chunk graph": {
    "min": 42,
    "max": 53,
    "mean": 48.4,
    "median": 49,
    "variance": 13.039999999999997,
    "stdDev": 3.6110940170535573,
    "confidence": 8.966093242432848,
    "low": 43.916953378783575,
    "high": 52.88304662121642,
    "count": 5
  },
  "Compilation.build chunk graph": {
    "min": 45,
    "max": 55,
    "mean": 51.2,
    "median": 51,
    "variance": 12.159999999999998,
    "stdDev": 3.4871191548325386,
    "confidence": 8.658272352380692,
    "low": 46.87086382380966,
    "high": 55.52913617619035,
    "count": 5
  },
  "Compilation.optimize modules": {
    "min": 0,
    "max": 0,
    "mean": 0,
    "median": 0,
    "variance": 0,
    "stdDev": 0,
    "confidence": 0,
    "low": 0,
    "high": 0,
    "count": 5
  },
  "Compilation.optimize chunks": {
    "min": 20,
    "max": 20,
    "mean": 20,
    "median": 20,
    "variance": 0,
    "stdDev": 0,
    "confidence": 0,
    "low": 20,
    "high": 20,
    "count": 5
  },
  "Compilation.optimize tree": {
    "min": 0,
    "max": 0,
    "mean": 0,
    "median": 0,
    "variance": 0,
    "stdDev": 0,
    "confidence": 0,
    "low": 0,
    "high": 0,
    "count": 5
  },
  "Compilation.optimize chunk modules": {
    "min": 0,
    "max": 0,
    "mean": 0,
    "median": 0,
    "variance": 0,
    "stdDev": 0,
    "confidence": 0,
    "low": 0,
    "high": 0,
    "count": 5
  },
  "Compilation.module ids": {
    "min": 11,
    "max": 12,
    "mean": 11.2,
    "median": 11,
    "variance": 0.16,
    "stdDev": 0.4,
    "confidence": 0.993171952886307,
    "low": 10.703414023556846,
    "high": 11.696585976443153,
    "count": 5
  },
  "Compilation.chunk ids": {
    "min": 7,
    "max": 8,
    "mean": 7.4,
    "median": 7,
    "variance": 0.24000000000000005,
    "stdDev": 0.48989794855663565,
    "confidence": 1.2163822557074724,
    "low": 6.791808872146264,
    "high": 8.008191127853737,
    "count": 5
  },
  "Compilation.assign runtime ids": {
    "min": 0,
    "max": 0,
    "mean": 0,
    "median": 0,
    "variance": 0,
    "stdDev": 0,
    "confidence": 0,
    "low": 0,
    "high": 0,
    "count": 5
  },
  "Compilation.optimize code generation": {
    "min": 0,
    "max": 0,
    "mean": 0,
    "median": 0,
    "variance": 0,
    "stdDev": 0,
    "confidence": 0,
    "low": 0,
    "high": 0,
    "count": 5
  },
  "Compilation.create module hashes": {
    "min": 16,
    "max": 17,
    "mean": 16.6,
    "median": 17,
    "variance": 0.24,
    "stdDev": 0.4898979485566356,
    "confidence": 1.2163822557074724,
    "low": 15.991808872146265,
    "high": 17.208191127853738,
    "count": 5
  },
  "Compilation.module code generation cache": {
    "min": 0,
    "max": 0,
    "mean": 0,
    "median": 0,
    "variance": 0,
    "stdDev": 0,
    "confidence": 0,
    "low": 0,
    "high": 0,
    "count": 5
  },
  "Compilation.code generation": {
    "min": 71,
    "max": 73,
    "mean": 71.4,
    "median": 71,
    "variance": 0.64,
    "stdDev": 0.8,
    "confidence": 1.9863439057725998,
    "low": 70.4068280471137,
    "high": 72.3931719528863,
    "count": 5
  },
  "Compilation.runtime requirements.modules": {
    "min": 6,
    "max": 7,
    "mean": 6.8,
    "median": 7,
    "variance": 0.15999999999999998,
    "stdDev": 0.39999999999999997,
    "confidence": 0.993171952886307,
    "low": 6.303414023556846,
    "high": 7.296585976443153,
    "count": 5
  },
  "Compilation.runtime requirements.chunks": {
    "min": 0,
    "max": 0,
    "mean": 0,
    "median": 0,
    "variance": 0,
    "stdDev": 0,
    "confidence": 0,
    "low": 0,
    "high": 0,
    "count": 5
  },
  "Compilation.runtime requirements.entries": {
    "min": 0,
    "max": 1,
    "mean": 0.8,
    "median": 1,
    "variance": 0.16000000000000006,
    "stdDev": 0.4000000000000001,
    "confidence": 0.9931719528863066,
    "low": 0.30341402355684677,
    "high": 1.2965859764431533,
    "count": 5
  },
  "Compilation.runtime requirements": {
    "min": 8,
    "max": 9,
    "mean": 8.8,
    "median": 9,
    "variance": 0.15999999999999998,
    "stdDev": 0.39999999999999997,
    "confidence": 0.993171952886307,
    "low": 8.303414023556847,
    "high": 9.296585976443154,
    "count": 5
  },
  "Compilation.hashing: hash chunks": {
    "min": 2,
    "max": 2,
    "mean": 2,
    "median": 2,
    "variance": 0,
    "stdDev": 0,
    "confidence": 0,
    "low": 2,
    "high": 2,
    "count": 5
  },
  "Compilation.hashing: hash runtime chunks": {
    "min": 1,
    "max": 2,
    "mean": 1.4,
    "median": 1,
    "variance": 0.24,
    "stdDev": 0.4898979485566356,
    "confidence": 1.216382255707473,
    "low": 0.7918088721462635,
    "high": 2.0081911278537365,
    "count": 5
  },
  "Compilation.hashing: process full hash chunks": {
    "min": 0,
    "max": 0,
    "mean": 0,
    "median": 0,
    "variance": 0,
    "stdDev": 0,
    "confidence": 0,
    "low": 0,
    "high": 0,
    "count": 5
  },
  "Compilation.hashing": {
    "min": 5,
    "max": 6,
    "mean": 5.2,
    "median": 5,
    "variance": 0.15999999999999998,
    "stdDev": 0.39999999999999997,
    "confidence": 0.993171952886307,
    "low": 4.703414023556847,
    "high": 5.696585976443154,
    "count": 5
  },
  "Compilation.create module assets": {
    "min": 0,
    "max": 0,
    "mean": 0,
    "median": 0,
    "variance": 0,
    "stdDev": 0,
    "confidence": 0,
    "low": 0,
    "high": 0,
    "count": 5
  },
  "Compilation.create chunk assets": {
    "min": 19,
    "max": 20,
    "mean": 19.6,
    "median": 20,
    "variance": 0.24,
    "stdDev": 0.4898979485566356,
    "confidence": 1.2163822557074724,
    "low": 18.991808872146265,
    "high": 20.208191127853738,
    "count": 5
  },