{
  "stats": {
    "min": 4531,
    "max": 4608,
    "mean": 4569.2,
    "median": 4565,
    "variance": 460.56000000000006,
    "stdDev": 21.460661685977907,
    "confidence": 30.701931930352657,
    "low": 4553.8490340348235,
    "high": 4584.550965965176,
    "count": 10
  },
  "heap memory": {
    "min": 41616008,
    "max": 61711808,
    "mean": 56780162.4,
    "median": 60568488,
    "variance": 56501563286733.45,
    "stdDev": 7516752.176753831,
    "confidence": 10753574.00647217,
    "low": 51403375.39676391,
    "high": 62156949.40323608,
    "count": 10
  },
  "rss memory": {
    "min": 957886464,
    "max": 1128701952,
    "mean": 1069785497.6,
    "median": 1081692160,
    "variance": 2056547434380656.8,
    "stdDev": 45349172.36709681,
    "confidence": 64877179.62685847,
    "low": 1037346907.7865708,
    "high": 1102224087.4134293,
    "count": 10
  },
  "external memory": {
    "min": 33870480,
    "max": 35083354,
    "mean": 34557710,
    "median": 34698746,
    "variance": 162843502255.6,
    "stdDev": 403538.724604715,
    "confidence": 577308.3158088475,
    "low": 34269055.842095576,
    "high": 34846364.157904424,
    "count": 10
  },
  "array buffers memory": {
    "min": 5023930,
    "max": 5195521,
    "mean": 5135679.5,
    "median": 5152224,
    "variance": 3386198227.45,
    "stdDev": 58191.049375741626,
    "confidence": 83248.95397130959,
    "low": 5094055.023014345,
    "high": 5177303.976985655,
    "count": 10
  },
  "Compilation.finish modules": {
    "min": 24,
    "max": 25,
    "mean": 24.2,
    "median": 24,
    "variance": 0.16,
    "stdDev": 0.4,
    "confidence": 0.5722457653840678,
    "low": 23.913877117307965,
    "high": 24.486122882692033,
    "count": 10
  },
  "Compilation.optimize dependencies": {
    "min": 39,
    "max": 42,
    "mean": 40.5,
    "median": 40.5,
    "variance": 1.05,
    "stdDev": 1.02469507659596,
    "confidence": 1.4659435459798544,
    "low": 39.76702822701007,
    "high": 41.23297177298993,
    "count": 10
  },
  "Compilation.create chunks": {
    "min": 20,
    "max": 22,
    "mean": 21.2,
    "median": 21,
    "variance": 0.36000000000000004,
    "stdDev": 0.6000000000000001,
    "confidence": 0.8583686480761017,
    "low": 20.77081567596195,
    "high": 21.62918432403805,
    "count": 10
  },
  "Compilation.optimize": {
    "min": 50,
    "max": 53,
    "mean": 51.2,
    "median": 51,
    "variance": 0.7599999999999999,
    "stdDev": 0.8717797887081347,
    "confidence": 1.2471807310891165,
    "low": 50.576409634455445,
    "high": 51.82359036554456,
    "count": 10
  },
  "Compilation.module ids": {
    "min": 0,
    "max": 0,
    "mean": 0,
    "median": 0,
    "variance": 0,
    "stdDev": 0,
    "confidence": 0,
    "low": 0,
    "high": 0,
    "count": 10
  },
  "Compilation.chunk ids": {
    "min": 0,
    "max": 0,
    "mean": 0,
    "median": 0,
    "variance": 0,
    "stdDev": 0,
    "confidence": 0,
    "low": 0,
    "high": 0,
    "count": 10
  },
  "Compilation.optimize code generation": {
    "min": 5,
    "max": 6,
    "mean": 5.8,
    "median": 6,
    "variance": 0.15999999999999998,
    "stdDev": 0.39999999999999997,
    "confidence": 0.5722457653840696,
    "low": 5.513877117307965,
    "high": 6.086122882692035,
    "count": 10
  },
  "Compilation.code generation": {
    "min": 337,
    "max": 356,
    "mean": 343,
    "median": 341,
    "variance": 44.2,
    "stdDev": 6.648308055437865,
    "confidence": 9.511165329232767,
    "low": 338.2444173353836,
    "high": 347.7555826646164,
    "count": 10
  },
  "Compilation.runtime requirements.modules": {
    "min": 4,
    "max": 9,
    "mean": 6.2,
    "median": 5,
    "variance": 4.5600000000000005,
    "stdDev": 2.1354156504062622,
    "confidence": 3.054956408199631,
    "low": 4.672521795900185,
    "high": 7.727478204099816,
    "count": 10
  },
  "Compilation.runtime requirements.chunks": {
    "min": 0,
    "max": 0,
    "mean": 0,
    "median": 0,
    "variance": 0,
    "stdDev": 0,
    "confidence": 0,
    "low": 0,
    "high": 0,
    "count": 10
  },
  "Compilation.runtime requirements.entries": {
    "min": 0,
    "max": 0,
    "mean": 0,
    "median": 0,
    "variance": 0,
    "stdDev": 0,
    "confidence": 0,
    "low": 0,
    "high": 0,
    "count": 10
  },
  "Compilation.runtime requirements": {
    "min": 4,
    "max": 9,
    "mean": 6.3,
    "median": 5,
    "variance": 4.209999999999999,
    "stdDev": 2.051828452868319,
    "confidence": 2.9353753586211067,
    "low": 4.8323123206894465,
    "high": 7.767687679310553,
    "count": 10
  },
  "Compilation.hashing: hash chunks": {
    "min": 0,
    "max": 0,
    "mean": 0,
    "median": 0,
    "variance": 0,
    "stdDev": 0,
    "confidence": 0,
    "low": 0,
    "high": 0,
    "count": 10
  },
  "Compilation.hashing: hash runtime chunks": {
    "min": 0,
    "max": 5,
    "mean": 4,
    "median": 4,
    "variance": 2,
    "stdDev": 1.4142135623730951,
    "confidence": 2.0231943060418094,
    "low": 2.988402846979095,
    "high": 5.0115971530209045,
    "count": 10
  },
  "Compilation.hashing: process full hash chunks": {
    "min": 0,
    "max": 0,
    "mean": 0,
    "median": 0,
    "variance": 0,
    "stdDev": 0,
    "confidence": 0,
    "low": 0,
    "high": 0,
    "count": 10
  },
  "Compilation.hashing": {
    "min": 0,
    "max": 5,
    "mean": 4.1,
    "median": 4.5,
    "variance": 2.0900000000000016,
    "stdDev": 1.4456832294800965,
    "confidence": 2.0682152653918795,
    "low": 3.06589236730406,
    "high": 5.134107632695939,
    "count": 10
  },
  "Compilation.create module assets": {
    "min": 0,
    "max": 0,
    "mean": 0,
    "median": 0,
    "variance": 0,
    "stdDev": 0,
    "confidence": 0,
    "low": 0,
    "high": 0,
    "count": 10
  },
  "Compilation.create chunk assets": {
    "min": 483,
    "max": 496,
    "mean": 491.8,
    "median": 492.5,
    "variance": 18.959999999999997,
    "stdDev": 4.354308211415448,
    "confidence": 6.229336087898901,
    "low": 488.68533195605056,
    "high": 494.91466804394946,
    "count": 10
  },
  "Compilation.process assets": {
    "min": 2672,
    "max": 2719,
    "mean": 2693.6,
    "median": 2694,
    "variance": 145.24,
    "stdDev": 12.051555916146263,
    "confidence": 17.24112959826016,
    "low": 2684.97943520087,
    "high": 2702.22056479913,
    "count": 10
  },
  "Compilation.after process assets": {
    "min": 0,
    "max": 0,
    "mean": 0,
    "median": 0,
    "variance": 0,
    "stdDev": 0,
    "confidence": 0,
    "low": 0,
    "high": 0,
    "count": 10
  },
  "Compilation.after seal": {
    "min": 0,
    "max": 0,
    "mean": 0,
    "median": 0,
    "variance": 0,
    "stdDev": 0,
    "confidence": 0,
    "low": 0,
    "high": 0,
    "count": 10
  },
  "Compiler.make hook": {
    "min": 0,
    "max": 0,
    "mean": 0,
    "median": 0,
    "variance": 0,
    "stdDev": 0,
    "confidence": 0,
    "low": 0,
    "high": 0,
    "count": 10
  },
  "Compiler.make": {
    "min": 778,
    "max": 810,
    "mean": 795.6,
    "median": 795,
    "variance": 110.23999999999998,
    "stdDev": 10.499523798725349,
    "confidence": 15.020770080924649,
    "low": 788.0896149595377,
    "high": 803.1103850404623,
    "count": 10
  },
  "Compiler.finish make hook": {
    "min": 0,
    "max": 0,
    "mean": 0,
    "median": 0,
    "variance": 0,
    "stdDev": 0,
    "confidence": 0,
    "low": 0,
    "high": 0,
    "count": 10
  },
  "Compiler.finish compilation": {
    "min": 31,
    "max": 34,
    "mean": 32.1,
    "median": 32,
    "variance": 0.8899999999999999,
    "stdDev": 0.9433981132056604,
    "confidence": 1.3496389383831513,
    "low": 31.425180530808426,
    "high": 32.77481946919158,
    "count": 10
  },
  "Compiler.seal compilation": {
    "min": 3680,
    "max": 3740,
    "mean": 3710.4,
    "median": 3711,
    "variance": 207.04000000000002,
    "stdDev": 14.38888459888396,
    "confidence": 20.584945700778917,
    "low": 3700.1075271496106,