{
  "stats": {
    "min": 233.9090909090909,
    "max": 259.1818181818182,
    "mean": 243.6,
    "median": 241,
    "variance": 95.08628099173556,
    "stdDev": 9.751219461776849,
    "confidence": 24.211594189689663,
    "low": 231.49420290515516,
    "high": 255.70579709484483,
    "count": 5
  },
  "heap memory": {
    "min": 88683381.0909091,
    "max": 118140267.63636364,
    "mean": 105565440.5818182,
    "median": 118140267.63636364,
    "variance": 173337739987586.6,
    "stdDev": 13165779.125732992,
    "confidence": 32689706.413935006,
    "low": 89220587.37485069,
    "high": 121910293.7887857,
    "count": 5
  },
  "rss memory": {
    "min": 821646429.0909091,
    "max": 857389986.9090909,
    "mean": 842297344,
    "median": 846536704,
    "variance": 177401033093586.6,
    "stdDev": 13319197.914799022,
    "confidence": 33070634.509800434,
    "low": 825762026.7450998,
    "high": 858832661.2549002,
    "count": 5
  },
  "external memory": {
    "min": 69893732.27272727,
    "max": 79196775.45454545,
    "mean": 75149680.27272727,
    "median": 76076068.9090909,
    "variance": 15080391314001.746,
    "stdDev": 3883347.9517037547,
    "confidence": 9642080.672326654,
    "low": 70328639.93656394,
    "high": 79970720.6088906,
    "count": 5
  },
  "array buffers memory": {
    "min": 19778022.363636363,
    "max": 27408276.363636363,
    "mean": 24966489.381818183,
    "median": 27369724.363636363,
    "variance": 9801978871033.557,
    "stdDev": 3130811.216128107,
    "confidence": 7773584.724100761,
    "low": 21079697.019767802,
    "high": 28853281.743868563,
    "count": 5
  },
  "Compilation.finish modules": {
    "min": 6.454545454545454,
    "max": 7.090909090909091,
    "mean": 6.745454545454545,
    "median": 6.7272727272727275,
    "variance": 0.04429752066115705,
    "stdDev": 0.21046976186891325,
    "confidence": 0.5225816610471608,
    "low": 6.484163714930965,
    "high": 7.0067453759781255,
    "count": 5
  },
  "Compilation.optimize dependencies": {
    "min": 0,
    "max": 0,
    "mean": 0,
    "median": 0,
    "variance": 0,
    "stdDev": 0,
    "confidence": 0,
    "low": 0,
    "high": 0,
    "count": 5
  },
  "Compilation.rebuild chunk graph": {
    "min": 13,
    "max": 14.181818181818182,
    "mean": 13.272727272727275,
    "median": 13.090909090909092,
    "variance": 0.20826446280991714,
    "stdDev": 0.4563600144731319,
    "confidence": 1.1331099169837593,
    "low": 12.706172314235396,
    "high": 13.839282231219155,
    "count": 5
  },
  "Compilation.create chunks": {
    "min": 21.727272727272727,
    "max": 23.545454545454547,
    "mean": 22.18181818181818,
    "median": 21.818181818181817,
    "variance": 0.4727272727272741,
    "stdDev": 0.6875516509523296,
    "confidence": 1.7071425397163225,
    "low": 21.32824691196002,
    "high": 23.03538945167634,
    "count": 5
  },
  "Compilation.optimize": {
    "min": 0,
    "max": 0,
    "mean": 0,
    "median": 0,
    "variance": 0,
    "stdDev": 0,
    "confidence": 0,
    "low": 0,
    "high": 0,
    "count": 5
  },
  "Compilation.module ids": {
    "min": 0,
    "max": 0.09090909090909091,
    "mean": 0.01818181818181818,
    "median": 0,
    "variance": 0.0013223140495867767,
    "stdDev": 0.03636363636363636,
    "confidence": 0.06332599785846847,
    "low": 0,
    "high": 0.06332599785846847,
    "count": 5
  },
  "Compilation.chunk ids": {
    "min": 0,
    "max": 0,
    "mean": 0,
    "median": 0,
    "variance": 0,
    "stdDev": 0,
    "confidence": 0,
    "low": 0,
    "high": 0,
    "count": 5
  },
  "Compilation.optimize code generation": {
    "min": 0,
    "max": 0,
    "mean": 0,
    "median": 0,
    "variance": 0,
    "stdDev": 0,
    "confidence": 0,
    "low": 0,
    "high": 0,
    "count": 5
  },
  "Compilation.module code generation cache": {
    "min": 0,
    "max": 0,
    "mean": 0,
    "median": 0,
    "variance": 0,
    "stdDev": 0,
    "confidence": 0,
    "low": 0,
    "high": 0,
    "count": 5
  },
  "Compilation.code generation": {
    "min": 5,
    "max": 5.545454545454546,
    "mean": 5.327272727272727,
    "median": 5.454545454545454,
    "variance": 0.04165289256198348,
    "stdDev": 0.20409040291494226,
    "confidence": 0.5067421600709654,
    "low": 5.0739016472372445,
    "high": 5.58064380730821,
    "count": 5
  },
  "Compilation.runtime requirements.modules": {
    "min": 0,
    "max": 0,
    "mean": 0,
    "median": 0,
    "variance": 0,
    "stdDev": 0,
    "confidence": 0,
    "low": 0,
    "high": 0,
    "count": 5
  },
  "Compilation.runtime requirements.chunks": {
    "min": 0,
    "max": 0,
    "mean": 0,
    "median": 0,
    "variance": 0,
    "stdDev": 0,
    "confidence": 0,
    "low": 0,
    "high": 0,
    "count": 5
  },
  "Compilation.runtime requirements.entries": {
    "min": 0,
    "max": 0,
    "mean": 0,
    "median": 0,
    "variance": 0,
    "stdDev": 0,
    "confidence": 0,
    "low": 0,
    "high": 0,
    "count": 5
  },
  "Compilation.runtime requirements": {
    "min": 0,
    "max": 0.09090909090909091,
    "mean": 0.01818181818181818,
    "median": 0,
    "variance": 0.0013223140495867767,
    "stdDev": 0.03636363636363636,
    "confidence": 0.06332599785846847,
    "low": 0,
    "high": 0.06332599785846847,
    "count": 5
  },
  "Compilation.hashing: hash chunks": {
    "min": 0,
    "max": 0,
    "mean": 0,
    "median": 0,
    "variance": 0,
    "stdDev": 0,
    "confidence": 0,
    "low": 0,
    "high": 0,
    "count": 5
  },
  "Compilation.hashing: hash runtime chunks": {
    "min": 2.4545454545454546,
    "max": 2.8181818181818183,
    "mean": 2.6545454545454548,
    "median": 2.6363636363636362,
    "variance": 0.02115702479338845,
    "stdDev": 0.14545454545454553,
    "confidence": 0.3611534374132024,
    "low": 2.4739687358388536,
    "high": 2.835122173252056,
    "count": 5
  },
  "Compilation.hashing: process full hash chunks": {
    "min": 0,
    "max": 0,
    "mean": 0,
    "median": 0,
    "variance": 0,
    "stdDev": 0,
    "confidence": 0,
    "low": 0,
    "high": 0,
    "count": 5
  },
  "Compilation.hashing": {
    "min": 2.6363636363636362,
    "max": 3,
    "mean": 2.781818181818182,
    "median": 2.727272727272727,
    "variance": 0.02181818181818184,
    "stdDev": 0.14770978917519936,
    "confidence": 0.3667530494388931,
    "low": 2.5984416570987356,
    "high": 2.9651947065376287,
    "count": 5
  },
  "Compilation.create module assets": {
    "min": 0,
    "max": 0,
    "mean": 0,
    "median": 0,
    "variance": 0,
    "stdDev": 0,
    "confidence": 0,
    "low": 0,
    "high": 0,
    "count": 5
  },
  "Compilation.create chunk assets": {
    "min": 8,
    "max": 8.636363636363637,
    "mean": 8.218181818181819,
    "median": 8.090909090909092,
    "variance": 0.06148760330578511,
    "stdDev": 0.24796693994519733,
    "confidence": 0.6156845249915328,
    "low": 7.910339555686052,
    "high": 8.526024080677585,
    "count": 5
  },
  "Compilation.process assets": {
    "min": 83.45454545454545,
    "max": 90.54545454545455,
    "mean": 86.12727272727274,
    "median": 85.18181818181819,
    "variance": 6.134214876033058,
    "stdDev": 2.476734720561138,
    "confidence": 6.149558648002568,
    "low": 83.05249340327146,
    "high": 89.20205205127402,
    "count": 5
  },
  "Compilation.after process assets": {
    "min": 0,
    "max": 0,
    "mean": 0,
    "median": 0,
    "variance": 0,
    "stdDev": 0,
    "confidence": 0,
    "low": 0,
    "high": 0,
    "count": 5
  },
  "Compilation.after seal": {
    "min": 0,
    "max": 0,
    "mean": 0,
    "median": 0,
    "variance": 0,
    "stdDev": 0,
    "confidence": 0,
    "low": 0,
    "high": 0,
    "count": 5
  },
  "Compiler.make hook": {
    "min": 0,
    "max": 0.09090909090909091,
    "mean": 0.01818181818181818,
    "median": 0,
    "variance": 0.0013223140495867767,
    "stdDev": 0.03636363636363636,
    "confidence": 0.06332599785846847,
    "low": 0,
    "high": 0.06332599785846847,
    "count": 5
  },