{
  "stats": {
    "min": 918,
    "max": 946,
    "mean": 934,
    "median": 931,
    "variance": 103.6,
    "stdDev": 10.178408519999577,
    "confidence": 25.272274667706597,
    "low": 921.3638626661467,
    "high": 946.6361373338533,
    "count": 5
  },
  "heap memory": {
    "min": 9052816,
    "max": 9088224,
    "mean": 9079321.6,
    "median": 9087464,
    "variance": 183560330.24,
    "stdDev": 13548.443830934975,
    "confidence": 33639.83604535088,
    "low": 9062501.681977324,
    "high": 9096141.518022675,
    "count": 5
  },
  "rss memory": {
    "min": 731750400,
    "max": 751435776,
    "mean": 738107392,
    "median": 736194560,
    "variance": 50299388769075.2,
    "stdDev": 7092206.198995853,
    "confidence": 17609450.70232272,
    "low": 729302666.6488386,
    "high": 746912117.3511614,
    "count": 5
  },
  "external memory": {
    "min": 23299117,
    "max": 23299117,
    "mean": 23299117,
    "median": 23299117,
    "variance": 0,
    "stdDev": 0,
    "confidence": 0,
    "low": 23299117,
    "high": 23299117,
    "count": 5
  },
  "array buffers memory": {
    "min": 10515,
    "max": 10515,
    "mean": 10515,
    "median": 10515,
    "variance": 0,
    "stdDev": 0,
    "confidence": 0,
    "low": 10515,
    "high": 10515,
    "count": 5
  },
  "Compilation.build module graph": {
    "min": 643,
    "max": 664,
    "mean": 657.2,
    "median": 661,
    "variance": 63.760000000000005,
    "stdDev": 7.984985911070852,
    "confidence": 19.82616012766971,
    "low": 647.2869199361652,
    "high": 667.1130800638349,
    "count": 5
  },
  "Compilation.finish modules": {
    "min": 29,
    "max": 32,
    "mean": 30.6,
    "median": 30,
    "variance": 1.44,
    "stdDev": 1.2,
    "confidence": 2.9795158586589174,
    "low": 29.11024207067054,
    "high": 32.08975792932946,
    "count": 5
  },
  "Compilation.seal": {
    "min": 0,
    "max": 0,
    "mean": 0,
    "median": 0,
    "variance": 0,
    "stdDev": 0,
    "confidence": 0,
    "low": 0,
    "high": 0,
    "count": 5
  },
  "Compilation.optimize dependencies": {
    "min": 0,
    "max": 0,
    "mean": 0,
    "median": 0,
    "variance": 0,
    "stdDev": 0,
    "confidence": 0,
    "low": 0,
    "high": 0,
    "count": 5
  },
  "Compilation.rebuild chunk graph": {
    "min": 35,
    "max": 38,
    "mean": 36.2,
    "median": 36,
    "variance": 1.3599999999999999,
    "stdDev": 1.16619037896906,
    "confidence": 2.895568940294808,
    "low": 34.7522155298526,
    "high": 37.64778447014741,
    "count": 5
  },
  "Compilation.build chunk graph": {
    "min": 36,
    "max": 41,
    "mean": 38.4,
    "median": 38,
    "variance": 2.6400000000000006,
    "stdDev": 1.6248076809271923,
    "confidence": 4.034283543827826,
    "low": 36.382858228086086,
    "high": 40.41714177191391,
    "count": 5
  },
  "Compilation.optimize modules": {
    "min": 0,
    "max": 0,
    "mean": 0,
    "median": 0,
    "variance": 0,
    "stdDev": 0,
    "confidence": 0,
    "low": 0,
    "high": 0,
    "count": 5
  },
  "Compilation.optimize chunks": {
    "min": 21,
    "max": 23,
    "mean": 22.4,
    "median": 23,
    "variance": 0.6399999999999999,
    "stdDev": 0.7999999999999999,
    "confidence": 1.986343905772614,
    "low": 21.40682804711369,
    "high": 23.393171952886306,
    "count": 5
  },
  "Compilation.optimize tree": {
    "min": 0,
    "max": 0,
    "mean": 0,
    "median": 0,
    "variance": 0,
    "stdDev": 0,
    "confidence": 0,
    "low": 0,
    "high": 0,
    "count": 5
  },
  "Compilation.optimize chunk modules": {
    "min": 0,
    "max": 0,
    "mean": 0,
    "median": 0,
    "variance": 0,
    "stdDev": 0,
    "confidence": 0,
    "low": 0,
    "high": 0,
    "count": 5
  },
  "Compilation.module ids": {
    "min": 7,
    "max": 8,
    "mean": 7.2,
    "median": 7,
    "variance": 0.15999999999999998,
    "stdDev": 0.39999999999999997,
    "confidence": 0.993171952886307,
    "low": 6.703414023556847,
    "high": 7.696585976443154,
    "count": 5
  },
  "Compilation.chunk ids": {
    "min": 3,
    "max": 3,
    "mean": 3,
    "median": 3,
    "variance": 0,
    "stdDev": 0,
    "confidence": 0,
    "low": 3,
    "high": 3,
    "count": 5
  },
  "Compilation.assign runtime ids": {
    "min": 0,
    "max": 0,
    "mean": 0,
    "median": 0,
    "variance": 0,
    "stdDev": 0,
    "confidence": 0,
    "low": 0,
    "high": 0,
    "count": 5
  },
  "Compilation.optimize code generation": {
    "min": 0,
    "max": 0,
    "mean": 0,
    "median": 0,
    "variance": 0,
    "stdDev": 0,
    "confidence": 0,
    "low": 0,
    "high": 0,
    "count": 5
  },
  "Compilation.create module hashes": {
    "min": 16,
    "max": 16,
    "mean": 16,
    "median": 16,
    "variance": 0,
    "stdDev": 0,
    "confidence": 0,
    "low": 16,
    "high": 16,
    "count": 5
  },
  "Compilation.module code generation cache": {
    "min": 0,
    "max": 0,
    "mean": 0,
    "median": 0,
    "variance": 0,
    "stdDev": 0,
    "confidence": 0,
    "low": 0,
    "high": 0,
    "count": 5
  },
  "Compilation.code generation": {
    "min": 75,
    "max": 80,
    "mean": 77.2,
    "median": 77,
    "variance": 2.96,
    "stdDev": 1.7204650534085253,
    "confidence": 4.271794092415973,
    "low": 75.06410295379202,
    "high": 79.33589704620799,
    "count": 5
  },
  "Compilation.runtime requirements.modules": {
    "min": 6,
    "max": 7,
    "mean": 6.8,
    "median": 7,
    "variance": 0.15999999999999998,
    "stdDev": 0.39999999999999997,
    "confidence": 0.993171952886307,
    "low": 6.303414023556846,
    "high": 7.296585976443153,
    "count": 5
  },
  "Compilation.runtime requirements.chunks": {
    "min": 0,
    "max": 0,
    "mean": 0,
    "median": 0,
    "variance": 0,
    "stdDev": 0,
    "confidence": 0,
    "low": 0,
    "high": 0,
    "count": 5
  },
  "Compilation.runtime requirements.entries": {
    "min": 0,
    "max": 0,
    "mean": 0,
    "median": 0,
    "variance": 0,
    "stdDev": 0,
    "confidence": 0,
    "low": 0,
    "high": 0,
    "count": 5
  },
  "Compilation.runtime requirements": {
    "min": 7,
    "max": 8,
    "mean": 7.8,
    "median": 8,
    "variance": 0.15999999999999998,
    "stdDev": 0.39999999999999997,
    "confidence": 0.9931719528863061,
    "low": 7.303414023556846,
    "high": 8.296585976443152,
    "count": 5
  },
  "Compilation.hashing: hash chunks": {
    "min": 2,
    "max": 2,
    "mean": 2,
    "median": 2,
    "variance": 0,
    "stdDev": 0,
    "confidence": 0,
    "low": 2,
    "high": 2,
    "count": 5
  },
  "Compilation.hashing: hash runtime chunks": {
    "min": 6,
    "max": 6,
    "mean": 6,
    "median": 6,
    "variance": 0,
    "stdDev": 0,
    "confidence": 0,
    "low": 6,
    "high": 6,
    "count": 5
  },
  "Compilation.hashing: process full hash chunks": {
    "min": 0,
    "max": 0,
    "mean": 0,
    "median": 0,
    "variance": 0,
    "stdDev": 0,
    "confidence": 0,
    "low": 0,
    "high": 0,
    "count": 5
  },
  "Compilation.hashing": {
    "min": 8,
    "max": 8,
    "mean": 8,
    "median": 8,
    "variance": 0,
    "stdDev": 0,
    "confidence": 0,
    "low": 8,
    "high": 8,
    "count": 5
  },
  "Compilation.create module assets": {
    "min": 0,
    "max": 0,
    "mean": 0,
    "median": 0,
    "variance": 0,
    "stdDev": 0,
    "confidence": 0,
    "low": 0,
    "high": 0,
    "count": 5
  },
  "Compilation.create chunk assets": {
    "min": 11,
    "max": 14,
    "mean": 12,
    "median": 11,
    "variance": 1.6,
    "stdDev": 1.2649110640673518,
    "confidence": 3.1406854793181687,
    "low": 10.429657260340916,
    "high": 13.570342739659084,
    "count": 5
  },
  "Compilation.process assets": {
    "min": 0,
    "max": 0,
    "mean": 0,
    "median": 0,
    "variance": 0,
    "stdDev": 0,
    "confidence": 0,
    "low": 0,
    "high": 0,
    "count": 5
  },
  "Compilation.after process assets": {
    "min": 0,
    "max": 0,
    "mean": 0,
    "median": 0,
    "variance": 0,
    "stdDev": 0,