{
  "stats": {
    "min": 2976,
    "max": 3117,
    "mean": 3048.2,
    "median": 3047,
    "variance": 2100.56,
    "stdDev": 45.83186664319925,
    "confidence": 113.79731124612772,
    "low": 2991.301344376936,
    "high": 3105.0986556230637,
    "count": 5
  },
  "heap memory": {
    "min": 89777112,
    "max": 97964600,
    "mean": 92971766.4,
    "median": 90947928,
    "variance": 11117806852464.64,
    "stdDev": 3334337.543270723,
    "confidence": 8278926.323580772,
    "low": 88832303.23820962,
    "high": 97111229.56179039,
    "count": 5
  },
  "rss memory": {
    "min": 756740096,
    "max": 778575872,
    "mean": 768488243.2,
    "median": 768204800,
    "variance": 56670519096770.56,
    "stdDev": 7527982.405450385,
    "confidence": 18691452.467287302,
    "low": 759142516.9663564,
    "high": 777833969.4336437,
    "count": 5
  },
  "external memory": {
    "min": 30207546,
    "max": 30240944,
    "mean": 30232626,
    "median": 30240944,
    "variance": 167317929.6,
    "stdDev": 12935.143199825814,
    "confidence": 32117.05358158797,
    "low": 30216567.473209206,
    "high": 30248684.526790794,
    "count": 5
  },
  "array buffers memory": {
    "min": 2234816,
    "max": 2268214,
    "mean": 2259896,
    "median": 2268214,
    "variance": 167317929.6,
    "stdDev": 12935.143199825814,
    "confidence": 32117.05358158797,
    "low": 2243837.473209206,
    "high": 2275954.526790794,
    "count": 5
  },
  "Compilation.finish modules": {
    "min": 6,
    "max": 6,
    "mean": 6,
    "median": 6,
    "variance": 0,
    "stdDev": 0,
    "confidence": 0,
    "low": 6,
    "high": 6,
    "count": 5
  },
  "Compilation.optimize dependencies": {
    "min": 13,
    "max": 14,
    "mean": 13.8,
    "median": 14,
    "variance": 0.15999999999999998,
    "stdDev": 0.39999999999999997,
    "confidence": 0.993171952886307,
    "low": 13.303414023556847,
    "high": 14.296585976443154,
    "count": 5
  },
  "Compilation.rebuild chunk graph": {
    "min": 11,
    "max": 11,
    "mean": 11,
    "median": 11,
    "variance": 0,
    "stdDev": 0,
    "confidence": 0,
    "low": 11,
    "high": 11,
    "count": 5
  },
  "Compilation.create chunks": {
    "min": 16,
    "max": 18,
    "mean": 17,
    "median": 17,
    "variance": 0.4,
    "stdDev": 0.6324555320336759,
    "confidence": 1.5703427396590826,
    "low": 16.21482863017046,
    "high": 17.78517136982954,
    "count": 5
  },
  "Compilation.optimize": {
    "min": 30,
    "max": 30,
    "mean": 30,
    "median": 30,
    "variance": 0,
    "stdDev": 0,
    "confidence": 0,
    "low": 30,
    "high": 30,
    "count": 5
  },
  "Compilation.module ids": {
    "min": 1,
    "max": 3,
    "mean": 2,
    "median": 2,
    "variance": 0.4,
    "stdDev": 0.6324555320336759,
    "confidence": 1.5703427396590843,
    "low": 1.2148286301704578,
    "high": 2.785171369829542,
    "count": 5
  },
  "Compilation.chunk ids": {
    "min": 1,
    "max": 1,
    "mean": 1,
    "median": 1,
    "variance": 0,
    "stdDev": 0,
    "confidence": 0,
    "low": 1,
    "high": 1,
    "count": 5
  },
  "Compilation.optimize code generation": {
    "min": 2,
    "max": 2,
    "mean": 2,
    "median": 2,
    "variance": 0,
    "stdDev": 0,
    "confidence": 0,
    "low": 2,
    "high": 2,
    "count": 5
  },
  "Compilation.code generation": {
    "min": 46,
    "max": 51,
    "mean": 48.4,
    "median": 49,
    "variance": 3.04,
    "stdDev": 1.7435595774162693,
    "confidence": 4.329136176190346,
    "low": 46.235431911904826,
    "high": 50.56456808809517,
    "count": 5
  },
  "Compilation.runtime requirements.modules": {
    "min": 0,
    "max": 2,
    "mean": 0.6,
    "median": 0,
    "variance": 0.64,
    "stdDev": 0.8,
    "confidence": 1.5931719528863066,
    "low": 0,
    "high": 1.5931719528863066,
    "count": 5
  },
  "Compilation.runtime requirements.chunks": {
    "min": 0,
    "max": 0,
    "mean": 0,
    "median": 0,
    "variance": 0,
    "stdDev": 0,
    "confidence": 0,
    "low": 0,
    "high": 0,
    "count": 5
  },
  "Compilation.runtime requirements.entries": {
    "min": 0,
    "max": 0,
    "mean": 0,
    "median": 0,
    "variance": 0,
    "stdDev": 0,
    "confidence": 0,
    "low": 0,
    "high": 0,
    "count": 5
  },
  "Compilation.runtime requirements": {
    "min": 1,
    "max": 2,
    "mean": 1.4,
    "median": 1,
    "variance": 0.24,
    "stdDev": 0.4898979485566356,
    "confidence": 1.216382255707473,
    "low": 0.7918088721462635,
    "high": 2.0081911278537365,
    "count": 5
  },
  "Compilation.hashing: hash chunks": {
    "min": 0,
    "max": 0,
    "mean": 0,
    "median": 0,
    "variance": 0,
    "stdDev": 0,
    "confidence": 0,
    "low": 0,
    "high": 0,
    "count": 5
  },
  "Compilation.hashing: hash runtime chunks": {
    "min": 0,
    "max": 0,
    "mean": 0,
    "median": 0,
    "variance": 0,
    "stdDev": 0,
    "confidence": 0,
    "low": 0,
    "high": 0,
    "count": 5
  },
  "Compilation.hashing: process full hash chunks": {
    "min": 0,
    "max": 0,
    "mean": 0,
    "median": 0,
    "variance": 0,
    "stdDev": 0,
    "confidence": 0,
    "low": 0,
    "high": 0,
    "count": 5
  },
  "Compilation.hashing": {
    "min": 1,
    "max": 1,
    "mean": 1,
    "median": 1,
    "variance": 0,
    "stdDev": 0,
    "confidence": 0,
    "low": 1,
    "high": 1,
    "count": 5
  },
  "Compilation.create module assets": {
    "min": 0,
    "max": 0,
    "mean": 0,
    "median": 0,
    "variance": 0,
    "stdDev": 0,
    "confidence": 0,
    "low": 0,
    "high": 0,
    "count": 5
  },
  "Compilation.create chunk assets": {
    "min": 2,
    "max": 3,
    "mean": 2.4,
    "median": 2,
    "variance": 0.24,
    "stdDev": 0.4898979485566356,
    "confidence": 1.216382255707473,
    "low": 1.7918088721462635,
    "high": 3.0081911278537365,
    "count": 5
  },
  "Compilation.process assets": {
    "min": 1481,
    "max": 1619,
    "mean": 1520.4,
    "median": 1498,
    "variance": 2558.2400000000002,
    "stdDev": 50.579047045194514,
    "confidence": 125.58422732251074,
    "low": 1457.6078863387447,
    "high": 1583.1921136612555,
    "count": 5
  },
  "Compilation.after process assets": {
    "min": 0,
    "max": 0,
    "mean": 0,
    "median": 0,
    "variance": 0,
    "stdDev": 0,
    "confidence": 0,
    "low": 0,
    "high": 0,
    "count": 5
  },
  "Compilation.after seal": {
    "min": 0,
    "max": 0,
    "mean": 0,
    "median": 0,
    "variance": 0,
    "stdDev": 0,
    "confidence": 0,
    "low": 0,
    "high": 0,
    "count": 5
  },
  "Compiler.make hook": {
    "min": 0,
    "max": 0,
    "mean": 0,
    "median": 0,
    "variance": 0,
    "stdDev": 0,
    "confidence": 0,
    "low": 0,
    "high": 0,
    "count": 5
  },
  "Compiler.make": {
    "min": 1239,
    "max": 1339,
    "mean": 1299.6,
    "median": 1326,
    "variance": 1596.6399999999999,
    "stdDev": 39.957977926817065,
    "confidence": 99.21285742741202,
    "low": 1249.993571286294,
    "high": 1349.206428713706,
    "count": 5
  },
  "Compiler.finish make hook": {
    "min": 0,
    "max": 0,
    "mean": 0,
    "median": 0,
    "variance": 0,
    "stdDev": 0,
    "confidence": 0,
    "low": 0,
    "high": 0,
    "count": 5
  },
  "Compiler.finish compilation": {
    "min": 8,
    "max": 8,
    "mean": 8,
    "median": 8,
    "variance": 0,
    "stdDev": 0,
    "confidence": 0,
    "low": 8,
    "high": 8,
    "count": 5
  },
  "Compiler.seal compilation": {
    "min": 1611,
    "max": 1750,
    "mean": 1652,
    "median": 1632,
    "variance": 2510,
    "stdDev": 50.0999001995014,
    "confidence": 124.3945393013696,
    "low": 1589.8027303493152,
    "high": 1714.1972696506848,
    "count": 5
  },
  "Compiler.emitAssets": {
    "min": 52,
    "max": 101,
    "mean": 70,
    "median": 59,
    "variance": 282,
    "stdDev": 16.792855623746664,
    "confidence": 41.695483035935666,
    "low": 49.15225848203217,
    "high": 90.84774151796783,
    "count": 5
  },