{
  "stats": {
    "min": 1019,
    "max": 1065,
    "mean": 1041.4,
    "median": 1040,
    "variance": 214.64000000000001,
    "stdDev": 14.65059725744995,
    "confidence": 36.376405722830896,
    "low": 1023.2117971385846,
    "high": 1059.5882028614155,
    "count": 5
  },
  "heap memory": {
    "min": 15731920,
    "max": 15828808,
    "mean": 15772619.2,
    "median": 15763696,
    "variance": 1088660700.1599998,
    "stdDev": 32994.858692832735,
    "confidence": 81923.92060792074,
    "low": 15731657.239696039,
    "high": 15813581.16030396,
    "count": 5
  },
  "rss memory": {
    "min": 680603648,
    "max": 699498496,
    "mean": 688039526.4,
    "median": 686911488,
    "variance": 43159164016394.234,
    "stdDev": 6569563.457064269,
    "confidence": 16311765.420657635,
    "low": 679883643.6896712,
    "high": 696195409.1103288,
    "count": 5
  },
  "external memory": {
    "min": 21852825,
    "max": 21852825,
    "mean": 21852825,
    "median": 21852825,
    "variance": 0,
    "stdDev": 0,
    "confidence": 0,
    "low": 21852825,
    "high": 21852825,
    "count": 5
  },
  "array buffers memory": {
    "min": 10515,
    "max": 10515,
    "mean": 10515,
    "median": 10515,
    "variance": 0,
    "stdDev": 0,
    "confidence": 0,
    "low": 10515,
    "high": 10515,
    "count": 5
  },
  "Compilation.build module graph": {
    "min": 669,
    "max": 684,
    "mean": 676.2,
    "median": 676,
    "variance": 28.96,
    "stdDev": 5.3814496188294845,
    "confidence": 13.361762068230291,
    "low": 669.5191189658849,
    "high": 682.8808810341152,
    "count": 5
  },
  "Compilation.finish modules": {
    "min": 23,
    "max": 24,
    "mean": 23.8,
    "median": 24,
    "variance": 0.15999999999999998,
    "stdDev": 0.39999999999999997,
    "confidence": 0.993171952886307,
    "low": 23.303414023556847,
    "high": 24.296585976443154,
    "count": 5
  },
  "Compilation.seal": {
    "min": 0,
    "max": 0,
    "mean": 0,
    "median": 0,
    "variance": 0,
    "stdDev": 0,
    "confidence": 0,
    "low": 0,
    "high": 0,
    "count": 5
  },
  "Compilation.optimize dependencies": {
    "min": 2,
    "max": 3,
    "mean": 2.2,
    "median": 2,
    "variance": 0.15999999999999998,
    "stdDev": 0.39999999999999997,
    "confidence": 0.9931719528863063,
    "low": 1.703414023556847,
    "high": 2.6965859764431532,
    "count": 5
  },
  "Compilation.rebuild chunk graph": {
    "min": 41,
    "max": 47,
    "mean": 44.2,
    "median": 45,
    "variance": 4.159999999999999,
    "stdDev": 2.0396078054371136,
    "confidence": 5.064203168120329,
    "low": 41.66789841593984,
    "high": 46.73210158406017,
    "count": 5
  },
  "Compilation.build chunk graph": {
    "min": 44,
    "max": 50,
    "mean": 47.2,
    "median": 48,
    "variance": 4.159999999999999,
    "stdDev": 2.0396078054371136,
    "confidence": 5.064203168120329,
    "low": 44.66789841593984,
    "high": 49.73210158406017,
    "count": 5
  },
  "Compilation.optimize modules": {
    "min": 0,
    "max": 0,
    "mean": 0,
    "median": 0,
    "variance": 0,
    "stdDev": 0,
    "confidence": 0,
    "low": 0,
    "high": 0,
    "count": 5
  },
  "Compilation.optimize chunks": {
    "min": 18,
    "max": 19,
    "mean": 18.6,
    "median": 19,
    "variance": 0.24,
    "stdDev": 0.4898979485566356,
    "confidence": 1.2163822557074724,
    "low": 17.991808872146265,
    "high": 19.208191127853738,
    "count": 5
  },
  "Compilation.optimize tree": {
    "min": 0,
    "max": 0,
    "mean": 0,
    "median": 0,
    "variance": 0,
    "stdDev": 0,
    "confidence": 0,
    "low": 0,
    "high": 0,
    "count": 5
  },
  "Compilation.optimize chunk modules": {
    "min": 0,
    "max": 0,
    "mean": 0,
    "median": 0,
    "variance": 0,
    "stdDev": 0,
    "confidence": 0,
    "low": 0,
    "high": 0,
    "count": 5
  },
  "Compilation.module ids": {
    "min": 6,
    "max": 7,
    "mean": 6.2,
    "median": 6,
    "variance": 0.15999999999999998,
    "stdDev": 0.39999999999999997,
    "confidence": 0.993171952886307,
    "low": 5.703414023556847,
    "high": 6.696585976443154,
    "count": 5
  },
  "Compilation.chunk ids": {
    "min": 5,
    "max": 6,
    "mean": 5.4,
    "median": 5,
    "variance": 0.24000000000000005,
    "stdDev": 0.48989794855663565,
    "confidence": 1.2163822557074724,
    "low": 4.791808872146264,
    "high": 6.0081911278537365,
    "count": 5
  },
  "Compilation.assign runtime ids": {
    "min": 0,
    "max": 0,
    "mean": 0,
    "median": 0,
    "variance": 0,
    "stdDev": 0,
    "confidence": 0,
    "low": 0,
    "high": 0,
    "count": 5
  },
  "Compilation.optimize code generation": {
    "min": 0,
    "max": 0,
    "mean": 0,
    "median": 0,
    "variance": 0,
    "stdDev": 0,
    "confidence": 0,
    "low": 0,
    "high": 0,
    "count": 5
  },
  "Compilation.create module hashes": {
    "min": 15,
    "max": 15,
    "mean": 15,
    "median": 15,
    "variance": 0,
    "stdDev": 0,
    "confidence": 0,
    "low": 15,
    "high": 15,
    "count": 5
  },
  "Compilation.module code generation cache": {
    "min": 0,
    "max": 0,
    "mean": 0,
    "median": 0,
    "variance": 0,
    "stdDev": 0,
    "confidence": 0,
    "low": 0,
    "high": 0,
    "count": 5
  },
  "Compilation.code generation": {
    "min": 68,
    "max": 71,
    "mean": 69.8,
    "median": 70,
    "variance": 0.9599999999999997,
    "stdDev": 0.9797958971132711,
    "confidence": 2.4327645114149448,
    "low": 68.58361774429252,
    "high": 71.01638225570747,
    "count": 5
  },
  "Compilation.runtime requirements.modules": {
    "min": 8,
    "max": 9,
    "mean": 8.4,
    "median": 8,
    "variance": 0.24000000000000005,
    "stdDev": 0.48989794855663565,
    "confidence": 1.2163822557074724,
    "low": 7.791808872146264,
    "high": 9.008191127853737,
    "count": 5
  },
  "Compilation.runtime requirements.chunks": {
    "min": 0,
    "max": 0,
    "mean": 0,
    "median": 0,
    "variance": 0,
    "stdDev": 0,
    "confidence": 0,
    "low": 0,
    "high": 0,
    "count": 5
  },
  "Compilation.runtime requirements.entries": {
    "min": 0,
    "max": 1,
    "mean": 0.2,
    "median": 0,
    "variance": 0.16000000000000003,
    "stdDev": 0.4,
    "confidence": 0.6965859764431532,
    "low": 0,
    "high": 0.6965859764431532,
    "count": 5
  },
  "Compilation.runtime requirements": {
    "min": 10,
    "max": 11,
    "mean": 10.6,
    "median": 11,
    "variance": 0.24000000000000005,
    "stdDev": 0.48989794855663565,
    "confidence": 1.2163822557074724,
    "low": 9.991808872146263,
    "high": 11.208191127853736,
    "count": 5
  },
  "Compilation.hashing: hash chunks": {
    "min": 1,
    "max": 1,
    "mean": 1,
    "median": 1,
    "variance": 0,
    "stdDev": 0,
    "confidence": 0,
    "low": 1,
    "high": 1,
    "count": 5
  },
  "Compilation.hashing: hash runtime chunks": {
    "min": 1,
    "max": 2,
    "mean": 1.2,
    "median": 1,
    "variance": 0.16,
    "stdDev": 0.4,
    "confidence": 0.9931719528863066,
    "low": 0.7034140235568467,
    "high": 1.6965859764431532,
    "count": 5
  },
  "Compilation.hashing: process full hash chunks": {
    "min": 0,
    "max": 0,
    "mean": 0,
    "median": 0,
    "variance": 0,
    "stdDev": 0,
    "confidence": 0,
    "low": 0,
    "high": 0,
    "count": 5
  },
  "Compilation.hashing": {
    "min": 4,
    "max": 5,
    "mean": 4.4,
    "median": 4,
    "variance": 0.24000000000000005,
    "stdDev": 0.48989794855663565,
    "confidence": 1.2163822557074724,
    "low": 3.791808872146264,
    "high": 5.0081911278537365,
    "count": 5
  },
  "Compilation.create module assets": {
    "min": 0,
    "max": 0,
    "mean": 0,
    "median": 0,
    "variance": 0,
    "stdDev": 0,
    "confidence": 0,
    "low": 0,
    "high": 0,
    "count": 5
  },
  "Compilation.create chunk assets": {
    "min": 19,
    "max": 20,
    "mean": 19.8,
    "median": 20,
    "variance": 0.15999999999999998,
    "stdDev": 0.39999999999999997,