{
  "stats": {
    "min": 1707,
    "max": 1759,
    "mean": 1723.7,
    "median": 1715.5,
    "variance": 265.60999999999996,
    "stdDev": 16.297545827516483,
    "confidence": 23.315503964872732,
    "low": 1712.0422480175637,
    "high": 1735.3577519824364,
    "count": 10
  },
  "heap memory": {
    "min": 18771880,
    "max": 20475184,
    "mean": 19370702.4,
    "median": 19312672,
    "variance": 284348633751.04,
    "stdDev": 533243.5032431618,
    "confidence": 762865.8416236639,
    "low": 18989269.479188167,
    "high": 19752135.32081183,
    "count": 10
  },
  "rss memory": {
    "min": 672718848,
    "max": 698544128,
    "mean": 683821875.2,
    "median": 681811968,
    "variance": 63247238939279.35,
    "stdDev": 7952813.271998743,
    "confidence": 11377409.294478893,
    "low": 678133170.5527606,
    "high": 689510579.8472395,
    "count": 10
  },
  "external memory": {
    "min": 38787848,
    "max": 56206041,
    "mean": 42492825.7,
    "median": 39102910,
    "variance": 46923572789931.41,
    "stdDev": 6850078.305386838,
    "confidence": 9799820.757017255,
    "low": 37592915.321491376,
    "high": 47392736.07850863,
    "count": 10
  },
  "array buffers memory": {
    "min": 33273,
    "max": 384005,
    "mean": 176627.4,
    "median": 282761,
    "variance": 13662418132.84,
    "stdDev": 116886.34707629458,
    "confidence": 167219.29286405555,
    "low": 93017.7535679722,
    "high": 260237.04643202777,
    "count": 10
  },
  "Compilation.make hook": {
    "min": 0,
    "max": 0,
    "mean": 0,
    "median": 0,
    "variance": 0,
    "stdDev": 0,
    "confidence": 0,
    "low": 0,
    "high": 0,
    "count": 10
  },
  "Compilation.module add task": {
    "min": 85,
    "max": 98,
    "mean": 90.9,
    "median": 91,
    "variance": 14.089999999999998,
    "stdDev": 3.7536648758246915,
    "confidence": 5.370047074653996,
    "low": 88.21497646267301,
    "high": 93.585023537327,
    "count": 10
  },
  "Compilation.module process dependencies task": {
    "min": 69,
    "max": 91,
    "mean": 77.6,
    "median": 75.5,
    "variance": 58.44,
    "stdDev": 7.644605941446557,
    "confidence": 10.936483445056723,
    "low": 72.13175827747163,
    "high": 83.06824172252836,
    "count": 10
  },
  "Compilation.module factorize task": {
    "min": 70,
    "max": 83,
    "mean": 76.8,
    "median": 77.5,
    "variance": 15.560000000000002,
    "stdDev": 3.9446165846632044,
    "confidence": 5.643225341593222,
    "low": 73.97838732920339,
    "high": 79.62161267079661,
    "count": 10
  },
  "Compilation.module build task": {
    "min": 43,
    "max": 57,
    "mean": 46.3,
    "median": 45,
    "variance": 14.210000000000003,
    "stdDev": 3.769615364994153,
    "confidence": 5.392866074361578,
    "low": 43.60356696281921,
    "high": 48.996433037180786,
    "count": 10
  },
  "Compilation.module build cache": {
    "min": 0,
    "max": 0,
    "mean": 0,
    "median": 0,
    "variance": 0,
    "stdDev": 0,
    "confidence": 0,
    "low": 0,
    "high": 0,
    "count": 10
  },
  "Compilation.module factorize cache": {
    "min": 0,
    "max": 0,
    "mean": 0,
    "median": 0,
    "variance": 0,
    "stdDev": 0,
    "confidence": 0,
    "low": 0,
    "high": 0,
    "count": 10
  },
  "Compilation.finish modules": {
    "min": 0,
    "max": 0,
    "mean": 0,
    "median": 0,
    "variance": 0,
    "stdDev": 0,
    "confidence": 0,
    "low": 0,
    "high": 0,
    "count": 10
  },
  "Compilation.optimize dependencies": {
    "min": 0,
    "max": 0,
    "mean": 0,
    "median": 0,
    "variance": 0,
    "stdDev": 0,
    "confidence": 0,
    "low": 0,
    "high": 0,
    "count": 10
  },
  "Compilation.create chunks": {
    "min": 26,
    "max": 29,
    "mean": 28.2,
    "median": 28,
    "variance": 0.7600000000000003,
    "stdDev": 0.8717797887081349,
    "confidence": 1.2471807310891236,
    "low": 27.576409634455437,
    "high": 28.82359036554456,
    "count": 10
  },
  "Compilation.optimize": {
    "min": 0,
    "max": 0,
    "mean": 0,
    "median": 0,
    "variance": 0,
    "stdDev": 0,
    "confidence": 0,
    "low": 0,
    "high": 0,
    "count": 10
  },
  "Compilation.module ids": {
    "min": 4,
    "max": 6,
    "mean": 4.7,
    "median": 4.5,
    "variance": 0.61,
    "stdDev": 0.7810249675906654,
    "confidence": 1.1173455759074713,
    "low": 4.1413272120462645,
    "high": 5.258672787953736,
    "count": 10
  },
  "Compilation.chunk ids": {
    "min": 0,
    "max": 0,
    "mean": 0,
    "median": 0,
    "variance": 0,
    "stdDev": 0,
    "confidence": 0,
    "low": 0,
    "high": 0,
    "count": 10
  },
  "Compilation.optimize code generation": {
    "min": 0,
    "max": 0,
    "mean": 0,
    "median": 0,
    "variance": 0,
    "stdDev": 0,
    "confidence": 0,
    "low": 0,
    "high": 0,
    "count": 10
  },
  "Compilation.module code generation cache": {
    "min": 0,
    "max": 0,
    "mean": 0,
    "median": 0,
    "variance": 0,
    "stdDev": 0,
    "confidence": 0,
    "low": 0,
    "high": 0,
    "count": 10
  },
  "Compilation.code generation": {
    "min": 34,
    "max": 36,
    "mean": 35,
    "median": 35,
    "variance": 0.4,
    "stdDev": 0.6324555320336759,
    "confidence": 0.9047999999999945,
    "low": 34.5476,
    "high": 35.4524,
    "count": 10
  },
  "Compilation.runtime requirements.modules": {
    "min": 2,
    "max": 2,
    "mean": 2,
    "median": 2,
    "variance": 0,
    "stdDev": 0,
    "confidence": 0,
    "low": 2,
    "high": 2,
    "count": 10
  },
  "Compilation.runtime requirements.chunks": {
    "min": 1,
    "max": 1,
    "mean": 1,
    "median": 1,
    "variance": 0,
    "stdDev": 0,
    "confidence": 0,
    "low": 1,
    "high": 1,
    "count": 10
  },
  "Compilation.runtime requirements.entries": {
    "min": 0,
    "max": 0,
    "mean": 0,
    "median": 0,
    "variance": 0,
    "stdDev": 0,
    "confidence": 0,
    "low": 0,
    "high": 0,
    "count": 10
  },
  "Compilation.runtime requirements": {
    "min": 4,
    "max": 4,
    "mean": 4,
    "median": 4,
    "variance": 0,
    "stdDev": 0,
    "confidence": 0,
    "low": 4,
    "high": 4,
    "count": 10
  },
  "Compilation.hashing: hash chunks": {
    "min": 0,
    "max": 0,
    "mean": 0,
    "median": 0,
    "variance": 0,
    "stdDev": 0,
    "confidence": 0,
    "low": 0,
    "high": 0,
    "count": 10
  },
  "Compilation.hashing: hash runtime chunks": {
    "min": 7,
    "max": 7,
    "mean": 7,
    "median": 7,
    "variance": 0,
    "stdDev": 0,
    "confidence": 0,
    "low": 7,
    "high": 7,
    "count": 10
  },
  "Compilation.hashing: process full hash chunks": {
    "min": 0,
    "max": 0,
    "mean": 0,
    "median": 0,
    "variance": 0,
    "stdDev": 0,
    "confidence": 0,
    "low": 0,
    "high": 0,
    "count": 10
  },
  "Compilation.hashing": {
    "min": 7,
    "max": 7,
    "mean": 7,
    "median": 7,
    "variance": 0,
    "stdDev": 0,
    "confidence": 0,
    "low": 7,
    "high": 7,
    "count": 10
  },
  "Compilation.create module assets": {
    "min": 0,
    "max": 0,
    "mean": 0,
    "median": 0,
    "variance": 0,
    "stdDev": 0,
    "confidence": 0,
    "low": 0,
    "high": 0,
    "count": 10
  },
  "Compilation.create chunk assets": {
    "min": 4,
    "max": 6,
    "mean": 4.3,
    "median": 4,
    "variance": 0.41,
    "stdDev": 0.6403124237432849,
    "confidence": 0.9160401825247622,
    "low": 3.8419799087376187,
    "high": 4.758020091262381,
    "count": 10
  },
  "Compilation.process assets": {
    "min": 835,
    "max": 854,
    "mean": 844.8,
    "median": 845.5,
    "variance": 52.760000000000005,
    "stdDev": 7.2636079189339515,
    "confidence": 10.391422182550286,
    "low": 839.6042889087248,
    "high": 849.9957110912751,
    "count": 10
  },
  "Compilation.after process assets": {
    "min": 0,
    "max": 0,
    "mean": 0,
    "median": 0,
    "variance": 0,
    "stdDev": 0,
    "confidence": 0,
    "low": 0,
    "high": 0,
    "count": 10
  },