{
  "stats": {
    "min": 952,
    "max": 982,
    "mean": 966.6,
    "median": 966,
    "variance": 102.23999999999998,
    "stdDev": 10.111379727811629,
    "confidence": 25.105846876614123,
    "low": 954.047076561693,
    "high": 979.1529234383071,
    "count": 5
  },
  "heap memory": {
    "min": 8801752,
    "max": 8818976,
    "mean": 8808612.8,
    "median": 8808600,
    "variance": 37539804.160000004,
    "stdDev": 6126.973491047599,
    "confidence": 15212.845568466932,
    "low": 8801006.377215767,
    "high": 8816219.222784234,
    "count": 5
  },
  "rss memory": {
    "min": 548376576,
    "max": 560848896,
    "mean": 553926656,
    "median": 552554496,
    "variance": 24255666742886.4,
    "stdDev": 4925004.237854664,
    "confidence": 12228440.192208529,
    "low": 547812435.9038957,
    "high": 560040876.0961043,
    "count": 5
  },
  "external memory": {
    "min": 2758093,
    "max": 2758093,
    "mean": 2758093,
    "median": 2758093,
    "variance": 0,
    "stdDev": 0,
    "confidence": 0,
    "low": 2758093,
    "high": 2758093,
    "count": 5
  },
  "array buffers memory": {
    "min": 10515,
    "max": 10515,
    "mean": 10515,
    "median": 10515,
    "variance": 0,
    "stdDev": 0,
    "confidence": 0,
    "low": 10515,
    "high": 10515,
    "count": 5
  },
  "Compilation.build module graph": {
    "min": 345,
    "max": 366,
    "mean": 354.2,
    "median": 349,
    "variance": 73.35999999999999,
    "stdDev": 8.565045242145542,
    "confidence": 21.26640677425314,
    "low": 343.5667966128734,
    "high": 364.83320338712656,
    "count": 5
  },
  "Compilation.finish modules": {
    "min": 16,
    "max": 19,
    "mean": 18,
    "median": 19,
    "variance": 1.6,
    "stdDev": 1.2649110640673518,
    "confidence": 3.140685479318172,
    "low": 16.429657260340914,
    "high": 19.570342739659086,
    "count": 5
  },
  "Compilation.seal": {
    "min": 0,
    "max": 0,
    "mean": 0,
    "median": 0,
    "variance": 0,
    "stdDev": 0,
    "confidence": 0,
    "low": 0,
    "high": 0,
    "count": 5
  },
  "Compilation.optimize dependencies": {
    "min": 25,
    "max": 28,
    "mean": 26.4,
    "median": 26,
    "variance": 1.0399999999999998,
    "stdDev": 1.0198039027185568,
    "confidence": 2.5321015840601646,
    "low": 25.133949207969916,
    "high": 27.66605079203008,
    "count": 5
  },
  "Compilation.rebuild chunk graph": {
    "min": 30,
    "max": 34,
    "mean": 31.8,
    "median": 32,
    "variance": 2.56,
    "stdDev": 1.6,
    "confidence": 3.9726878115452244,
    "low": 29.813656094227387,
    "high": 33.78634390577261,
    "count": 5
  },
  "Compilation.build chunk graph": {
    "min": 30,
    "max": 34,
    "mean": 31.8,
    "median": 32,
    "variance": 2.56,
    "stdDev": 1.6,
    "confidence": 3.9726878115452244,
    "low": 29.813656094227387,
    "high": 33.78634390577261,
    "count": 5
  },
  "Compilation.optimize modules": {
    "min": 0,
    "max": 0,
    "mean": 0,
    "median": 0,
    "variance": 0,
    "stdDev": 0,
    "confidence": 0,
    "low": 0,
    "high": 0,
    "count": 5
  },
  "Compilation.optimize chunks": {
    "min": 24,
    "max": 27,
    "mean": 25.4,
    "median": 25,
    "variance": 1.0399999999999998,
    "stdDev": 1.0198039027185568,
    "confidence": 2.5321015840601646,
    "low": 24.133949207969916,
    "high": 26.66605079203008,
    "count": 5
  },
  "Compilation.optimize tree": {
    "min": 0,
    "max": 0,
    "mean": 0,
    "median": 0,
    "variance": 0,
    "stdDev": 0,
    "confidence": 0,
    "low": 0,
    "high": 0,
    "count": 5
  },
  "Compilation.optimize chunk modules": {
    "min": 54,
    "max": 67,
    "mean": 59.4,
    "median": 59,
    "variance": 17.84,
    "stdDev": 4.223742416388575,
    "confidence": 10.487256260433426,
    "low": 54.156371869783285,
    "high": 64.64362813021671,
    "count": 5
  },
  "Compilation.module ids": {
    "min": 2,
    "max": 2,
    "mean": 2,
    "median": 2,
    "variance": 0,
    "stdDev": 0,
    "confidence": 0,
    "low": 2,
    "high": 2,
    "count": 5
  },
  "Compilation.chunk ids": {
    "min": 2,
    "max": 2,
    "mean": 2,
    "median": 2,
    "variance": 0,
    "stdDev": 0,
    "confidence": 0,
    "low": 2,
    "high": 2,
    "count": 5
  },
  "Compilation.assign runtime ids": {
    "min": 0,
    "max": 0,
    "mean": 0,
    "median": 0,
    "variance": 0,
    "stdDev": 0,
    "confidence": 0,
    "low": 0,
    "high": 0,
    "count": 5
  },
  "Compilation.optimize code generation": {
    "min": 3,
    "max": 4,
    "mean": 3.8,
    "median": 4,
    "variance": 0.15999999999999998,
    "stdDev": 0.39999999999999997,
    "confidence": 0.9931719528863066,
    "low": 3.3034140235568468,
    "high": 4.296585976443153,
    "count": 5
  },
  "Compilation.create module hashes": {
    "min": 34,
    "max": 37,
    "mean": 35,
    "median": 34,
    "variance": 1.6,
    "stdDev": 1.2649110640673518,
    "confidence": 3.140685479318165,
    "low": 33.42965726034092,
    "high": 36.57034273965908,
    "count": 5
  },
  "Compilation.code generation": {
    "min": 98,
    "max": 108,
    "mean": 102.6,
    "median": 103,
    "variance": 10.639999999999999,
    "stdDev": 3.261901286060018,
    "confidence": 8.099072175996469,
    "low": 98.55046391200176,
    "high": 106.64953608799823,
    "count": 5
  },
  "Compilation.runtime requirements.modules": {
    "min": 0,
    "max": 1,
    "mean": 0.4,
    "median": 0,
    "variance": 0.24000000000000005,
    "stdDev": 0.48989794855663565,
    "confidence": 1.0081911278537365,
    "low": 0,
    "high": 1.0081911278537365,
    "count": 5
  },
  "Compilation.runtime requirements.chunks": {
    "min": 0,
    "max": 0,
    "mean": 0,
    "median": 0,
    "variance": 0,
    "stdDev": 0,
    "confidence": 0,
    "low": 0,
    "high": 0,
    "count": 5
  },
  "Compilation.runtime requirements.entries": {
    "min": 0,
    "max": 0,
    "mean": 0,
    "median": 0,
    "variance": 0,
    "stdDev": 0,
    "confidence": 0,
    "low": 0,
    "high": 0,
    "count": 5
  },
  "Compilation.runtime requirements": {
    "min": 1,
    "max": 2,
    "mean": 1.4,
    "median": 1,
    "variance": 0.24,
    "stdDev": 0.4898979485566356,
    "confidence": 1.216382255707473,
    "low": 0.7918088721462635,
    "high": 2.0081911278537365,
    "count": 5
  },
  "Compilation.hashing: hash chunks": {
    "min": 0,
    "max": 0,
    "mean": 0,
    "median": 0,
    "variance": 0,
    "stdDev": 0,
    "confidence": 0,
    "low": 0,
    "high": 0,
    "count": 5
  },
  "Compilation.hashing: hash runtime chunks": {
    "min": 0,
    "max": 0,
    "mean": 0,
    "median": 0,
    "variance": 0,
    "stdDev": 0,
    "confidence": 0,
    "low": 0,
    "high": 0,
    "count": 5
  },
  "Compilation.hashing: process full hash chunks": {
    "min": 0,
    "max": 0,
    "mean": 0,
    "median": 0,
    "variance": 0,
    "stdDev": 0,
    "confidence": 0,
    "low": 0,
    "high": 0,
    "count": 5
  },
  "Compilation.hashing": {
    "min": 0,
    "max": 0,
    "mean": 0,
    "median": 0,
    "variance": 0,
    "stdDev": 0,
    "confidence": 0,
    "low": 0,
    "high": 0,
    "count": 5
  },
  "Compilation.create module assets": {
    "min": 0,
    "max": 0,
    "mean": 0,
    "median": 0,
    "variance": 0,
    "stdDev": 0,
    "confidence": 0,
    "low": 0,
    "high": 0,
    "count": 5
  },
  "Compilation.create chunk assets": {
    "min": 1,
    "max": 1,
    "mean": 1,
    "median": 1,
    "variance": 0,
    "stdDev": 0,
    "confidence": 0,
    "low": 1,
    "high": 1,
    "count": 5
  },
  "Compilation.process assets": {
    "min": 265,
    "max": 294,
    "mean": 281.2,
    "median": 284,
    "variance": 115.76000000000002,
    "stdDev": 10.759182125050213,
    "confidence": 26.71429480648885,
    "low": 267.84285259675556,
    "high": 294.5571474032444,
    "count": 5
  },
  "Compilation.after process assets": {
    "min": 0,
    "max": 0,
    "mean": 0,
    "median": 0,
    "variance": 0,
    "stdDev": 0,