{
  "stats": {
    "min": 3644,
    "max": 3695,
    "mean": 3662.4,
    "median": 3650,
    "variance": 407.44,
    "stdDev": 20.185143051264216,
    "confidence": 50.118294858783884,
    "low": 3637.340852570608,
    "high": 3687.459147429392,
    "count": 5
  },
  "heap memory": {
    "min": 53363760,
    "max": 57763512,
    "mean": 54875782.4,
    "median": 54065920,
    "variance": 2410105019479.04,
    "stdDev": 1552451.2937541842,
    "confidence": 3854627.7079467922,
    "low": 52948468.5460266,
    "high": 56803096.253973395,
    "count": 5
  },
  "rss memory": {
    "min": 839233536,
    "max": 866570240,
    "mean": 851201228.8,
    "median": 851853312,
    "variance": 112714896386293.75,
    "stdDev": 10616727.19750742,
    "confidence": 26360589.21002412,
    "low": 838020934.1949879,
    "high": 864381523.405012,
    "count": 5
  },
  "external memory": {
    "min": 32348412,
    "max": 32800444,
    "mean": 32615967.4,
    "median": 32665017,
    "variance": 30823003262.24,
    "stdDev": 175564.81214138557,
    "confidence": 435915.11833144724,
    "low": 32398009.840834275,
    "high": 32833924.959165722,
    "count": 5
  },
  "array buffers memory": {
    "min": 4230953,
    "max": 4458280,
    "mean": 4333800.6,
    "median": 4324633,
    "variance": 5323197589.04,
    "stdDev": 72960.2466349998,
    "confidence": 181155.1765838731,
    "low": 4243223.011708063,
    "high": 4424378.188291936,
    "count": 5
  },
  "Compilation.build module graph": {
    "min": 490,
    "max": 512,
    "mean": 503,
    "median": 502,
    "variance": 64.8,
    "stdDev": 8.049844718999243,
    "confidence": 19.98720000000003,
    "low": 493.0064,
    "high": 512.9936,
    "count": 5
  },
  "Compilation.finish modules": {
    "min": 16,
    "max": 18,
    "mean": 16.6,
    "median": 16,
    "variance": 0.64,
    "stdDev": 0.8,
    "confidence": 1.986343905772614,
    "low": 15.606828047113694,
    "high": 17.59317195288631,
    "count": 5
  },
  "Compilation.seal": {
    "min": 0,
    "max": 0,
    "mean": 0,
    "median": 0,
    "variance": 0,
    "stdDev": 0,
    "confidence": 0,
    "low": 0,
    "high": 0,
    "count": 5
  },
  "Compilation.optimize dependencies": {
    "min": 23,
    "max": 23,
    "mean": 23,
    "median": 23,
    "variance": 0,
    "stdDev": 0,
    "confidence": 0,
    "low": 23,
    "high": 23,
    "count": 5
  },
  "Compilation.rebuild chunk graph": {
    "min": 10,
    "max": 12,
    "mean": 11.2,
    "median": 11,
    "variance": 0.56,
    "stdDev": 0.7483314773547883,
    "confidence": 1.858054586926876,
    "low": 10.270972706536561,
    "high": 12.129027293463437,
    "count": 5
  },
  "Compilation.build chunk graph": {
    "min": 10,
    "max": 12,
    "mean": 11.2,
    "median": 11,
    "variance": 0.56,
    "stdDev": 0.7483314773547883,
    "confidence": 1.858054586926876,
    "low": 10.270972706536561,
    "high": 12.129027293463437,
    "count": 5
  },
  "Compilation.optimize modules": {
    "min": 0,
    "max": 0,
    "mean": 0,
    "median": 0,
    "variance": 0,
    "stdDev": 0,
    "confidence": 0,
    "low": 0,
    "high": 0,
    "count": 5
  },
  "Compilation.optimize chunks": {
    "min": 6,
    "max": 7,
    "mean": 6.6,
    "median": 7,
    "variance": 0.24000000000000005,
    "stdDev": 0.48989794855663565,
    "confidence": 1.2163822557074724,
    "low": 5.9918088721462635,
    "high": 7.208191127853736,
    "count": 5
  },
  "Compilation.optimize tree": {
    "min": 0,
    "max": 0,
    "mean": 0,
    "median": 0,
    "variance": 0,
    "stdDev": 0,
    "confidence": 0,
    "low": 0,
    "high": 0,
    "count": 5
  },
  "Compilation.optimize chunk modules": {
    "min": 24,
    "max": 28,
    "mean": 26,
    "median": 26,
    "variance": 2,
    "stdDev": 1.4142135623730951,
    "confidence": 3.5113931138509713,
    "low": 24.244303443074514,
    "high": 27.755696556925486,
    "count": 5
  },
  "Compilation.module ids": {
    "min": 0,
    "max": 0,
    "mean": 0,
    "median": 0,
    "variance": 0,
    "stdDev": 0,
    "confidence": 0,
    "low": 0,
    "high": 0,
    "count": 5
  },
  "Compilation.chunk ids": {
    "min": 0,
    "max": 0,
    "mean": 0,
    "median": 0,
    "variance": 0,
    "stdDev": 0,
    "confidence": 0,
    "low": 0,
    "high": 0,
    "count": 5
  },
  "Compilation.assign runtime ids": {
    "min": 0,
    "max": 0,
    "mean": 0,
    "median": 0,
    "variance": 0,
    "stdDev": 0,
    "confidence": 0,
    "low": 0,
    "high": 0,
    "count": 5
  },
  "Compilation.optimize code generation": {
    "min": 3,
    "max": 3,
    "mean": 3,
    "median": 3,
    "variance": 0,
    "stdDev": 0,
    "confidence": 0,
    "low": 3,
    "high": 3,
    "count": 5
  },
  "Compilation.create module hashes": {
    "min": 12,
    "max": 13,
    "mean": 12.4,
    "median": 12,
    "variance": 0.24000000000000005,
    "stdDev": 0.48989794855663565,
    "confidence": 1.2163822557074724,
    "low": 11.791808872146264,
    "high": 13.008191127853737,
    "count": 5
  },
  "Compilation.code generation": {
    "min": 100,
    "max": 104,
    "mean": 102,
    "median": 102,
    "variance": 2,
    "stdDev": 1.4142135623730951,
    "confidence": 3.5113931138509713,
    "low": 100.24430344307451,
    "high": 103.75569655692549,
    "count": 5
  },
  "Compilation.runtime requirements.modules": {
    "min": 0,
    "max": 0,
    "mean": 0,
    "median": 0,
    "variance": 0,
    "stdDev": 0,
    "confidence": 0,
    "low": 0,
    "high": 0,
    "count": 5
  },
  "Compilation.runtime requirements.chunks": {
    "min": 0,
    "max": 0,
    "mean": 0,
    "median": 0,
    "variance": 0,
    "stdDev": 0,
    "confidence": 0,
    "low": 0,
    "high": 0,
    "count": 5
  },
  "Compilation.runtime requirements.entries": {
    "min": 0,
    "max": 0,
    "mean": 0,
    "median": 0,
    "variance": 0,
    "stdDev": 0,
    "confidence": 0,
    "low": 0,
    "high": 0,
    "count": 5
  },
  "Compilation.runtime requirements": {
    "min": 0,
    "max": 0,
    "mean": 0,
    "median": 0,
    "variance": 0,
    "stdDev": 0,
    "confidence": 0,
    "low": 0,
    "high": 0,
    "count": 5
  },
  "Compilation.hashing: hash chunks": {
    "min": 0,
    "max": 0,
    "mean": 0,
    "median": 0,
    "variance": 0,
    "stdDev": 0,
    "confidence": 0,
    "low": 0,
    "high": 0,
    "count": 5
  },
  "Compilation.hashing: hash runtime chunks": {
    "min": 0,
    "max": 0,
    "mean": 0,
    "median": 0,
    "variance": 0,
    "stdDev": 0,
    "confidence": 0,
    "low": 0,
    "high": 0,
    "count": 5
  },
  "Compilation.hashing: process full hash chunks": {
    "min": 0,
    "max": 0,
    "mean": 0,
    "median": 0,
    "variance": 0,
    "stdDev": 0,
    "confidence": 0,
    "low": 0,
    "high": 0,
    "count": 5
  },
  "Compilation.hashing": {
    "min": 0,
    "max": 0,
    "mean": 0,
    "median": 0,
    "variance": 0,
    "stdDev": 0,
    "confidence": 0,
    "low": 0,
    "high": 0,
    "count": 5
  },
  "Compilation.create module assets": {
    "min": 0,
    "max": 0,
    "mean": 0,
    "median": 0,
    "variance": 0,
    "stdDev": 0,
    "confidence": 0,
    "low": 0,
    "high": 0,
    "count": 5
  },
  "Compilation.create chunk assets": {
    "min": 0,
    "max": 0,
    "mean": 0,
    "median": 0,
    "variance": 0,
    "stdDev": 0,
    "confidence": 0,
    "low": 0,
    "high": 0,
    "count": 5
  },
  "Compilation.process assets": {
    "min": 2919,
    "max": 2953,
    "mean": 2928.4,
    "median": 2921,
    "variance": 163.84,
    "stdDev": 12.8,
    "confidence": 31.78150249236205,
    "low": 2912.509248753819,
    "high": 2944.290751246181,
    "count": 5
  },
  "Compilation.after process assets": {
    "min": 0,
    "max": 0,
    "mean": 0,
    "median": 0,
    "variance": 0,
    "stdDev": 0,
    "confidence": 0,
    "low": 0,
    "high": 0,
    "count": 5
  },
  "Compilation.after seal": {
    "min": 0,
    "max": 0,
    "mean": 0,
    "median": 0,
    "variance": 0,
    "stdDev": 0,