{
  "stats": {
    "min": 1659,
    "max": 1714,
    "mean": 1683,
    "median": 1668,
    "variance": 535.2,
    "stdDev": 23.13438998547401,
    "confidence": 57.441068201766484,
    "low": 1654.2794658991168,
    "high": 1711.7205341008832,
    "count": 5
  },
  "heap memory": {
    "min": 20344328,
    "max": 20405240,
    "mean": 20364812.8,
    "median": 20348856,
    "variance": 588625500.1600001,
    "stdDev": 24261.60547366971,
    "confidence": 60239.865221105516,
    "low": 20334692.867389448,
    "high": 20394932.732610554,
    "count": 5
  },
  "rss memory": {
    "min": 778289152,
    "max": 815747072,
    "mean": 795046707.2,
    "median": 788242432,
    "variance": 239423753195356.16,
    "stdDev": 15473323.922007067,
    "confidence": 38419178.343155384,
    "low": 775837118.0284224,
    "high": 814256296.3715777,
    "count": 5
  },
  "external memory": {
    "min": 7084384,
    "max": 7084384,
    "mean": 7084384,
    "median": 7084384,
    "variance": 0,
    "stdDev": 0,
    "confidence": 0,
    "low": 7084384,
    "high": 7084384,
    "count": 5
  },
  "array buffers memory": {
    "min": 16623,
    "max": 16623,
    "mean": 16623,
    "median": 16623,
    "variance": 0,
    "stdDev": 0,
    "confidence": 0,
    "low": 16623,
    "high": 16623,
    "count": 5
  },
  "Compilation.finish modules": {
    "min": 23,
    "max": 25,
    "mean": 23.8,
    "median": 24,
    "variance": 0.56,
    "stdDev": 0.7483314773547883,
    "confidence": 1.858054586926876,
    "low": 22.870972706536563,
    "high": 24.72902729346344,
    "count": 5
  },
  "Compilation.optimize dependencies": {
    "min": 45,
    "max": 49,
    "mean": 46.6,
    "median": 47,
    "variance": 2.24,
    "stdDev": 1.4966629547095767,
    "confidence": 3.716109173853752,
    "low": 44.741945413073125,
    "high": 48.45805458692688,
    "count": 5
  },
  "Compilation.rebuild chunk graph": {
    "min": 43,
    "max": 46,
    "mean": 44.6,
    "median": 45,
    "variance": 1.0399999999999998,
    "stdDev": 1.0198039027185568,
    "confidence": 2.5321015840601575,
    "low": 43.33394920796992,
    "high": 45.86605079203008,
    "count": 5
  },
  "Compilation.create chunks": {
    "min": 67,
    "max": 68,
    "mean": 67.6,
    "median": 68,
    "variance": 0.24,
    "stdDev": 0.4898979485566356,
    "confidence": 1.2163822557074866,
    "low": 66.99180887214625,
    "high": 68.20819112785374,
    "count": 5
  },
  "Compilation.optimize": {
    "min": 117,
    "max": 121,
    "mean": 119.4,
    "median": 120,
    "variance": 1.8399999999999999,
    "stdDev": 1.3564659966250536,
    "confidence": 3.36800995722993,
    "low": 117.71599502138504,
    "high": 121.08400497861497,
    "count": 5
  },
  "Compilation.module ids": {
    "min": 3,
    "max": 4,
    "mean": 3.4,
    "median": 3,
    "variance": 0.24,
    "stdDev": 0.4898979485566356,
    "confidence": 1.2163822557074733,
    "low": 2.7918088721462633,
    "high": 4.0081911278537365,
    "count": 5
  },
  "Compilation.chunk ids": {
    "min": 3,
    "max": 3,
    "mean": 3,
    "median": 3,
    "variance": 0,
    "stdDev": 0,
    "confidence": 0,
    "low": 3,
    "high": 3,
    "count": 5
  },
  "Compilation.optimize code generation": {
    "min": 8,
    "max": 9,
    "mean": 8.8,
    "median": 9,
    "variance": 0.15999999999999998,
    "stdDev": 0.39999999999999997,
    "confidence": 0.993171952886307,
    "low": 8.303414023556847,
    "high": 9.296585976443154,
    "count": 5
  },
  "Compilation.module code generation cache": {
    "min": 0,
    "max": 0,
    "mean": 0,
    "median": 0,
    "variance": 0,
    "stdDev": 0,
    "confidence": 0,
    "low": 0,
    "high": 0,
    "count": 5
  },
  "Compilation.code generation": {
    "min": 169,
    "max": 175,
    "mean": 171,
    "median": 170,
    "variance": 4.4,
    "stdDev": 2.0976176963403033,
    "confidence": 5.208237659707947,
    "low": 168.39588117014603,
    "high": 173.60411882985397,
    "count": 5
  },
  "Compilation.runtime requirements.modules": {
    "min": 2,
    "max": 2,
    "mean": 2,
    "median": 2,
    "variance": 0,
    "stdDev": 0,
    "confidence": 0,
    "low": 2,
    "high": 2,
    "count": 5
  },
  "Compilation.runtime requirements.chunks": {
    "min": 0,
    "max": 0,
    "mean": 0,
    "median": 0,
    "variance": 0,
    "stdDev": 0,
    "confidence": 0,
    "low": 0,
    "high": 0,
    "count": 5
  },
  "Compilation.runtime requirements.entries": {
    "min": 0,
    "max": 0,
    "mean": 0,
    "median": 0,
    "variance": 0,
    "stdDev": 0,
    "confidence": 0,
    "low": 0,
    "high": 0,
    "count": 5
  },
  "Compilation.runtime requirements": {
    "min": 4,
    "max": 4,
    "mean": 4,
    "median": 4,
    "variance": 0,
    "stdDev": 0,
    "confidence": 0,
    "low": 4,
    "high": 4,
    "count": 5
  },
  "Compilation.hashing: hash chunks": {
    "min": 0,
    "max": 0,
    "mean": 0,
    "median": 0,
    "variance": 0,
    "stdDev": 0,
    "confidence": 0,
    "low": 0,
    "high": 0,
    "count": 5
  },
  "Compilation.hashing: hash runtime chunks": {
    "min": 0,
    "max": 0,
    "mean": 0,
    "median": 0,
    "variance": 0,
    "stdDev": 0,
    "confidence": 0,
    "low": 0,
    "high": 0,
    "count": 5
  },
  "Compilation.hashing: process full hash chunks": {
    "min": 0,
    "max": 0,
    "mean": 0,
    "median": 0,
    "variance": 0,
    "stdDev": 0,
    "confidence": 0,
    "low": 0,
    "high": 0,
    "count": 5
  },
  "Compilation.hashing": {
    "min": 0,
    "max": 0,
    "mean": 0,
    "median": 0,
    "variance": 0,
    "stdDev": 0,
    "confidence": 0,
    "low": 0,
    "high": 0,
    "count": 5
  },
  "Compilation.create module assets": {
    "min": 1,
    "max": 1,
    "mean": 1,
    "median": 1,
    "variance": 0,
    "stdDev": 0,
    "confidence": 0,
    "low": 1,
    "high": 1,
    "count": 5
  },
  "Compilation.create chunk assets": {
    "min": 1,
    "max": 2,
    "mean": 1.6,
    "median": 2,
    "variance": 0.24,
    "stdDev": 0.4898979485566356,
    "confidence": 1.216382255707473,
    "low": 0.9918088721462637,
    "high": 2.2081911278537367,
    "count": 5
  },
  "Compilation.process assets": {
    "min": 481,
    "max": 513,
    "mean": 492.4,
    "median": 489,
    "variance": 119.03999999999999,
    "stdDev": 10.910545357588685,
    "confidence": 27.090119099627486,
    "low": 478.85494045018623,
    "high": 505.9450595498137,
    "count": 5
  },
  "Compilation.after process assets": {
    "min": 0,
    "max": 0,
    "mean": 0,
    "median": 0,
    "variance": 0,
    "stdDev": 0,
    "confidence": 0,
    "low": 0,
    "high": 0,
    "count": 5
  },
  "Compilation.after seal": {
    "min": 0,
    "max": 0,
    "mean": 0,
    "median": 0,
    "variance": 0,
    "stdDev": 0,
    "confidence": 0,
    "low": 0,
    "high": 0,
    "count": 5
  },
  "Compiler.make hook": {
    "min": 0,
    "max": 0,
    "mean": 0,
    "median": 0,
    "variance": 0,
    "stdDev": 0,
    "confidence": 0,
    "low": 0,
    "high": 0,
    "count": 5
  },
  "Compiler.make": {
    "min": 550,
    "max": 596,
    "mean": 568.4,
    "median": 570,
    "variance": 264.64,
    "stdDev": 16.267759526130202,
    "confidence": 40.391706244128954,
    "low": 548.2041468779355,
    "high": 588.5958531220645,
    "count": 5
  },
  "Compiler.finish make hook": {
    "min": 0,
    "max": 0,
    "mean": 0,
    "median": 0,
    "variance": 0,
    "stdDev": 0,
    "confidence": 0,
    "low": 0,
    "high": 0,
    "count": 5
  },
  "Compiler.finish compilation": {
    "min": 60,
    "max": 63,
    "mean": 61.2,
    "median": 61,
    "variance": 1.3599999999999999,
    "stdDev": 1.16619037896906,
    "confidence": 2.895568940294808,
    "low": 59.7522155298526,
    "high": 62.64778447014741,
    "count": 5
  },
  "Compiler.seal compilation": {
    "min": 950,
    "max": 989,
    "mean": 966.2,
    "median": 963,
    "variance": 171.76,
    "stdDev": 13.105723940324701,
    "confidence": 32.5405935995027,
    "low": 949.9297032002487,