{
  "stats": {
    "min": 1088,
    "max": 1237,
    "mean": 1155.8,
    "median": 1174,
    "variance": 3076.5600000000004,
    "stdDev": 55.46674679481392,
    "confidence": 137.72004308613896,
    "low": 1086.9399784569305,
    "high": 1224.6600215430694,
    "count": 5
  },
  "heap memory": {
    "min": 45401496,
    "max": 96623688,
    "mean": 74931940.8,
    "median": 91234016,
    "variance": 576125495918146.6,
    "stdDev": 24002614.35590187,
    "confidence": 59596808.43556988,
    "low": 45133536.582215056,
    "high": 104730345.01778494,
    "count": 5
  },
  "rss memory": {
    "min": 431513600,
    "max": 438734848,
    "mean": 435530137.6,
    "median": 435634176,
    "variance": 5901094475530.24,
    "stdDev": 2429216.844073464,
    "confidence": 6031575.0925319195,
    "low": 432514350.05373406,
    "high": 438545925.146266,
    "count": 5
  },
  "external memory": {
    "min": 21034836,
    "max": 21035655,
    "mean": 21034999.8,
    "median": 21034836,
    "variance": 107321.76000000001,
    "stdDev": 327.6,
    "confidence": 813.4078294113278,
    "low": 21034593.096085295,
    "high": 21035406.503914706,
    "count": 5
  },
  "array buffers memory": {
    "min": 497318,
    "max": 1281158,
    "mean": 967622,
    "median": 1281158,
    "variance": 147457234944,
    "stdDev": 384001.6079966333,
    "confidence": 953449.0673137455,
    "low": 490897.4663431273,
    "high": 1444346.5336568728,
    "count": 5
  },
  "Compilation.build module graph": {
    "min": 994.140109,
    "max": 1151.096799,
    "mean": 1064.6581472,
    "median": 1085.839481,
    "variance": 3420.9082047079437,
    "stdDev": 58.48853053982416,
    "confidence": 145.22292024421893,
    "low": 992.0466870778906,
    "high": 1137.2696073221096,
    "count": 5
  },
  "Compilation.finish modules": {
    "min": 5.144417,
    "max": 9.045598,
    "mean": 6.1465912000000005,
    "median": 5.278264,
    "variance": 2.2025914840861605,
    "stdDev": 1.4841130294172882,
    "confidence": 3.68494858932595,
    "low": 4.304116905337025,
    "high": 7.9890654946629756,
    "count": 5
  },
  "Compilation.seal": {
    "min": 0.002799,
    "max": 0.00421,
    "mean": 0.0034822000000000004,
    "median": 0.003481,
    "variance": 2.0360056000000012e-7,
    "stdDev": 0.0004512211874458026,
    "confidence": 0.001120350569798065,
    "low": 0.002922024715100968,
    "high": 0.004042375284899033,
    "count": 5
  },
  "Compilation.optimize dependencies": {
    "min": 3.029474,
    "max": 3.551926,
    "mean": 3.2503872,
    "median": 3.220403,
    "variance": 0.03689052085975998,
    "stdDev": 0.19206905232171054,
    "confidence": 0.4768939894584383,
    "low": 3.011940205270781,
    "high": 3.488834194729219,
    "count": 5
  },
  "Compilation.rebuild chunk graph": {
    "min": 6.690211,
    "max": 7.061817,
    "mean": 6.9196924,
    "median": 6.983403,
    "variance": 0.01680447305904,
    "stdDev": 0.12963206801960694,
    "confidence": 0.32186733537930934,
    "low": 6.758758732310345,
    "high": 7.080626067689654,
    "count": 5
  },
  "Compilation.build chunk graph": {
    "min": 7.207873,
    "max": 7.49486,
    "mean": 7.3838752,
    "median": 7.426186,
    "variance": 0.01043918216776,
    "stdDev": 0.10217231605361601,
    "confidence": 0.2536866966647171,
    "low": 7.257031851667642,
    "high": 7.510718548332359,
    "count": 5
  },
  "Compilation.optimize modules": {
    "min": 0.006393,
    "max": 0.007481,
    "mean": 0.006875200000000001,
    "median": 0.006975,
    "variance": 1.6470735999999995e-7,
    "stdDev": 0.0004058415454336827,
    "confidence": 0.0010076761006019182,
    "low": 0.0063713619496990415,
    "high": 0.00737903805030096,
    "count": 5
  },
  "Compilation.optimize chunks": {
    "min": 5.897947,
    "max": 6.344294,
    "mean": 6.0882514,
    "median": 6.027594,
    "variance": 0.03076737593823997,
    "stdDev": 0.17540631669994092,
    "confidence": 0.435521585263686,
    "low": 5.870490607368157,
    "high": 6.306012192631843,
    "count": 5
  },
  "Compilation.optimize tree": {
    "min": 0.002312,
    "max": 0.003473,
    "mean": 0.0027014,
    "median": 0.002548,
    "variance": 1.6579264000000003e-7,
    "stdDev": 0.00040717642367897486,
    "confidence": 0.001010990509686274,
    "low": 0.002195904745156863,
    "high": 0.003206895254843137,
    "count": 5
  },
  "Compilation.optimize chunk modules": {
    "min": 0.003094,
    "max": 0.004219,
    "mean": 0.0035833999999999996,
    "median": 0.00358,
    "variance": 1.499258399999999e-7,
    "stdDev": 0.00038720258263601486,
    "confidence": 0.0009613968628980809,
    "low": 0.003102701568550959,
    "high": 0.00406409843144904,
    "count": 5
  },
  "Compilation.module ids": {
    "min": 0.687609,
    "max": 0.7478,
    "mean": 0.710669,
    "median": 0.704957,
    "variance": 0.00040928961000000035,
    "stdDev": 0.020230907295521877,
    "confidence": 0.050231924268388184,
    "low": 0.6855530378658059,
    "high": 0.7357849621341941,
    "count": 5
  },
  "Compilation.chunk ids": {
    "min": 1.587358,
    "max": 1.982276,
    "mean": 1.7940352000000002,
    "median": 1.777103,
    "variance": 0.016650165595759988,
    "stdDev": 0.1290355206745801,
    "confidence": 0.32038615015018523,
    "low": 1.6338421249249075,
    "high": 1.9542282750750928,
    "count": 5
  },
  "Compilation.assign runtime ids": {
    "min": 0.001837,
    "max": 0.002268,
    "mean": 0.0020692,
    "median": 0.002171,
    "variance": 3.251776000000001e-8,
    "stdDev": 0.00018032681442314676,
    "confidence": 0.000447738836096008,
    "low": 0.0018453305819519962,
    "high": 0.002293069418048004,
    "count": 5
  },
  "Compilation.optimize code generation": {
    "min": 0.002027,
    "max": 0.004293,
    "mean": 0.0032306,
    "median": 0.00346,
    "variance": 5.8138424e-7,
    "stdDev": 0.0007624855670765185,
    "confidence": 0.0018931981992525212,
    "low": 0.0022840009003737395,
    "high": 0.004177199099626261,
    "count": 5
  },
  "Compilation.create module hashes": {
    "min": 2.36736,
    "max": 2.583748,
    "mean": 2.496633,
    "median": 2.526876,
    "variance": 0.006472402835199995,
    "stdDev": 0.08045124508172632,
    "confidence": 0.19975480047488237,
    "low": 2.396755599762559,
    "high": 2.5965104002374413,
    "count": 5
  },
  "Compilation.module code generation cache": {
    "min": 0,
    "max": 0,
    "mean": 0,
    "median": 0,
    "variance": 0,
    "stdDev": 0,
    "confidence": 0,
    "low": 0,
    "high": 0,
    "count": 5
  },
  "Compilation.code generation": {
    "min": 11.584952,
    "max": 12.242342,
    "mean": 11.7898164,
    "median": 11.709957,
    "variance": 0.0572738807434402,
    "stdDev": 0.23931962047320776,
    "confidence": 0.5942138370734646,
    "low": 11.492709481463267,
    "high": 12.086923318536732,
    "count": 5
  },
  "Compilation.runtime requirements.modules": {
    "min": 1.225788,
    "max": 1.476206,
    "mean": 1.3384253999999998,
    "median": 1.341348,
    "variance": 0.007669035154239992,
    "stdDev": 0.08757302754981121,
    "confidence": 0.21743768697953092,
    "low": 1.2297065565102343,
    "high": 1.4471442434897652,
    "count": 5
  },
  "Compilation.runtime requirements.chunks": {
    "min": 0.174661,
    "max": 0.200505,
    "mean": 0.1876954,
    "median": 0.187447,
    "variance": 0.00009510207903999997,
    "stdDev": 0.009752029483138367,
    "confidence": 0.024213605415933426,
    "low": 0.1755885972920333,
    "high": 0.19980220270796673,
    "count": 5
  },
  "Compilation.runtime requirements.entries": {
    "min": 0.800979,
    "max": 0.895518,
    "mean": 0.8441317999999999,
    "median": 0.841758,
    "variance": 0.001201298793760001,
    "stdDev": 0.03465975755483585,
    "confidence": 0.08605774774325559,
    "low": 0.8011029261283721,
    "high": 0.8871606738716277,
    "count": 5
  },
  "Compilation.runtime requirements": {
    "min": 2.280776,
    "max": 2.578933,
    "mean": 2.4131258000000004,