{
  "stats": {
    "min": 3662,
    "max": 3696,
    "mean": 3682.2,
    "median": 3689,
    "variance": 186.56,
    "stdDev": 13.658696863171098,
    "confidence": 33.91358659369416,
    "low": 3665.2432067031527,
    "high": 3699.156793296847,
    "count": 5
  },
  "heap memory": {
    "min": 53192872,
    "max": 58037216,
    "mean": 55526865.6,
    "median": 54557000,
    "variance": 3629506741744.6396,
    "stdDev": 1905126.4372068956,
    "confidence": 4730295.3603402525,
    "low": 53161717.919829875,
    "high": 57892013.28017013,
    "count": 5
  },
  "rss memory": {
    "min": 880287744,
    "max": 898248704,
    "mean": 892791193.6,
    "median": 895168512,
    "variance": 41531371411210.234,
    "stdDev": 6444483.79710976,
    "confidence": 16001201.395299196,
    "low": 884790592.9023504,
    "high": 900791794.2976496,
    "count": 5
  },
  "external memory": {
    "min": 32351394,
    "max": 32834453,
    "mean": 32633214,
    "median": 32664313,
    "variance": 24543059466.4,
    "stdDev": 156662.24646161564,
    "confidence": 388981.3731545955,
    "low": 32438723.313422702,
    "high": 32827704.686577298,
    "count": 5
  },
  "array buffers memory": {
    "min": 4238585,
    "max": 4392646,
    "mean": 4322248.6,
    "median": 4328753,
    "variance": 2686763738.6400003,
    "stdDev": 51834.00176177796,
    "confidence": 128700.19188914262,
    "low": 4257898.504055428,
    "high": 4386598.695944571,
    "count": 5
  },
  "Compilation.build module graph": {
    "min": 502,
    "max": 516,
    "mean": 507.8,
    "median": 508,
    "variance": 23.359999999999996,
    "stdDev": 4.833218389437828,
    "confidence": 12.000542366409888,
    "low": 501.79972881679504,
    "high": 513.8002711832049,
    "count": 5
  },
  "Compilation.finish modules": {
    "min": 17,
    "max": 18,
    "mean": 17.6,
    "median": 18,
    "variance": 0.24,
    "stdDev": 0.4898979485566356,
    "confidence": 1.2163822557074724,
    "low": 16.991808872146265,
    "high": 18.208191127853738,
    "count": 5
  },
  "Compilation.seal": {
    "min": 0,
    "max": 0,
    "mean": 0,
    "median": 0,
    "variance": 0,
    "stdDev": 0,
    "confidence": 0,
    "low": 0,
    "high": 0,
    "count": 5
  },
  "Compilation.optimize dependencies": {
    "min": 22,
    "max": 25,
    "mean": 23.2,
    "median": 23,
    "variance": 1.3599999999999999,
    "stdDev": 1.16619037896906,
    "confidence": 2.895568940294808,
    "low": 21.752215529852595,
    "high": 24.647784470147403,
    "count": 5
  },
  "Compilation.rebuild chunk graph": {
    "min": 11,
    "max": 12,
    "mean": 11.4,
    "median": 11,
    "variance": 0.24000000000000005,
    "stdDev": 0.48989794855663565,
    "confidence": 1.2163822557074724,
    "low": 10.791808872146264,
    "high": 12.008191127853737,
    "count": 5
  },
  "Compilation.build chunk graph": {
    "min": 11,
    "max": 12,
    "mean": 11.4,
    "median": 11,
    "variance": 0.24000000000000005,
    "stdDev": 0.48989794855663565,
    "confidence": 1.2163822557074724,
    "low": 10.791808872146264,
    "high": 12.008191127853737,
    "count": 5
  },
  "Compilation.optimize modules": {
    "min": 0,
    "max": 0,
    "mean": 0,
    "median": 0,
    "variance": 0,
    "stdDev": 0,
    "confidence": 0,
    "low": 0,
    "high": 0,
    "count": 5
  },
  "Compilation.optimize chunks": {
    "min": 6,
    "max": 7,
    "mean": 6.4,
    "median": 6,
    "variance": 0.24000000000000005,
    "stdDev": 0.48989794855663565,
    "confidence": 1.2163822557074724,
    "low": 5.791808872146264,
    "high": 7.0081911278537365,
    "count": 5
  },
  "Compilation.optimize tree": {
    "min": 0,
    "max": 0,
    "mean": 0,
    "median": 0,
    "variance": 0,
    "stdDev": 0,
    "confidence": 0,
    "low": 0,
    "high": 0,
    "count": 5
  },
  "Compilation.optimize chunk modules": {
    "min": 25,
    "max": 27,
    "mean": 26.2,
    "median": 26,
    "variance": 0.56,
    "stdDev": 0.7483314773547883,
    "confidence": 1.858054586926876,
    "low": 25.27097270653656,
    "high": 27.129027293463437,
    "count": 5
  },
  "Compilation.module ids": {
    "min": 0,
    "max": 0,
    "mean": 0,
    "median": 0,
    "variance": 0,
    "stdDev": 0,
    "confidence": 0,
    "low": 0,
    "high": 0,
    "count": 5
  },
  "Compilation.chunk ids": {
    "min": 0,
    "max": 0,
    "mean": 0,
    "median": 0,
    "variance": 0,
    "stdDev": 0,
    "confidence": 0,
    "low": 0,
    "high": 0,
    "count": 5
  },
  "Compilation.assign runtime ids": {
    "min": 0,
    "max": 0,
    "mean": 0,
    "median": 0,
    "variance": 0,
    "stdDev": 0,
    "confidence": 0,
    "low": 0,
    "high": 0,
    "count": 5
  },
  "Compilation.optimize code generation": {
    "min": 3,
    "max": 3,
    "mean": 3,
    "median": 3,
    "variance": 0,
    "stdDev": 0,
    "confidence": 0,
    "low": 3,
    "high": 3,
    "count": 5
  },
  "Compilation.create module hashes": {
    "min": 12,
    "max": 14,
    "mean": 12.6,
    "median": 12,
    "variance": 0.64,
    "stdDev": 0.8,
    "confidence": 1.986343905772614,
    "low": 11.606828047113693,
    "high": 13.593171952886307,
    "count": 5
  },
  "Compilation.code generation": {
    "min": 101,
    "max": 106,
    "mean": 103,
    "median": 103,
    "variance": 3.6,
    "stdDev": 1.8973665961010275,
    "confidence": 4.711028218977248,
    "low": 100.64448589051138,
    "high": 105.35551410948862,
    "count": 5
  },
  "Compilation.runtime requirements.modules": {
    "min": 0,
    "max": 0,
    "mean": 0,
    "median": 0,
    "variance": 0,
    "stdDev": 0,
    "confidence": 0,
    "low": 0,
    "high": 0,
    "count": 5
  },
  "Compilation.runtime requirements.chunks": {
    "min": 0,
    "max": 0,
    "mean": 0,
    "median": 0,
    "variance": 0,
    "stdDev": 0,
    "confidence": 0,
    "low": 0,
    "high": 0,
    "count": 5
  },
  "Compilation.runtime requirements.entries": {
    "min": 0,
    "max": 0,
    "mean": 0,
    "median": 0,
    "variance": 0,
    "stdDev": 0,
    "confidence": 0,
    "low": 0,
    "high": 0,
    "count": 5
  },
  "Compilation.runtime requirements": {
    "min": 0,
    "max": 0,
    "mean": 0,
    "median": 0,
    "variance": 0,
    "stdDev": 0,
    "confidence": 0,
    "low": 0,
    "high": 0,
    "count": 5
  },
  "Compilation.hashing: hash chunks": {
    "min": 0,
    "max": 0,
    "mean": 0,
    "median": 0,
    "variance": 0,
    "stdDev": 0,
    "confidence": 0,
    "low": 0,
    "high": 0,
    "count": 5
  },
  "Compilation.hashing: hash runtime chunks": {
    "min": 0,
    "max": 0,
    "mean": 0,
    "median": 0,
    "variance": 0,
    "stdDev": 0,
    "confidence": 0,
    "low": 0,
    "high": 0,
    "count": 5
  },
  "Compilation.hashing: process full hash chunks": {
    "min": 0,
    "max": 0,
    "mean": 0,
    "median": 0,
    "variance": 0,
    "stdDev": 0,
    "confidence": 0,
    "low": 0,
    "high": 0,
    "count": 5
  },
  "Compilation.hashing": {
    "min": 0,
    "max": 0,
    "mean": 0,
    "median": 0,
    "variance": 0,
    "stdDev": 0,
    "confidence": 0,
    "low": 0,
    "high": 0,
    "count": 5
  },
  "Compilation.create module assets": {
    "min": 0,
    "max": 0,
    "mean": 0,
    "median": 0,
    "variance": 0,
    "stdDev": 0,
    "confidence": 0,
    "low": 0,
    "high": 0,
    "count": 5
  },
  "Compilation.create chunk assets": {
    "min": 0,
    "max": 0,
    "mean": 0,
    "median": 0,
    "variance": 0,
    "stdDev": 0,
    "confidence": 0,
    "low": 0,
    "high": 0,
    "count": 5
  },
  "Compilation.process assets": {
    "min": 2923,
    "max": 2956,
    "mean": 2938,
    "median": 2940,
    "variance": 142,
    "stdDev": 11.916375287812984,
    "confidence": 29.587524289808243,
    "low": 2923.206237855096,
    "high": 2952.793762144904,
    "count": 5
  },
  "Compilation.after process assets": {
    "min": 0,
    "max": 0,
    "mean": 0,
    "median": 0,
    "variance": 0,
    "stdDev": 0,
    "confidence": 0,
    "low": 0,
    "high": 0,