{
  "stats": {
    "min": 3005,
    "max": 3038,
    "mean": 3020,
    "median": 3023,
    "variance": 129.6,
    "stdDev": 11.384199576606166,
    "confidence": 28.26616931386343,
    "low": 3005.8669153430683,
    "high": 3034.1330846569317,
    "count": 5
  },
  "heap memory": {
    "min": 9725536,
    "max": 9744648,
    "mean": 9737033.6,
    "median": 9738128,
    "variance": 42037591.04000001,
    "stdDev": 6483.640261458065,
    "confidence": 16098.424150712788,
    "low": 9728984.387924643,
    "high": 9745082.812075356,
    "count": 5
  },
  "rss memory": {
    "min": 589414400,
    "max": 640335872,
    "mean": 626203033.6,
    "median": 636481536,
    "variance": 356037639683440.6,
    "stdDev": 18868959.68736593,
    "confidence": 46850303.854085445,
    "low": 602777881.6729573,
    "high": 649628185.5270427,
    "count": 5
  },
  "external memory": {
    "min": 1503666,
    "max": 1503666,
    "mean": 1503666,
    "median": 1503666,
    "variance": 0,
    "stdDev": 0,
    "confidence": 0,
    "low": 1503666,
    "high": 1503666,
    "count": 5
  },
  "array buffers memory": {
    "min": 10515,
    "max": 10515,
    "mean": 10515,
    "median": 10515,
    "variance": 0,
    "stdDev": 0,
    "confidence": 0,
    "low": 10515,
    "high": 10515,
    "count": 5
  },
  "Compilation.finish modules": {
    "min": 12,
    "max": 13,
    "mean": 12.6,
    "median": 13,
    "variance": 0.24000000000000005,
    "stdDev": 0.48989794855663565,
    "confidence": 1.2163822557074724,
    "low": 11.991808872146263,
    "high": 13.208191127853736,
    "count": 5
  },
  "Compilation.optimize dependencies": {
    "min": 26,
    "max": 26,
    "mean": 26,
    "median": 26,
    "variance": 0,
    "stdDev": 0,
    "confidence": 0,
    "low": 26,
    "high": 26,
    "count": 5
  },
  "Compilation.rebuild chunk graph": {
    "min": 10,
    "max": 11,
    "mean": 10.2,
    "median": 10,
    "variance": 0.16,
    "stdDev": 0.4,
    "confidence": 0.993171952886307,
    "low": 9.703414023556846,
    "high": 10.696585976443153,
    "count": 5
  },
  "Compilation.create chunks": {
    "min": 18,
    "max": 19,
    "mean": 18.4,
    "median": 18,
    "variance": 0.24,
    "stdDev": 0.4898979485566356,
    "confidence": 1.2163822557074724,
    "low": 17.791808872146262,
    "high": 19.008191127853735,
    "count": 5
  },
  "Compilation.optimize": {
    "min": 24,
    "max": 25,
    "mean": 24.4,
    "median": 24,
    "variance": 0.24,
    "stdDev": 0.4898979485566356,
    "confidence": 1.2163822557074724,
    "low": 23.791808872146262,
    "high": 25.008191127853735,
    "count": 5
  },
  "Compilation.module ids": {
    "min": 0,
    "max": 0,
    "mean": 0,
    "median": 0,
    "variance": 0,
    "stdDev": 0,
    "confidence": 0,
    "low": 0,
    "high": 0,
    "count": 5
  },
  "Compilation.chunk ids": {
    "min": 0,
    "max": 0,
    "mean": 0,
    "median": 0,
    "variance": 0,
    "stdDev": 0,
    "confidence": 0,
    "low": 0,
    "high": 0,
    "count": 5
  },
  "Compilation.optimize code generation": {
    "min": 3,
    "max": 3,
    "mean": 3,
    "median": 3,
    "variance": 0,
    "stdDev": 0,
    "confidence": 0,
    "low": 3,
    "high": 3,
    "count": 5
  },
  "Compilation.module code generation cache": {
    "min": 0,
    "max": 0,
    "mean": 0,
    "median": 0,
    "variance": 0,
    "stdDev": 0,
    "confidence": 0,
    "low": 0,
    "high": 0,
    "count": 5
  },
  "Compilation.code generation": {
    "min": 131,
    "max": 133,
    "mean": 131.8,
    "median": 132,
    "variance": 0.5599999999999999,
    "stdDev": 0.7483314773547882,
    "confidence": 1.858054586926869,
    "low": 130.87097270653658,
    "high": 132.72902729346345,
    "count": 5
  },
  "Compilation.runtime requirements.modules": {
    "min": 0,
    "max": 1,
    "mean": 0.6,
    "median": 1,
    "variance": 0.24000000000000005,
    "stdDev": 0.48989794855663565,
    "confidence": 1.2081911278537363,
    "low": 0,
    "high": 1.2081911278537363,
    "count": 5
  },
  "Compilation.runtime requirements.chunks": {
    "min": 0,
    "max": 0,
    "mean": 0,
    "median": 0,
    "variance": 0,
    "stdDev": 0,
    "confidence": 0,
    "low": 0,
    "high": 0,
    "count": 5
  },
  "Compilation.runtime requirements.entries": {
    "min": 0,
    "max": 0,
    "mean": 0,
    "median": 0,
    "variance": 0,
    "stdDev": 0,
    "confidence": 0,
    "low": 0,
    "high": 0,
    "count": 5
  },
  "Compilation.runtime requirements": {
    "min": 1,
    "max": 1,
    "mean": 1,
    "median": 1,
    "variance": 0,
    "stdDev": 0,
    "confidence": 0,
    "low": 1,
    "high": 1,
    "count": 5
  },
  "Compilation.hashing: hash chunks": {
    "min": 0,
    "max": 0,
    "mean": 0,
    "median": 0,
    "variance": 0,
    "stdDev": 0,
    "confidence": 0,
    "low": 0,
    "high": 0,
    "count": 5
  },
  "Compilation.hashing: hash runtime chunks": {
    "min": 0,
    "max": 1,
    "mean": 0.6,
    "median": 1,
    "variance": 0.24000000000000005,
    "stdDev": 0.48989794855663565,
    "confidence": 1.2081911278537363,
    "low": 0,
    "high": 1.2081911278537363,
    "count": 5
  },
  "Compilation.hashing: process full hash chunks": {
    "min": 0,
    "max": 0,
    "mean": 0,
    "median": 0,
    "variance": 0,
    "stdDev": 0,
    "confidence": 0,
    "low": 0,
    "high": 0,
    "count": 5
  },
  "Compilation.hashing": {
    "min": 0,
    "max": 1,
    "mean": 0.6,
    "median": 1,
    "variance": 0.24000000000000005,
    "stdDev": 0.48989794855663565,
    "confidence": 1.2081911278537363,
    "low": 0,
    "high": 1.2081911278537363,
    "count": 5
  },
  "Compilation.create module assets": {
    "min": 0,
    "max": 0,
    "mean": 0,
    "median": 0,
    "variance": 0,
    "stdDev": 0,
    "confidence": 0,
    "low": 0,
    "high": 0,
    "count": 5
  },
  "Compilation.create chunk assets": {
    "min": 0,
    "max": 1,
    "mean": 0.6,
    "median": 1,
    "variance": 0.24000000000000005,
    "stdDev": 0.48989794855663565,
    "confidence": 1.2081911278537363,
    "low": 0,
    "high": 1.2081911278537363,
    "count": 5
  },
  "Compilation.process assets": {
    "min": 2630,
    "max": 2668,
    "mean": 2645.2,
    "median": 2639,
    "variance": 194.16,
    "stdDev": 13.934130758680285,
    "confidence": 34.59746964342958,
    "low": 2627.901265178285,
    "high": 2662.4987348217146,
    "count": 5
  },
  "Compilation.after process assets": {
    "min": 0,
    "max": 0,
    "mean": 0,
    "median": 0,
    "variance": 0,
    "stdDev": 0,
    "confidence": 0,
    "low": 0,
    "high": 0,
    "count": 5
  },
  "Compilation.after seal": {
    "min": 0,
    "max": 0,
    "mean": 0,
    "median": 0,
    "variance": 0,
    "stdDev": 0,
    "confidence": 0,
    "low": 0,
    "high": 0,
    "count": 5
  },
  "Compiler.make hook": {
    "min": 63,
    "max": 66,
    "mean": 64,
    "median": 64,
    "variance": 1.2,
    "stdDev": 1.0954451150103321,
    "confidence": 2.7199134103864466,
    "low": 62.64004329480678,
    "high": 65.35995670519323,
    "count": 5
  },
  "Compiler.make": {
    "min": 64,
    "max": 67,
    "mean": 65,
    "median": 65,
    "variance": 1.2,
    "stdDev": 1.0954451150103321,
    "confidence": 2.7199134103864466,
    "low": 63.64004329480678,
    "high": 66.35995670519323,
    "count": 5
  },
  "Compiler.finish make hook": {
    "min": 0,
    "max": 0,
    "mean": 0,
    "median": 0,
    "variance": 0,
    "stdDev": 0,
    "confidence": 0,
    "low": 0,
    "high": 0,
    "count": 5
  },
  "Compiler.finish compilation": {
    "min": 0,
    "max": 0,
    "mean": 0,
    "median": 0,
    "variance": 0,
    "stdDev": 0,
    "confidence": 0,
    "low": 0,
    "high": 0,
    "count": 5
  },
  "Compiler.seal compilation": {
    "min": 2939,
    "max": 2975,
    "mean": 2953.4,
    "median": 2947,
    "variance": 175.44,
    "stdDev": 13.245376551838758,
    "confidence": 32.88734124176062,
    "low": 2936.95632937912,
    "high": 2969.8436706208804,
    "count": 5
  },