{
  "stats": {
    "min": 1159,
    "max": 1210,
    "mean": 1193.8,
    "median": 1200,
    "variance": 324.15999999999997,
    "stdDev": 18.00444389588304,
    "confidence": 44.70377176176544,
    "low": 1171.4481141191172,
    "high": 1216.1518858808827,
    "count": 5
  },
  "heap memory": {
    "min": 7715032,
    "max": 7747512,
    "mean": 7730212.8,
    "median": 7731000,
    "variance": 110785807.35999998,
    "stdDev": 10525.483711450033,
    "confidence": 26134.03803193383,
    "low": 7717145.780984033,
    "high": 7743279.819015967,
    "count": 5
  },
  "rss memory": {
    "min": 587984896,
    "max": 613232640,
    "mean": 600564531.2,
    "median": 599609344,
    "variance": 103957169501634.58,
    "stdDev": 10195938.87298441,
    "confidence": 25315801.30497837,
    "low": 587906630.5475109,
    "high": 613222431.8524892,
    "count": 5
  },
  "external memory": {
    "min": 29229567,
    "max": 29229567,
    "mean": 29229567,
    "median": 29229567,
    "variance": 0,
    "stdDev": 0,
    "confidence": 0,
    "low": 29229567,
    "high": 29229567,
    "count": 5
  },
  "array buffers memory": {
    "min": 10515,
    "max": 10515,
    "mean": 10515,
    "median": 10515,
    "variance": 0,
    "stdDev": 0,
    "confidence": 0,
    "low": 10515,
    "high": 10515,
    "count": 5
  },
  "Compilation.finish modules": {
    "min": 26,
    "max": 26,
    "mean": 26,
    "median": 26,
    "variance": 0,
    "stdDev": 0,
    "confidence": 0,
    "low": 26,
    "high": 26,
    "count": 5
  },
  "Compilation.optimize dependencies": {
    "min": 1,
    "max": 1,
    "mean": 1,
    "median": 1,
    "variance": 0,
    "stdDev": 0,
    "confidence": 0,
    "low": 1,
    "high": 1,
    "count": 5
  },
  "Compilation.rebuild chunk graph": {
    "min": 32,
    "max": 33,
    "mean": 32.2,
    "median": 32,
    "variance": 0.16,
    "stdDev": 0.4,
    "confidence": 0.9931719528863034,
    "low": 31.70341402355685,
    "high": 32.69658597644315,
    "count": 5
  },
  "Compilation.create chunks": {
    "min": 58,
    "max": 63,
    "mean": 60.8,
    "median": 61,
    "variance": 2.96,
    "stdDev": 1.7204650534085253,
    "confidence": 4.271794092415973,
    "low": 58.66410295379201,
    "high": 62.935897046207984,
    "count": 5
  },
  "Compilation.optimize": {
    "min": 0,
    "max": 0,
    "mean": 0,
    "median": 0,
    "variance": 0,
    "stdDev": 0,
    "confidence": 0,
    "low": 0,
    "high": 0,
    "count": 5
  },
  "Compilation.module ids": {
    "min": 10,
    "max": 10,
    "mean": 10,
    "median": 10,
    "variance": 0,
    "stdDev": 0,
    "confidence": 0,
    "low": 10,
    "high": 10,
    "count": 5
  },
  "Compilation.chunk ids": {
    "min": 4,
    "max": 4,
    "mean": 4,
    "median": 4,
    "variance": 0,
    "stdDev": 0,
    "confidence": 0,
    "low": 4,
    "high": 4,
    "count": 5
  },
  "Compilation.optimize code generation": {
    "min": 0,
    "max": 0,
    "mean": 0,
    "median": 0,
    "variance": 0,
    "stdDev": 0,
    "confidence": 0,
    "low": 0,
    "high": 0,
    "count": 5
  },
  "Compilation.module code generation cache": {
    "min": 0,
    "max": 0,
    "mean": 0,
    "median": 0,
    "variance": 0,
    "stdDev": 0,
    "confidence": 0,
    "low": 0,
    "high": 0,
    "count": 5
  },
  "Compilation.code generation": {
    "min": 68,
    "max": 72,
    "mean": 70,
    "median": 70,
    "variance": 1.6,
    "stdDev": 1.2649110640673518,
    "confidence": 3.140685479318165,
    "low": 68.42965726034092,
    "high": 71.57034273965908,
    "count": 5
  },
  "Compilation.runtime requirements.modules": {
    "min": 7,
    "max": 8,
    "mean": 7.4,
    "median": 7,
    "variance": 0.24000000000000005,
    "stdDev": 0.48989794855663565,
    "confidence": 1.2163822557074724,
    "low": 6.791808872146264,
    "high": 8.008191127853737,
    "count": 5
  },
  "Compilation.runtime requirements.chunks": {
    "min": 0,
    "max": 0,
    "mean": 0,
    "median": 0,
    "variance": 0,
    "stdDev": 0,
    "confidence": 0,
    "low": 0,
    "high": 0,
    "count": 5
  },
  "Compilation.runtime requirements.entries": {
    "min": 0,
    "max": 0,
    "mean": 0,
    "median": 0,
    "variance": 0,
    "stdDev": 0,
    "confidence": 0,
    "low": 0,
    "high": 0,
    "count": 5
  },
  "Compilation.runtime requirements": {
    "min": 8,
    "max": 9,
    "mean": 8.8,
    "median": 9,
    "variance": 0.15999999999999998,
    "stdDev": 0.39999999999999997,
    "confidence": 0.993171952886307,
    "low": 8.303414023556847,
    "high": 9.296585976443154,
    "count": 5
  },
  "Compilation.hashing: hash chunks": {
    "min": 1,
    "max": 1,
    "mean": 1,
    "median": 1,
    "variance": 0,
    "stdDev": 0,
    "confidence": 0,
    "low": 1,
    "high": 1,
    "count": 5
  },
  "Compilation.hashing: hash runtime chunks": {
    "min": 4,
    "max": 4,
    "mean": 4,
    "median": 4,
    "variance": 0,
    "stdDev": 0,
    "confidence": 0,
    "low": 4,
    "high": 4,
    "count": 5
  },
  "Compilation.hashing: process full hash chunks": {
    "min": 0,
    "max": 0,
    "mean": 0,
    "median": 0,
    "variance": 0,
    "stdDev": 0,
    "confidence": 0,
    "low": 0,
    "high": 0,
    "count": 5
  },
  "Compilation.hashing": {
    "min": 6,
    "max": 6,
    "mean": 6,
    "median": 6,
    "variance": 0,
    "stdDev": 0,
    "confidence": 0,
    "low": 6,
    "high": 6,
    "count": 5
  },
  "Compilation.create module assets": {
    "min": 0,
    "max": 1,
    "mean": 0.6,
    "median": 1,
    "variance": 0.24000000000000005,
    "stdDev": 0.48989794855663565,
    "confidence": 1.2081911278537363,
    "low": 0,
    "high": 1.2081911278537363,
    "count": 5
  },
  "Compilation.create chunk assets": {
    "min": 11,
    "max": 13,
    "mean": 12,
    "median": 12,
    "variance": 0.4,
    "stdDev": 0.6324555320336759,
    "confidence": 1.570342739659086,
    "low": 11.214828630170457,
    "high": 12.785171369829543,
    "count": 5
  },
  "Compilation.process assets": {
    "min": 100,
    "max": 101,
    "mean": 100.4,
    "median": 100,
    "variance": 0.24,
    "stdDev": 0.4898979485566356,
    "confidence": 1.2163822557074866,
    "low": 99.79180887214626,
    "high": 101.00819112785375,
    "count": 5
  },
  "Compilation.after process assets": {
    "min": 0,
    "max": 0,
    "mean": 0,
    "median": 0,
    "variance": 0,
    "stdDev": 0,
    "confidence": 0,
    "low": 0,
    "high": 0,
    "count": 5
  },
  "Compilation.after seal": {
    "min": 0,
    "max": 0,
    "mean": 0,
    "median": 0,
    "variance": 0,
    "stdDev": 0,
    "confidence": 0,
    "low": 0,
    "high": 0,
    "count": 5
  },
  "Compiler.make hook": {
    "min": 0,
    "max": 0,
    "mean": 0,
    "median": 0,
    "variance": 0,
    "stdDev": 0,
    "confidence": 0,
    "low": 0,
    "high": 0,
    "count": 5
  },
  "Compiler.make": {
    "min": 794,
    "max": 837,
    "mean": 822.4,
    "median": 827,
    "variance": 220.23999999999995,
    "stdDev": 14.840485167271316,
    "confidence": 36.847884088397905,
    "low": 803.976057955801,
    "high": 840.8239420441989,
    "count": 5
  },
  "Compiler.finish make hook": {
    "min": 0,
    "max": 0,
    "mean": 0,
    "median": 0,
    "variance": 0,
    "stdDev": 0,
    "confidence": 0,
    "low": 0,
    "high": 0,
    "count": 5
  },
  "Compiler.finish compilation": {
    "min": 0,
    "max": 0,
    "mean": 0,
    "median": 0,
    "variance": 0,
    "stdDev": 0,
    "confidence": 0,
    "low": 0,
    "high": 0,
    "count": 5
  },
  "Compiler.seal compilation": {
    "min": 1118,
    "max": 1167,
    "mean": 1151.4,
    "median": 1156,
    "variance": 297.04,
    "stdDev": 17.23484841824842,
    "confidence": 42.79292015312831,
    "low": 1130.003539923436,
    "high": 1172.7964600765642,
    "count": 5
  },
  "Compiler.emitAssets": {
    "min": 31,
    "max": 35,
    "mean": 33,
    "median": 33,
    "variance": 2,
    "stdDev": 1.4142135623730951,
    "confidence": 3.5113931138509713,