{
  "stats": {
    "min": 1106,
    "max": 1129,
    "mean": 1118.6,
    "median": 1116,
    "variance": 82.64000000000001,
    "stdDev": 9.09065454189081,
    "confidence": 22.571457810960965,
    "low": 1107.3142710945194,
    "high": 1129.8857289054804,
    "count": 5
  },
  "heap memory": {
    "min": 20195000,
    "max": 20344152,
    "mean": 20270140.8,
    "median": 20293600,
    "variance": 3483997736.9600005,
    "stdDev": 59025.39908344543,
    "confidence": 146555.9271939993,
    "low": 20196862.836403,
    "high": 20343418.763597,
    "count": 5
  },
  "rss memory": {
    "min": 756670464,
    "max": 829300736,
    "mean": 785632460.8,
    "median": 776073216,
    "variance": 595861827443753,
    "stdDev": 24410281.18321772,
    "confidence": 60609016.58310056,
    "low": 755327952.5084497,
    "high": 815936969.0915502,
    "count": 5
  },
  "external memory": {
    "min": 7084475,
    "max": 7084475,
    "mean": 7084475,
    "median": 7084475,
    "variance": 0,
    "stdDev": 0,
    "confidence": 0,
    "low": 7084475,
    "high": 7084475,
    "count": 5
  },
  "array buffers memory": {
    "min": 5223910,
    "max": 5223910,
    "mean": 5223910,
    "median": 5223910,
    "variance": 0,
    "stdDev": 0,
    "confidence": 0,
    "low": 5223910,
    "high": 5223910,
    "count": 5
  },
  "Compilation.finish modules": {
    "min": 22,
    "max": 23,
    "mean": 22.8,
    "median": 23,
    "variance": 0.15999999999999998,
    "stdDev": 0.39999999999999997,
    "confidence": 0.993171952886307,
    "low": 22.303414023556847,
    "high": 23.296585976443154,
    "count": 5
  },
  "Compilation.optimize dependencies": {
    "min": 42,
    "max": 45,
    "mean": 43.4,
    "median": 43,
    "variance": 1.0399999999999998,
    "stdDev": 1.0198039027185568,
    "confidence": 2.5321015840601575,
    "low": 42.13394920796992,
    "high": 44.66605079203008,
    "count": 5
  },
  "Compilation.rebuild chunk graph": {
    "min": 37,
    "max": 39,
    "mean": 37.8,
    "median": 38,
    "variance": 0.5599999999999999,
    "stdDev": 0.7483314773547882,
    "confidence": 1.858054586926869,
    "low": 36.87097270653656,
    "high": 38.72902729346343,
    "count": 5
  },
  "Compilation.create chunks": {
    "min": 58,
    "max": 61,
    "mean": 59.4,
    "median": 59,
    "variance": 1.0399999999999998,
    "stdDev": 1.0198039027185568,
    "confidence": 2.5321015840601575,
    "low": 58.13394920796992,
    "high": 60.66605079203008,
    "count": 5
  },
  "Compilation.optimize": {
    "min": 108,
    "max": 110,
    "mean": 109,
    "median": 109,
    "variance": 0.4,
    "stdDev": 0.6324555320336759,
    "confidence": 1.5703427396590826,
    "low": 108.21482863017046,
    "high": 109.78517136982954,
    "count": 5
  },
  "Compilation.module ids": {
    "min": 3,
    "max": 4,
    "mean": 3.2,
    "median": 3,
    "variance": 0.15999999999999998,
    "stdDev": 0.39999999999999997,
    "confidence": 0.9931719528863061,
    "low": 2.703414023556847,
    "high": 3.6965859764431532,
    "count": 5
  },
  "Compilation.chunk ids": {
    "min": 3,
    "max": 3,
    "mean": 3,
    "median": 3,
    "variance": 0,
    "stdDev": 0,
    "confidence": 0,
    "low": 3,
    "high": 3,
    "count": 5
  },
  "Compilation.optimize code generation": {
    "min": 8,
    "max": 8,
    "mean": 8,
    "median": 8,
    "variance": 0,
    "stdDev": 0,
    "confidence": 0,
    "low": 8,
    "high": 8,
    "count": 5
  },
  "Compilation.module code generation cache": {
    "min": 0,
    "max": 0,
    "mean": 0,
    "median": 0,
    "variance": 0,
    "stdDev": 0,
    "confidence": 0,
    "low": 0,
    "high": 0,
    "count": 5
  },
  "Compilation.code generation": {
    "min": 159,
    "max": 162,
    "mean": 160.4,
    "median": 160,
    "variance": 1.04,
    "stdDev": 1.019803902718557,
    "confidence": 2.5321015840601717,
    "low": 159.13394920796992,
    "high": 161.6660507920301,
    "count": 5
  },
  "Compilation.runtime requirements.modules": {
    "min": 1,
    "max": 2,
    "mean": 1.6,
    "median": 2,
    "variance": 0.24,
    "stdDev": 0.4898979485566356,
    "confidence": 1.216382255707473,
    "low": 0.9918088721462637,
    "high": 2.2081911278537367,
    "count": 5
  },
  "Compilation.runtime requirements.chunks": {
    "min": 0,
    "max": 0,
    "mean": 0,
    "median": 0,
    "variance": 0,
    "stdDev": 0,
    "confidence": 0,
    "low": 0,
    "high": 0,
    "count": 5
  },
  "Compilation.runtime requirements.entries": {
    "min": 0,
    "max": 0,
    "mean": 0,
    "median": 0,
    "variance": 0,
    "stdDev": 0,
    "confidence": 0,
    "low": 0,
    "high": 0,
    "count": 5
  },
  "Compilation.runtime requirements": {
    "min": 3,
    "max": 3,
    "mean": 3,
    "median": 3,
    "variance": 0,
    "stdDev": 0,
    "confidence": 0,
    "low": 3,
    "high": 3,
    "count": 5
  },
  "Compilation.hashing: hash chunks": {
    "min": 0,
    "max": 0,
    "mean": 0,
    "median": 0,
    "variance": 0,
    "stdDev": 0,
    "confidence": 0,
    "low": 0,
    "high": 0,
    "count": 5
  },
  "Compilation.hashing: hash runtime chunks": {
    "min": 0,
    "max": 0,
    "mean": 0,
    "median": 0,
    "variance": 0,
    "stdDev": 0,
    "confidence": 0,
    "low": 0,
    "high": 0,
    "count": 5
  },
  "Compilation.hashing: process full hash chunks": {
    "min": 0,
    "max": 0,
    "mean": 0,
    "median": 0,
    "variance": 0,
    "stdDev": 0,
    "confidence": 0,
    "low": 0,
    "high": 0,
    "count": 5
  },
  "Compilation.hashing": {
    "min": 0,
    "max": 0,
    "mean": 0,
    "median": 0,
    "variance": 0,
    "stdDev": 0,
    "confidence": 0,
    "low": 0,
    "high": 0,
    "count": 5
  },
  "Compilation.create module assets": {
    "min": 0,
    "max": 1,
    "mean": 0.6,
    "median": 1,
    "variance": 0.24000000000000005,
    "stdDev": 0.48989794855663565,
    "confidence": 1.2081911278537363,
    "low": 0,
    "high": 1.2081911278537363,
    "count": 5
  },
  "Compilation.create chunk assets": {
    "min": 1,
    "max": 2,
    "mean": 1.6,
    "median": 2,
    "variance": 0.24,
    "stdDev": 0.4898979485566356,
    "confidence": 1.216382255707473,
    "low": 0.9918088721462637,
    "high": 2.2081911278537367,
    "count": 5
  },
  "Compilation.process assets": {
    "min": 468,
    "max": 489,
    "mean": 478.4,
    "median": 478,
    "variance": 88.24,
    "stdDev": 9.393614852653903,
    "confidence": 23.32368701968028,
    "low": 466.73815649015984,
    "high": 490.0618435098401,
    "count": 5
  },
  "Compilation.after process assets": {
    "min": 0,
    "max": 0,
    "mean": 0,
    "median": 0,
    "variance": 0,
    "stdDev": 0,
    "confidence": 0,
    "low": 0,
    "high": 0,
    "count": 5
  },
  "Compilation.after seal": {
    "min": 0,
    "max": 0,
    "mean": 0,
    "median": 0,
    "variance": 0,
    "stdDev": 0,
    "confidence": 0,
    "low": 0,
    "high": 0,
    "count": 5
  },
  "Compiler.make hook": {
    "min": 99,
    "max": 105,
    "mean": 103.4,
    "median": 105,
    "variance": 5.04,
    "stdDev": 2.244994432064365,
    "confidence": 5.574163760780635,
    "low": 100.61291811960969,
    "high": 106.18708188039032,
    "count": 5
  },
  "Compiler.make": {
    "min": 101,
    "max": 108,
    "mean": 105.6,
    "median": 106,
    "variance": 5.839999999999999,
    "stdDev": 2.416609194718914,
    "confidence": 6.000271183204973,
    "low": 102.59986440839751,
    "high": 108.60013559160248,
    "count": 5
  },
  "Compiler.finish make hook": {
    "min": 0,
    "max": 0,
    "mean": 0,
    "median": 0,
    "variance": 0,
    "stdDev": 0,
    "confidence": 0,
    "low": 0,
    "high": 0,
    "count": 5
  },
  "Compiler.finish compilation": {
    "min": 27,
    "max": 29,
    "mean": 28,
    "median": 28,
    "variance": 0.4,
    "stdDev": 0.6324555320336759,
    "confidence": 1.5703427396590826,
    "low": 27.21482863017046,
    "high": 28.78517136982954,
    "count": 5
  },
  "Compiler.seal compilation": {
    "min": 903,