{
  "stats": {
    "min": 1569,
    "max": 1621,
    "mean": 1595.4,
    "median": 1591,
    "variance": 367.04,
    "stdDev": 19.158288023724875,
    "confidence": 47.56868582620291,
    "low": 1571.6156570868986,
    "high": 1619.1843429131015,
    "count": 5
  },
  "heap memory": {
    "min": 33423840,
    "max": 35053512,
    "mean": 34450444.8,
    "median": 34594088,
    "variance": 326969614965.76,
    "stdDev": 571812.5697864293,
    "confidence": 1419770.516549319,
    "low": 33740559.54172534,
    "high": 35160330.05827466,
    "count": 5
  },
  "rss memory": {
    "min": 729427968,
    "max": 736567296,
    "mean": 732451635.2,
    "median": 732860416,
    "variance": 6255246741340.161,
    "stdDev": 2501049.128134064,
    "confidence": 6209929.617133856,
    "low": 729346670.3914331,
    "high": 735556600.008567,
    "count": 5
  },
  "external memory": {
    "min": 26671529,
    "max": 32623945,
    "mean": 31433461.8,
    "median": 32623945,
    "variance": 5669000997928.96,
    "stdDev": 2380966.4,
    "confidence": 5911772.623111699,
    "low": 28477575.488444153,
    "high": 34389348.11155585,
    "count": 5
  },
  "array buffers memory": {
    "min": 16623,
    "max": 16623,
    "mean": 16623,
    "median": 16623,
    "variance": 0,
    "stdDev": 0,
    "confidence": 0,
    "low": 16623,
    "high": 16623,
    "count": 5
  },
  "Compilation.finish modules": {
    "min": 27,
    "max": 28,
    "mean": 27.4,
    "median": 27,
    "variance": 0.24,
    "stdDev": 0.4898979485566356,
    "confidence": 1.2163822557074724,
    "low": 26.791808872146262,
    "high": 28.008191127853735,
    "count": 5
  },
  "Compilation.optimize dependencies": {
    "min": 1,
    "max": 1,
    "mean": 1,
    "median": 1,
    "variance": 0,
    "stdDev": 0,
    "confidence": 0,
    "low": 1,
    "high": 1,
    "count": 5
  },
  "Compilation.rebuild chunk graph": {
    "min": 55,
    "max": 58,
    "mean": 56.6,
    "median": 56,
    "variance": 1.44,
    "stdDev": 1.2,
    "confidence": 2.979515858658914,
    "low": 55.110242070670544,
    "high": 58.08975792932946,
    "count": 5
  },
  "Compilation.create chunks": {
    "min": 70,
    "max": 74,
    "mean": 71.8,
    "median": 71,
    "variance": 2.1599999999999997,
    "stdDev": 1.4696938456699067,
    "confidence": 3.6491467671224314,
    "low": 69.97542661643878,
    "high": 73.62457338356121,
    "count": 5
  },
  "Compilation.optimize": {
    "min": 0,
    "max": 0,
    "mean": 0,
    "median": 0,
    "variance": 0,
    "stdDev": 0,
    "confidence": 0,
    "low": 0,
    "high": 0,
    "count": 5
  },
  "Compilation.module ids": {
    "min": 10,
    "max": 10,
    "mean": 10,
    "median": 10,
    "variance": 0,
    "stdDev": 0,
    "confidence": 0,
    "low": 10,
    "high": 10,
    "count": 5
  },
  "Compilation.chunk ids": {
    "min": 6,
    "max": 7,
    "mean": 6.6,
    "median": 7,
    "variance": 0.24000000000000005,
    "stdDev": 0.48989794855663565,
    "confidence": 1.2163822557074724,
    "low": 5.9918088721462635,
    "high": 7.208191127853736,
    "count": 5
  },
  "Compilation.optimize code generation": {
    "min": 0,
    "max": 0,
    "mean": 0,
    "median": 0,
    "variance": 0,
    "stdDev": 0,
    "confidence": 0,
    "low": 0,
    "high": 0,
    "count": 5
  },
  "Compilation.module code generation cache": {
    "min": 0,
    "max": 0,
    "mean": 0,
    "median": 0,
    "variance": 0,
    "stdDev": 0,
    "confidence": 0,
    "low": 0,
    "high": 0,
    "count": 5
  },
  "Compilation.code generation": {
    "min": 113,
    "max": 115,
    "mean": 113.4,
    "median": 113,
    "variance": 0.64,
    "stdDev": 0.8,
    "confidence": 1.9863439057725998,
    "low": 112.4068280471137,
    "high": 114.3931719528863,
    "count": 5
  },
  "Compilation.runtime requirements.modules": {
    "min": 10,
    "max": 12,
    "mean": 11,
    "median": 11,
    "variance": 0.4,
    "stdDev": 0.6324555320336759,
    "confidence": 1.570342739659086,
    "low": 10.214828630170457,
    "high": 11.785171369829543,
    "count": 5
  },
  "Compilation.runtime requirements.chunks": {
    "min": 1,
    "max": 1,
    "mean": 1,
    "median": 1,
    "variance": 0,
    "stdDev": 0,
    "confidence": 0,
    "low": 1,
    "high": 1,
    "count": 5
  },
  "Compilation.runtime requirements.entries": {
    "min": 0,
    "max": 0,
    "mean": 0,
    "median": 0,
    "variance": 0,
    "stdDev": 0,
    "confidence": 0,
    "low": 0,
    "high": 0,
    "count": 5
  },
  "Compilation.runtime requirements": {
    "min": 13,
    "max": 15,
    "mean": 14.6,
    "median": 15,
    "variance": 0.6399999999999999,
    "stdDev": 0.7999999999999999,
    "confidence": 1.986343905772614,
    "low": 13.606828047113693,
    "high": 15.593171952886307,
    "count": 5
  },
  "Compilation.hashing: hash chunks": {
    "min": 2,
    "max": 3,
    "mean": 2.2,
    "median": 2,
    "variance": 0.15999999999999998,
    "stdDev": 0.39999999999999997,
    "confidence": 0.9931719528863063,
    "low": 1.703414023556847,
    "high": 2.6965859764431532,
    "count": 5
  },
  "Compilation.hashing: hash runtime chunks": {
    "min": 2,
    "max": 2,
    "mean": 2,
    "median": 2,
    "variance": 0,
    "stdDev": 0,
    "confidence": 0,
    "low": 2,
    "high": 2,
    "count": 5
  },
  "Compilation.hashing: process full hash chunks": {
    "min": 0,
    "max": 0,
    "mean": 0,
    "median": 0,
    "variance": 0,
    "stdDev": 0,
    "confidence": 0,
    "low": 0,
    "high": 0,
    "count": 5
  },
  "Compilation.hashing": {
    "min": 6,
    "max": 8,
    "mean": 7,
    "median": 7,
    "variance": 0.4,
    "stdDev": 0.6324555320336759,
    "confidence": 1.5703427396590843,
    "low": 6.214828630170458,
    "high": 7.785171369829542,
    "count": 5
  },
  "Compilation.create module assets": {
    "min": 0,
    "max": 0,
    "mean": 0,
    "median": 0,
    "variance": 0,
    "stdDev": 0,
    "confidence": 0,
    "low": 0,
    "high": 0,
    "count": 5
  },
  "Compilation.create chunk assets": {
    "min": 27,
    "max": 28,
    "mean": 27.4,
    "median": 27,
    "variance": 0.24,
    "stdDev": 0.4898979485566356,
    "confidence": 1.2163822557074724,
    "low": 26.791808872146262,
    "high": 28.008191127853735,
    "count": 5
  },
  "Compilation.process assets": {
    "min": 54,
    "max": 56,
    "mean": 55.2,
    "median": 55,
    "variance": 0.5599999999999999,
    "stdDev": 0.7483314773547882,
    "confidence": 1.858054586926869,
    "low": 54.27097270653657,
    "high": 56.12902729346344,
    "count": 5
  },
  "Compilation.after process assets": {
    "min": 0,
    "max": 0,
    "mean": 0,
    "median": 0,
    "variance": 0,
    "stdDev": 0,
    "confidence": 0,
    "low": 0,
    "high": 0,
    "count": 5
  },
  "Compilation.after seal": {
    "min": 0,
    "max": 0,
    "mean": 0,
    "median": 0,
    "variance": 0,
    "stdDev": 0,
    "confidence": 0,
    "low": 0,
    "high": 0,
    "count": 5
  },
  "Compiler.make hook": {
    "min": 0,
    "max": 0,
    "mean": 0,
    "median": 0,
    "variance": 0,
    "stdDev": 0,
    "confidence": 0,
    "low": 0,
    "high": 0,
    "count": 5
  },
  "Compiler.make": {
    "min": 1025,
    "max": 1050,
    "mean": 1032.2,
    "median": 1027,
    "variance": 84.56,
    "stdDev": 9.19565114605812,
    "confidence": 22.832157016979295,
    "low": 1020.7839214915103,
    "high": 1043.6160785084896,
    "count": 5
  },
  "Compiler.finish make hook": {
    "min": 0,
    "max": 0,
    "mean": 0,
    "median": 0,
    "variance": 0,
    "stdDev": 0,
    "confidence": 0,
    "low": 0,
    "high": 0,
    "count": 5
  },
  "Compiler.finish compilation": {
    "min": 32,
    "max": 34,
    "mean": 33,
    "median": 33,
    "variance": 0.8,
    "stdDev": 0.8944271909999159,
    "confidence": 2.220799999999997,
    "low": 31.8896,
    "high": 34.1104,
    "count": 5
  },
  "Compiler.seal compilation": {
    "min": 329,
    "max": 336,
    "mean": 333.2,
    "median": 334,
    "variance": 5.36,