{
  "stats": {
    "min": 1453,
    "max": 1602,
    "mean": 1502.8,
    "median": 1468,
    "variance": 3176.56,
    "stdDev": 56.36097940951701,
    "confidence": 139.94035996683715,
    "low": 1432.8298200165814,
    "high": 1572.7701799834185,
    "count": 5
  },
  "heap memory": {
    "min": 34010360,
    "max": 35236304,
    "mean": 34575708.8,
    "median": 34340992,
    "variance": 242119423912.96002,
    "stdDev": 492056.3218910616,
    "confidence": 1221741.3453564942,
    "low": 33964838.12732175,
    "high": 35186579.472678244,
    "count": 5
  },
  "rss memory": {
    "min": 864190464,
    "max": 884895744,
    "mean": 877207552,
    "median": 878817280,
    "variance": 48196056042700.8,
    "stdDev": 6942337.937806024,
    "confidence": 17237338.318218708,
    "low": 868588882.8408906,
    "high": 885826221.1591094,
    "count": 5
  },
  "external memory": {
    "min": 32621151,
    "max": 32621151,
    "mean": 32621151,
    "median": 32621151,
    "variance": 0,
    "stdDev": 0,
    "confidence": 0,
    "low": 32621151,
    "high": 32621151,
    "count": 5
  },
  "array buffers memory": {
    "min": 16623,
    "max": 16623,
    "mean": 16623,
    "median": 16623,
    "variance": 0,
    "stdDev": 0,
    "confidence": 0,
    "low": 16623,
    "high": 16623,
    "count": 5
  },
  "Compilation.finish modules": {
    "min": 27,
    "max": 29,
    "mean": 28,
    "median": 28,
    "variance": 0.4,
    "stdDev": 0.6324555320336759,
    "confidence": 1.5703427396590826,
    "low": 27.21482863017046,
    "high": 28.78517136982954,
    "count": 5
  },
  "Compilation.optimize dependencies": {
    "min": 0,
    "max": 1,
    "mean": 0.6,
    "median": 1,
    "variance": 0.24000000000000005,
    "stdDev": 0.48989794855663565,
    "confidence": 1.2081911278537363,
    "low": 0,
    "high": 1.2081911278537363,
    "count": 5
  },
  "Compilation.rebuild chunk graph": {
    "min": 44,
    "max": 57,
    "mean": 47.8,
    "median": 45,
    "variance": 22.96,
    "stdDev": 4.791659420284375,
    "confidence": 11.89735436002475,
    "low": 41.85132281998762,
    "high": 53.74867718001237,
    "count": 5
  },
  "Compilation.create chunks": {
    "min": 68,
    "max": 88,
    "mean": 73.6,
    "median": 70,
    "variance": 54.64,
    "stdDev": 7.391887445030531,
    "confidence": 18.353538223241856,
    "low": 64.42323088837907,
    "high": 82.77676911162092,
    "count": 5
  },
  "Compilation.optimize": {
    "min": 0,
    "max": 0,
    "mean": 0,
    "median": 0,
    "variance": 0,
    "stdDev": 0,
    "confidence": 0,
    "low": 0,
    "high": 0,
    "count": 5
  },
  "Compilation.module ids": {
    "min": 10,
    "max": 15,
    "mean": 11,
    "median": 10,
    "variance": 4,
    "stdDev": 2,
    "confidence": 4.965859764431531,
    "low": 8.517070117784234,
    "high": 13.482929882215766,
    "count": 5
  },
  "Compilation.chunk ids": {
    "min": 6,
    "max": 10,
    "mean": 6.8,
    "median": 6,
    "variance": 2.560000000000001,
    "stdDev": 1.6000000000000003,
    "confidence": 3.972687811545226,
    "low": 4.813656094227387,
    "high": 8.786343905772613,
    "count": 5
  },
  "Compilation.optimize code generation": {
    "min": 0,
    "max": 0,
    "mean": 0,
    "median": 0,
    "variance": 0,
    "stdDev": 0,
    "confidence": 0,
    "low": 0,
    "high": 0,
    "count": 5
  },
  "Compilation.module code generation cache": {
    "min": 0,
    "max": 0,
    "mean": 0,
    "median": 0,
    "variance": 0,
    "stdDev": 0,
    "confidence": 0,
    "low": 0,
    "high": 0,
    "count": 5
  },
  "Compilation.code generation": {
    "min": 103,
    "max": 163,
    "mean": 115.6,
    "median": 104,
    "variance": 562.24,
    "stdDev": 23.71160053644629,
    "confidence": 58.87424152710588,
    "low": 86.16287923644705,
    "high": 145.03712076355293,
    "count": 5
  },
  "Compilation.runtime requirements.modules": {
    "min": 8,
    "max": 14,
    "mean": 10.2,
    "median": 8,
    "variance": 4.56,
    "stdDev": 2.1354156504062622,
    "confidence": 5.302087329344925,
    "low": 7.548956335327537,
    "high": 12.851043664672462,
    "count": 5
  },
  "Compilation.runtime requirements.chunks": {
    "min": 0,
    "max": 0,
    "mean": 0,
    "median": 0,
    "variance": 0,
    "stdDev": 0,
    "confidence": 0,
    "low": 0,
    "high": 0,
    "count": 5
  },
  "Compilation.runtime requirements.entries": {
    "min": 0,
    "max": 1,
    "mean": 0.2,
    "median": 0,
    "variance": 0.16000000000000003,
    "stdDev": 0.4,
    "confidence": 0.6965859764431532,
    "low": 0,
    "high": 0.6965859764431532,
    "count": 5
  },
  "Compilation.runtime requirements": {
    "min": 10,
    "max": 17,
    "mean": 12.8,
    "median": 12,
    "variance": 5.359999999999999,
    "stdDev": 2.315167380558045,
    "confidence": 5.74839827151877,
    "low": 9.925800864240616,
    "high": 15.674199135759386,
    "count": 5
  },
  "Compilation.hashing: hash chunks": {
    "min": 1,
    "max": 2,
    "mean": 1.4,
    "median": 1,
    "variance": 0.24,
    "stdDev": 0.4898979485566356,
    "confidence": 1.216382255707473,
    "low": 0.7918088721462635,
    "high": 2.0081911278537365,
    "count": 5
  },
  "Compilation.hashing: hash runtime chunks": {
    "min": 1,
    "max": 3,
    "mean": 1.8,
    "median": 2,
    "variance": 0.56,
    "stdDev": 0.7483314773547883,
    "confidence": 1.8580545869268748,
    "low": 0.8709727065365626,
    "high": 2.7290272934634374,
    "count": 5
  },
  "Compilation.hashing: process full hash chunks": {
    "min": 0,
    "max": 0,
    "mean": 0,
    "median": 0,
    "variance": 0,
    "stdDev": 0,
    "confidence": 0,
    "low": 0,
    "high": 0,
    "count": 5
  },
  "Compilation.hashing": {
    "min": 5,
    "max": 8,
    "mean": 5.6,
    "median": 5,
    "variance": 1.44,
    "stdDev": 1.2,
    "confidence": 2.979515858658919,
    "low": 4.11024207067054,
    "high": 7.089757929329459,
    "count": 5
  },
  "Compilation.create module assets": {
    "min": 0,
    "max": 1,
    "mean": 0.2,
    "median": 0,
    "variance": 0.16000000000000003,
    "stdDev": 0.4,
    "confidence": 0.6965859764431532,
    "low": 0,
    "high": 0.6965859764431532,
    "count": 5
  },
  "Compilation.create chunk assets": {
    "min": 30,
    "max": 31,
    "mean": 30.4,
    "median": 30,
    "variance": 0.24,
    "stdDev": 0.4898979485566356,
    "confidence": 1.2163822557074724,
    "low": 29.791808872146262,
    "high": 31.008191127853735,
    "count": 5
  },
  "Compilation.process assets": {
    "min": 45,
    "max": 49,
    "mean": 47.4,
    "median": 48,
    "variance": 1.8400000000000003,
    "stdDev": 1.3564659966250538,
    "confidence": 3.368009957229944,
    "low": 45.71599502138503,
    "high": 49.08400497861497,
    "count": 5
  },
  "Compilation.after process assets": {
    "min": 0,
    "max": 0,
    "mean": 0,
    "median": 0,
    "variance": 0,
    "stdDev": 0,
    "confidence": 0,
    "low": 0,
    "high": 0,
    "count": 5
  },
  "Compilation.after seal": {
    "min": 0,
    "max": 0,
    "mean": 0,
    "median": 0,
    "variance": 0,
    "stdDev": 0,
    "confidence": 0,
    "low": 0,
    "high": 0,
    "count": 5
  },
  "Compiler.make hook": {
    "min": 0,
    "max": 0,
    "mean": 0,
    "median": 0,
    "variance": 0,
    "stdDev": 0,
    "confidence": 0,
    "low": 0,
    "high": 0,
    "count": 5
  },
  "Compiler.make": {
    "min": 936,
    "max": 941,
    "mean": 938.4,
    "median": 937,
    "variance": 4.64,
    "stdDev": 2.1540659228538015,
    "confidence": 5.348394648116482,
    "low": 935.7258026759417,
    "high": 941.0741973240582,
    "count": 5
  },
  "Compiler.finish make hook": {
    "min": 0,
    "max": 0,
    "mean": 0,
    "median": 0,
    "variance": 0,
    "stdDev": 0,
    "confidence": 0,
    "low": 0,
    "high": 0,
    "count": 5
  },
  "Compiler.finish compilation": {
    "min": 32,
    "max": 35,
    "mean": 33.6,
    "median": 34,
    "variance": 1.0399999999999998,
    "stdDev": 1.0198039027185568,