{
  "stats": {
    "min": 173,
    "max": 175.27272727272728,
    "mean": 174.16363636363639,
    "median": 174.45454545454547,
    "variance": 0.6062809917355458,
    "stdDev": 0.7786404765586913,
    "confidence": 1.9333097067503218,
    "low": 173.19698151026122,
    "high": 175.13029121701155,
    "count": 5
  },
  "heap memory": {
    "min": 73359818.18181819,
    "max": 100989423.27272727,
    "mean": 91141394.76363637,
    "median": 73359818.18181819,
    "variance": 101817417062117.16,
    "stdDev": 10090461.687262736,
    "confidence": 25053908.848657966,
    "low": 78614440.33930738,
    "high": 103668349.18796535,
    "count": 5
  },
  "rss memory": {
    "min": 813056744.7272727,
    "max": 857732933.8181819,
    "mean": 845415442.618182,
    "median": 850291246.5454545,
    "variance": 275467423450907.8,
    "stdDev": 16597211.31548634,
    "confidence": 41209711.93667078,
    "low": 824810586.6498466,
    "high": 866020298.5865173,
    "count": 5
  },
  "external memory": {
    "min": 43560951.63636363,
    "max": 47729652.27272727,
    "mean": 46340085.34545455,
    "median": 46340085.27272727,
    "variance": 2317075332749.153,
    "stdDev": 1522194.249348339,
    "confidence": 3779501.588243991,
    "low": 44450334.551332556,
    "high": 48229836.13957655,
    "count": 5
  },
  "array buffers memory": {
    "min": 18074846,
    "max": 23633114,
    "mean": 21965633.6,
    "median": 22243547,
    "variance": 4170736326576.2397,
    "stdDev": 2042238.0680459954,
    "confidence": 5070733.925749995,
    "low": 19430266.637125004,
    "high": 24501000.562875,
    "count": 5
  },
  "Compilation.build module graph": {
    "min": 6.090909090909091,
    "max": 6.2727272727272725,
    "mean": 6.181818181818182,
    "median": 6.181818181818182,
    "variance": 0.003305785123966936,
    "stdDev": 0.05749595745760684,
    "confidence": 0.14275843087809825,
    "low": 6.1104389663791325,
    "high": 6.253197397257231,
    "count": 5
  },
  "Compilation.finish modules": {
    "min": 10.181818181818182,
    "max": 10.545454545454545,
    "mean": 10.363636363636363,
    "median": 10.454545454545455,
    "variance": 0.023140495867768618,
    "stdDev": 0.15212000482437746,
    "confidence": 0.3777033056612531,
    "low": 10.174784710805737,
    "high": 10.55248801646699,
    "count": 5
  },
  "Compilation.seal": {
    "min": 0,
    "max": 0,
    "mean": 0,
    "median": 0,
    "variance": 0,
    "stdDev": 0,
    "confidence": 0,
    "low": 0,
    "high": 0,
    "count": 5
  },
  "Compilation.optimize dependencies": {
    "min": 2,
    "max": 2,
    "mean": 2,
    "median": 2,
    "variance": 0,
    "stdDev": 0,
    "confidence": 0,
    "low": 2,
    "high": 2,
    "count": 5
  },
  "Compilation.rebuild chunk graph": {
    "min": 34.72727272727273,
    "max": 35.54545454545455,
    "mean": 35.18181818181819,
    "median": 35.27272727272727,
    "variance": 0.08264462809917411,
    "stdDev": 0.28747978728803547,
    "confidence": 0.7137921543904895,
    "low": 34.82492210462294,
    "high": 35.53871425901343,
    "count": 5
  },
  "Compilation.build chunk graph": {
    "min": 43.45454545454545,
    "max": 44.54545454545455,
    "mean": 44.05454545454546,
    "median": 44,
    "variance": 0.1441322314049598,
    "stdDev": 0.3796475094149306,
    "confidence": 0.9426381458351187,
    "low": 43.5832263816279,
    "high": 44.52586452746302,
    "count": 5
  },
  "Compilation.optimize modules": {
    "min": 0,
    "max": 0,
    "mean": 0,
    "median": 0,
    "variance": 0,
    "stdDev": 0,
    "confidence": 0,
    "low": 0,
    "high": 0,
    "count": 5
  },
  "Compilation.optimize chunks": {
    "min": 21.727272727272727,
    "max": 22.90909090909091,
    "mean": 22.381818181818183,
    "median": 22.454545454545453,
    "variance": 0.15008264462809956,
    "stdDev": 0.38740501368477354,
    "confidence": 0.9618994849981348,
    "low": 21.900868439319115,
    "high": 22.86276792431725,
    "count": 5
  },
  "Compilation.optimize tree": {
    "min": 0,
    "max": 0,
    "mean": 0,
    "median": 0,
    "variance": 0,
    "stdDev": 0,
    "confidence": 0,
    "low": 0,
    "high": 0,
    "count": 5
  },
  "Compilation.optimize chunk modules": {
    "min": 0,
    "max": 0,
    "mean": 0,
    "median": 0,
    "variance": 0,
    "stdDev": 0,
    "confidence": 0,
    "low": 0,
    "high": 0,
    "count": 5
  },
  "Compilation.module ids": {
    "min": 0,
    "max": 0,
    "mean": 0,
    "median": 0,
    "variance": 0,
    "stdDev": 0,
    "confidence": 0,
    "low": 0,
    "high": 0,
    "count": 5
  },
  "Compilation.chunk ids": {
    "min": 3.6363636363636362,
    "max": 4,
    "mean": 3.8,
    "median": 3.727272727272727,
    "variance": 0.027768595041322335,
    "stdDev": 0.16663911618021243,
    "confidence": 0.41375324110987455,
    "low": 3.5931233794450628,
    "high": 4.006876620554937,
    "count": 5
  },
  "Compilation.assign runtime ids": {
    "min": 0,
    "max": 0,
    "mean": 0,
    "median": 0,
    "variance": 0,
    "stdDev": 0,
    "confidence": 0,
    "low": 0,
    "high": 0,
    "count": 5
  },
  "Compilation.optimize code generation": {
    "min": 0,
    "max": 0,
    "mean": 0,
    "median": 0,
    "variance": 0,
    "stdDev": 0,
    "confidence": 0,
    "low": 0,
    "high": 0,
    "count": 5
  },
  "Compilation.create module hashes": {
    "min": 17.454545454545453,
    "max": 18,
    "mean": 17.727272727272727,
    "median": 17.727272727272727,
    "variance": 0.04297520661157036,
    "stdDev": 0.2073046227452981,
    "confidence": 0.5147228425357682,
    "low": 17.469911306004843,
    "high": 17.98463414854061,
    "count": 5
  },
  "Compilation.module code generation cache": {
    "min": 0,
    "max": 0,
    "mean": 0,
    "median": 0,
    "variance": 0,
    "stdDev": 0,
    "confidence": 0,
    "low": 0,
    "high": 0,
    "count": 5
  },
  "Compilation.code generation": {
    "min": 0,
    "max": 0,
    "mean": 0,
    "median": 0,
    "variance": 0,
    "stdDev": 0,
    "confidence": 0,
    "low": 0,
    "high": 0,
    "count": 5
  },
  "Compilation.runtime requirements.modules": {
    "min": 0,
    "max": 0,
    "mean": 0,
    "median": 0,
    "variance": 0,
    "stdDev": 0,
    "confidence": 0,
    "low": 0,
    "high": 0,
    "count": 5
  },
  "Compilation.runtime requirements.chunks": {
    "min": 0,
    "max": 0,
    "mean": 0,
    "median": 0,
    "variance": 0,
    "stdDev": 0,
    "confidence": 0,
    "low": 0,
    "high": 0,
    "count": 5
  },
  "Compilation.runtime requirements.entries": {
    "min": 0,
    "max": 0,
    "mean": 0,
    "median": 0,
    "variance": 0,
    "stdDev": 0,
    "confidence": 0,
    "low": 0,
    "high": 0,
    "count": 5
  },
  "Compilation.runtime requirements": {
    "min": 0,
    "max": 0.36363636363636365,
    "mean": 0.14545454545454545,
    "median": 0.09090909090909091,
    "variance": 0.015206611570247936,
    "stdDev": 0.1233150906022776,
    "confidence": 0.2985459071468153,
    "low": 0,
    "high": 0.2985459071468153,
    "count": 5
  },
  "Compilation.hashing: hash chunks": {
    "min": 1.1818181818181819,
    "max": 1.4545454545454546,
    "mean": 1.3454545454545457,
    "median": 1.3636363636363635,
    "variance": 0.011239669421487604,
    "stdDev": 0.10601730717900547,
    "confidence": 0.26323354002680066,
    "low": 1.2138377754411454,
    "high": 1.477071315467946,
    "count": 5
  },
  "Compilation.hashing: hash runtime chunks": {
    "min": 5.181818181818182,
    "max": 5.545454545454546,
    "mean": 5.418181818181818,
    "median": 5.454545454545454,
    "variance": 0.015206611570247951,
    "stdDev": 0.12331509060227767,
    "confidence": 0.30618272338453956,
    "low": 5.265090456489548,
    "high": 5.571273179874088,
    "count": 5
  },
  "Compilation.hashing: process full hash chunks": {
    "min": 0,
    "max": 0,
    "mean": 0,
    "median": 0,
    "variance": 0,
    "stdDev": 0,
    "confidence": 0,
    "low": 0,
    "high": 0,
    "count": 5
  },