{
  "stats": {
    "min": 1570,
    "max": 1633,
    "mean": 1604.2,
    "median": 1601,
    "variance": 493.35999999999996,
    "stdDev": 22.211708624056815,
    "confidence": 55.15011507774034,
    "low": 1576.6249424611299,
    "high": 1631.7750575388702,
    "count": 5
  },
  "heap memory": {
    "min": 10155000,
    "max": 10183336,
    "mean": 10170315.2,
    "median": 10176200,
    "variance": 123660354.56000002,
    "stdDev": 11120.267737784015,
    "confidence": 27610.845064383,
    "low": 10156509.777467808,
    "high": 10184120.62253219,
    "count": 5
  },
  "rss memory": {
    "min": 517795840,
    "max": 632295424,
    "mean": 562900992,
    "median": 542539776,
    "variance": 2113601087209472,
    "stdDev": 45973917.46642298,
    "confidence": 114150013.47990298,
    "low": 505825985.2600485,
    "high": 619975998.7399515,
    "count": 5
  },
  "external memory": {
    "min": 21682222,
    "max": 21682222,
    "mean": 21682222,
    "median": 21682222,
    "variance": 0,
    "stdDev": 0,
    "confidence": 0,
    "low": 21682222,
    "high": 21682222,
    "count": 5
  },
  "array buffers memory": {
    "min": 20080155,
    "max": 20080155,
    "mean": 20080155,
    "median": 20080155,
    "variance": 0,
    "stdDev": 0,
    "confidence": 0,
    "low": 20080155,
    "high": 20080155,
    "count": 5
  },
  "Compilation.finish modules": {
    "min": 4,
    "max": 4,
    "mean": 4,
    "median": 4,
    "variance": 0,
    "stdDev": 0,
    "confidence": 0,
    "low": 4,
    "high": 4,
    "count": 5
  },
  "Compilation.optimize dependencies": {
    "min": 12,
    "max": 13,
    "mean": 12.2,
    "median": 12,
    "variance": 0.16,
    "stdDev": 0.4,
    "confidence": 0.993171952886307,
    "low": 11.703414023556846,
    "high": 12.696585976443153,
    "count": 5
  },
  "Compilation.rebuild chunk graph": {
    "min": 9,
    "max": 10,
    "mean": 9.2,
    "median": 9,
    "variance": 0.15999999999999998,
    "stdDev": 0.39999999999999997,
    "confidence": 0.993171952886307,
    "low": 8.703414023556846,
    "high": 9.696585976443153,
    "count": 5
  },
  "Compilation.create chunks": {
    "min": 15,
    "max": 17,
    "mean": 16.2,
    "median": 16,
    "variance": 0.56,
    "stdDev": 0.7483314773547883,
    "confidence": 1.858054586926876,
    "low": 15.270972706536561,
    "high": 17.129027293463437,
    "count": 5
  },
  "Compilation.optimize": {
    "min": 14,
    "max": 16,
    "mean": 15,
    "median": 15,
    "variance": 0.8,
    "stdDev": 0.8944271909999159,
    "confidence": 2.2207999999999988,
    "low": 13.8896,
    "high": 16.1104,
    "count": 5
  },
  "Compilation.module ids": {
    "min": 1,
    "max": 1,
    "mean": 1,
    "median": 1,
    "variance": 0,
    "stdDev": 0,
    "confidence": 0,
    "low": 1,
    "high": 1,
    "count": 5
  },
  "Compilation.chunk ids": {
    "min": 2,
    "max": 2,
    "mean": 2,
    "median": 2,
    "variance": 0,
    "stdDev": 0,
    "confidence": 0,
    "low": 2,
    "high": 2,
    "count": 5
  },
  "Compilation.optimize code generation": {
    "min": 0,
    "max": 1,
    "mean": 0.8,
    "median": 1,
    "variance": 0.16000000000000006,
    "stdDev": 0.4000000000000001,
    "confidence": 0.9931719528863066,
    "low": 0.30341402355684677,
    "high": 1.2965859764431533,
    "count": 5
  },
  "Compilation.module code generation cache": {
    "min": 0,
    "max": 0,
    "mean": 0,
    "median": 0,
    "variance": 0,
    "stdDev": 0,
    "confidence": 0,
    "low": 0,
    "high": 0,
    "count": 5
  },
  "Compilation.code generation": {
    "min": 38,
    "max": 44,
    "mean": 42.2,
    "median": 43,
    "variance": 4.5600000000000005,
    "stdDev": 2.1354156504062622,
    "confidence": 5.302087329344928,
    "low": 39.54895633532754,
    "high": 44.85104366467247,
    "count": 5
  },
  "Compilation.runtime requirements.modules": {
    "min": 0,
    "max": 0,
    "mean": 0,
    "median": 0,
    "variance": 0,
    "stdDev": 0,
    "confidence": 0,
    "low": 0,
    "high": 0,
    "count": 5
  },
  "Compilation.runtime requirements.chunks": {
    "min": 0,
    "max": 0,
    "mean": 0,
    "median": 0,
    "variance": 0,
    "stdDev": 0,
    "confidence": 0,
    "low": 0,
    "high": 0,
    "count": 5
  },
  "Compilation.runtime requirements.entries": {
    "min": 0,
    "max": 1,
    "mean": 0.2,
    "median": 0,
    "variance": 0.16000000000000003,
    "stdDev": 0.4,
    "confidence": 0.6965859764431532,
    "low": 0,
    "high": 0.6965859764431532,
    "count": 5
  },
  "Compilation.runtime requirements": {
    "min": 1,
    "max": 2,
    "mean": 1.2,
    "median": 1,
    "variance": 0.16,
    "stdDev": 0.4,
    "confidence": 0.9931719528863066,
    "low": 0.7034140235568467,
    "high": 1.6965859764431532,
    "count": 5
  },
  "Compilation.hashing: hash chunks": {
    "min": 0,
    "max": 0,
    "mean": 0,
    "median": 0,
    "variance": 0,
    "stdDev": 0,
    "confidence": 0,
    "low": 0,
    "high": 0,
    "count": 5
  },
  "Compilation.hashing: hash runtime chunks": {
    "min": 0,
    "max": 1,
    "mean": 0.2,
    "median": 0,
    "variance": 0.16000000000000003,
    "stdDev": 0.4,
    "confidence": 0.6965859764431532,
    "low": 0,
    "high": 0.6965859764431532,
    "count": 5
  },
  "Compilation.hashing: process full hash chunks": {
    "min": 0,
    "max": 0,
    "mean": 0,
    "median": 0,
    "variance": 0,
    "stdDev": 0,
    "confidence": 0,
    "low": 0,
    "high": 0,
    "count": 5
  },
  "Compilation.hashing": {
    "min": 1,
    "max": 2,
    "mean": 1.2,
    "median": 1,
    "variance": 0.16,
    "stdDev": 0.4,
    "confidence": 0.9931719528863066,
    "low": 0.7034140235568467,
    "high": 1.6965859764431532,
    "count": 5
  },
  "Compilation.create module assets": {
    "min": 0,
    "max": 0,
    "mean": 0,
    "median": 0,
    "variance": 0,
    "stdDev": 0,
    "confidence": 0,
    "low": 0,
    "high": 0,
    "count": 5
  },
  "Compilation.create chunk assets": {
    "min": 1,
    "max": 2,
    "mean": 1.4,
    "median": 1,
    "variance": 0.24,
    "stdDev": 0.4898979485566356,
    "confidence": 1.216382255707473,
    "low": 0.7918088721462635,
    "high": 2.0081911278537365,
    "count": 5
  },
  "Compilation.process assets": {
    "min": 1360,
    "max": 1411,
    "mean": 1385.8,
    "median": 1379,
    "variance": 327.75999999999993,
    "stdDev": 18.10414317221337,
    "confidence": 44.951318074201026,
    "low": 1363.3243409628994,
    "high": 1408.2756590371005,
    "count": 5
  },
  "Compilation.after process assets": {
    "min": 0,
    "max": 0,
    "mean": 0,
    "median": 0,
    "variance": 0,
    "stdDev": 0,
    "confidence": 0,
    "low": 0,
    "high": 0,
    "count": 5
  },
  "Compilation.after seal": {
    "min": 0,
    "max": 0,
    "mean": 0,
    "median": 0,
    "variance": 0,
    "stdDev": 0,
    "confidence": 0,
    "low": 0,
    "high": 0,
    "count": 5
  },
  "Compiler.make hook": {
    "min": 43,
    "max": 49,
    "mean": 45.8,
    "median": 46,
    "variance": 4.56,
    "stdDev": 2.1354156504062622,
    "confidence": 5.302087329344928,
    "low": 43.14895633532753,
    "high": 48.45104366467246,
    "count": 5
  },
  "Compiler.make": {
    "min": 49,
    "max": 55,
    "mean": 51.6,
    "median": 52,
    "variance": 5.4399999999999995,
    "stdDev": 2.33238075793812,
    "confidence": 5.791137880589616,
    "low": 48.70443105970519,
    "high": 54.49556894029481,
    "count": 5
  },
  "Compiler.finish make hook": {
    "min": 0,
    "max": 0,
    "mean": 0,
    "median": 0,
    "variance": 0,
    "stdDev": 0,
    "confidence": 0,
    "low": 0,
    "high": 0,
    "count": 5
  },
  "Compiler.finish compilation": {
    "min": 0,
    "max": 1,
    "mean": 0.2,
    "median": 0,
    "variance": 0.16000000000000003,
    "stdDev": 0.4,
    "confidence": 0.6965859764431532,
    "low": 0,
    "high": 0.6965859764431532,
    "count": 5
  },
  "Compiler.seal compilation": {
    "min": 1523,
    "max": 1583,
    "mean": 1552.4,