{
  "stats": {
    "min": 3596,
    "max": 3633,
    "mean": 3615.6,
    "median": 3622,
    "variance": 183.44,
    "stdDev": 13.54400236266961,
    "confidence": 33.628808191073404,
    "low": 3598.785595904463,
    "high": 3632.4144040955366,
    "count": 5
  },
  "heap memory": {
    "min": 71327712,
    "max": 73643384,
    "mean": 72127246.4,
    "median": 71822672,
    "variance": 661327760573.44,
    "stdDev": 813220.6100274635,
    "confidence": 2019169.7534709275,
    "low": 71117661.52326454,
    "high": 73136831.27673547,
    "count": 5
  },
  "rss memory": {
    "min": 739278848,
    "max": 839716864,
    "mean": 810923622.4,
    "median": 822476800,
    "variance": 1346541151993200.5,
    "stdDev": 36695246.99457956,
    "confidence": 91111725.2981298,
    "low": 765367759.7509351,
    "high": 856479485.0490649,
    "count": 5
  },
  "external memory": {
    "min": 32060989,
    "max": 32467251,
    "mean": 32302922.2,
    "median": 32286827,
    "variance": 22613417069.36,
    "stdDev": 150377.58167147124,
    "confidence": 373376.9911474362,
    "low": 32116233.70442628,
    "high": 32489610.695573717,
    "count": 5
  },
  "array buffers memory": {
    "min": 4222554,
    "max": 4346528,
    "mean": 4285972.6,
    "median": 4301901,
    "variance": 1825473755.8400002,
    "stdDev": 42725.56325948202,
    "confidence": 106084.57775146887,
    "low": 4232930.311124265,
    "high": 4339014.888875734,
    "count": 5
  },
  "Compilation.finish modules": {
    "min": 14,
    "max": 15,
    "mean": 14.6,
    "median": 15,
    "variance": 0.24000000000000005,
    "stdDev": 0.48989794855663565,
    "confidence": 1.2163822557074724,
    "low": 13.991808872146263,
    "high": 15.208191127853736,
    "count": 5
  },
  "Compilation.optimize dependencies": {
    "min": 31,
    "max": 34,
    "mean": 32.8,
    "median": 33,
    "variance": 0.9599999999999997,
    "stdDev": 0.9797958971132711,
    "confidence": 2.4327645114149448,
    "low": 31.583617744292525,
    "high": 34.01638225570747,
    "count": 5
  },
  "Compilation.rebuild chunk graph": {
    "min": 11,
    "max": 14,
    "mean": 12.6,
    "median": 13,
    "variance": 1.0399999999999998,
    "stdDev": 1.0198039027185568,
    "confidence": 2.5321015840601646,
    "low": 11.333949207969917,
    "high": 13.866050792030082,
    "count": 5
  },
  "Compilation.create chunks": {
    "min": 20,
    "max": 24,
    "mean": 22,
    "median": 22,
    "variance": 2,
    "stdDev": 1.4142135623730951,
    "confidence": 3.5113931138509713,
    "low": 20.244303443074514,
    "high": 23.755696556925486,
    "count": 5
  },
  "Compilation.optimize": {
    "min": 26,
    "max": 35,
    "mean": 29.8,
    "median": 30,
    "variance": 10.16,
    "stdDev": 3.1874754901018454,
    "confidence": 7.914278143204218,
    "low": 25.842860928397894,
    "high": 33.75713907160211,
    "count": 5
  },
  "Compilation.module ids": {
    "min": 0,
    "max": 0,
    "mean": 0,
    "median": 0,
    "variance": 0,
    "stdDev": 0,
    "confidence": 0,
    "low": 0,
    "high": 0,
    "count": 5
  },
  "Compilation.chunk ids": {
    "min": 0,
    "max": 0,
    "mean": 0,
    "median": 0,
    "variance": 0,
    "stdDev": 0,
    "confidence": 0,
    "low": 0,
    "high": 0,
    "count": 5
  },
  "Compilation.optimize code generation": {
    "min": 3,
    "max": 4,
    "mean": 3.6,
    "median": 4,
    "variance": 0.24,
    "stdDev": 0.4898979485566356,
    "confidence": 1.2163822557074733,
    "low": 2.9918088721462635,
    "high": 4.208191127853737,
    "count": 5
  },
  "Compilation.module code generation cache": {
    "min": 0,
    "max": 0,
    "mean": 0,
    "median": 0,
    "variance": 0,
    "stdDev": 0,
    "confidence": 0,
    "low": 0,
    "high": 0,
    "count": 5
  },
  "Compilation.code generation": {
    "min": 123,
    "max": 128,
    "mean": 125.8,
    "median": 126,
    "variance": 4.159999999999999,
    "stdDev": 2.0396078054371136,
    "confidence": 5.064203168120315,
    "low": 123.26789841593984,
    "high": 128.33210158406015,
    "count": 5
  },
  "Compilation.runtime requirements.modules": {
    "min": 0,
    "max": 1,
    "mean": 0.8,
    "median": 1,
    "variance": 0.16000000000000006,
    "stdDev": 0.4000000000000001,
    "confidence": 0.9931719528863066,
    "low": 0.30341402355684677,
    "high": 1.2965859764431533,
    "count": 5
  },
  "Compilation.runtime requirements.chunks": {
    "min": 0,
    "max": 0,
    "mean": 0,
    "median": 0,
    "variance": 0,
    "stdDev": 0,
    "confidence": 0,
    "low": 0,
    "high": 0,
    "count": 5
  },
  "Compilation.runtime requirements.entries": {
    "min": 0,
    "max": 0,
    "mean": 0,
    "median": 0,
    "variance": 0,
    "stdDev": 0,
    "confidence": 0,
    "low": 0,
    "high": 0,
    "count": 5
  },
  "Compilation.runtime requirements": {
    "min": 1,
    "max": 2,
    "mean": 1.2,
    "median": 1,
    "variance": 0.16,
    "stdDev": 0.4,
    "confidence": 0.9931719528863066,
    "low": 0.7034140235568467,
    "high": 1.6965859764431532,
    "count": 5
  },
  "Compilation.hashing: hash chunks": {
    "min": 0,
    "max": 0,
    "mean": 0,
    "median": 0,
    "variance": 0,
    "stdDev": 0,
    "confidence": 0,
    "low": 0,
    "high": 0,
    "count": 5
  },
  "Compilation.hashing: hash runtime chunks": {
    "min": 1,
    "max": 1,
    "mean": 1,
    "median": 1,
    "variance": 0,
    "stdDev": 0,
    "confidence": 0,
    "low": 1,
    "high": 1,
    "count": 5
  },
  "Compilation.hashing: process full hash chunks": {
    "min": 0,
    "max": 0,
    "mean": 0,
    "median": 0,
    "variance": 0,
    "stdDev": 0,
    "confidence": 0,
    "low": 0,
    "high": 0,
    "count": 5
  },
  "Compilation.hashing": {
    "min": 1,
    "max": 1,
    "mean": 1,
    "median": 1,
    "variance": 0,
    "stdDev": 0,
    "confidence": 0,
    "low": 1,
    "high": 1,
    "count": 5
  },
  "Compilation.create module assets": {
    "min": 0,
    "max": 0,
    "mean": 0,
    "median": 0,
    "variance": 0,
    "stdDev": 0,
    "confidence": 0,
    "low": 0,
    "high": 0,
    "count": 5
  },
  "Compilation.create chunk assets": {
    "min": 0,
    "max": 0,
    "mean": 0,
    "median": 0,
    "variance": 0,
    "stdDev": 0,
    "confidence": 0,
    "low": 0,
    "high": 0,
    "count": 5
  },
  "Compilation.process assets": {
    "min": 2716,
    "max": 2740,
    "mean": 2731.2,
    "median": 2735,
    "variance": 73.36,
    "stdDev": 8.565045242145542,
    "confidence": 21.266406774253483,
    "low": 2720.566796612873,
    "high": 2741.8332033871266,
    "count": 5
  },
  "Compilation.after process assets": {
    "min": 0,
    "max": 0,
    "mean": 0,
    "median": 0,
    "variance": 0,
    "stdDev": 0,
    "confidence": 0,
    "low": 0,
    "high": 0,
    "count": 5
  },
  "Compilation.after seal": {
    "min": 0,
    "max": 0,
    "mean": 0,
    "median": 0,
    "variance": 0,
    "stdDev": 0,
    "confidence": 0,
    "low": 0,
    "high": 0,
    "count": 5
  },
  "Compiler.make hook": {
    "min": 0,
    "max": 0,
    "mean": 0,
    "median": 0,
    "variance": 0,
    "stdDev": 0,
    "confidence": 0,
    "low": 0,
    "high": 0,
    "count": 5
  },
  "Compiler.make": {
    "min": 589,
    "max": 614,
    "mean": 597.8,
    "median": 593,
    "variance": 90.16,
    "stdDev": 9.495261976375375,
    "confidence": 23.57606970060965,
    "low": 586.0119651496951,
    "high": 609.5880348503048,
    "count": 5
  },
  "Compiler.finish make hook": {
    "min": 0,
    "max": 0,
    "mean": 0,
    "median": 0,
    "variance": 0,
    "stdDev": 0,
    "confidence": 0,
    "low": 0,
    "high": 0,
    "count": 5
  },
  "Compiler.finish compilation": {
    "min": 0,
    "max": 0,
    "mean": 0,
    "median": 0,
    "variance": 0,
    "stdDev": 0,
    "confidence": 0,
    "low": 0,
    "high": 0,
    "count": 5
  },
  "Compiler.seal compilation": {
    "min": 3570,
    "max": 3606,
    "mean": 3589.4,
    "median": 3597,
    "variance": 192.64000000000001,