{
  "stats": {
    "min": 2436,
    "max": 2487,
    "mean": 2458.2,
    "median": 2461,
    "variance": 223.96000000000004,
    "stdDev": 14.96529318122435,
    "confidence": 21.40956412671676,
    "low": 2447.4952179366414,
    "high": 2468.904782063358,
    "count": 10
  },
  "heap memory": {
    "min": 12645448,
    "max": 12796888,
    "mean": 12714642.4,
    "median": 12711624,
    "variance": 2993601792.6400003,
    "stdDev": 54713.81720041109,
    "confidence": 78274.37550233305,
    "low": 12675505.212248834,
    "high": 12753779.587751167,
    "count": 10
  },
  "rss memory": {
    "min": 1267023872,
    "max": 1500143616,
    "mean": 1353628057.6,
    "median": 1313089536,
    "variance": 6759338289125130,
    "stdDev": 82215195.00144199,
    "confidence": 117618242.97450161,
    "low": 1294818936.112749,
    "high": 1412437179.0872507,
    "count": 10
  },
  "external memory": {
    "min": 7048647,
    "max": 7048647,
    "mean": 7048647,
    "median": 7048647,
    "variance": 0,
    "stdDev": 0,
    "confidence": 0,
    "low": 7048647,
    "high": 7048647,
    "count": 10
  },
  "array buffers memory": {
    "min": 16619,
    "max": 16619,
    "mean": 16619,
    "median": 16619,
    "variance": 0,
    "stdDev": 0,
    "confidence": 0,
    "low": 16619,
    "high": 16619,
    "count": 10
  },
  "Compilation.finish modules": {
    "min": 24,
    "max": 26,
    "mean": 24.3,
    "median": 24,
    "variance": 0.41,
    "stdDev": 0.6403124237432849,
    "confidence": 0.9160401825247604,
    "low": 23.84197990873762,
    "high": 24.75802009126238,
    "count": 10
  },
  "Compilation.optimize dependencies": {
    "min": 112,
    "max": 130,
    "mean": 119.6,
    "median": 118.5,
    "variance": 37.839999999999996,
    "stdDev": 6.151422599691879,
    "confidence": 8.800313834403852,
    "low": 115.19984308279807,
    "high": 124.00015691720192,
    "count": 10
  },
  "Compilation.create chunks": {
    "min": 71,
    "max": 78,
    "mean": 73.1,
    "median": 72,
    "variance": 3.8899999999999992,
    "stdDev": 1.9723082923316018,
    "confidence": 2.821612670796611,
    "low": 71.68919366460169,
    "high": 74.5108063353983,
    "count": 10
  },
  "Compilation.optimize": {
    "min": 180,
    "max": 188,
    "mean": 183.5,
    "median": 183.5,
    "variance": 8.05,
    "stdDev": 2.8372521918222215,
    "confidence": 4.059013880242333,
    "low": 181.47049305987883,
    "high": 185.52950694012117,
    "count": 10
  },
  "Compilation.module ids": {
    "min": 4,
    "max": 4,
    "mean": 4,
    "median": 4,
    "variance": 0,
    "stdDev": 0,
    "confidence": 0,
    "low": 4,
    "high": 4,
    "count": 10
  },
  "Compilation.chunk ids": {
    "min": 3,
    "max": 3,
    "mean": 3,
    "median": 3,
    "variance": 0,
    "stdDev": 0,
    "confidence": 0,
    "low": 3,
    "high": 3,
    "count": 10
  },
  "Compilation.optimize code generation": {
    "min": 30,
    "max": 35,
    "mean": 32.4,
    "median": 32,
    "variance": 1.8399999999999999,
    "stdDev": 1.3564659966250536,
    "confidence": 1.9405798061404198,
    "low": 31.42971009692979,
    "high": 33.37028990307021,
    "count": 10
  },
  "Compilation.code generation": {
    "min": 295,
    "max": 308,
    "mean": 299.5,
    "median": 298.5,
    "variance": 16.85,
    "stdDev": 4.104875150354759,
    "confidence": 5.872493555552069,
    "low": 296.56375322222397,
    "high": 302.43624677777603,
    "count": 10
  },
  "Compilation.runtime requirements.modules": {
    "min": 0,
    "max": 3,
    "mean": 2.4,
    "median": 3,
    "variance": 1.4399999999999995,
    "stdDev": 1.1999999999999997,
    "confidence": 1.7167372961522096,
    "low": 1.541631351923895,
    "high": 3.2583686480761047,
    "count": 10
  },
  "Compilation.runtime requirements.chunks": {
    "min": 0,
    "max": 0,
    "mean": 0,
    "median": 0,
    "variance": 0,
    "stdDev": 0,
    "confidence": 0,
    "low": 0,
    "high": 0,
    "count": 10
  },
  "Compilation.runtime requirements.entries": {
    "min": 0,
    "max": 0,
    "mean": 0,
    "median": 0,
    "variance": 0,
    "stdDev": 0,
    "confidence": 0,
    "low": 0,
    "high": 0,
    "count": 10
  },
  "Compilation.runtime requirements": {
    "min": 1,
    "max": 4,
    "mean": 3.4,
    "median": 4,
    "variance": 1.4399999999999995,
    "stdDev": 1.1999999999999997,
    "confidence": 1.7167372961522096,
    "low": 2.541631351923895,
    "high": 4.258368648076105,
    "count": 10
  },
  "Compilation.hashing: hash chunks": {
    "min": 0,
    "max": 1,
    "mean": 0.5,
    "median": 0.5,
    "variance": 0.25,
    "stdDev": 0.5,
    "confidence": 0.7153072067300874,
    "low": 0.1423463966349563,
    "high": 0.8576536033650437,
    "count": 10
  },
  "Compilation.hashing: hash runtime chunks": {
    "min": 0,
    "max": 0,
    "mean": 0,
    "median": 0,
    "variance": 0,
    "stdDev": 0,
    "confidence": 0,
    "low": 0,
    "high": 0,
    "count": 10
  },
  "Compilation.hashing: process full hash chunks": {
    "min": 0,
    "max": 0,
    "mean": 0,
    "median": 0,
    "variance": 0,
    "stdDev": 0,
    "confidence": 0,
    "low": 0,
    "high": 0,
    "count": 10
  },
  "Compilation.hashing": {
    "min": 1,
    "max": 1,
    "mean": 1,
    "median": 1,
    "variance": 0,
    "stdDev": 0,
    "confidence": 0,
    "low": 1,
    "high": 1,
    "count": 10
  },
  "Compilation.create module assets": {
    "min": 0,
    "max": 0,
    "mean": 0,
    "median": 0,
    "variance": 0,
    "stdDev": 0,
    "confidence": 0,
    "low": 0,
    "high": 0,
    "count": 10
  },
  "Compilation.create chunk assets": {
    "min": 0,
    "max": 1,
    "mean": 0.9,
    "median": 1,
    "variance": 0.09000000000000001,
    "stdDev": 0.30000000000000004,
    "confidence": 0.4291843240380524,
    "low": 0.6854078379809738,
    "high": 1.1145921620190262,
    "count": 10
  },
  "Compilation.process assets": {
    "min": 744,
    "max": 778,
    "mean": 749.1,
    "median": 746.5,
    "variance": 96.28999999999999,
    "stdDev": 9.812746812182612,
    "confidence": 14.038257025143821,
    "low": 742.0808714874281,
    "high": 756.1191285125719,
    "count": 10
  },
  "Compilation.after process assets": {
    "min": 0,
    "max": 0,
    "mean": 0,
    "median": 0,
    "variance": 0,
    "stdDev": 0,
    "confidence": 0,
    "low": 0,
    "high": 0,
    "count": 10
  },
  "Compilation.after seal": {
    "min": 0,
    "max": 0,
    "mean": 0,
    "median": 0,
    "variance": 0,
    "stdDev": 0,
    "confidence": 0,
    "low": 0,
    "high": 0,
    "count": 10
  },
  "Compiler.make hook": {
    "min": 0,
    "max": 0,
    "mean": 0,
    "median": 0,
    "variance": 0,
    "stdDev": 0,
    "confidence": 0,
    "low": 0,
    "high": 0,
    "count": 10
  },
  "Compiler.make": {
    "min": 915,
    "max": 962,
    "mean": 928.3,
    "median": 927.5,
    "variance": 158.41,
    "stdDev": 12.586103447850729,
    "confidence": 18.00586100179612,
    "low": 919.2970694991019,
    "high": 937.302930500898,
    "count": 10
  },
  "Compiler.finish make hook": {
    "min": 0,
    "max": 0,
    "mean": 0,
    "median": 0,
    "variance": 0,
    "stdDev": 0,
    "confidence": 0,
    "low": 0,
    "high": 0,
    "count": 10
  },
  "Compiler.finish compilation": {
    "min": 24,
    "max": 26,
    "mean": 24.8,
    "median": 25,
    "variance": 0.36,
    "stdDev": 0.6,
    "confidence": 0.8583686480761017,
    "low": 24.37081567596195,
    "high": 25.22918432403805,
    "count": 10
  },
  "Compiler.seal compilation": {
    "min": 1472,
    "max": 1503,
    "mean": 1487.2,
    "median": 1486.5,
    "variance": 76.96,
    "stdDev": 8.772684879784522,
    "confidence": 12.550329433764091,
    "low": 1480.924835283118,
    "high": 1493.475164716882,
    "count": 10
  },
  "Compiler.emitAssets": {
    "min": 3,
    "max": 3,
    "mean": 3,
    "median": 3,
    "variance": 0,
    "stdDev": 0,
    "confidence": 0,
    "low": 3,
    "high": 3,
    "count": 10
  },