{
  "stats": {
    "min": 1139,
    "max": 1170,
    "mean": 1149.4,
    "median": 1146,
    "variance": 117.04,
    "stdDev": 10.818502669038818,
    "confidence": 26.861583557787526,
    "low": 1135.9692082211063,
    "high": 1162.8307917788939,
    "count": 5
  },
  "heap memory": {
    "min": 9014736,
    "max": 9083584,
    "mean": 9039156.8,
    "median": 9031424,
    "variance": 551490344.96,
    "stdDev": 23483.83156471703,
    "confidence": 58308.707140956074,
    "low": 9010002.446429523,
    "high": 9068311.153570479,
    "count": 5
  },
  "rss memory": {
    "min": 585879552,
    "max": 608030720,
    "mean": 595455180.8,
    "median": 595886080,
    "variance": 66564217855016.96,
    "stdDev": 8158689.714348558,
    "confidence": 20257454.491482496,
    "low": 585326453.5542587,
    "high": 605583908.0457412,
    "count": 5
  },
  "external memory": {
    "min": 7072418,
    "max": 7072418,
    "mean": 7072418,
    "median": 7072418,
    "variance": 0,
    "stdDev": 0,
    "confidence": 0,
    "low": 7072418,
    "high": 7072418,
    "count": 5
  },
  "array buffers memory": {
    "min": 10515,
    "max": 10515,
    "mean": 10515,
    "median": 10515,
    "variance": 0,
    "stdDev": 0,
    "confidence": 0,
    "low": 10515,
    "high": 10515,
    "count": 5
  },
  "Compilation.build module graph": {
    "min": 372,
    "max": 390,
    "mean": 379.6,
    "median": 378,
    "variance": 43.839999999999996,
    "stdDev": 6.6211781428987395,
    "confidence": 16.439921066477154,
    "low": 371.38003946676145,
    "high": 387.8199605332386,
    "count": 5
  },
  "Compilation.finish modules": {
    "min": 23,
    "max": 27,
    "mean": 25,
    "median": 25,
    "variance": 2,
    "stdDev": 1.4142135623730951,
    "confidence": 3.5113931138509713,
    "low": 23.244303443074514,
    "high": 26.755696556925486,
    "count": 5
  },
  "Compilation.seal": {
    "min": 0,
    "max": 0,
    "mean": 0,
    "median": 0,
    "variance": 0,
    "stdDev": 0,
    "confidence": 0,
    "low": 0,
    "high": 0,
    "count": 5
  },
  "Compilation.optimize dependencies": {
    "min": 27,
    "max": 29,
    "mean": 28.2,
    "median": 28,
    "variance": 0.56,
    "stdDev": 0.7483314773547883,
    "confidence": 1.858054586926876,
    "low": 27.27097270653656,
    "high": 29.129027293463437,
    "count": 5
  },
  "Compilation.rebuild chunk graph": {
    "min": 32,
    "max": 34,
    "mean": 33.2,
    "median": 33,
    "variance": 0.5599999999999999,
    "stdDev": 0.7483314773547882,
    "confidence": 1.858054586926869,
    "low": 32.27097270653657,
    "high": 34.12902729346344,
    "count": 5
  },
  "Compilation.build chunk graph": {
    "min": 32,
    "max": 34,
    "mean": 33.2,
    "median": 33,
    "variance": 0.5599999999999999,
    "stdDev": 0.7483314773547882,
    "confidence": 1.858054586926869,
    "low": 32.27097270653657,
    "high": 34.12902729346344,
    "count": 5
  },
  "Compilation.optimize modules": {
    "min": 0,
    "max": 0,
    "mean": 0,
    "median": 0,
    "variance": 0,
    "stdDev": 0,
    "confidence": 0,
    "low": 0,
    "high": 0,
    "count": 5
  },
  "Compilation.optimize chunks": {
    "min": 24,
    "max": 26,
    "mean": 25,
    "median": 25,
    "variance": 0.4,
    "stdDev": 0.6324555320336759,
    "confidence": 1.5703427396590826,
    "low": 24.21482863017046,
    "high": 25.78517136982954,
    "count": 5
  },
  "Compilation.optimize tree": {
    "min": 0,
    "max": 0,
    "mean": 0,
    "median": 0,
    "variance": 0,
    "stdDev": 0,
    "confidence": 0,
    "low": 0,
    "high": 0,
    "count": 5
  },
  "Compilation.optimize chunk modules": {
    "min": 58,
    "max": 59,
    "mean": 58.4,
    "median": 58,
    "variance": 0.24,
    "stdDev": 0.4898979485566356,
    "confidence": 1.2163822557074724,
    "low": 57.79180887214626,
    "high": 59.008191127853735,
    "count": 5
  },
  "Compilation.module ids": {
    "min": 1,
    "max": 2,
    "mean": 1.6,
    "median": 2,
    "variance": 0.24,
    "stdDev": 0.4898979485566356,
    "confidence": 1.216382255707473,
    "low": 0.9918088721462637,
    "high": 2.2081911278537367,
    "count": 5
  },
  "Compilation.chunk ids": {
    "min": 2,
    "max": 2,
    "mean": 2,
    "median": 2,
    "variance": 0,
    "stdDev": 0,
    "confidence": 0,
    "low": 2,
    "high": 2,
    "count": 5
  },
  "Compilation.assign runtime ids": {
    "min": 0,
    "max": 0,
    "mean": 0,
    "median": 0,
    "variance": 0,
    "stdDev": 0,
    "confidence": 0,
    "low": 0,
    "high": 0,
    "count": 5
  },
  "Compilation.optimize code generation": {
    "min": 3,
    "max": 4,
    "mean": 3.6,
    "median": 4,
    "variance": 0.24,
    "stdDev": 0.4898979485566356,
    "confidence": 1.2163822557074733,
    "low": 2.9918088721462635,
    "high": 4.208191127853737,
    "count": 5
  },
  "Compilation.create module hashes": {
    "min": 35,
    "max": 40,
    "mean": 37.8,
    "median": 38,
    "variance": 2.96,
    "stdDev": 1.7204650534085253,
    "confidence": 4.271794092415973,
    "low": 35.66410295379201,
    "high": 39.935897046207984,
    "count": 5
  },
  "Compilation.code generation": {
    "min": 123,
    "max": 129,
    "mean": 126.6,
    "median": 127,
    "variance": 4.239999999999999,
    "stdDev": 2.0591260281974,
    "confidence": 5.112665546659585,
    "low": 124.0436672266702,
    "high": 129.15633277332978,
    "count": 5
  },
  "Compilation.runtime requirements.modules": {
    "min": 0,
    "max": 0,
    "mean": 0,
    "median": 0,
    "variance": 0,
    "stdDev": 0,
    "confidence": 0,
    "low": 0,
    "high": 0,
    "count": 5
  },
  "Compilation.runtime requirements.chunks": {
    "min": 0,
    "max": 0,
    "mean": 0,
    "median": 0,
    "variance": 0,
    "stdDev": 0,
    "confidence": 0,
    "low": 0,
    "high": 0,
    "count": 5
  },
  "Compilation.runtime requirements.entries": {
    "min": 0,
    "max": 0,
    "mean": 0,
    "median": 0,
    "variance": 0,
    "stdDev": 0,
    "confidence": 0,
    "low": 0,
    "high": 0,
    "count": 5
  },
  "Compilation.runtime requirements": {
    "min": 1,
    "max": 1,
    "mean": 1,
    "median": 1,
    "variance": 0,
    "stdDev": 0,
    "confidence": 0,
    "low": 1,
    "high": 1,
    "count": 5
  },
  "Compilation.hashing: hash chunks": {
    "min": 0,
    "max": 0,
    "mean": 0,
    "median": 0,
    "variance": 0,
    "stdDev": 0,
    "confidence": 0,
    "low": 0,
    "high": 0,
    "count": 5
  },
  "Compilation.hashing: hash runtime chunks": {
    "min": 0,
    "max": 0,
    "mean": 0,
    "median": 0,
    "variance": 0,
    "stdDev": 0,
    "confidence": 0,
    "low": 0,
    "high": 0,
    "count": 5
  },
  "Compilation.hashing: process full hash chunks": {
    "min": 0,
    "max": 0,
    "mean": 0,
    "median": 0,
    "variance": 0,
    "stdDev": 0,
    "confidence": 0,
    "low": 0,
    "high": 0,
    "count": 5
  },
  "Compilation.hashing": {
    "min": 0,
    "max": 1,
    "mean": 0.2,
    "median": 0,
    "variance": 0.16000000000000003,
    "stdDev": 0.4,
    "confidence": 0.6965859764431532,
    "low": 0,
    "high": 0.6965859764431532,
    "count": 5
  },
  "Compilation.create module assets": {
    "min": 0,
    "max": 0,
    "mean": 0,
    "median": 0,
    "variance": 0,
    "stdDev": 0,
    "confidence": 0,
    "low": 0,
    "high": 0,
    "count": 5
  },
  "Compilation.create chunk assets": {
    "min": 1,
    "max": 1,
    "mean": 1,
    "median": 1,
    "variance": 0,
    "stdDev": 0,
    "confidence": 0,
    "low": 1,
    "high": 1,
    "count": 5
  },
  "Compilation.process assets": {
    "min": 385,
    "max": 419,
    "mean": 400.6,
    "median": 400,
    "variance": 133.83999999999997,
    "stdDev": 11.568923891183655,
    "confidence": 28.724826834499822,
    "low": 386.2375865827501,
    "high": 414.96241341724993,
    "count": 5
  },
  "Compilation.after process assets": {
    "min": 0,
    "max": 0,
    "mean": 0,
    "median": 0,
    "variance": 0,
    "stdDev": 0,
    "confidence": 0,