{
  "stats": {
    "min": 504,
    "max": 520,
    "mean": 511.2,
    "median": 510,
    "variance": 27.759999999999998,
    "stdDev": 5.268775948927796,
    "confidence": 13.082001246292577,
    "low": 504.6589993768537,
    "high": 517.7410006231463,
    "count": 5
  },
  "heap memory": {
    "min": 8656776,
    "max": 8685384,
    "mean": 8671420.8,
    "median": 8670808,
    "variance": 114732789.76000002,
    "stdDev": 10711.339307481581,
    "confidence": 26595.50444509834,
    "low": 8658123.047777452,
    "high": 8684718.55222255,
    "count": 5
  },
  "rss memory": {
    "min": 617246720,
    "max": 641138688,
    "mean": 630043443.2,
    "median": 634884096,
    "variance": 100674727323893.77,
    "stdDev": 10033679.650252631,
    "confidence": 24912923.03219247,
    "low": 617586981.6839038,
    "high": 642499904.7160963,
    "count": 5
  },
  "external memory": {
    "min": 2760945,
    "max": 2760945,
    "mean": 2760945,
    "median": 2760945,
    "variance": 0,
    "stdDev": 0,
    "confidence": 0,
    "low": 2760945,
    "high": 2760945,
    "count": 5
  },
  "array buffers memory": {
    "min": 899227,
    "max": 899227,
    "mean": 899227,
    "median": 899227,
    "variance": 0,
    "stdDev": 0,
    "confidence": 0,
    "low": 899227,
    "high": 899227,
    "count": 5
  },
  "Compilation.build module graph": {
    "min": 153,
    "max": 154,
    "mean": 153.6,
    "median": 154,
    "variance": 0.24,
    "stdDev": 0.4898979485566356,
    "confidence": 1.2163822557074582,
    "low": 152.99180887214627,
    "high": 154.20819112785372,
    "count": 5
  },
  "Compilation.finish modules": {
    "min": 22,
    "max": 24,
    "mean": 22.8,
    "median": 23,
    "variance": 0.56,
    "stdDev": 0.7483314773547883,
    "confidence": 1.858054586926876,
    "low": 21.870972706536563,
    "high": 23.72902729346344,
    "count": 5
  },
  "Compilation.seal": {
    "min": 0,
    "max": 0,
    "mean": 0,
    "median": 0,
    "variance": 0,
    "stdDev": 0,
    "confidence": 0,
    "low": 0,
    "high": 0,
    "count": 5
  },
  "Compilation.optimize dependencies": {
    "min": 26,
    "max": 28,
    "mean": 27.2,
    "median": 27,
    "variance": 0.56,
    "stdDev": 0.7483314773547883,
    "confidence": 1.858054586926876,
    "low": 26.27097270653656,
    "high": 28.129027293463437,
    "count": 5
  },
  "Compilation.rebuild chunk graph": {
    "min": 26,
    "max": 29,
    "mean": 28,
    "median": 28,
    "variance": 1.2,
    "stdDev": 1.0954451150103321,
    "confidence": 2.7199134103864395,
    "low": 26.64004329480678,
    "high": 29.35995670519322,
    "count": 5
  },
  "Compilation.build chunk graph": {
    "min": 28,
    "max": 32,
    "mean": 29.8,
    "median": 30,
    "variance": 1.7600000000000002,
    "stdDev": 1.32664991614216,
    "confidence": 3.293978720028413,
    "low": 28.153010639985794,
    "high": 31.446989360014207,
    "count": 5
  },
  "Compilation.optimize modules": {
    "min": 0,
    "max": 0,
    "mean": 0,
    "median": 0,
    "variance": 0,
    "stdDev": 0,
    "confidence": 0,
    "low": 0,
    "high": 0,
    "count": 5
  },
  "Compilation.optimize chunks": {
    "min": 26,
    "max": 28,
    "mean": 27,
    "median": 27,
    "variance": 0.4,
    "stdDev": 0.6324555320336759,
    "confidence": 1.5703427396590826,
    "low": 26.21482863017046,
    "high": 27.78517136982954,
    "count": 5
  },
  "Compilation.optimize tree": {
    "min": 0,
    "max": 0,
    "mean": 0,
    "median": 0,
    "variance": 0,
    "stdDev": 0,
    "confidence": 0,
    "low": 0,
    "high": 0,
    "count": 5
  },
  "Compilation.optimize chunk modules": {
    "min": 55,
    "max": 64,
    "mean": 60,
    "median": 59,
    "variance": 10.4,
    "stdDev": 3.22490309931942,
    "confidence": 8.007208272550429,
    "low": 55.996395863724786,
    "high": 64.00360413627521,
    "count": 5
  },
  "Compilation.module ids": {
    "min": 1,
    "max": 1,
    "mean": 1,
    "median": 1,
    "variance": 0,
    "stdDev": 0,
    "confidence": 0,
    "low": 1,
    "high": 1,
    "count": 5
  },
  "Compilation.chunk ids": {
    "min": 2,
    "max": 2,
    "mean": 2,
    "median": 2,
    "variance": 0,
    "stdDev": 0,
    "confidence": 0,
    "low": 2,
    "high": 2,
    "count": 5
  },
  "Compilation.assign runtime ids": {
    "min": 0,
    "max": 0,
    "mean": 0,
    "median": 0,
    "variance": 0,
    "stdDev": 0,
    "confidence": 0,
    "low": 0,
    "high": 0,
    "count": 5
  },
  "Compilation.optimize code generation": {
    "min": 3,
    "max": 4,
    "mean": 3.8,
    "median": 4,
    "variance": 0.15999999999999998,
    "stdDev": 0.39999999999999997,
    "confidence": 0.9931719528863066,
    "low": 3.3034140235568468,
    "high": 4.296585976443153,
    "count": 5
  },
  "Compilation.create module hashes": {
    "min": 33,
    "max": 39,
    "mean": 36.4,
    "median": 37,
    "variance": 3.84,
    "stdDev": 1.9595917942265424,
    "confidence": 4.8655290228298895,
    "low": 33.967235488585054,
    "high": 38.83276451141494,
    "count": 5
  },
  "Compilation.module code generation cache": {
    "min": 0,
    "max": 0,
    "mean": 0,
    "median": 0,
    "variance": 0,
    "stdDev": 0,
    "confidence": 0,
    "low": 0,
    "high": 0,
    "count": 5
  },
  "Compilation.code generation": {
    "min": 96,
    "max": 99,
    "mean": 97.4,
    "median": 97,
    "variance": 1.04,
    "stdDev": 1.019803902718557,
    "confidence": 2.5321015840601717,
    "low": 96.13394920796992,
    "high": 98.66605079203009,
    "count": 5
  },
  "Compilation.runtime requirements.modules": {
    "min": 0,
    "max": 1,
    "mean": 0.2,
    "median": 0,
    "variance": 0.16000000000000003,
    "stdDev": 0.4,
    "confidence": 0.6965859764431532,
    "low": 0,
    "high": 0.6965859764431532,
    "count": 5
  },
  "Compilation.runtime requirements.chunks": {
    "min": 0,
    "max": 0,
    "mean": 0,
    "median": 0,
    "variance": 0,
    "stdDev": 0,
    "confidence": 0,
    "low": 0,
    "high": 0,
    "count": 5
  },
  "Compilation.runtime requirements.entries": {
    "min": 0,
    "max": 0,
    "mean": 0,
    "median": 0,
    "variance": 0,
    "stdDev": 0,
    "confidence": 0,
    "low": 0,
    "high": 0,
    "count": 5
  },
  "Compilation.runtime requirements": {
    "min": 1,
    "max": 1,
    "mean": 1,
    "median": 1,
    "variance": 0,
    "stdDev": 0,
    "confidence": 0,
    "low": 1,
    "high": 1,
    "count": 5
  },
  "Compilation.hashing: hash chunks": {
    "min": 0,
    "max": 0,
    "mean": 0,
    "median": 0,
    "variance": 0,
    "stdDev": 0,
    "confidence": 0,
    "low": 0,
    "high": 0,
    "count": 5
  },
  "Compilation.hashing: hash runtime chunks": {
    "min": 0,
    "max": 0,
    "mean": 0,
    "median": 0,
    "variance": 0,
    "stdDev": 0,
    "confidence": 0,
    "low": 0,
    "high": 0,
    "count": 5
  },
  "Compilation.hashing: process full hash chunks": {
    "min": 0,
    "max": 0,
    "mean": 0,
    "median": 0,
    "variance": 0,
    "stdDev": 0,
    "confidence": 0,
    "low": 0,
    "high": 0,
    "count": 5
  },
  "Compilation.hashing": {
    "min": 0,
    "max": 0,
    "mean": 0,
    "median": 0,
    "variance": 0,
    "stdDev": 0,
    "confidence": 0,
    "low": 0,
    "high": 0,
    "count": 5
  },
  "Compilation.create module assets": {
    "min": 0,
    "max": 0,
    "mean": 0,
    "median": 0,
    "variance": 0,
    "stdDev": 0,
    "confidence": 0,
    "low": 0,
    "high": 0,
    "count": 5
  },
  "Compilation.create chunk assets": {
    "min": 1,
    "max": 1,
    "mean": 1,
    "median": 1,
    "variance": 0,
    "stdDev": 0,
    "confidence": 0,
    "low": 1,
    "high": 1,
    "count": 5
  },
  "Compilation.process assets": {
    "min": 7,
    "max": 8,
    "mean": 7.4,
    "median": 7,
    "variance": 0.24000000000000005,
    "stdDev": 0.48989794855663565,
    "confidence": 1.2163822557074724,
    "low": 6.791808872146264,
    "high": 8.008191127853737,
    "count": 5
  },