{
  "stats": {
    "min": 2000,
    "max": 2073,
    "mean": 2040,
    "median": 2037,
    "variance": 665.2,
    "stdDev": 25.791471458604295,
    "confidence": 64.03841519088382,
    "low": 2007.980792404558,
    "high": 2072.019207595442,
    "count": 5
  },
  "heap memory": {
    "min": 165994256,
    "max": 243820352,
    "mean": 196114638.4,
    "median": 166401624,
    "variance": 1342817887908823.2,
    "stdDev": 36644479.63757738,
    "confidence": 90985673.51038802,
    "low": 150621801.644806,
    "high": 241607475.155194,
    "count": 5
  },
  "rss memory": {
    "min": 909303808,
    "max": 928411648,
    "mean": 919774822.4,
    "median": 923836416,
    "variance": 63573599914557.44,
    "stdDev": 7973305.457246539,
    "confidence": 19797158.379831553,
    "low": 909876243.2100842,
    "high": 929673401.5899158,
    "count": 5
  },
  "external memory": {
    "min": 34341928,
    "max": 35389128,
    "mean": 34760333.6,
    "median": 34343674,
    "variance": 261866943336.63998,
    "stdDev": 511729.36532569636,
    "confidence": 1270588.1327744871,
    "low": 34125039.53361276,
    "high": 35395627.666387245,
    "count": 5
  },
  "array buffers memory": {
    "min": 470340,
    "max": 1551684,
    "mean": 901239.2,
    "median": 470340,
    "variance": 278517891727.36,
    "stdDev": 527747.9433663005,
    "confidence": 1310361.1388621018,
    "low": 246058.63056894916,
    "high": 1556419.7694310509,
    "count": 5
  },
  "Compilation.finish modules": {
    "min": 24,
    "max": 26,
    "mean": 25.2,
    "median": 25,
    "variance": 0.56,
    "stdDev": 0.7483314773547883,
    "confidence": 1.858054586926876,
    "low": 24.27097270653656,
    "high": 26.129027293463437,
    "count": 5
  },
  "Compilation.optimize dependencies": {
    "min": 1,
    "max": 1,
    "mean": 1,
    "median": 1,
    "variance": 0,
    "stdDev": 0,
    "confidence": 0,
    "low": 1,
    "high": 1,
    "count": 5
  },
  "Compilation.rebuild chunk graph": {
    "min": 31,
    "max": 32,
    "mean": 31.6,
    "median": 32,
    "variance": 0.24,
    "stdDev": 0.4898979485566356,
    "confidence": 1.2163822557074724,
    "low": 30.991808872146265,
    "high": 32.20819112785374,
    "count": 5
  },
  "Compilation.create chunks": {
    "min": 60,
    "max": 62,
    "mean": 60.6,
    "median": 60,
    "variance": 0.64,
    "stdDev": 0.8,
    "confidence": 1.986343905772614,
    "low": 59.606828047113694,
    "high": 61.59317195288631,
    "count": 5
  },
  "Compilation.optimize": {
    "min": 0,
    "max": 0,
    "mean": 0,
    "median": 0,
    "variance": 0,
    "stdDev": 0,
    "confidence": 0,
    "low": 0,
    "high": 0,
    "count": 5
  },
  "Compilation.module ids": {
    "min": 10,
    "max": 10,
    "mean": 10,
    "median": 10,
    "variance": 0,
    "stdDev": 0,
    "confidence": 0,
    "low": 10,
    "high": 10,
    "count": 5
  },
  "Compilation.chunk ids": {
    "min": 4,
    "max": 4,
    "mean": 4,
    "median": 4,
    "variance": 0,
    "stdDev": 0,
    "confidence": 0,
    "low": 4,
    "high": 4,
    "count": 5
  },
  "Compilation.optimize code generation": {
    "min": 0,
    "max": 0,
    "mean": 0,
    "median": 0,
    "variance": 0,
    "stdDev": 0,
    "confidence": 0,
    "low": 0,
    "high": 0,
    "count": 5
  },
  "Compilation.module code generation cache": {
    "min": 0,
    "max": 0,
    "mean": 0,
    "median": 0,
    "variance": 0,
    "stdDev": 0,
    "confidence": 0,
    "low": 0,
    "high": 0,
    "count": 5
  },
  "Compilation.code generation": {
    "min": 88,
    "max": 92,
    "mean": 89.6,
    "median": 89,
    "variance": 2.6399999999999997,
    "stdDev": 1.624807680927192,
    "confidence": 4.034283543827826,
    "low": 87.58285822808608,
    "high": 91.61714177191391,
    "count": 5
  },
  "Compilation.runtime requirements.modules": {
    "min": 7,
    "max": 10,
    "mean": 8.2,
    "median": 7,
    "variance": 2.1599999999999997,
    "stdDev": 1.4696938456699067,
    "confidence": 3.649146767122417,
    "low": 6.375426616438791,
    "high": 10.024573383561208,
    "count": 5
  },
  "Compilation.runtime requirements.chunks": {
    "min": 0,
    "max": 0,
    "mean": 0,
    "median": 0,
    "variance": 0,
    "stdDev": 0,
    "confidence": 0,
    "low": 0,
    "high": 0,
    "count": 5
  },
  "Compilation.runtime requirements.entries": {
    "min": 0,
    "max": 0,
    "mean": 0,
    "median": 0,
    "variance": 0,
    "stdDev": 0,
    "confidence": 0,
    "low": 0,
    "high": 0,
    "count": 5
  },
  "Compilation.runtime requirements": {
    "min": 9,
    "max": 12,
    "mean": 10,
    "median": 9,
    "variance": 1.6,
    "stdDev": 1.2649110640673518,
    "confidence": 3.1406854793181687,
    "low": 8.429657260340916,
    "high": 11.570342739659084,
    "count": 5
  },
  "Compilation.hashing: hash chunks": {
    "min": 1,
    "max": 1,
    "mean": 1,
    "median": 1,
    "variance": 0,
    "stdDev": 0,
    "confidence": 0,
    "low": 1,
    "high": 1,
    "count": 5
  },
  "Compilation.hashing: hash runtime chunks": {
    "min": 5,
    "max": 5,
    "mean": 5,
    "median": 5,
    "variance": 0,
    "stdDev": 0,
    "confidence": 0,
    "low": 5,
    "high": 5,
    "count": 5
  },
  "Compilation.hashing: process full hash chunks": {
    "min": 0,
    "max": 0,
    "mean": 0,
    "median": 0,
    "variance": 0,
    "stdDev": 0,
    "confidence": 0,
    "low": 0,
    "high": 0,
    "count": 5
  },
  "Compilation.hashing": {
    "min": 7,
    "max": 7,
    "mean": 7,
    "median": 7,
    "variance": 0,
    "stdDev": 0,
    "confidence": 0,
    "low": 7,
    "high": 7,
    "count": 5
  },
  "Compilation.create module assets": {
    "min": 0,
    "max": 1,
    "mean": 0.2,
    "median": 0,
    "variance": 0.16000000000000003,
    "stdDev": 0.4,
    "confidence": 0.6965859764431532,
    "low": 0,
    "high": 0.6965859764431532,
    "count": 5
  },
  "Compilation.create chunk assets": {
    "min": 17,
    "max": 18,
    "mean": 17.8,
    "median": 18,
    "variance": 0.15999999999999998,
    "stdDev": 0.39999999999999997,
    "confidence": 0.993171952886307,
    "low": 17.303414023556847,
    "high": 18.296585976443154,
    "count": 5
  },
  "Compilation.process assets": {
    "min": 99,
    "max": 110,
    "mean": 102,
    "median": 110,
    "variance": 16.8,
    "stdDev": 4.09878030638384,
    "confidence": 10.176984103357938,
    "low": 96.91150794832103,
    "high": 107.08849205167897,
    "count": 5
  },
  "Compilation.after process assets": {
    "min": 0,
    "max": 0,
    "mean": 0,
    "median": 0,
    "variance": 0,
    "stdDev": 0,
    "confidence": 0,
    "low": 0,
    "high": 0,
    "count": 5
  },
  "Compilation.after seal": {
    "min": 0,
    "max": 0,
    "mean": 0,
    "median": 0,
    "variance": 0,
    "stdDev": 0,
    "confidence": 0,
    "low": 0,
    "high": 0,
    "count": 5
  },
  "Compiler.make hook": {
    "min": 0,
    "max": 0,
    "mean": 0,
    "median": 0,
    "variance": 0,
    "stdDev": 0,
    "confidence": 0,
    "low": 0,
    "high": 0,
    "count": 5
  },
  "Compiler.make": {
    "min": 1595,
    "max": 1675,
    "mean": 1636.6,
    "median": 1639,
    "variance": 892.24,
    "stdDev": 29.870386673091463,
    "confidence": 74.16607566395851,
    "low": 1599.5169621680207,
    "high": 1673.6830378319792,
    "count": 5
  },
  "Compiler.finish make hook": {
    "min": 0,
    "max": 0,
    "mean": 0,
    "median": 0,
    "variance": 0,
    "stdDev": 0,
    "confidence": 0,
    "low": 0,
    "high": 0,
    "count": 5
  },
  "Compiler.finish compilation": {
    "min": 30,
    "max": 32,
    "mean": 30.6,
    "median": 30,
    "variance": 0.64,
    "stdDev": 0.8,
    "confidence": 1.986343905772614,
    "low": 29.606828047113694,
    "high": 31.59317195288631,
    "count": 5
  },
  "Compiler.seal compilation": {
    "min": 317,
    "max": 335,
    "mean": 323,
    "median": 319,
    "variance": 46,
    "stdDev": 6.782329983125268,
    "confidence": 16.840049786149734,