{
  "stats": {
    "min": 3397,
    "max": 3419,
    "mean": 3404.6,
    "median": 3402,
    "variance": 58.64,
    "stdDev": 7.657675887630659,
    "confidence": 19.013472289720994,
    "low": 3395.0932638551394,
    "high": 3414.1067361448604,
    "count": 5
  },
  "heap memory": {
    "min": 56226576,
    "max": 60670048,
    "mean": 58414756.8,
    "median": 58316280,
    "variance": 3002920166671.3604,
    "stdDev": 1732893.582038828,
    "confidence": 4302653.25754413,
    "low": 56263430.17122793,
    "high": 60566083.42877206,
    "count": 5
  },
  "rss memory": {
    "min": 637083648,
    "max": 781742080,
    "mean": 712671232,
    "median": 737914880,
    "variance": 2877846346478387,
    "stdDev": 53645562.225391835,
    "confidence": 133198169.49769068,
    "low": 646072147.2511547,
    "high": 779270316.7488453,
    "count": 5
  },
  "external memory": {
    "min": 31795276,
    "max": 32715397,
    "mean": 32379547.6,
    "median": 32358278,
    "variance": 111445250347.43999,
    "stdDev": 333834.16593788,
    "confidence": 828886.8263117373,
    "low": 31965104.186844133,
    "high": 32793991.01315587,
    "count": 5
  },
  "array buffers memory": {
    "min": 3967327,
    "max": 4380585,
    "mean": 4241221,
    "median": 4314957,
    "variance": 21629227697.6,
    "stdDev": 147068.78559912025,
    "confidence": 365161.48250523955,
    "low": 4058640.25874738,
    "high": 4423801.74125262,
    "count": 5
  },
  "Compilation.finish modules": {
    "min": 13,
    "max": 14,
    "mean": 13.6,
    "median": 14,
    "variance": 0.24000000000000005,
    "stdDev": 0.48989794855663565,
    "confidence": 1.2163822557074724,
    "low": 12.991808872146263,
    "high": 14.208191127853736,
    "count": 5
  },
  "Compilation.optimize dependencies": {
    "min": 30,
    "max": 31,
    "mean": 30.4,
    "median": 30,
    "variance": 0.24,
    "stdDev": 0.4898979485566356,
    "confidence": 1.2163822557074724,
    "low": 29.791808872146262,
    "high": 31.008191127853735,
    "count": 5
  },
  "Compilation.rebuild chunk graph": {
    "min": 11,
    "max": 11,
    "mean": 11,
    "median": 11,
    "variance": 0,
    "stdDev": 0,
    "confidence": 0,
    "low": 11,
    "high": 11,
    "count": 5
  },
  "Compilation.create chunks": {
    "min": 18,
    "max": 19,
    "mean": 18.8,
    "median": 19,
    "variance": 0.15999999999999998,
    "stdDev": 0.39999999999999997,
    "confidence": 0.993171952886307,
    "low": 18.303414023556847,
    "high": 19.296585976443154,
    "count": 5
  },
  "Compilation.optimize": {
    "min": 26,
    "max": 27,
    "mean": 26.4,
    "median": 26,
    "variance": 0.24,
    "stdDev": 0.4898979485566356,
    "confidence": 1.2163822557074724,
    "low": 25.791808872146262,
    "high": 27.008191127853735,
    "count": 5
  },
  "Compilation.module ids": {
    "min": 0,
    "max": 0,
    "mean": 0,
    "median": 0,
    "variance": 0,
    "stdDev": 0,
    "confidence": 0,
    "low": 0,
    "high": 0,
    "count": 5
  },
  "Compilation.chunk ids": {
    "min": 0,
    "max": 0,
    "mean": 0,
    "median": 0,
    "variance": 0,
    "stdDev": 0,
    "confidence": 0,
    "low": 0,
    "high": 0,
    "count": 5
  },
  "Compilation.optimize code generation": {
    "min": 3,
    "max": 3,
    "mean": 3,
    "median": 3,
    "variance": 0,
    "stdDev": 0,
    "confidence": 0,
    "low": 3,
    "high": 3,
    "count": 5
  },
  "Compilation.code generation": {
    "min": 122,
    "max": 126,
    "mean": 124,
    "median": 124,
    "variance": 2,
    "stdDev": 1.4142135623730951,
    "confidence": 3.5113931138509713,
    "low": 122.24430344307451,
    "high": 125.75569655692549,
    "count": 5
  },
  "Compilation.runtime requirements.modules": {
    "min": 0,
    "max": 0,
    "mean": 0,
    "median": 0,
    "variance": 0,
    "stdDev": 0,
    "confidence": 0,
    "low": 0,
    "high": 0,
    "count": 5
  },
  "Compilation.runtime requirements.chunks": {
    "min": 0,
    "max": 0,
    "mean": 0,
    "median": 0,
    "variance": 0,
    "stdDev": 0,
    "confidence": 0,
    "low": 0,
    "high": 0,
    "count": 5
  },
  "Compilation.runtime requirements.entries": {
    "min": 0,
    "max": 0,
    "mean": 0,
    "median": 0,
    "variance": 0,
    "stdDev": 0,
    "confidence": 0,
    "low": 0,
    "high": 0,
    "count": 5
  },
  "Compilation.runtime requirements": {
    "min": 1,
    "max": 1,
    "mean": 1,
    "median": 1,
    "variance": 0,
    "stdDev": 0,
    "confidence": 0,
    "low": 1,
    "high": 1,
    "count": 5
  },
  "Compilation.hashing: hash chunks": {
    "min": 0,
    "max": 0,
    "mean": 0,
    "median": 0,
    "variance": 0,
    "stdDev": 0,
    "confidence": 0,
    "low": 0,
    "high": 0,
    "count": 5
  },
  "Compilation.hashing: hash runtime chunks": {
    "min": 0,
    "max": 1,
    "mean": 0.2,
    "median": 0,
    "variance": 0.16000000000000003,
    "stdDev": 0.4,
    "confidence": 0.6965859764431532,
    "low": 0,
    "high": 0.6965859764431532,
    "count": 5
  },
  "Compilation.hashing: process full hash chunks": {
    "min": 0,
    "max": 0,
    "mean": 0,
    "median": 0,
    "variance": 0,
    "stdDev": 0,
    "confidence": 0,
    "low": 0,
    "high": 0,
    "count": 5
  },
  "Compilation.hashing": {
    "min": 0,
    "max": 1,
    "mean": 0.2,
    "median": 0,
    "variance": 0.16000000000000003,
    "stdDev": 0.4,
    "confidence": 0.6965859764431532,
    "low": 0,
    "high": 0.6965859764431532,
    "count": 5
  },
  "Compilation.create module assets": {
    "min": 0,
    "max": 0,
    "mean": 0,
    "median": 0,
    "variance": 0,
    "stdDev": 0,
    "confidence": 0,
    "low": 0,
    "high": 0,
    "count": 5
  },
  "Compilation.create chunk assets": {
    "min": 0,
    "max": 0,
    "mean": 0,
    "median": 0,
    "variance": 0,
    "stdDev": 0,
    "confidence": 0,
    "low": 0,
    "high": 0,
    "count": 5
  },
  "Compilation.process assets": {
    "min": 2605,
    "max": 2635,
    "mean": 2613.6,
    "median": 2608,
    "variance": 121.44000000000001,
    "stdDev": 11.01998185116473,
    "confidence": 27.36184223973214,
    "low": 2599.919078880134,
    "high": 2627.280921119866,
    "count": 5
  },
  "Compilation.after process assets": {
    "min": 0,
    "max": 0,
    "mean": 0,
    "median": 0,
    "variance": 0,
    "stdDev": 0,
    "confidence": 0,
    "low": 0,
    "high": 0,
    "count": 5
  },
  "Compilation.after seal": {
    "min": 0,
    "max": 0,
    "mean": 0,
    "median": 0,
    "variance": 0,
    "stdDev": 0,
    "confidence": 0,
    "low": 0,
    "high": 0,
    "count": 5
  },
  "Compiler.make hook": {
    "min": 0,
    "max": 0,
    "mean": 0,
    "median": 0,
    "variance": 0,
    "stdDev": 0,
    "confidence": 0,
    "low": 0,
    "high": 0,
    "count": 5
  },
  "Compiler.make": {
    "min": 512,
    "max": 523,
    "mean": 517.2,
    "median": 515,
    "variance": 19.759999999999998,
    "stdDev": 4.445222154178573,
    "confidence": 11.037174919697463,
    "low": 511.6814125401513,
    "high": 522.7185874598488,
    "count": 5
  },
  "Compiler.finish make hook": {
    "min": 0,
    "max": 0,
    "mean": 0,
    "median": 0,
    "variance": 0,
    "stdDev": 0,
    "confidence": 0,
    "low": 0,
    "high": 0,
    "count": 5
  },
  "Compiler.finish compilation": {
    "min": 0,
    "max": 0,
    "mean": 0,
    "median": 0,
    "variance": 0,
    "stdDev": 0,
    "confidence": 0,
    "low": 0,
    "high": 0,
    "count": 5
  },
  "Compiler.seal compilation": {
    "min": 3363,
    "max": 3394,
    "mean": 3376,
    "median": 3374,
    "variance": 117.2,
    "stdDev": 10.825894882179487,
    "confidence": 26.87993790469045,
    "low": 3362.560031047655,
    "high": 3389.439968952345,
    "count": 5
  },
  "Compiler.emitAssets": {
    "min": 18,
    "max": 27,
    "mean": 21.2,
    "median": 21,
    "variance": 9.76,
    "stdDev": 3.1240998703626617,
    "confidence": 7.756920923149856,
    "low": 17.32153953842507,
    "high": 25.078460461574927,
    "count": 5
  },