{
  "stats": {
    "min": 1389,
    "max": 1428,
    "mean": 1413.8,
    "median": 1415,
    "variance": 208.55999999999995,
    "stdDev": 14.441606558828555,
    "confidence": 35.85749647211878,
    "low": 1395.8712517639406,
    "high": 1431.7287482360593,
    "count": 5
  },
  "heap memory": {
    "min": 8785376,
    "max": 8835936,
    "mean": 8816595.2,
    "median": 8826536,
    "variance": 332184591.36,
    "stdDev": 18225.931837906122,
    "confidence": 45253.71079156548,
    "low": 8793968.344604217,
    "high": 8839222.055395782,
    "count": 5
  },
  "rss memory": {
    "min": 768430080,
    "max": 783958016,
    "mean": 775507148.8,
    "median": 778141696,
    "variance": 36983113787637.766,
    "stdDev": 6081374.333786547,
    "confidence": 15099626.058298588,
    "low": 767957335.7708507,
    "high": 783056961.8291492,
    "count": 5
  },
  "external memory": {
    "min": 29360745,
    "max": 29360745,
    "mean": 29360745,
    "median": 29360745,
    "variance": 0,
    "stdDev": 0,
    "confidence": 0,
    "low": 29360745,
    "high": 29360745,
    "count": 5
  },
  "array buffers memory": {
    "min": 10515,
    "max": 10515,
    "mean": 10515,
    "median": 10515,
    "variance": 0,
    "stdDev": 0,
    "confidence": 0,
    "low": 10515,
    "high": 10515,
    "count": 5
  },
  "Compilation.finish modules": {
    "min": 39,
    "max": 45,
    "mean": 42.4,
    "median": 43,
    "variance": 4.64,
    "stdDev": 2.1540659228538015,
    "confidence": 5.348394648116383,
    "low": 39.72580267594181,
    "high": 45.07419732405819,
    "count": 5
  },
  "Compilation.optimize dependencies": {
    "min": 4,
    "max": 5,
    "mean": 4.4,
    "median": 4,
    "variance": 0.24000000000000005,
    "stdDev": 0.48989794855663565,
    "confidence": 1.2163822557074724,
    "low": 3.791808872146264,
    "high": 5.0081911278537365,
    "count": 5
  },
  "Compilation.rebuild chunk graph": {
    "min": 41,
    "max": 50,
    "mean": 47.4,
    "median": 49,
    "variance": 10.639999999999997,
    "stdDev": 3.261901286060018,
    "confidence": 8.099072175996454,
    "low": 43.35046391200177,
    "high": 51.449536087998226,
    "count": 5
  },
  "Compilation.optimize modules": {
    "min": 0,
    "max": 0,
    "mean": 0,
    "median": 0,
    "variance": 0,
    "stdDev": 0,
    "confidence": 0,
    "low": 0,
    "high": 0,
    "count": 5
  },
  "Compilation.optimize chunks": {
    "min": 30,
    "max": 33,
    "mean": 31.6,
    "median": 32,
    "variance": 1.0399999999999998,
    "stdDev": 1.0198039027185568,
    "confidence": 2.532101584060161,
    "low": 30.33394920796992,
    "high": 32.86605079203008,
    "count": 5
  },
  "Compilation.optimize tree": {
    "min": 0,
    "max": 0,
    "mean": 0,
    "median": 0,
    "variance": 0,
    "stdDev": 0,
    "confidence": 0,
    "low": 0,
    "high": 0,
    "count": 5
  },
  "Compilation.optimize chunk modules": {
    "min": 0,
    "max": 0,
    "mean": 0,
    "median": 0,
    "variance": 0,
    "stdDev": 0,
    "confidence": 0,
    "low": 0,
    "high": 0,
    "count": 5
  },
  "Compilation.module ids": {
    "min": 9,
    "max": 11,
    "mean": 10,
    "median": 11,
    "variance": 0.8,
    "stdDev": 0.8944271909999159,
    "confidence": 2.2208000000000006,
    "low": 8.8896,
    "high": 11.1104,
    "count": 5
  },
  "Compilation.chunk ids": {
    "min": 4,
    "max": 4,
    "mean": 4,
    "median": 4,
    "variance": 0,
    "stdDev": 0,
    "confidence": 0,
    "low": 4,
    "high": 4,
    "count": 5
  },
  "Compilation.optimize code generation": {
    "min": 0,
    "max": 0,
    "mean": 0,
    "median": 0,
    "variance": 0,
    "stdDev": 0,
    "confidence": 0,
    "low": 0,
    "high": 0,
    "count": 5
  },
  "Compilation.module code generation cache": {
    "min": 0,
    "max": 0,
    "mean": 0,
    "median": 0,
    "variance": 0,
    "stdDev": 0,
    "confidence": 0,
    "low": 0,
    "high": 0,
    "count": 5
  },
  "Compilation.code generation": {
    "min": 71,
    "max": 74,
    "mean": 72.8,
    "median": 73,
    "variance": 0.9599999999999997,
    "stdDev": 0.9797958971132711,
    "confidence": 2.4327645114149448,
    "low": 71.58361774429252,
    "high": 74.01638225570747,
    "count": 5
  },
  "Compilation.runtime requirements.modules": {
    "min": 7,
    "max": 9,
    "mean": 7.4,
    "median": 7,
    "variance": 0.6399999999999999,
    "stdDev": 0.7999999999999999,
    "confidence": 1.986343905772613,
    "low": 6.406828047113694,
    "high": 8.393171952886307,
    "count": 5
  },
  "Compilation.runtime requirements.chunks": {
    "min": 0,
    "max": 0,
    "mean": 0,
    "median": 0,
    "variance": 0,
    "stdDev": 0,
    "confidence": 0,
    "low": 0,
    "high": 0,
    "count": 5
  },
  "Compilation.runtime requirements.entries": {
    "min": 0,
    "max": 0,
    "mean": 0,
    "median": 0,
    "variance": 0,
    "stdDev": 0,
    "confidence": 0,
    "low": 0,
    "high": 0,
    "count": 5
  },
  "Compilation.runtime requirements": {
    "min": 8,
    "max": 10,
    "mean": 9,
    "median": 9,
    "variance": 0.4,
    "stdDev": 0.6324555320336759,
    "confidence": 1.570342739659086,
    "low": 8.214828630170457,
    "high": 9.785171369829543,
    "count": 5
  },
  "Compilation.hashing: hash chunks": {
    "min": 1,
    "max": 2,
    "mean": 1.2,
    "median": 1,
    "variance": 0.16,
    "stdDev": 0.4,
    "confidence": 0.9931719528863066,
    "low": 0.7034140235568467,
    "high": 1.6965859764431532,
    "count": 5
  },
  "Compilation.hashing: hash runtime chunks": {
    "min": 5,
    "max": 6,
    "mean": 5.4,
    "median": 5,
    "variance": 0.24000000000000005,
    "stdDev": 0.48989794855663565,
    "confidence": 1.2163822557074724,
    "low": 4.791808872146264,
    "high": 6.0081911278537365,
    "count": 5
  },
  "Compilation.hashing: process full hash chunks": {
    "min": 0,
    "max": 0,
    "mean": 0,
    "median": 0,
    "variance": 0,
    "stdDev": 0,
    "confidence": 0,
    "low": 0,
    "high": 0,
    "count": 5
  },
  "Compilation.hashing": {
    "min": 6,
    "max": 9,
    "mean": 7.4,
    "median": 7,
    "variance": 1.0399999999999998,
    "stdDev": 1.0198039027185568,
    "confidence": 2.5321015840601646,
    "low": 6.133949207969918,
    "high": 8.666050792030083,
    "count": 5
  },
  "Compilation.create module assets": {
    "min": 0,
    "max": 0,
    "mean": 0,
    "median": 0,
    "variance": 0,
    "stdDev": 0,
    "confidence": 0,
    "low": 0,
    "high": 0,
    "count": 5
  },
  "Compilation.create chunk assets": {
    "min": 12,
    "max": 13,
    "mean": 12.4,
    "median": 12,
    "variance": 0.24000000000000005,
    "stdDev": 0.48989794855663565,
    "confidence": 1.2163822557074724,
    "low": 11.791808872146264,
    "high": 13.008191127853737,
    "count": 5
  },
  "Compilation.process assets": {
    "min": 101,
    "max": 110,
    "mean": 105,
    "median": 105,
    "variance": 9.2,
    "stdDev": 3.03315017762062,
    "confidence": 7.5310992132623085,
    "low": 101.23445039336885,
    "high": 108.76554960663115,
    "count": 5
  },
  "Compilation.after process assets": {
    "min": 0,
    "max": 0,
    "mean": 0,
    "median": 0,
    "variance": 0,
    "stdDev": 0,
    "confidence": 0,
    "low": 0,
    "high": 0,
    "count": 5
  },
  "Compilation.after seal": {
    "min": 0,
    "max": 0,
    "mean": 0,
    "median": 0,
    "variance": 0,
    "stdDev": 0,
    "confidence": 0,
    "low": 0,
    "high": 0,
    "count": 5
  },
  "Compiler.make hook": {
    "min": 0,
    "max": 0,
    "mean": 0,
    "median": 0,
    "variance": 0,
    "stdDev": 0,
    "confidence": 0,
    "low": 0,
    "high": 0,
    "count": 5
  },
  "Compiler.build module graph": {
    "min": 969,
    "max": 996,
    "mean": 979.4,
    "median": 976,
    "variance": 94.24,
    "stdDev": 9.707728879609277,
    "confidence": 24.103610123630915,
    "low": 967.3481949381845,
    "high": 991.4518050618154,
    "count": 5
  },
  "Compiler.finish make hook": {
    "min": 0,