{
  "stats": {
    "min": 3030,
    "max": 3162,
    "mean": 3101.8,
    "median": 3103,
    "variance": 2016.9599999999998,
    "stdDev": 44.910577818594135,
    "confidence": 111.50981569336363,
    "low": 3046.0450921533184,
    "high": 3157.554907846682,
    "count": 5
  },
  "heap memory": {
    "min": 80322992,
    "max": 111378056,
    "mean": 95426374.4,
    "median": 94087096,
    "variance": 96981839707632.64,
    "stdDev": 9847935.809479702,
    "confidence": 24451734.09949985,
    "low": 83200507.35025008,
    "high": 107652241.44974993,
    "count": 5
  },
  "rss memory": {
    "min": 740630528,
    "max": 795480064,
    "mean": 761486540.8,
    "median": 754933760,
    "variance": 408790721793884.2,
    "stdDev": 20218573.68346947,
    "confidence": 50201300.77446771,
    "low": 736385890.4127661,
    "high": 786587191.1872338,
    "count": 5
  },
  "external memory": {
    "min": 28532072,
    "max": 28675916,
    "mean": 28636265.4,
    "median": 28670987,
    "variance": 3013066643.4399996,
    "stdDev": 54891.40773782359,
    "confidence": 136291.51654913276,
    "low": 28568119.641725432,
    "high": 28704411.158274565,
    "count": 5
  },
  "array buffers memory": {
    "min": 589794,
    "max": 699965,
    "mean": 665873.8,
    "median": 695036,
    "variance": 1829596492.9599998,
    "stdDev": 42773.7827759014,
    "confidence": 106204.30342969159,
    "low": 612771.6482851543,
    "high": 718975.9517148458,
    "count": 5
  },
  "Compilation.finish modules": {
    "min": 8,
    "max": 9,
    "mean": 8.6,
    "median": 9,
    "variance": 0.24000000000000005,
    "stdDev": 0.48989794855663565,
    "confidence": 1.2163822557074724,
    "low": 7.9918088721462635,
    "high": 9.208191127853736,
    "count": 5
  },
  "Compilation.optimize dependencies": {
    "min": 11,
    "max": 12,
    "mean": 11.8,
    "median": 12,
    "variance": 0.15999999999999998,
    "stdDev": 0.39999999999999997,
    "confidence": 0.993171952886307,
    "low": 11.303414023556847,
    "high": 12.296585976443154,
    "count": 5
  },
  "Compilation.rebuild chunk graph": {
    "min": 11,
    "max": 12,
    "mean": 11.6,
    "median": 12,
    "variance": 0.24000000000000005,
    "stdDev": 0.48989794855663565,
    "confidence": 1.2163822557074724,
    "low": 10.991808872146263,
    "high": 12.208191127853736,
    "count": 5
  },
  "Compilation.create chunks": {
    "min": 17,
    "max": 20,
    "mean": 18.2,
    "median": 18,
    "variance": 0.9600000000000002,
    "stdDev": 0.9797958971132713,
    "confidence": 2.4327645114149448,
    "low": 16.983617744292527,
    "high": 19.41638225570747,
    "count": 5
  },
  "Compilation.optimize": {
    "min": 29,
    "max": 31,
    "mean": 30,
    "median": 30,
    "variance": 0.8,
    "stdDev": 0.8944271909999159,
    "confidence": 2.220799999999997,
    "low": 28.8896,
    "high": 31.1104,
    "count": 5
  },
  "Compilation.module ids": {
    "min": 1,
    "max": 2,
    "mean": 1.4,
    "median": 1,
    "variance": 0.24,
    "stdDev": 0.4898979485566356,
    "confidence": 1.216382255707473,
    "low": 0.7918088721462635,
    "high": 2.0081911278537365,
    "count": 5
  },
  "Compilation.chunk ids": {
    "min": 2,
    "max": 2,
    "mean": 2,
    "median": 2,
    "variance": 0,
    "stdDev": 0,
    "confidence": 0,
    "low": 2,
    "high": 2,
    "count": 5
  },
  "Compilation.optimize code generation": {
    "min": 2,
    "max": 2,
    "mean": 2,
    "median": 2,
    "variance": 0,
    "stdDev": 0,
    "confidence": 0,
    "low": 2,
    "high": 2,
    "count": 5
  },
  "Compilation.code generation": {
    "min": 51,
    "max": 54,
    "mean": 52.4,
    "median": 52,
    "variance": 1.0399999999999998,
    "stdDev": 1.0198039027185568,
    "confidence": 2.5321015840601575,
    "low": 51.13394920796992,
    "high": 53.66605079203008,
    "count": 5
  },
  "Compilation.runtime requirements.modules": {
    "min": 0,
    "max": 1,
    "mean": 0.2,
    "median": 0,
    "variance": 0.16000000000000003,
    "stdDev": 0.4,
    "confidence": 0.6965859764431532,
    "low": 0,
    "high": 0.6965859764431532,
    "count": 5
  },
  "Compilation.runtime requirements.chunks": {
    "min": 0,
    "max": 0,
    "mean": 0,
    "median": 0,
    "variance": 0,
    "stdDev": 0,
    "confidence": 0,
    "low": 0,
    "high": 0,
    "count": 5
  },
  "Compilation.runtime requirements.entries": {
    "min": 0,
    "max": 0,
    "mean": 0,
    "median": 0,
    "variance": 0,
    "stdDev": 0,
    "confidence": 0,
    "low": 0,
    "high": 0,
    "count": 5
  },
  "Compilation.runtime requirements": {
    "min": 1,
    "max": 2,
    "mean": 1.2,
    "median": 1,
    "variance": 0.16,
    "stdDev": 0.4,
    "confidence": 0.9931719528863066,
    "low": 0.7034140235568467,
    "high": 1.6965859764431532,
    "count": 5
  },
  "Compilation.hashing: hash chunks": {
    "min": 1,
    "max": 1,
    "mean": 1,
    "median": 1,
    "variance": 0,
    "stdDev": 0,
    "confidence": 0,
    "low": 1,
    "high": 1,
    "count": 5
  },
  "Compilation.hashing: hash runtime chunks": {
    "min": 1,
    "max": 1,
    "mean": 1,
    "median": 1,
    "variance": 0,
    "stdDev": 0,
    "confidence": 0,
    "low": 1,
    "high": 1,
    "count": 5
  },
  "Compilation.hashing: process full hash chunks": {
    "min": 0,
    "max": 0,
    "mean": 0,
    "median": 0,
    "variance": 0,
    "stdDev": 0,
    "confidence": 0,
    "low": 0,
    "high": 0,
    "count": 5
  },
  "Compilation.hashing": {
    "min": 2,
    "max": 3,
    "mean": 2.4,
    "median": 2,
    "variance": 0.24,
    "stdDev": 0.4898979485566356,
    "confidence": 1.216382255707473,
    "low": 1.7918088721462635,
    "high": 3.0081911278537365,
    "count": 5
  },
  "Compilation.create module assets": {
    "min": 0,
    "max": 0,
    "mean": 0,
    "median": 0,
    "variance": 0,
    "stdDev": 0,
    "confidence": 0,
    "low": 0,
    "high": 0,
    "count": 5
  },
  "Compilation.create chunk assets": {
    "min": 2,
    "max": 2,
    "mean": 2,
    "median": 2,
    "variance": 0,
    "stdDev": 0,
    "confidence": 0,
    "low": 2,
    "high": 2,
    "count": 5
  },
  "Compilation.process assets": {
    "min": 1481,
    "max": 1557,
    "mean": 1533.8,
    "median": 1550,
    "variance": 819.7599999999999,
    "stdDev": 28.63145123810527,
    "confidence": 71.0898858502951,
    "low": 1498.2550570748524,
    "high": 1569.3449429251475,
    "count": 5
  },
  "Compilation.after process assets": {
    "min": 0,
    "max": 0,
    "mean": 0,
    "median": 0,
    "variance": 0,
    "stdDev": 0,
    "confidence": 0,
    "low": 0,
    "high": 0,
    "count": 5
  },
  "Compilation.after seal": {
    "min": 0,
    "max": 0,
    "mean": 0,
    "median": 0,
    "variance": 0,
    "stdDev": 0,
    "confidence": 0,
    "low": 0,
    "high": 0,
    "count": 5
  },
  "Compiler.make hook": {
    "min": 0,
    "max": 0,
    "mean": 0,
    "median": 0,
    "variance": 0,
    "stdDev": 0,
    "confidence": 0,
    "low": 0,
    "high": 0,
    "count": 5
  },
  "Compiler.make": {
    "min": 1305,
    "max": 1360,
    "mean": 1331.2,
    "median": 1332,
    "variance": 413.35999999999996,
    "stdDev": 20.33125672456083,
    "confidence": 50.48108486441242,
    "low": 1305.9594575677938,
    "high": 1356.4405424322063,
    "count": 5
  },
  "Compiler.finish make hook": {
    "min": 0,
    "max": 0,
    "mean": 0,
    "median": 0,
    "variance": 0,
    "stdDev": 0,
    "confidence": 0,
    "low": 0,
    "high": 0,
    "count": 5
  },
  "Compiler.finish compilation": {
    "min": 10,
    "max": 12,
    "mean": 11,
    "median": 11,
    "variance": 0.4,
    "stdDev": 0.6324555320336759,
    "confidence": 1.570342739659086,
    "low": 10.214828630170457,
    "high": 11.785171369829543,
    "count": 5
  },
  "Compiler.seal compilation": {
    "min": 1620,
    "max": 1693,
    "mean": 1670.2,
    "median": 1686,
    "variance": 773.76,
    "stdDev": 27.816541841141937,
    "confidence": 69.06652295727645,