{
  "stats": {
    "min": 887,
    "max": 923,
    "mean": 902.8,
    "median": 901,
    "variance": 176.95999999999998,
    "stdDev": 13.302631318652711,
    "confidence": 33.02950081318204,
    "low": 886.2852495934089,
    "high": 919.314750406591,
    "count": 5
  },
  "heap memory": {
    "min": 8353064,
    "max": 8375432,
    "mean": 8365774.4,
    "median": 8369664,
    "variance": 78073123.84,
    "stdDev": 8835.89971876096,
    "confidence": 21938.91944797337,
    "low": 8354804.940276014,
    "high": 8376743.859723987,
    "count": 5
  },
  "rss memory": {
    "min": 721313792,
    "max": 747188224,
    "mean": 729785958.4,
    "median": 728825856,
    "variance": 87638046660362.23,
    "stdDev": 9361519.463226162,
    "confidence": 23243996.41818881,
    "low": 718163960.1909056,
    "high": 741407956.6090944,
    "count": 5
  },
  "external memory": {
    "min": 6812256,
    "max": 6812256,
    "mean": 6812256,
    "median": 6812256,
    "variance": 0,
    "stdDev": 0,
    "confidence": 0,
    "low": 6812256,
    "high": 6812256,
    "count": 5
  },
  "array buffers memory": {
    "min": 5210189,
    "max": 5210189,
    "mean": 5210189,
    "median": 5210189,
    "variance": 0,
    "stdDev": 0,
    "confidence": 0,
    "low": 5210189,
    "high": 5210189,
    "count": 5
  },
  "Compilation.finish modules": {
    "min": 22,
    "max": 24,
    "mean": 22.6,
    "median": 22,
    "variance": 0.64,
    "stdDev": 0.8,
    "confidence": 1.986343905772614,
    "low": 21.606828047113694,
    "high": 23.59317195288631,
    "count": 5
  },
  "Compilation.optimize dependencies": {
    "min": 32,
    "max": 33,
    "mean": 32.4,
    "median": 32,
    "variance": 0.24,
    "stdDev": 0.4898979485566356,
    "confidence": 1.2163822557074724,
    "low": 31.791808872146262,
    "high": 33.008191127853735,
    "count": 5
  },
  "Compilation.rebuild chunk graph": {
    "min": 30,
    "max": 31,
    "mean": 30.2,
    "median": 30,
    "variance": 0.16,
    "stdDev": 0.4,
    "confidence": 0.993171952886307,
    "low": 29.703414023556846,
    "high": 30.696585976443153,
    "count": 5
  },
  "Compilation.create chunks": {
    "min": 59,
    "max": 62,
    "mean": 60.4,
    "median": 60,
    "variance": 1.0399999999999998,
    "stdDev": 1.0198039027185568,
    "confidence": 2.5321015840601575,
    "low": 59.13394920796992,
    "high": 61.66605079203008,
    "count": 5
  },
  "Compilation.optimize": {
    "min": 55,
    "max": 58,
    "mean": 56.6,
    "median": 57,
    "variance": 1.0399999999999998,
    "stdDev": 1.0198039027185568,
    "confidence": 2.5321015840601575,
    "low": 55.33394920796992,
    "high": 57.86605079203008,
    "count": 5
  },
  "Compilation.module ids": {
    "min": 2,
    "max": 2,
    "mean": 2,
    "median": 2,
    "variance": 0,
    "stdDev": 0,
    "confidence": 0,
    "low": 2,
    "high": 2,
    "count": 5
  },
  "Compilation.chunk ids": {
    "min": 2,
    "max": 2,
    "mean": 2,
    "median": 2,
    "variance": 0,
    "stdDev": 0,
    "confidence": 0,
    "low": 2,
    "high": 2,
    "count": 5
  },
  "Compilation.optimize code generation": {
    "min": 4,
    "max": 4,
    "mean": 4,
    "median": 4,
    "variance": 0,
    "stdDev": 0,
    "confidence": 0,
    "low": 4,
    "high": 4,
    "count": 5
  },
  "Compilation.module code generation cache": {
    "min": 0,
    "max": 0,
    "mean": 0,
    "median": 0,
    "variance": 0,
    "stdDev": 0,
    "confidence": 0,
    "low": 0,
    "high": 0,
    "count": 5
  },
  "Compilation.code generation": {
    "min": 118,
    "max": 121,
    "mean": 119.2,
    "median": 119,
    "variance": 0.96,
    "stdDev": 0.9797958971132712,
    "confidence": 2.4327645114149448,
    "low": 117.98361774429253,
    "high": 120.41638225570748,
    "count": 5
  },
  "Compilation.runtime requirements.modules": {
    "min": 1,
    "max": 2,
    "mean": 1.6,
    "median": 2,
    "variance": 0.24,
    "stdDev": 0.4898979485566356,
    "confidence": 1.216382255707473,
    "low": 0.9918088721462637,
    "high": 2.2081911278537367,
    "count": 5
  },
  "Compilation.runtime requirements.chunks": {
    "min": 0,
    "max": 0,
    "mean": 0,
    "median": 0,
    "variance": 0,
    "stdDev": 0,
    "confidence": 0,
    "low": 0,
    "high": 0,
    "count": 5
  },
  "Compilation.runtime requirements.entries": {
    "min": 0,
    "max": 0,
    "mean": 0,
    "median": 0,
    "variance": 0,
    "stdDev": 0,
    "confidence": 0,
    "low": 0,
    "high": 0,
    "count": 5
  },
  "Compilation.runtime requirements": {
    "min": 2,
    "max": 3,
    "mean": 2.8,
    "median": 3,
    "variance": 0.15999999999999998,
    "stdDev": 0.39999999999999997,
    "confidence": 0.9931719528863061,
    "low": 2.3034140235568468,
    "high": 3.296585976443153,
    "count": 5
  },
  "Compilation.hashing: hash chunks": {
    "min": 0,
    "max": 0,
    "mean": 0,
    "median": 0,
    "variance": 0,
    "stdDev": 0,
    "confidence": 0,
    "low": 0,
    "high": 0,
    "count": 5
  },
  "Compilation.hashing: hash runtime chunks": {
    "min": 0,
    "max": 0,
    "mean": 0,
    "median": 0,
    "variance": 0,
    "stdDev": 0,
    "confidence": 0,
    "low": 0,
    "high": 0,
    "count": 5
  },
  "Compilation.hashing: process full hash chunks": {
    "min": 0,
    "max": 0,
    "mean": 0,
    "median": 0,
    "variance": 0,
    "stdDev": 0,
    "confidence": 0,
    "low": 0,
    "high": 0,
    "count": 5
  },
  "Compilation.hashing": {
    "min": 0,
    "max": 0,
    "mean": 0,
    "median": 0,
    "variance": 0,
    "stdDev": 0,
    "confidence": 0,
    "low": 0,
    "high": 0,
    "count": 5
  },
  "Compilation.create module assets": {
    "min": 0,
    "max": 1,
    "mean": 0.2,
    "median": 0,
    "variance": 0.16000000000000003,
    "stdDev": 0.4,
    "confidence": 0.6965859764431532,
    "low": 0,
    "high": 0.6965859764431532,
    "count": 5
  },
  "Compilation.create chunk assets": {
    "min": 1,
    "max": 2,
    "mean": 1.2,
    "median": 1,
    "variance": 0.16,
    "stdDev": 0.4,
    "confidence": 0.9931719528863066,
    "low": 0.7034140235568467,
    "high": 1.6965859764431532,
    "count": 5
  },
  "Compilation.process assets": {
    "min": 372,
    "max": 402,
    "mean": 383.4,
    "median": 375,
    "variance": 157.83999999999997,
    "stdDev": 12.563439019631527,
    "confidence": 31.194138165238655,
    "low": 367.80293091738065,
    "high": 398.9970690826193,
    "count": 5
  },
  "Compilation.after process assets": {
    "min": 0,
    "max": 0,
    "mean": 0,
    "median": 0,
    "variance": 0,
    "stdDev": 0,
    "confidence": 0,
    "low": 0,
    "high": 0,
    "count": 5
  },
  "Compilation.after seal": {
    "min": 0,
    "max": 0,
    "mean": 0,
    "median": 0,
    "variance": 0,
    "stdDev": 0,
    "confidence": 0,
    "low": 0,
    "high": 0,
    "count": 5
  },
  "Compiler.make hook": {
    "min": 98,
    "max": 106,
    "mean": 100.8,
    "median": 98,
    "variance": 8.559999999999999,
    "stdDev": 2.9257477676655586,
    "confidence": 7.264426560162889,
    "low": 97.16778671991855,
    "high": 104.43221328008144,
    "count": 5
  },
  "Compiler.make": {
    "min": 99,
    "max": 107,
    "mean": 102.2,
    "median": 103,
    "variance": 7.360000000000001,
    "stdDev": 2.7129319932501077,
    "confidence": 6.736019914459888,
    "low": 98.83199004277006,
    "high": 105.56800995722995,
    "count": 5
  },
  "Compiler.finish make hook": {
    "min": 0,
    "max": 0,
    "mean": 0,
    "median": 0,
    "variance": 0,
    "stdDev": 0,
    "confidence": 0,
    "low": 0,
    "high": 0,
    "count": 5
  },
  "Compiler.finish compilation": {
    "min": 0,
    "max": 0,
    "mean": 0,
    "median": 0,
    "variance": 0,
    "stdDev": 0,
    "confidence": 0,
    "low": 0,
    "high": 0,
    "count": 5
  },
  "Compiler.seal compilation": {
    "min": 824,
    "max": 860,
    "mean": 839.2,
    "median": 835,
    "variance": 189.35999999999999,
    "stdDev": 13.760813929415658,