{
  "stats": {
    "min": 2736,
    "max": 2855,
    "mean": 2801.2,
    "median": 2813,
    "variance": 1524.56,
    "stdDev": 39.04561435039792,
    "confidence": 96.94752264007548,
    "low": 2752.726238679962,
    "high": 2849.6737613200376,
    "count": 5
  },
  "heap memory": {
    "min": 63637328,
    "max": 63942936,
    "mean": 63789667.2,
    "median": 63744792,
    "variance": 13574222223.36,
    "stdDev": 116508.46417046274,
    "confidence": 289282.3472199142,
    "low": 63645026.026390046,
    "high": 63934308.37360996,
    "count": 5
  },
  "rss memory": {
    "min": 702119936,
    "max": 803397632,
    "mean": 756234649.6,
    "median": 754290688,
    "variance": 1192840814804336.5,
    "stdDev": 34537527.63016392,
    "confidence": 85754259.41078663,
    "low": 713357519.8946067,
    "high": 799111779.3053933,
    "count": 5
  },
  "external memory": {
    "min": 28679750,
    "max": 28687942,
    "mean": 28686303.6,
    "median": 28687942,
    "variance": 10737418.239999998,
    "stdDev": 3276.7999999999997,
    "confidence": 8136.06463804096,
    "low": 28682235.56768098,
    "high": 28690371.632319022,
    "count": 5
  },
  "array buffers memory": {
    "min": 581398,
    "max": 589590,
    "mean": 587951.6,
    "median": 589590,
    "variance": 10737418.24,
    "stdDev": 3276.8,
    "confidence": 8136.064638044685,
    "low": 583883.5676809776,
    "high": 592019.6323190223,
    "count": 5
  },
  "Compilation.finish modules": {
    "min": 8,
    "max": 12,
    "mean": 9.6,
    "median": 8,
    "variance": 1.8399999999999999,
    "stdDev": 1.3564659966250536,
    "confidence": 3.368009957229937,
    "low": 7.915995021385031,
    "high": 11.284004978614968,
    "count": 5
  },
  "Compilation.optimize dependencies": {
    "min": 11,
    "max": 14,
    "mean": 12.8,
    "median": 13,
    "variance": 0.96,
    "stdDev": 0.9797958971132712,
    "confidence": 2.4327645114149448,
    "low": 11.583617744292528,
    "high": 14.016382255707473,
    "count": 5
  },
  "Compilation.rebuild chunk graph": {
    "min": 9,
    "max": 10,
    "mean": 9.4,
    "median": 9,
    "variance": 0.24000000000000005,
    "stdDev": 0.48989794855663565,
    "confidence": 1.2163822557074724,
    "low": 8.791808872146264,
    "high": 10.008191127853737,
    "count": 5
  },
  "Compilation.optimize modules": {
    "min": 0,
    "max": 0,
    "mean": 0,
    "median": 0,
    "variance": 0,
    "stdDev": 0,
    "confidence": 0,
    "low": 0,
    "high": 0,
    "count": 5
  },
  "Compilation.optimize chunks": {
    "min": 6,
    "max": 7,
    "mean": 6.2,
    "median": 6,
    "variance": 0.15999999999999998,
    "stdDev": 0.39999999999999997,
    "confidence": 0.993171952886307,
    "low": 5.703414023556847,
    "high": 6.696585976443154,
    "count": 5
  },
  "Compilation.optimize tree": {
    "min": 0,
    "max": 0,
    "mean": 0,
    "median": 0,
    "variance": 0,
    "stdDev": 0,
    "confidence": 0,
    "low": 0,
    "high": 0,
    "count": 5
  },
  "Compilation.optimize chunk modules": {
    "min": 14,
    "max": 16,
    "mean": 15.4,
    "median": 16,
    "variance": 0.6399999999999999,
    "stdDev": 0.7999999999999999,
    "confidence": 1.9863439057726122,
    "low": 14.406828047113693,
    "high": 16.393171952886306,
    "count": 5
  },
  "Compilation.module ids": {
    "min": 1,
    "max": 1,
    "mean": 1,
    "median": 1,
    "variance": 0,
    "stdDev": 0,
    "confidence": 0,
    "low": 1,
    "high": 1,
    "count": 5
  },
  "Compilation.chunk ids": {
    "min": 2,
    "max": 2,
    "mean": 2,
    "median": 2,
    "variance": 0,
    "stdDev": 0,
    "confidence": 0,
    "low": 2,
    "high": 2,
    "count": 5
  },
  "Compilation.optimize code generation": {
    "min": 0,
    "max": 1,
    "mean": 0.8,
    "median": 1,
    "variance": 0.16000000000000006,
    "stdDev": 0.4000000000000001,
    "confidence": 0.9931719528863066,
    "low": 0.30341402355684677,
    "high": 1.2965859764431533,
    "count": 5
  },
  "Compilation.code generation": {
    "min": 41,
    "max": 44,
    "mean": 42.4,
    "median": 42,
    "variance": 1.0399999999999998,
    "stdDev": 1.0198039027185568,
    "confidence": 2.5321015840601575,
    "low": 41.13394920796992,
    "high": 43.66605079203008,
    "count": 5
  },
  "Compilation.runtime requirements.modules": {
    "min": 0,
    "max": 1,
    "mean": 0.2,
    "median": 0,
    "variance": 0.16000000000000003,
    "stdDev": 0.4,
    "confidence": 0.6965859764431532,
    "low": 0,
    "high": 0.6965859764431532,
    "count": 5
  },
  "Compilation.runtime requirements.chunks": {
    "min": 0,
    "max": 0,
    "mean": 0,
    "median": 0,
    "variance": 0,
    "stdDev": 0,
    "confidence": 0,
    "low": 0,
    "high": 0,
    "count": 5
  },
  "Compilation.runtime requirements.entries": {
    "min": 0,
    "max": 0,
    "mean": 0,
    "median": 0,
    "variance": 0,
    "stdDev": 0,
    "confidence": 0,
    "low": 0,
    "high": 0,
    "count": 5
  },
  "Compilation.runtime requirements": {
    "min": 1,
    "max": 2,
    "mean": 1.2,
    "median": 1,
    "variance": 0.16,
    "stdDev": 0.4,
    "confidence": 0.9931719528863066,
    "low": 0.7034140235568467,
    "high": 1.6965859764431532,
    "count": 5
  },
  "Compilation.hashing: hash chunks": {
    "min": 0,
    "max": 0,
    "mean": 0,
    "median": 0,
    "variance": 0,
    "stdDev": 0,
    "confidence": 0,
    "low": 0,
    "high": 0,
    "count": 5
  },
  "Compilation.hashing: hash runtime chunks": {
    "min": 0,
    "max": 0,
    "mean": 0,
    "median": 0,
    "variance": 0,
    "stdDev": 0,
    "confidence": 0,
    "low": 0,
    "high": 0,
    "count": 5
  },
  "Compilation.hashing: process full hash chunks": {
    "min": 0,
    "max": 0,
    "mean": 0,
    "median": 0,
    "variance": 0,
    "stdDev": 0,
    "confidence": 0,
    "low": 0,
    "high": 0,
    "count": 5
  },
  "Compilation.hashing": {
    "min": 1,
    "max": 1,
    "mean": 1,
    "median": 1,
    "variance": 0,
    "stdDev": 0,
    "confidence": 0,
    "low": 1,
    "high": 1,
    "count": 5
  },
  "Compilation.create module assets": {
    "min": 0,
    "max": 0,
    "mean": 0,
    "median": 0,
    "variance": 0,
    "stdDev": 0,
    "confidence": 0,
    "low": 0,
    "high": 0,
    "count": 5
  },
  "Compilation.create chunk assets": {
    "min": 1,
    "max": 2,
    "mean": 1.6,
    "median": 2,
    "variance": 0.24,
    "stdDev": 0.4898979485566356,
    "confidence": 1.216382255707473,
    "low": 0.9918088721462637,
    "high": 2.2081911278537367,
    "count": 5
  },
  "Compilation.process assets": {
    "min": 1386,
    "max": 1414,
    "mean": 1397.6,
    "median": 1394,
    "variance": 93.44000000000001,
    "stdDev": 9.666436778875658,
    "confidence": 24.00108473281989,
    "low": 1385.59945763359,
    "high": 1409.6005423664099,
    "count": 5
  },
  "Compilation.after process assets": {
    "min": 0,
    "max": 0,
    "mean": 0,
    "median": 0,
    "variance": 0,
    "stdDev": 0,
    "confidence": 0,
    "low": 0,
    "high": 0,
    "count": 5
  },
  "Compilation.after seal": {
    "min": 0,
    "max": 0,
    "mean": 0,
    "median": 0,
    "variance": 0,
    "stdDev": 0,
    "confidence": 0,
    "low": 0,
    "high": 0,
    "count": 5
  },
  "Compiler.make hook": {
    "min": 0,
    "max": 0,
    "mean": 0,
    "median": 0,
    "variance": 0,
    "stdDev": 0,
    "confidence": 0,
    "low": 0,
    "high": 0,
    "count": 5
  },
  "Compiler.build module graph": {
    "min": 1146,
    "max": 1244,
    "mean": 1203.6,
    "median": 1198,
    "variance": 1192.6399999999999,
    "stdDev": 34.534620310639,
    "confidence": 85.74704074026113,
    "low": 1160.7264796298693,
    "high": 1246.4735203701305,
    "count": 5
  },
  "Compiler.finish make hook": {
    "min": 0,
    "max": 0,
    "mean": 0,
    "median": 0,
    "variance": 0,
    "stdDev": 0,
    "confidence": 0,
    "low": 0,
    "high": 0,
    "count": 5
  },
  "Compiler.finish compilation": {
    "min": 0,
    "max": 0,