{
  "stats": {
    "min": 3505,
    "max": 3537,
    "mean": 3525,
    "median": 3530,
    "variance": 158.8,
    "stdDev": 12.601587201618692,
    "confidence": 31.288857426246977,
    "low": 3509.3555712868765,
    "high": 3540.6444287131235,
    "count": 5
  },
  "heap memory": {
    "min": 71793224,
    "max": 73236656,
    "mean": 72425380.8,
    "median": 71957104,
    "variance": 418565253570.55994,
    "stdDev": 646966.191984218,
    "confidence": 1606371.690860957,
    "low": 71622194.95456952,
    "high": 73228566.64543048,
    "count": 5
  },
  "rss memory": {
    "min": 732975104,
    "max": 808620032,
    "mean": 773702451.2,
    "median": 770998272,
    "variance": 614848857804636.2,
    "stdDev": 24796146.027248595,
    "confidence": 61567091.934841394,
    "low": 742918905.2325794,
    "high": 804485997.1674207,
    "count": 5
  },
  "external memory": {
    "min": 32337055,
    "max": 32519440,
    "mean": 32435267.4,
    "median": 32443847,
    "variance": 4786114614.639999,
    "stdDev": 69181.7505895883,
    "confidence": 171773.43584288657,
    "low": 32349380.682078555,
    "high": 32521154.11792144,
    "count": 5
  },
  "array buffers memory": {
    "min": 4035484,
    "max": 4402468,
    "mean": 4287005.8,
    "median": 4320607,
    "variance": 16995951218.560001,
    "stdDev": 130368.52081142901,
    "confidence": 323695.89602296473,
    "low": 4125157.851988517,
    "high": 4448853.748011482,
    "count": 5
  },
  "Compilation.finish modules": {
    "min": 13,
    "max": 13,
    "mean": 13,
    "median": 13,
    "variance": 0,
    "stdDev": 0,
    "confidence": 0,
    "low": 13,
    "high": 13,
    "count": 5
  },
  "Compilation.optimize dependencies": {
    "min": 27,
    "max": 28,
    "mean": 27.6,
    "median": 28,
    "variance": 0.24,
    "stdDev": 0.4898979485566356,
    "confidence": 1.2163822557074724,
    "low": 26.991808872146265,
    "high": 28.208191127853738,
    "count": 5
  },
  "Compilation.rebuild chunk graph": {
    "min": 10,
    "max": 10,
    "mean": 10,
    "median": 10,
    "variance": 0,
    "stdDev": 0,
    "confidence": 0,
    "low": 10,
    "high": 10,
    "count": 5
  },
  "Compilation.create chunks": {
    "min": 17,
    "max": 18,
    "mean": 17.8,
    "median": 18,
    "variance": 0.15999999999999998,
    "stdDev": 0.39999999999999997,
    "confidence": 0.993171952886307,
    "low": 17.303414023556847,
    "high": 18.296585976443154,
    "count": 5
  },
  "Compilation.optimize": {
    "min": 24,
    "max": 25,
    "mean": 24.6,
    "median": 25,
    "variance": 0.24,
    "stdDev": 0.4898979485566356,
    "confidence": 1.2163822557074724,
    "low": 23.991808872146265,
    "high": 25.208191127853738,
    "count": 5
  },
  "Compilation.module ids": {
    "min": 0,
    "max": 0,
    "mean": 0,
    "median": 0,
    "variance": 0,
    "stdDev": 0,
    "confidence": 0,
    "low": 0,
    "high": 0,
    "count": 5
  },
  "Compilation.chunk ids": {
    "min": 0,
    "max": 0,
    "mean": 0,
    "median": 0,
    "variance": 0,
    "stdDev": 0,
    "confidence": 0,
    "low": 0,
    "high": 0,
    "count": 5
  },
  "Compilation.optimize code generation": {
    "min": 3,
    "max": 3,
    "mean": 3,
    "median": 3,
    "variance": 0,
    "stdDev": 0,
    "confidence": 0,
    "low": 3,
    "high": 3,
    "count": 5
  },
  "Compilation.module code generation cache": {
    "min": 0,
    "max": 0,
    "mean": 0,
    "median": 0,
    "variance": 0,
    "stdDev": 0,
    "confidence": 0,
    "low": 0,
    "high": 0,
    "count": 5
  },
  "Compilation.code generation": {
    "min": 127,
    "max": 129,
    "mean": 128.6,
    "median": 129,
    "variance": 0.64,
    "stdDev": 0.8,
    "confidence": 1.986343905772614,
    "low": 127.6068280471137,
    "high": 129.5931719528863,
    "count": 5
  },
  "Compilation.runtime requirements.modules": {
    "min": 0,
    "max": 1,
    "mean": 0.6,
    "median": 1,
    "variance": 0.24000000000000005,
    "stdDev": 0.48989794855663565,
    "confidence": 1.2081911278537363,
    "low": 0,
    "high": 1.2081911278537363,
    "count": 5
  },
  "Compilation.runtime requirements.chunks": {
    "min": 0,
    "max": 0,
    "mean": 0,
    "median": 0,
    "variance": 0,
    "stdDev": 0,
    "confidence": 0,
    "low": 0,
    "high": 0,
    "count": 5
  },
  "Compilation.runtime requirements.entries": {
    "min": 0,
    "max": 0,
    "mean": 0,
    "median": 0,
    "variance": 0,
    "stdDev": 0,
    "confidence": 0,
    "low": 0,
    "high": 0,
    "count": 5
  },
  "Compilation.runtime requirements": {
    "min": 0,
    "max": 1,
    "mean": 0.8,
    "median": 1,
    "variance": 0.16000000000000006,
    "stdDev": 0.4000000000000001,
    "confidence": 0.9931719528863066,
    "low": 0.30341402355684677,
    "high": 1.2965859764431533,
    "count": 5
  },
  "Compilation.hashing: hash chunks": {
    "min": 0,
    "max": 0,
    "mean": 0,
    "median": 0,
    "variance": 0,
    "stdDev": 0,
    "confidence": 0,
    "low": 0,
    "high": 0,
    "count": 5
  },
  "Compilation.hashing: hash runtime chunks": {
    "min": 0,
    "max": 1,
    "mean": 0.8,
    "median": 1,
    "variance": 0.16000000000000006,
    "stdDev": 0.4000000000000001,
    "confidence": 0.9931719528863066,
    "low": 0.30341402355684677,
    "high": 1.2965859764431533,
    "count": 5
  },
  "Compilation.hashing: process full hash chunks": {
    "min": 0,
    "max": 0,
    "mean": 0,
    "median": 0,
    "variance": 0,
    "stdDev": 0,
    "confidence": 0,
    "low": 0,
    "high": 0,
    "count": 5
  },
  "Compilation.hashing": {
    "min": 0,
    "max": 1,
    "mean": 0.8,
    "median": 1,
    "variance": 0.16000000000000006,
    "stdDev": 0.4000000000000001,
    "confidence": 0.9931719528863066,
    "low": 0.30341402355684677,
    "high": 1.2965859764431533,
    "count": 5
  },
  "Compilation.create module assets": {
    "min": 0,
    "max": 0,
    "mean": 0,
    "median": 0,
    "variance": 0,
    "stdDev": 0,
    "confidence": 0,
    "low": 0,
    "high": 0,
    "count": 5
  },
  "Compilation.create chunk assets": {
    "min": 0,
    "max": 1,
    "mean": 0.2,
    "median": 0,
    "variance": 0.16000000000000003,
    "stdDev": 0.4,
    "confidence": 0.6965859764431532,
    "low": 0,
    "high": 0.6965859764431532,
    "count": 5
  },
  "Compilation.process assets": {
    "min": 2609,
    "max": 2637,
    "mean": 2623.8,
    "median": 2631,
    "variance": 140.56,
    "stdDev": 11.855800268223145,
    "confidence": 29.43712076355314,
    "low": 2609.0814396182236,
    "high": 2638.5185603817768,
    "count": 5
  },
  "Compilation.after process assets": {
    "min": 0,
    "max": 0,
    "mean": 0,
    "median": 0,
    "variance": 0,
    "stdDev": 0,
    "confidence": 0,
    "low": 0,
    "high": 0,
    "count": 5
  },
  "Compilation.after seal": {
    "min": 0,
    "max": 0,
    "mean": 0,
    "median": 0,
    "variance": 0,
    "stdDev": 0,
    "confidence": 0,
    "low": 0,
    "high": 0,
    "count": 5
  },
  "Compiler.make hook": {
    "min": 0,
    "max": 0,
    "mean": 0,
    "median": 0,
    "variance": 0,
    "stdDev": 0,
    "confidence": 0,
    "low": 0,
    "high": 0,
    "count": 5
  },
  "Compiler.make": {
    "min": 566,
    "max": 574,
    "mean": 570.2,
    "median": 569,
    "variance": 8.559999999999999,
    "stdDev": 2.9257477676655586,
    "confidence": 7.264426560162974,
    "low": 566.5677867199186,
    "high": 573.8322132800815,
    "count": 5
  },
  "Compiler.finish make hook": {
    "min": 0,
    "max": 0,
    "mean": 0,
    "median": 0,
    "variance": 0,
    "stdDev": 0,
    "confidence": 0,
    "low": 0,
    "high": 0,
    "count": 5
  },
  "Compiler.finish compilation": {
    "min": 27,
    "max": 29,
    "mean": 27.6,
    "median": 27,
    "variance": 0.64,
    "stdDev": 0.8,
    "confidence": 1.986343905772614,
    "low": 26.606828047113694,
    "high": 28.59317195288631,
    "count": 5
  },
  "Compiler.seal compilation": {
    "min": 3448,
    "max": 3476,
    "mean": 3464.2,