{
  "stats": {
    "min": 328.09090909090907,
    "max": 338.27272727272725,
    "mean": 332.1454545454545,
    "median": 328.54545454545456,
    "variance": 21.886280991735457,
    "stdDev": 4.678277566769148,
    "confidence": 11.615835167830824,
    "low": 326.3375369615391,
    "high": 337.95337212936994,
    "count": 5
  },
  "heap memory": {
    "min": 70647755.63636364,
    "max": 105787490.18181819,
    "mean": 82306689.6,
    "median": 73945505.45454545,
    "variance": 152638816940018.56,
    "stdDev": 12354708.290365199,
    "confidence": 30675874.400206618,
    "low": 66968752.39989669,
    "high": 97644626.8001033,
    "count": 5
  },
  "rss memory": {
    "min": 822893102.5454545,
    "max": 867878353.4545455,
    "mean": 839373693.6727273,
    "median": 837408209.4545455,
    "variance": 233647273712914.56,
    "stdDev": 15285524.973415684,
    "confidence": 37952886.7218492,
    "low": 820397250.3118027,
    "high": 858350137.033652,
    "count": 5
  },
  "external memory": {
    "min": 46320424,
    "max": 56584218.18181818,
    "mean": 49399562.25454546,
    "median": 48031056.36363637,
    "variance": 14514264894259.848,
    "stdDev": 3809759.164863292,
    "confidence": 9459364.87448445,
    "low": 44669879.81730323,
    "high": 54129244.69178768,
    "count": 5
  },
  "array buffers memory": {
    "min": 22071442.636363637,
    "max": 32335236.818181816,
    "mean": 25150580.89090909,
    "median": 23782075,
    "variance": 14514264894259.85,
    "stdDev": 3809759.164863292,
    "confidence": 9459364.87448445,
    "low": 20420898.453666866,
    "high": 29880263.328151315,
    "count": 5
  },
  "Compilation.finish modules": {
    "min": 7.909090909090909,
    "max": 8.636363636363637,
    "mean": 8.218181818181819,
    "median": 8.090909090909092,
    "variance": 0.07801652892561987,
    "stdDev": 0.2793143908315858,
    "confidence": 0.693518047528638,
    "low": 7.8714227944175,
    "high": 8.564940841946138,
    "count": 5
  },
  "Compilation.optimize dependencies": {
    "min": 1,
    "max": 1.0909090909090908,
    "mean": 1.018181818181818,
    "median": 1,
    "variance": 0.0013223140495867746,
    "stdDev": 0.036363636363636334,
    "confidence": 0.0902883593533006,
    "low": 0.9730376385051678,
    "high": 1.0633259978584684,
    "count": 5
  },
  "Compilation.rebuild chunk graph": {
    "min": 38.09090909090909,
    "max": 41.18181818181818,
    "mean": 39.21818181818182,
    "median": 39,
    "variance": 1.0862809917355345,
    "stdDev": 1.042248047124836,
    "confidence": 2.5878288208872817,
    "low": 37.92426740773818,
    "high": 40.51209622862546,
    "count": 5
  },
  "Compilation.create chunks": {
    "min": 66.63636363636364,
    "max": 71.63636363636364,
    "mean": 68.47272727272727,
    "median": 68.0909090909091,
    "variance": 3.1252892561983474,
    "stdDev": 1.7678487650809804,
    "confidence": 4.389444526057815,
    "low": 66.27800500969836,
    "high": 70.66744953575618,
    "count": 5
  },
  "Compilation.optimize": {
    "min": 0,
    "max": 0,
    "mean": 0,
    "median": 0,
    "variance": 0,
    "stdDev": 0,
    "confidence": 0,
    "low": 0,
    "high": 0,
    "count": 5
  },
  "Compilation.module ids": {
    "min": 2,
    "max": 2.090909090909091,
    "mean": 2.018181818181818,
    "median": 2,
    "variance": 0.0013223140495867746,
    "stdDev": 0.036363636363636334,
    "confidence": 0.09028835935330037,
    "low": 1.9730376385051678,
    "high": 2.063325997858468,
    "count": 5
  },
  "Compilation.chunk ids": {
    "min": 4.181818181818182,
    "max": 4.545454545454546,
    "mean": 4.3090909090909095,
    "median": 4.2727272727272725,
    "variance": 0.015206611570247991,
    "stdDev": 0.12331509060227784,
    "confidence": 0.30618272338453956,
    "low": 4.15599954739864,
    "high": 4.462182270783179,
    "count": 5
  },
  "Compilation.optimize code generation": {
    "min": 0,
    "max": 0,
    "mean": 0,
    "median": 0,
    "variance": 0,
    "stdDev": 0,
    "confidence": 0,
    "low": 0,
    "high": 0,
    "count": 5
  },
  "Compilation.module code generation cache": {
    "min": 0,
    "max": 0,
    "mean": 0,
    "median": 0,
    "variance": 0,
    "stdDev": 0,
    "confidence": 0,
    "low": 0,
    "high": 0,
    "count": 5
  },
  "Compilation.code generation": {
    "min": 0,
    "max": 0.09090909090909091,
    "mean": 0.01818181818181818,
    "median": 0,
    "variance": 0.0013223140495867767,
    "stdDev": 0.03636363636363636,
    "confidence": 0.06332599785846847,
    "low": 0,
    "high": 0.06332599785846847,
    "count": 5
  },
  "Compilation.runtime requirements.modules": {
    "min": 0,
    "max": 0,
    "mean": 0,
    "median": 0,
    "variance": 0,
    "stdDev": 0,
    "confidence": 0,
    "low": 0,
    "high": 0,
    "count": 5
  },
  "Compilation.runtime requirements.chunks": {
    "min": 0,
    "max": 0,
    "mean": 0,
    "median": 0,
    "variance": 0,
    "stdDev": 0,
    "confidence": 0,
    "low": 0,
    "high": 0,
    "count": 5
  },
  "Compilation.runtime requirements.entries": {
    "min": 0,
    "max": 0,
    "mean": 0,
    "median": 0,
    "variance": 0,
    "stdDev": 0,
    "confidence": 0,
    "low": 0,
    "high": 0,
    "count": 5
  },
  "Compilation.runtime requirements": {
    "min": 1,
    "max": 1.0909090909090908,
    "mean": 1.018181818181818,
    "median": 1,
    "variance": 0.0013223140495867746,
    "stdDev": 0.036363636363636334,
    "confidence": 0.0902883593533006,
    "low": 0.9730376385051678,
    "high": 1.0633259978584684,
    "count": 5
  },
  "Compilation.hashing: hash chunks": {
    "min": 2,
    "max": 2.1818181818181817,
    "mean": 2.036363636363636,
    "median": 2,
    "variance": 0.005289256198347098,
    "stdDev": 0.07272727272727267,
    "confidence": 0.1805767187066012,
    "low": 1.9460752770103356,
    "high": 2.1266519957169367,
    "count": 5
  },
  "Compilation.hashing: hash runtime chunks": {
    "min": 6.363636363636363,
    "max": 7,
    "mean": 6.527272727272728,
    "median": 6.363636363636363,
    "variance": 0.060826446280991806,
    "stdDev": 0.24663018120455535,
    "confidence": 0.6123654467690791,
    "low": 6.221090003888189,
    "high": 6.833455450657268,
    "count": 5
  },
  "Compilation.hashing: process full hash chunks": {
    "min": 0,
    "max": 0,
    "mean": 0,
    "median": 0,
    "variance": 0,
    "stdDev": 0,
    "confidence": 0,
    "low": 0,
    "high": 0,
    "count": 5
  },
  "Compilation.hashing": {
    "min": 8.909090909090908,
    "max": 9.636363636363637,
    "mean": 9.127272727272729,
    "median": 9,
    "variance": 0.06809917355371913,
    "stdDev": 0.2609581835346788,
    "confidence": 0.6479408719070001,
    "low": 8.803302291319229,
    "high": 9.451243163226229,
    "count": 5
  },
  "Compilation.create module assets": {
    "min": 0,
    "max": 0.2727272727272727,
    "mean": 0.12727272727272726,
    "median": 0.18181818181818182,
    "variance": 0.01190082644628099,
    "stdDev": 0.10909090909090909,
    "confidence": 0.26270526630267815,
    "low": 0,
    "high": 0.26270526630267815,
    "count": 5
  },
  "Compilation.create chunk assets": {
    "min": 10,
    "max": 10.727272727272727,
    "mean": 10.272727272727273,
    "median": 10.090909090909092,
    "variance": 0.07603305785123946,
    "stdDev": 0.2757409252382378,
    "confidence": 0.6846453830238453,
    "low": 9.93040458121535,
    "high": 10.615049964239196,
    "count": 5
  },
  "Compilation.process assets": {
    "min": 84.54545454545455,
    "max": 90.81818181818181,
    "mean": 86.12727272727273,
    "median": 85.0909090909091,
    "variance": 5.6284297520661015,
    "stdDev": 2.3724311901646593,
    "confidence": 5.8905802955605395,
    "low": 83.18198257949246,
    "high": 89.072562875053,
    "count": 5
  },
  "Compilation.after process assets": {
    "min": 0,
    "max": 0,
    "mean": 0,
    "median": 0,
    "variance": 0,
    "stdDev": 0,
    "confidence": 0,
    "low": 0,
    "high": 0,
    "count": 5
  },