{
  "stats": {
    "min": 43.27272727272727,
    "max": 44.54545454545455,
    "mean": 43.72727272727273,
    "median": 43.72727272727273,
    "variance": 0.20165289256198332,
    "stdDev": 0.4490577830992169,
    "confidence": 1.1149789884986063,
    "low": 43.16978323302342,
    "high": 44.28476222152203,
    "count": 5
  },
  "heap memory": {
    "min": 99333304.72727273,
    "max": 100633357.0909091,
    "mean": 100234425.16363637,
    "median": 100628237.81818181,
    "variance": 256468632360.32343,
    "stdDev": 506427.32189359947,
    "confidence": 1257423.5307001173,
    "low": 99605713.39828631,
    "high": 100863136.92898643,
    "count": 5
  },
  "rss memory": {
    "min": 479666176,
    "max": 496522705.45454544,
    "mean": 486034860.2181818,
    "median": 482053771.6363636,
    "variance": 46483938077313.11,
    "stdDev": 6817913.029462396,
    "confidence": 16928399.995200396,
    "low": 477570660.2205816,
    "high": 494499060.215782,
    "count": 5
  },
  "external memory": {
    "min": 6419024.454545454,
    "max": 6592892.2727272725,
    "mean": 6498357.909090909,
    "median": 6484508.090909091,
    "variance": 3154079205.804965,
    "stdDev": 56161.18949777475,
    "confidence": 139444.29562480748,
    "low": 6428635.761278505,
    "high": 6568080.056903313,
    "count": 5
  },
  "array buffers memory": {
    "min": 2263505.4545454546,
    "max": 2293841.727272727,
    "mean": 2284331.0727272728,
    "median": 2285346.8181818184,
    "variance": 123253008.7715683,
    "stdDev": 11101.937163016564,
    "confidence": 27565.331532535143,
    "low": 2270548.406961005,
    "high": 2298113.7384935403,
    "count": 5
  },
  "Compilation.finish modules": {
    "min": 1,
    "max": 1,
    "mean": 1,
    "median": 1,
    "variance": 0,
    "stdDev": 0,
    "confidence": 0,
    "low": 1,
    "high": 1,
    "count": 5
  },
  "Compilation.optimize dependencies": {
    "min": 1,
    "max": 1,
    "mean": 1,
    "median": 1,
    "variance": 0,
    "stdDev": 0,
    "confidence": 0,
    "low": 1,
    "high": 1,
    "count": 5
  },
  "Compilation.rebuild chunk graph": {
    "min": 9.363636363636363,
    "max": 10,
    "mean": 9.672727272727274,
    "median": 9.636363636363637,
    "variance": 0.04165289256198349,
    "stdDev": 0.20409040291494232,
    "confidence": 0.5067421600709672,
    "low": 9.41935619269179,
    "high": 9.926098352762757,
    "count": 5
  },
  "Compilation.create chunks": {
    "min": 17.636363636363637,
    "max": 18.363636363636363,
    "mean": 17.890909090909087,
    "median": 17.818181818181817,
    "variance": 0.06413223140495869,
    "stdDev": 0.2532434232215295,
    "confidence": 0.6287856629913477,
    "low": 17.576516259413413,
    "high": 18.20530192240476,
    "count": 5
  },
  "Compilation.optimize": {
    "min": 0,
    "max": 0,
    "mean": 0,
    "median": 0,
    "variance": 0,
    "stdDev": 0,
    "confidence": 0,
    "low": 0,
    "high": 0,
    "count": 5
  },
  "Compilation.module ids": {
    "min": 0,
    "max": 0,
    "mean": 0,
    "median": 0,
    "variance": 0,
    "stdDev": 0,
    "confidence": 0,
    "low": 0,
    "high": 0,
    "count": 5
  },
  "Compilation.chunk ids": {
    "min": 1.4545454545454546,
    "max": 1.8181818181818181,
    "mean": 1.6,
    "median": 1.5454545454545454,
    "variance": 0.01520661157024793,
    "stdDev": 0.12331509060227759,
    "confidence": 0.30618272338453956,
    "low": 1.4469086383077303,
    "high": 1.7530913616922699,
    "count": 5
  },
  "Compilation.optimize code generation": {
    "min": 0,
    "max": 0,
    "mean": 0,
    "median": 0,
    "variance": 0,
    "stdDev": 0,
    "confidence": 0,
    "low": 0,
    "high": 0,
    "count": 5
  },
  "Compilation.module code generation cache": {
    "min": 0,
    "max": 0,
    "mean": 0,
    "median": 0,
    "variance": 0,
    "stdDev": 0,
    "confidence": 0,
    "low": 0,
    "high": 0,
    "count": 5
  },
  "Compilation.code generation": {
    "min": 0,
    "max": 0,
    "mean": 0,
    "median": 0,
    "variance": 0,
    "stdDev": 0,
    "confidence": 0,
    "low": 0,
    "high": 0,
    "count": 5
  },
  "Compilation.runtime requirements.modules": {
    "min": 0,
    "max": 0,
    "mean": 0,
    "median": 0,
    "variance": 0,
    "stdDev": 0,
    "confidence": 0,
    "low": 0,
    "high": 0,
    "count": 5
  },
  "Compilation.runtime requirements.chunks": {
    "min": 0,
    "max": 0,
    "mean": 0,
    "median": 0,
    "variance": 0,
    "stdDev": 0,
    "confidence": 0,
    "low": 0,
    "high": 0,
    "count": 5
  },
  "Compilation.runtime requirements.entries": {
    "min": 0,
    "max": 0,
    "mean": 0,
    "median": 0,
    "variance": 0,
    "stdDev": 0,
    "confidence": 0,
    "low": 0,
    "high": 0,
    "count": 5
  },
  "Compilation.runtime requirements": {
    "min": 0,
    "max": 0.09090909090909091,
    "mean": 0.03636363636363636,
    "median": 0,
    "variance": 0.0019834710743801653,
    "stdDev": 0.04453617714151233,
    "confidence": 0.09165373889579422,
    "low": 0,
    "high": 0.09165373889579422,
    "count": 5
  },
  "Compilation.hashing: hash chunks": {
    "min": 0,
    "max": 0.09090909090909091,
    "mean": 0.03636363636363636,
    "median": 0,
    "variance": 0.0019834710743801653,
    "stdDev": 0.04453617714151233,
    "confidence": 0.09165373889579422,
    "low": 0,
    "high": 0.09165373889579422,
    "count": 5
  },
  "Compilation.hashing: hash runtime chunks": {
    "min": 0,
    "max": 0.18181818181818182,
    "mean": 0.09090909090909091,
    "median": 0.09090909090909091,
    "variance": 0.003305785123966942,
    "stdDev": 0.0574959574576069,
    "confidence": 0.14275843087809859,
    "low": 0.01952987547004162,
    "high": 0.1622883063481402,
    "count": 5
  },
  "Compilation.hashing: process full hash chunks": {
    "min": 0,
    "max": 0,
    "mean": 0,
    "median": 0,
    "variance": 0,
    "stdDev": 0,
    "confidence": 0,
    "low": 0,
    "high": 0,
    "count": 5
  },
  "Compilation.hashing": {
    "min": 1,
    "max": 1.4545454545454546,
    "mean": 1.2,
    "median": 1.1818181818181819,
    "variance": 0.02446280991735538,
    "stdDev": 0.1564059139462296,
    "confidence": 0.3883449174923612,
    "low": 1.0058275412538193,
    "high": 1.3941724587461806,
    "count": 5
  },
  "Compilation.create module assets": {
    "min": 0,
    "max": 0,
    "mean": 0,
    "median": 0,
    "variance": 0,
    "stdDev": 0,
    "confidence": 0,
    "low": 0,
    "high": 0,
    "count": 5
  },
  "Compilation.create chunk assets": {
    "min": 1,
    "max": 1.4545454545454546,
    "mean": 1.1272727272727274,
    "median": 1,
    "variance": 0.03173553719008265,
    "stdDev": 0.17814470856604933,
    "confidence": 0.4423208202572627,
    "low": 0.906112317144096,
    "high": 1.3484331374013587,
    "count": 5
  },
  "Compilation.process assets": {
    "min": 2.272727272727273,
    "max": 2.5454545454545454,
    "mean": 2.3454545454545452,
    "median": 2.272727272727273,
    "variance": 0.011239669421487583,
    "stdDev": 0.10601730717900537,
    "confidence": 0.26323354002680066,
    "low": 2.213837775441145,
    "high": 2.4770713154679456,
    "count": 5
  },
  "Compilation.after process assets": {
    "min": 0,
    "max": 0,
    "mean": 0,
    "median": 0,
    "variance": 0,
    "stdDev": 0,
    "confidence": 0,
    "low": 0,
    "high": 0,
    "count": 5
  },
  "Compilation.after seal": {
    "min": 0,
    "max": 0,
    "mean": 0,
    "median": 0,
    "variance": 0,
    "stdDev": 0,
    "confidence": 0,
    "low": 0,
    "high": 0,
    "count": 5
  },
  "Compiler.make hook": {
    "min": 0,
    "max": 0,
    "mean": 0,
    "median": 0,
    "variance": 0,
    "stdDev": 0,
    "confidence": 0,
    "low": 0,
    "high": 0,
    "count": 5
  },
  "Compiler.make": {
    "min": 3,
    "max": 3.1818181818181817,
    "mean": 3.0545454545454542,
    "median": 3,
    "variance": 0.005289256198347098,
    "stdDev": 0.07272727272727267,
    "confidence": 0.1805767187066012,