{
  "stats": {
    "min": 2221,
    "max": 2372,
    "mean": 2303.3,
    "median": 2304.5,
    "variance": 2420.6099999999997,
    "stdDev": 49.19969512100659,
    "confidence": 70.38579297795786,
    "low": 2268.1071035110213,
    "high": 2338.492896488979,
    "count": 10
  },
  "heap memory": {
    "min": 21371992,
    "max": 23452592,
    "mean": 22060505.6,
    "median": 21805924,
    "variance": 498086520151.0399,
    "stdDev": 705752.4496245407,
    "confidence": 1009659.626767695,
    "low": 21555675.786616154,
    "high": 22565335.41338385,
    "count": 10
  },
  "rss memory": {
    "min": 994848768,
    "max": 1089515520,
    "mean": 1042088755.2,
    "median": 1055797248,
    "variance": 898417949839196.2,
    "stdDev": 29973620.899704397,
    "confidence": 42880694.08270836,
    "low": 1020648408.1586459,
    "high": 1063529102.2413542,
    "count": 10
  },
  "external memory": {
    "min": 7076718,
    "max": 7189602,
    "mean": 7095673.8,
    "median": 7081607,
    "variance": 1170980798.1599998,
    "stdDev": 34219.59669779876,
    "confidence": 48955.04825866595,
    "low": 7071196.275870667,
    "high": 7120151.324129333,
    "count": 10
  },
  "array buffers memory": {
    "min": 139877,
    "max": 251968,
    "mean": 158277.7,
    "median": 143973,
    "variance": 1162093686.81,
    "stdDev": 34089.49525601692,
    "confidence": 48768.92326084006,
    "low": 133893.23836957998,
    "high": 182662.16163042004,
    "count": 10
  },
  "Compilation.make hook": {
    "min": 0,
    "max": 0,
    "mean": 0,
    "median": 0,
    "variance": 0,
    "stdDev": 0,
    "confidence": 0,
    "low": 0,
    "high": 0,
    "count": 10
  },
  "Compilation.module add task": {
    "min": 91,
    "max": 99,
    "mean": 94.4,
    "median": 93,
    "variance": 8.839999999999998,
    "stdDev": 2.9732137494637008,
    "confidence": 4.2535224442807475,
    "low": 92.27323877785963,
    "high": 96.52676122214038,
    "count": 10
  },
  "Compilation.module process dependencies task": {
    "min": 63,
    "max": 69,
    "mean": 65.6,
    "median": 66,
    "variance": 3.2399999999999993,
    "stdDev": 1.7999999999999998,
    "confidence": 2.575105944228312,
    "low": 64.31244702788584,
    "high": 66.88755297211415,
    "count": 10
  },
  "Compilation.module factorize task": {
    "min": 33,
    "max": 38,
    "mean": 34.6,
    "median": 34.5,
    "variance": 1.8400000000000003,
    "stdDev": 1.3564659966250538,
    "confidence": 1.9405798061404198,
    "low": 33.62971009692979,
    "high": 35.57028990307021,
    "count": 10
  },
  "Compilation.module build task": {
    "min": 9,
    "max": 11,
    "mean": 9.7,
    "median": 10.5,
    "variance": 0.41,
    "stdDev": 0.6403124237432849,
    "confidence": 0.9160401825247639,
    "low": 9.241979908737617,
    "high": 10.158020091262381,
    "count": 10
  },
  "Compilation.finish modules": {
    "min": 0,
    "max": 0,
    "mean": 0,
    "median": 0,
    "variance": 0,
    "stdDev": 0,
    "confidence": 0,
    "low": 0,
    "high": 0,
    "count": 10
  },
  "Compilation.optimize dependencies": {
    "min": 100,
    "max": 110,
    "mean": 105.4,
    "median": 106,
    "variance": 8.44,
    "stdDev": 2.90516780926679,
    "confidence": 4.156174941457579,
    "low": 103.32191252927122,
    "high": 107.4780874707288,
    "count": 10
  },
  "Compilation.create chunks": {
    "min": 53,
    "max": 59,
    "mean": 56.1,
    "median": 55.5,
    "variance": 4.49,
    "stdDev": 2.118962010041709,
    "confidence": 3.031417593140219,
    "low": 54.58429120342989,
    "high": 57.61570879657011,
    "count": 10
  },
  "Compilation.optimize": {
    "min": 0,
    "max": 0,
    "mean": 0,
    "median": 0,
    "variance": 0,
    "stdDev": 0,
    "confidence": 0,
    "low": 0,
    "high": 0,
    "count": 10
  },
  "Compilation.module ids": {
    "min": 32,
    "max": 33,
    "mean": 32.5,
    "median": 32.5,
    "variance": 0.25,
    "stdDev": 0.5,
    "confidence": 0.7153072067300883,
    "low": 32.142346396634956,
    "high": 32.857653603365044,
    "count": 10
  },
  "Compilation.chunk ids": {
    "min": 5,
    "max": 8,
    "mean": 5.8,
    "median": 6,
    "variance": 0.76,
    "stdDev": 0.8717797887081347,
    "confidence": 1.2471807310891236,
    "low": 5.176409634455438,
    "high": 6.423590365544562,
    "count": 10
  },
  "Compilation.optimize code generation": {
    "min": 1,
    "max": 1,
    "mean": 1,
    "median": 1,
    "variance": 0,
    "stdDev": 0,
    "confidence": 0,
    "low": 1,
    "high": 1,
    "count": 10
  },
  "Compilation.code generation": {
    "min": 38,
    "max": 43,
    "mean": 40.4,
    "median": 41,
    "variance": 1.8399999999999999,
    "stdDev": 1.3564659966250536,
    "confidence": 1.9405798061404198,
    "low": 39.42971009692979,
    "high": 41.37028990307021,
    "count": 10
  },
  "Compilation.runtime requirements.modules": {
    "min": 6,
    "max": 7,
    "mean": 6.3,
    "median": 6,
    "variance": 0.21000000000000002,
    "stdDev": 0.45825756949558405,
    "confidence": 0.6555898839976102,
    "low": 5.972205058001195,
    "high": 6.627794941998805,
    "count": 10
  },
  "Compilation.runtime requirements.chunks": {
    "min": 3,
    "max": 4,
    "mean": 3.1,
    "median": 3,
    "variance": 0.09,
    "stdDev": 0.3,
    "confidence": 0.4291843240380526,
    "low": 2.8854078379809738,
    "high": 3.3145921620190264,
    "count": 10
  },
  "Compilation.runtime requirements.entries": {
    "min": 0,
    "max": 0,
    "mean": 0,
    "median": 0,
    "variance": 0,
    "stdDev": 0,
    "confidence": 0,
    "low": 0,
    "high": 0,
    "count": 10
  },
  "Compilation.runtime requirements": {
    "min": 10,
    "max": 11,
    "mean": 10.6,
    "median": 11,
    "variance": 0.24,
    "stdDev": 0.4898979485566356,
    "confidence": 0.7008550663296944,
    "low": 10.249572466835152,
    "high": 10.950427533164847,
    "count": 10
  },
  "Compilation.hashing: hash chunks": {
    "min": 4,
    "max": 5,
    "mean": 4.4,
    "median": 4,
    "variance": 0.24,
    "stdDev": 0.4898979485566356,
    "confidence": 0.7008550663296944,
    "low": 4.049572466835153,
    "high": 4.750427533164848,
    "count": 10
  },
  "Compilation.hashing: hash runtime chunks": {
    "min": 14,
    "max": 15,
    "mean": 14.5,
    "median": 14.5,
    "variance": 0.25,
    "stdDev": 0.5,
    "confidence": 0.7153072067300883,
    "low": 14.142346396634956,
    "high": 14.857653603365044,
    "count": 10
  },
  "Compilation.hashing: process full hash chunks": {
    "min": 0,
    "max": 0,
    "mean": 0,
    "median": 0,
    "variance": 0,
    "stdDev": 0,
    "confidence": 0,
    "low": 0,
    "high": 0,
    "count": 10
  },
  "Compilation.hashing": {
    "min": 19,
    "max": 20,
    "mean": 19.4,
    "median": 19,
    "variance": 0.24,
    "stdDev": 0.4898979485566356,
    "confidence": 0.7008550663296944,
    "low": 19.04957246683515,
    "high": 19.750427533164846,
    "count": 10
  },
  "Compilation.create module assets": {
    "min": 0,
    "max": 0,
    "mean": 0,
    "median": 0,
    "variance": 0,
    "stdDev": 0,
    "confidence": 0,
    "low": 0,
    "high": 0,
    "count": 10
  },
  "Compilation.create chunk assets": {
    "min": 9,
    "max": 11,
    "mean": 9.8,
    "median": 10,
    "variance": 0.36,
    "stdDev": 0.6,
    "confidence": 0.8583686480761052,
    "low": 9.370815675961948,
    "high": 10.229184324038053,
    "count": 10
  },
  "Compilation.process assets": {
    "min": 1388,
    "max": 1493,
    "mean": 1444.2,
    "median": 1452.5,
    "variance": 1179.36,
    "stdDev": 34.34181125101004,
    "confidence": 49.12989016002393,
    "low": 1419.635054919988,
    "high": 1468.764945080012,
    "count": 10
  },
  "Compilation.after process assets": {
    "min": 0,
    "max": 0,
    "mean": 0,
    "median": 0,
    "variance": 0,
    "stdDev": 0,
    "confidence": 0,
    "low": 0,
    "high": 0,
    "count": 10
  },
  "Compiler.make": {
    "min": 493,
    "max": 522,
    "mean": 510.5,