{
  "stats": {
    "min": 669,
    "max": 686,
    "mean": 677.6,
    "median": 677,
    "variance": 48.64,
    "stdDev": 6.974238309665077,
    "confidence": 17.316544704761327,
    "low": 668.9417276476194,
    "high": 686.2582723523807,
    "count": 5
  },
  "heap memory": {
    "min": 69342896,
    "max": 75872096,
    "mean": 72175120,
    "median": 70973216,
    "variance": 6345568061977.6,
    "stdDev": 2519041.0996999633,
    "confidence": 6254602.420974702,
    "low": 69047818.78951265,
    "high": 75302421.21048735,
    "count": 5
  },
  "rss memory": {
    "min": 555720704,
    "max": 570630144,
    "mean": 562912460.8,
    "median": 561864704,
    "variance": 25881784310824.96,
    "stdDev": 5087414.30501045,
    "confidence": 12631693.001122475,
    "low": 556596614.2994387,
    "high": 569228307.3005612,
    "count": 5
  },
  "external memory": {
    "min": 21769997,
    "max": 22606244,
    "mean": 22134343.6,
    "median": 22228072,
    "variance": 94183691796.24,
    "stdDev": 306893.61641493946,
    "confidence": 761995.3308579177,
    "low": 21753345.934571043,
    "high": 22515341.26542896,
    "count": 5
  },
  "array buffers memory": {
    "min": 4145651,
    "max": 4695229,
    "mean": 4395586,
    "median": 4365980,
    "variance": 30917940794,
    "stdDev": 175834.98171296858,
    "confidence": 436585.9304339923,
    "low": 4177293.034783004,
    "high": 4613878.965216996,
    "count": 5
  },
  "Compilation.build module graph": {
    "min": 557.487595,
    "max": 572.009176,
    "mean": 564.6263684,
    "median": 563.689659,
    "variance": 32.36233005242247,
    "stdDev": 5.68878985834619,
    "confidence": 14.124866332933834,
    "low": 557.5639352335331,
    "high": 571.688801566467,
    "count": 5
  },
  "Compilation.finish modules": {
    "min": 17.720652,
    "max": 21.695469,
    "mean": 19.478264600000003,
    "median": 19.619692,
    "variance": 1.7386320407650384,
    "stdDev": 1.3185719702636782,
    "confidence": 3.273921746819802,
    "low": 17.8413037265901,
    "high": 21.115225473409904,
    "count": 5
  },
  "Compilation.seal": {
    "min": 0.003839,
    "max": 0.004594,
    "mean": 0.0042474,
    "median": 0.004313,
    "variance": 6.278343999999998e-8,
    "stdDev": 0.0002505662387473619,
    "confidence": 0.0006221384016602341,
    "low": 0.003936330799169883,
    "high": 0.004558469200830117,
    "count": 5
  },
  "Compilation.optimize dependencies": {
    "min": 0.881793,
    "max": 0.926126,
    "mean": 0.8986104000000001,
    "median": 0.894147,
    "variance": 0.00022633177383999986,
    "stdDev": 0.015044326965338126,
    "confidence": 0.03735400898006258,
    "low": 0.8799333955099689,
    "high": 0.9172874044900314,
    "count": 5
  },
  "Compilation.rebuild chunk graph": {
    "min": 8.260035,
    "max": 8.926959,
    "mean": 8.6144584,
    "median": 8.762917,
    "variance": 0.07035768294463987,
    "stdDev": 0.26525022703975176,
    "confidence": 0.6585977149815179,
    "low": 8.285159542509241,
    "high": 8.94375725749076,
    "count": 5
  },
  "Compilation.build chunk graph": {
    "min": 8.817945,
    "max": 9.537796,
    "mean": 9.2769484,
    "median": 9.382059,
    "variance": 0.06550738570824004,
    "stdDev": 0.255944106609705,
    "confidence": 0.6354912704782549,
    "low": 8.959202764760873,
    "high": 9.594694035239128,
    "count": 5
  },
  "Compilation.optimize modules": {
    "min": 0.00567,
    "max": 0.007383,
    "mean": 0.006605,
    "median": 0.006391,
    "variance": 4.4992760000000004e-7,
    "stdDev": 0.0006707664273053624,
    "confidence": 0.0016654660063435932,
    "low": 0.005772266996828203,
    "high": 0.007437733003171796,
    "count": 5
  },
  "Compilation.optimize chunks": {
    "min": 5.17848,
    "max": 5.501755,
    "mean": 5.305048,
    "median": 5.286679,
    "variance": 0.0115040279068,
    "stdDev": 0.1072568315157594,
    "confidence": 0.26631119204226117,
    "low": 5.17189240397887,
    "high": 5.438203596021131,
    "count": 5
  },
  "Compilation.optimize tree": {
    "min": 0.00213,
    "max": 0.002752,
    "mean": 0.0025036000000000004,
    "median": 0.002531,
    "variance": 5.115944000000002e-8,
    "stdDev": 0.00022618452643803912,
    "confidence": 0.0005616003195878291,
    "low": 0.002222799840206086,
    "high": 0.002784400159793915,
    "count": 5
  },
  "Compilation.optimize chunk modules": {
    "min": 0.003309,
    "max": 0.003855,
    "mean": 0.00354,
    "median": 0.003516,
    "variance": 3.704400000000001e-8,
    "stdDev": 0.0001924681791881453,
    "confidence": 0.00047788499348190485,
    "low": 0.0033010575032590478,
    "high": 0.0037789424967409526,
    "count": 5
  },
  "Compilation.module ids": {
    "min": 1.43243,
    "max": 1.500405,
    "mean": 1.4708256,
    "median": 1.488472,
    "variance": 0.0008100282034399992,
    "stdDev": 0.028460994421137135,
    "confidence": 0.07066665352581758,
    "low": 1.4354922732370912,
    "high": 1.5061589267629087,
    "count": 5
  },
  "Compilation.chunk ids": {
    "min": 0.04075,
    "max": 0.04938,
    "mean": 0.0452072,
    "median": 0.045414,
    "variance": 0.00000785935336,
    "stdDev": 0.002803453826978429,
    "confidence": 0.006960779280416884,
    "low": 0.04172681035979156,
    "high": 0.048687589640208445,
    "count": 5
  },
  "Compilation.assign runtime ids": {
    "min": 0.002749,
    "max": 0.003875,
    "mean": 0.0035028000000000004,
    "median": 0.003643,
    "variance": 1.6154095999999996e-7,
    "stdDev": 0.0004019215843917815,
    "confidence": 0.00099794311219386,
    "low": 0.00300382844390307,
    "high": 0.00400177155609693,
    "count": 5
  },
  "Compilation.optimize code generation": {
    "min": 0.00197,
    "max": 0.00253,
    "mean": 0.0021330000000000003,
    "median": 0.002059,
    "variance": 4.119640000000001e-8,
    "stdDev": 0.00020296896314461483,
    "confidence": 0.0005039577037541149,
    "low": 0.001881021148122943,
    "high": 0.002384978851877058,
    "count": 5
  },
  "Compilation.create module hashes": {
    "min": 3.899622,
    "max": 4.430217,
    "mean": 4.1356002,
    "median": 4.072149,
    "variance": 0.03149745696855998,
    "stdDev": 0.17747522916891806,
    "confidence": 0.440658549856598,
    "low": 3.915270925071701,
    "high": 4.355929474928299,
    "count": 5
  },
  "Compilation.module code generation cache": {
    "min": 0,
    "max": 0,
    "mean": 0,
    "median": 0,
    "variance": 0,
    "stdDev": 0,
    "confidence": 0,
    "low": 0,
    "high": 0,
    "count": 5
  },
  "Compilation.code generation": {
    "min": 27.218628,
    "max": 28.419606,
    "mean": 27.9095234,
    "median": 28.208523,
    "variance": 0.2585985136218403,
    "stdDev": 0.5085258239478505,
    "confidence": 1.2626339641585105,
    "low": 27.278206417920746,
    "high": 28.540840382079256,
    "count": 5
  },
  "Compilation.runtime requirements.modules": {
    "min": 2.323619,
    "max": 2.95598,
    "mean": 2.6300714,
    "median": 2.628473,
    "variance": 0.04183462806663999,
    "stdDev": 0.20453515117612422,
    "confidence": 0.507846438818718,
    "low": 2.376148180590641,
    "high": 2.883994619409359,
    "count": 5
  },
  "Compilation.runtime requirements.chunks": {
    "min": 0.188112,
    "max": 0.23901,
    "mean": 0.20943460000000003,
    "median": 0.206867,
    "variance": 0.00028588261064,
    "stdDev": 0.0169080634798903,
    "confidence": 0.04198153606462074,
    "low": 0.18844383196768966,
    "high": 0.2304253680323104,
    "count": 5
  },
  "Compilation.runtime requirements.entries": {
    "min": 0.290293,
    "max": 0.303544,
    "mean": 0.2985186,
    "median": 0.302224,
    "variance": 0.000027863811039999904,
    "stdDev": 0.005278618288908557,
    "confidence": 0.013106439086341681,
    "low": 0.2919653804568292,
    "high": 0.30507181954317086,
    "count": 5
  },
  "Compilation.runtime requirements": {
    "min": 2.877177,
    "max": 3.530724,
    "mean": 3.1929552,
    "median": 3.18685,