{
  "stats": {
    "min": 1749,
    "max": 1788,
    "mean": 1765.4,
    "median": 1752,
    "variance": 312.64,
    "stdDev": 17.681628884240276,
    "confidence": 43.90224472292948,
    "low": 1743.4488776385354,
    "high": 1787.3511223614648,
    "count": 5
  },
  "heap memory": {
    "min": 239697616,
    "max": 240079192,
    "mean": 239983982.4,
    "median": 240049112,
    "variance": 20704339543.04,
    "stdDev": 143890.02586364353,
    "confidence": 357268.84496963024,
    "low": 239805347.9775152,
    "high": 240162616.82248482,
    "count": 5
  },
  "rss memory": {
    "min": 874213376,
    "max": 890183680,
    "mean": 880577740.8,
    "median": 879124480,
    "variance": 36492427195842.56,
    "stdDev": 6040896.2245549755,
    "confidence": 14999121.751312017,
    "low": 873078179.924344,
    "high": 888077301.675656,
    "count": 5
  },
  "external memory": {
    "min": 24970022,
    "max": 25048838,
    "mean": 24993724,
    "median": 24984609,
    "variance": 847302722,
    "stdDev": 29108.46478260233,
    "confidence": 72274.27703414857,
    "low": 24957586.861482926,
    "high": 25029861.138517074,
    "count": 5
  },
  "array buffers memory": {
    "min": 1543496,
    "max": 1625416,
    "mean": 1561518.4,
    "median": 1543496,
    "variance": 1030792151.04,
    "stdDev": 32105.95195660767,
    "confidence": 79716.82751004491,
    "low": 1521659.9862449775,
    "high": 1601376.8137550224,
    "count": 5
  },
  "Compilation.build module graph": {
    "min": 1479.57276,
    "max": 1513.265525,
    "mean": 1493.3463542,
    "median": 1481.872435,
    "variance": 248.74926024243388,
    "stdDev": 15.771786843678615,
    "confidence": 39.16024085010713,
    "low": 1473.7662337749464,
    "high": 1512.9264746250535,
    "count": 5
  },
  "Compilation.finish modules": {
    "min": 23.350787,
    "max": 24.462136,
    "mean": 23.8730242,
    "median": 23.915712,
    "variance": 0.17311902764215997,
    "stdDev": 0.416075747481345,
    "confidence": 1.033086906686691,
    "low": 23.356480746656654,
    "high": 24.389567653343345,
    "count": 5
  },
  "Compilation.seal": {
    "min": 0.00367,
    "max": 0.004618,
    "mean": 0.0040162,
    "median": 0.003922,
    "variance": 1.0104335999999989e-7,
    "stdDev": 0.0003178731822598438,
    "confidence": 0.000789256822987985,
    "low": 0.003621571588506008,
    "high": 0.004410828411493993,
    "count": 5
  },
  "Compilation.optimize dependencies": {
    "min": 2.684921,
    "max": 2.925427,
    "mean": 2.7560538,
    "median": 2.726207,
    "variance": 0.007633646628559998,
    "stdDev": 0.08737074240591068,
    "confidence": 0.21693542715101177,
    "low": 2.6475860864244942,
    "high": 2.864521513575506,
    "count": 5
  },
  "Compilation.rebuild chunk graph": {
    "min": 26.131344,
    "max": 27.79187,
    "mean": 27.1340636,
    "median": 27.329879,
    "variance": 0.3795534377778403,
    "stdDev": 0.6160790840288609,
    "confidence": 1.5296811675433801,
    "low": 26.36922301622831,
    "high": 27.89890418377169,
    "count": 5
  },
  "Compilation.build chunk graph": {
    "min": 28.677458,
    "max": 30.464034,
    "mean": 29.760936400000002,
    "median": 30.033898,
    "variance": 0.4261705150186397,
    "stdDev": 0.6528173672771272,
    "confidence": 1.6208997488418007,
    "low": 28.9504865255791,
    "high": 30.571386274420902,
    "count": 5
  },
  "Compilation.optimize modules": {
    "min": 0.006499,
    "max": 0.007845,
    "mean": 0.007371599999999999,
    "median": 0.007576,
    "variance": 2.1755264000000006e-7,
    "stdDev": 0.0004664253852439853,
    "confidence": 0.0011581015268462913,
    "low": 0.006792549236576853,
    "high": 0.007950650763423144,
    "count": 5
  },
  "Compilation.optimize chunks": {
    "min": 21.76706,
    "max": 24.285641,
    "mean": 22.830584800000004,
    "median": 22.535875,
    "variance": 0.7745573988321586,
    "stdDev": 0.8800894266108181,
    "confidence": 2.185200336354143,
    "low": 21.737984631822933,
    "high": 23.923184968177075,
    "count": 5
  },
  "Compilation.optimize tree": {
    "min": 0.002999,
    "max": 0.004862,
    "mean": 0.0038610000000000007,
    "median": 0.003785,
    "variance": 3.6538360000000004e-7,
    "stdDev": 0.0006044696849305183,
    "confidence": 0.0015008558436075334,
    "low": 0.003110572078196234,
    "high": 0.004611427921803767,
    "count": 5
  },
  "Compilation.optimize chunk modules": {
    "min": 0.004045,
    "max": 0.005163,
    "mean": 0.0045218,
    "median": 0.004441,
    "variance": 1.3279736000000003e-7,
    "stdDev": 0.00036441372092719013,
    "confidence": 0.0009048137171795579,
    "low": 0.004069393141410221,
    "high": 0.004974206858589779,
    "count": 5
  },
  "Compilation.module ids": {
    "min": 4.22764,
    "max": 4.58796,
    "mean": 4.427192,
    "median": 4.486296,
    "variance": 0.018574681606399985,
    "stdDev": 0.13628896362655335,
    "confidence": 0.3383959404045864,
    "low": 4.257994029797707,
    "high": 4.596389970202293,
    "count": 5
  },
  "Compilation.chunk ids": {
    "min": 2.549082,
    "max": 2.673589,
    "mean": 2.5947442,
    "median": 2.56519,
    "variance": 0.0024817660353600125,
    "stdDev": 0.04981732665810172,
    "confidence": 0.12369292901150519,
    "low": 2.5328977354942475,
    "high": 2.6565906645057527,
    "count": 5
  },
  "Compilation.assign runtime ids": {
    "min": 0.009659,
    "max": 0.012473,
    "mean": 0.0103572,
    "median": 0.009934,
    "variance": 0.0000011336717600000003,
    "stdDev": 0.0010647402312301344,
    "confidence": 0.0026436753369186265,
    "low": 0.009035362331540687,
    "high": 0.011679037668459314,
    "count": 5
  },
  "Compilation.optimize code generation": {
    "min": 0.002806,
    "max": 0.00436,
    "mean": 0.0032238,
    "median": 0.00298,
    "variance": 3.3645376000000006e-7,
    "stdDev": 0.0005800463429761454,
    "confidence": 0.0014402143980454469,
    "low": 0.0025036928009772768,
    "high": 0.003943907199022724,
    "count": 5
  },
  "Compilation.create module hashes": {
    "min": 14.549325,
    "max": 15.402789,
    "mean": 14.945798399999997,
    "median": 14.883942,
    "variance": 0.09604463058144014,
    "stdDev": 0.30991068161881763,
    "confidence": 0.7694864922092179,
    "low": 14.561055153895389,
    "high": 15.330541646104606,
    "count": 5
  },
  "Compilation.module code generation cache": {
    "min": 0,
    "max": 0,
    "mean": 0,
    "median": 0,
    "variance": 0,
    "stdDev": 0,
    "confidence": 0,
    "low": 0,
    "high": 0,
    "count": 5
  },
  "Compilation.code generation": {
    "min": 74.274402,
    "max": 78.991734,
    "mean": 77.0641428,
    "median": 78.046891,
    "variance": 2.966039124375759,
    "stdDev": 1.722219243991821,
    "confidence": 4.276149624634343,
    "low": 74.92606798768283,
    "high": 79.20221761231717,
    "count": 5
  },
  "Compilation.runtime requirements.modules": {
    "min": 7.969134,
    "max": 9.248808,
    "mean": 8.7184214,
    "median": 8.654092,
    "variance": 0.23032599814064011,
    "stdDev": 0.47992290853911124,
    "confidence": 1.1916149307716637,
    "low": 8.122613934614169,
    "high": 9.314228865385832,
    "count": 5
  },
  "Compilation.runtime requirements.chunks": {
    "min": 0.407519,
    "max": 0.554256,
    "mean": 0.46303160000000004,
    "median": 0.457361,
    "variance": 0.002577929245839998,
    "stdDev": 0.05077331233866861,
    "confidence": 0.12606657442475477,
    "low": 0.39999831278762266,
    "high": 0.5260648872123774,
    "count": 5
  },
  "Compilation.runtime requirements.entries": {
    "min": 0.550099,
    "max": 0.580598,
    "mean": 0.5658172,
    "median": 0.565538,
    "variance": 0.00012490811095999967,
    "stdDev": 0.011176229729206521,
    "confidence": 0.027749794765155045,
    "low": 0.5519423026174225,
    "high": 0.5796920973825775,
    "count": 5
  },
  "Compilation.runtime requirements": {
    "min": 9.329225,
    "max": 10.497155,
    "mean": 9.974416,