{
  "stats": {
    "min": 3178,
    "max": 3384,
    "mean": 3302.6,
    "median": 3316,
    "variance": 4627.84,
    "stdDev": 68.02822943455165,
    "confidence": 168.90932369727852,
    "low": 3218.1453381513606,
    "high": 3387.054661848639,
    "count": 5
  },
  "heap memory": {
    "min": 50192488,
    "max": 107173112,
    "mean": 90276241.6,
    "median": 97039216,
    "variance": 414575629432714.25,
    "stdDev": 20361130.357441217,
    "confidence": 50555259.00018138,
    "low": 64998612.099909306,
    "high": 115553871.10009068,
    "count": 5
  },
  "rss memory": {
    "min": 745566208,
    "max": 864903168,
    "mean": 798336614.4,
    "median": 793866240,
    "variance": 1530811871857213.5,
    "stdDev": 39125591.00968589,
    "confidence": 97146099.07730174,
    "low": 749763564.8613491,
    "high": 846909663.9386508,
    "count": 5
  },
  "external memory": {
    "min": 28501067,
    "max": 30946515,
    "mean": 30453821,
    "median": 30937504,
    "variance": 953328285753.2,
    "stdDev": 976385.3162318654,
    "confidence": 2424296.2782287896,
    "low": 29241672.860885605,
    "high": 31665969.139114395,
    "count": 5
  },
  "array buffers memory": {
    "min": 505510,
    "max": 2243021,
    "mean": 1892242,
    "median": 2243021,
    "variance": 480769831728.8,
    "stdDev": 693375.6786395092,
    "confidence": 1721603.1920956736,
    "low": 1031440.4039521632,
    "high": 2753043.596047837,
    "count": 5
  },
  "Compilation.finish modules": {
    "min": 7,
    "max": 9,
    "mean": 7.8,
    "median": 8,
    "variance": 0.5599999999999999,
    "stdDev": 0.7483314773547882,
    "confidence": 1.8580545869268743,
    "low": 6.870972706536563,
    "high": 8.729027293463437,
    "count": 5
  },
  "Compilation.optimize dependencies": {
    "min": 22,
    "max": 24,
    "mean": 23.2,
    "median": 23,
    "variance": 0.56,
    "stdDev": 0.7483314773547883,
    "confidence": 1.858054586926876,
    "low": 22.27097270653656,
    "high": 24.129027293463437,
    "count": 5
  },
  "Compilation.rebuild chunk graph": {
    "min": 12,
    "max": 13,
    "mean": 12.8,
    "median": 13,
    "variance": 0.15999999999999998,
    "stdDev": 0.39999999999999997,
    "confidence": 0.993171952886307,
    "low": 12.303414023556847,
    "high": 13.296585976443154,
    "count": 5
  },
  "Compilation.create chunks": {
    "min": 20,
    "max": 21,
    "mean": 20.6,
    "median": 21,
    "variance": 0.24,
    "stdDev": 0.4898979485566356,
    "confidence": 1.2163822557074724,
    "low": 19.991808872146265,
    "high": 21.208191127853738,
    "count": 5
  },
  "Compilation.optimize": {
    "min": 70,
    "max": 75,
    "mean": 72.6,
    "median": 73,
    "variance": 3.44,
    "stdDev": 1.8547236990991407,
    "confidence": 4.605148895747021,
    "low": 70.29742555212648,
    "high": 74.9025744478735,
    "count": 5
  },
  "Compilation.module ids": {
    "min": 2,
    "max": 2,
    "mean": 2,
    "median": 2,
    "variance": 0,
    "stdDev": 0,
    "confidence": 0,
    "low": 2,
    "high": 2,
    "count": 5
  },
  "Compilation.chunk ids": {
    "min": 6,
    "max": 6,
    "mean": 6,
    "median": 6,
    "variance": 0,
    "stdDev": 0,
    "confidence": 0,
    "low": 6,
    "high": 6,
    "count": 5
  },
  "Compilation.optimize code generation": {
    "min": 3,
    "max": 4,
    "mean": 3.4,
    "median": 3,
    "variance": 0.24,
    "stdDev": 0.4898979485566356,
    "confidence": 1.2163822557074733,
    "low": 2.7918088721462633,
    "high": 4.0081911278537365,
    "count": 5
  },
  "Compilation.module code generation cache": {
    "min": 0,
    "max": 0,
    "mean": 0,
    "median": 0,
    "variance": 0,
    "stdDev": 0,
    "confidence": 0,
    "low": 0,
    "high": 0,
    "count": 5
  },
  "Compilation.code generation": {
    "min": 53,
    "max": 56,
    "mean": 55,
    "median": 55,
    "variance": 1.2,
    "stdDev": 1.0954451150103321,
    "confidence": 2.7199134103864395,
    "low": 53.64004329480678,
    "high": 56.35995670519322,
    "count": 5
  },
  "Compilation.runtime requirements.modules": {
    "min": 1,
    "max": 4,
    "mean": 2,
    "median": 2,
    "variance": 1.2,
    "stdDev": 1.0954451150103321,
    "confidence": 2.7199134103864404,
    "low": 0.6400432948067798,
    "high": 3.35995670519322,
    "count": 5
  },
  "Compilation.runtime requirements.chunks": {
    "min": 0,
    "max": 0,
    "mean": 0,
    "median": 0,
    "variance": 0,
    "stdDev": 0,
    "confidence": 0,
    "low": 0,
    "high": 0,
    "count": 5
  },
  "Compilation.runtime requirements.entries": {
    "min": 0,
    "max": 0,
    "mean": 0,
    "median": 0,
    "variance": 0,
    "stdDev": 0,
    "confidence": 0,
    "low": 0,
    "high": 0,
    "count": 5
  },
  "Compilation.runtime requirements": {
    "min": 1,
    "max": 5,
    "mean": 2.6,
    "median": 2,
    "variance": 1.8400000000000003,
    "stdDev": 1.3564659966250538,
    "confidence": 3.3680099572299365,
    "low": 0.9159950213850316,
    "high": 4.284004978614968,
    "count": 5
  },
  "Compilation.hashing: hash chunks": {
    "min": 1,
    "max": 1,
    "mean": 1,
    "median": 1,
    "variance": 0,
    "stdDev": 0,
    "confidence": 0,
    "low": 1,
    "high": 1,
    "count": 5
  },
  "Compilation.hashing: hash runtime chunks": {
    "min": 1,
    "max": 1,
    "mean": 1,
    "median": 1,
    "variance": 0,
    "stdDev": 0,
    "confidence": 0,
    "low": 1,
    "high": 1,
    "count": 5
  },
  "Compilation.hashing: process full hash chunks": {
    "min": 0,
    "max": 0,
    "mean": 0,
    "median": 0,
    "variance": 0,
    "stdDev": 0,
    "confidence": 0,
    "low": 0,
    "high": 0,
    "count": 5
  },
  "Compilation.hashing": {
    "min": 2,
    "max": 2,
    "mean": 2,
    "median": 2,
    "variance": 0,
    "stdDev": 0,
    "confidence": 0,
    "low": 2,
    "high": 2,
    "count": 5
  },
  "Compilation.create module assets": {
    "min": 0,
    "max": 0,
    "mean": 0,
    "median": 0,
    "variance": 0,
    "stdDev": 0,
    "confidence": 0,
    "low": 0,
    "high": 0,
    "count": 5
  },
  "Compilation.create chunk assets": {
    "min": 2,
    "max": 3,
    "mean": 2.6,
    "median": 3,
    "variance": 0.24,
    "stdDev": 0.4898979485566356,
    "confidence": 1.216382255707473,
    "low": 1.9918088721462637,
    "high": 3.2081911278537367,
    "count": 5
  },
  "Compilation.process assets": {
    "min": 1550,
    "max": 1651,
    "mean": 1596,
    "median": 1583,
    "variance": 1294,
    "stdDev": 35.9722114972099,
    "confidence": 89.31647885580787,
    "low": 1551.341760572096,
    "high": 1640.658239427904,
    "count": 5
  },
  "Compilation.after process assets": {
    "min": 0,
    "max": 0,
    "mean": 0,
    "median": 0,
    "variance": 0,
    "stdDev": 0,
    "confidence": 0,
    "low": 0,
    "high": 0,
    "count": 5
  },
  "Compilation.after seal": {
    "min": 0,
    "max": 0,
    "mean": 0,
    "median": 0,
    "variance": 0,
    "stdDev": 0,
    "confidence": 0,
    "low": 0,
    "high": 0,
    "count": 5
  },
  "Compiler.make hook": {
    "min": 2,
    "max": 2,
    "mean": 2,
    "median": 2,
    "variance": 0,
    "stdDev": 0,
    "confidence": 0,
    "low": 2,
    "high": 2,
    "count": 5
  },
  "Compiler.make": {
    "min": 1251,
    "max": 1383,
    "mean": 1331.4,
    "median": 1355,
    "variance": 2899.8399999999997,
    "stdDev": 53.850162488148534,
    "confidence": 133.70617760399864,
    "low": 1264.5469111980008,
    "high": 1398.2530888019994,
    "count": 5
  },
  "Compiler.finish make hook": {
    "min": 0,
    "max": 0,
    "mean": 0,
    "median": 0,
    "variance": 0,
    "stdDev": 0,
    "confidence": 0,
    "low": 0,
    "high": 0,
    "count": 5
  },
  "Compiler.finish compilation": {
    "min": 38,
    "max": 40,
    "mean": 39,
    "median": 39,
    "variance": 0.4,
    "stdDev": 0.6324555320336759,
    "confidence": 1.5703427396590826,
    "low": 38.21482863017046,
    "high": 39.78517136982954,
    "count": 5
  },