{
  "stats": {
    "min": 4082,
    "max": 4335,
    "mean": 4150.4,
    "median": 4110,
    "variance": 8657.039999999999,
    "stdDev": 93.04321576557852,
    "confidence": 231.0197807618042,
    "low": 4034.8901096190975,
    "high": 4265.909890380902,
    "count": 5
  },
  "heap memory": {
    "min": 81601816,
    "max": 82180664,
    "mean": 81777235.2,
    "median": 81640256,
    "variance": 47138293852.159996,
    "stdDev": 217113.55059544303,
    "confidence": 539077.722607404,
    "low": 81507696.3386963,
    "high": 82046774.0613037,
    "count": 5
  },
  "rss memory": {
    "min": 786079744,
    "max": 982007808,
    "mean": 867279667.2,
    "median": 815398912,
    "variance": 7524703570503926,
    "stdDev": 86745049.25644994,
    "confidence": 215381874.9331181,
    "low": 759588729.733441,
    "high": 974970604.6665591,
    "count": 5
  },
  "external memory": {
    "min": 36397771,
    "max": 36748930,
    "mean": 36592530.4,
    "median": 36638867,
    "variance": 18904740741.04,
    "stdDev": 137494.51167606656,
    "confidence": 341389.2316811681,
    "low": 36421835.784159414,
    "high": 36763225.01584058,
    "count": 5
  },
  "array buffers memory": {
    "min": 8187766,
    "max": 8543266,
    "mean": 8330502.8,
    "median": 8278837,
    "variance": 15623770213.36,
    "stdDev": 124995.08075664418,
    "confidence": 310354.0211406443,
    "low": 8175325.789429678,
    "high": 8485679.810570322,
    "count": 5
  },
  "Compilation.finish modules": {
    "min": 28,
    "max": 28,
    "mean": 28,
    "median": 28,
    "variance": 0,
    "stdDev": 0,
    "confidence": 0,
    "low": 28,
    "high": 28,
    "count": 5
  },
  "Compilation.optimize dependencies": {
    "min": 27,
    "max": 29,
    "mean": 28.2,
    "median": 28,
    "variance": 0.56,
    "stdDev": 0.7483314773547883,
    "confidence": 1.858054586926876,
    "low": 27.27097270653656,
    "high": 29.129027293463437,
    "count": 5
  },
  "Compilation.rebuild chunk graph": {
    "min": 14,
    "max": 14,
    "mean": 14,
    "median": 14,
    "variance": 0,
    "stdDev": 0,
    "confidence": 0,
    "low": 14,
    "high": 14,
    "count": 5
  },
  "Compilation.create chunks": {
    "min": 21,
    "max": 22,
    "mean": 21.2,
    "median": 21,
    "variance": 0.16,
    "stdDev": 0.4,
    "confidence": 0.993171952886307,
    "low": 20.703414023556846,
    "high": 21.696585976443153,
    "count": 5
  },
  "Compilation.optimize": {
    "min": 47,
    "max": 51,
    "mean": 48.4,
    "median": 47,
    "variance": 3.04,
    "stdDev": 1.7435595774162693,
    "confidence": 4.329136176190346,
    "low": 46.235431911904826,
    "high": 50.56456808809517,
    "count": 5
  },
  "Compilation.module ids": {
    "min": 0,
    "max": 0,
    "mean": 0,
    "median": 0,
    "variance": 0,
    "stdDev": 0,
    "confidence": 0,
    "low": 0,
    "high": 0,
    "count": 5
  },
  "Compilation.chunk ids": {
    "min": 0,
    "max": 0,
    "mean": 0,
    "median": 0,
    "variance": 0,
    "stdDev": 0,
    "confidence": 0,
    "low": 0,
    "high": 0,
    "count": 5
  },
  "Compilation.optimize code generation": {
    "min": 8,
    "max": 9,
    "mean": 8.4,
    "median": 8,
    "variance": 0.24000000000000005,
    "stdDev": 0.48989794855663565,
    "confidence": 1.2163822557074724,
    "low": 7.791808872146264,
    "high": 9.008191127853737,
    "count": 5
  },
  "Compilation.code generation": {
    "min": 163,
    "max": 165,
    "mean": 163.8,
    "median": 163,
    "variance": 0.96,
    "stdDev": 0.9797958971132712,
    "confidence": 2.432764511414973,
    "low": 162.58361774429252,
    "high": 165.0163822557075,
    "count": 5
  },
  "Compilation.runtime requirements.modules": {
    "min": 0,
    "max": 1,
    "mean": 0.6,
    "median": 1,
    "variance": 0.24000000000000005,
    "stdDev": 0.48989794855663565,
    "confidence": 1.2081911278537363,
    "low": 0,
    "high": 1.2081911278537363,
    "count": 5
  },
  "Compilation.runtime requirements.chunks": {
    "min": 0,
    "max": 0,
    "mean": 0,
    "median": 0,
    "variance": 0,
    "stdDev": 0,
    "confidence": 0,
    "low": 0,
    "high": 0,
    "count": 5
  },
  "Compilation.runtime requirements.entries": {
    "min": 0,
    "max": 0,
    "mean": 0,
    "median": 0,
    "variance": 0,
    "stdDev": 0,
    "confidence": 0,
    "low": 0,
    "high": 0,
    "count": 5
  },
  "Compilation.runtime requirements": {
    "min": 0,
    "max": 2,
    "mean": 0.8,
    "median": 1,
    "variance": 0.56,
    "stdDev": 0.7483314773547883,
    "confidence": 1.7290272934634374,
    "low": 0,
    "high": 1.7290272934634374,
    "count": 5
  },
  "Compilation.hashing: hash chunks": {
    "min": 0,
    "max": 0,
    "mean": 0,
    "median": 0,
    "variance": 0,
    "stdDev": 0,
    "confidence": 0,
    "low": 0,
    "high": 0,
    "count": 5
  },
  "Compilation.hashing: hash runtime chunks": {
    "min": 0,
    "max": 0,
    "mean": 0,
    "median": 0,
    "variance": 0,
    "stdDev": 0,
    "confidence": 0,
    "low": 0,
    "high": 0,
    "count": 5
  },
  "Compilation.hashing: process full hash chunks": {
    "min": 0,
    "max": 0,
    "mean": 0,
    "median": 0,
    "variance": 0,
    "stdDev": 0,
    "confidence": 0,
    "low": 0,
    "high": 0,
    "count": 5
  },
  "Compilation.hashing": {
    "min": 0,
    "max": 1,
    "mean": 0.6,
    "median": 1,
    "variance": 0.24000000000000005,
    "stdDev": 0.48989794855663565,
    "confidence": 1.2081911278537363,
    "low": 0,
    "high": 1.2081911278537363,
    "count": 5
  },
  "Compilation.create module assets": {
    "min": 0,
    "max": 0,
    "mean": 0,
    "median": 0,
    "variance": 0,
    "stdDev": 0,
    "confidence": 0,
    "low": 0,
    "high": 0,
    "count": 5
  },
  "Compilation.create chunk assets": {
    "min": 1,
    "max": 3,
    "mean": 1.4,
    "median": 1,
    "variance": 0.64,
    "stdDev": 0.8,
    "confidence": 1.986343905772613,
    "low": 0.40682804711369336,
    "high": 2.3931719528863065,
    "count": 5
  },
  "Compilation.process assets": {
    "min": 3147,
    "max": 3376,
    "mean": 3211.4,
    "median": 3177,
    "variance": 6922.639999999999,
    "stdDev": 83.20240381142843,
    "confidence": 206.58573469557905,
    "low": 3108.1071326522106,
    "high": 3314.6928673477896,
    "count": 5
  },
  "Compilation.after process assets": {
    "min": 0,
    "max": 0,
    "mean": 0,
    "median": 0,
    "variance": 0,
    "stdDev": 0,
    "confidence": 0,
    "low": 0,
    "high": 0,
    "count": 5
  },
  "Compilation.after seal": {
    "min": 0,
    "max": 0,
    "mean": 0,
    "median": 0,
    "variance": 0,
    "stdDev": 0,
    "confidence": 0,
    "low": 0,
    "high": 0,
    "count": 5
  },
  "Compiler.make hook": {
    "min": 0,
    "max": 0,
    "mean": 0,
    "median": 0,
    "variance": 0,
    "stdDev": 0,
    "confidence": 0,
    "low": 0,
    "high": 0,
    "count": 5
  },
  "Compiler.make": {
    "min": 561,
    "max": 591,
    "mean": 572.2,
    "median": 572,
    "variance": 109.35999999999999,
    "stdDev": 10.457533169921097,
    "confidence": 25.965321601859614,
    "low": 559.2173391990702,
    "high": 585.1826608009299,
    "count": 5
  },
  "Compiler.finish make hook": {
    "min": 0,
    "max": 0,
    "mean": 0,
    "median": 0,
    "variance": 0,
    "stdDev": 0,
    "confidence": 0,
    "low": 0,
    "high": 0,
    "count": 5
  },
  "Compiler.finish compilation": {
    "min": 34,
    "max": 35,
    "mean": 34.4,
    "median": 34,
    "variance": 0.24,
    "stdDev": 0.4898979485566356,
    "confidence": 1.2163822557074724,
    "low": 33.79180887214626,
    "high": 35.008191127853735,
    "count": 5
  },
  "Compiler.seal compilation": {
    "min": 3436,
    "max": 3666,
    "mean": 3502.4,
    "median": 3471,
    "variance": 6867.44,
    "stdDev": 82.87001870399209,
    "confidence": 205.7604457799216,
    "low": 3399.5197771100393,
    "high": 3605.280222889961,
    "count": 5
  },
  "Compiler.emitAssets": {
    "min": 22,
    "max": 32,