{
  "stats": {
    "min": 4386,
    "max": 4595,
    "mean": 4438.8,
    "median": 4406,
    "variance": 6186.960000000001,
    "stdDev": 78.65723107254667,
    "confidence": 195.30038948237598,
    "low": 4341.149805258812,
    "high": 4536.450194741188,
    "count": 5
  },
  "heap memory": {
    "min": 103148320,
    "max": 105135848,
    "mean": 104062216,
    "median": 104149984,
    "variance": 445253948492.8,
    "stdDev": 667273.5185010716,
    "confidence": 1656793.3586975634,
    "low": 103233819.32065122,
    "high": 104890612.67934878,
    "count": 5
  },
  "rss memory": {
    "min": 967696384,
    "max": 1016643584,
    "mean": 995034726.4,
    "median": 1016643584,
    "variance": 429844813882327.06,
    "stdDev": 20732699.14609111,
    "confidence": 51477838.248818874,
    "low": 969295807.2755905,
    "high": 1020773645.5244094,
    "count": 5
  },
  "external memory": {
    "min": 36406027,
    "max": 36761890,
    "mean": 36588065.6,
    "median": 36559703,
    "variance": 19364751709.04,
    "stdDev": 139157.29125360266,
    "confidence": 345517.79678177834,
    "low": 36415306.70160911,
    "high": 36760824.49839089,
    "count": 5
  },
  "array buffers memory": {
    "min": 8025935,
    "max": 8186513,
    "mean": 8112604.6,
    "median": 8144549,
    "variance": 4312851229.839999,
    "stdDev": 65672.30184666895,
    "confidence": 163059.72068898752,
    "low": 8031074.739655506,
    "high": 8194134.460344493,
    "count": 5
  },
  "Compilation.finish modules": {
    "min": 32,
    "max": 34,
    "mean": 32.8,
    "median": 33,
    "variance": 0.5599999999999999,
    "stdDev": 0.7483314773547882,
    "confidence": 1.8580545869268725,
    "low": 31.87097270653656,
    "high": 33.72902729346343,
    "count": 5
  },
  "Compilation.optimize dependencies": {
    "min": 59,
    "max": 62,
    "mean": 60,
    "median": 60,
    "variance": 1.2,
    "stdDev": 1.0954451150103321,
    "confidence": 2.7199134103864395,
    "low": 58.64004329480678,
    "high": 61.35995670519322,
    "count": 5
  },
  "Compilation.rebuild chunk graph": {
    "min": 13,
    "max": 15,
    "mean": 14,
    "median": 14,
    "variance": 0.8,
    "stdDev": 0.8944271909999159,
    "confidence": 2.2208000000000006,
    "low": 12.8896,
    "high": 15.1104,
    "count": 5
  },
  "Compilation.create chunks": {
    "min": 23,
    "max": 27,
    "mean": 24.8,
    "median": 25,
    "variance": 1.7600000000000002,
    "stdDev": 1.32664991614216,
    "confidence": 3.293978720028413,
    "low": 23.153010639985794,
    "high": 26.446989360014207,
    "count": 5
  },
  "Compilation.optimize": {
    "min": 49,
    "max": 51,
    "mean": 49.6,
    "median": 49,
    "variance": 0.64,
    "stdDev": 0.8,
    "confidence": 1.986343905772614,
    "low": 48.606828047113694,
    "high": 50.59317195288631,
    "count": 5
  },
  "Compilation.module ids": {
    "min": 0,
    "max": 0,
    "mean": 0,
    "median": 0,
    "variance": 0,
    "stdDev": 0,
    "confidence": 0,
    "low": 0,
    "high": 0,
    "count": 5
  },
  "Compilation.chunk ids": {
    "min": 0,
    "max": 0,
    "mean": 0,
    "median": 0,
    "variance": 0,
    "stdDev": 0,
    "confidence": 0,
    "low": 0,
    "high": 0,
    "count": 5
  },
  "Compilation.optimize code generation": {
    "min": 9,
    "max": 9,
    "mean": 9,
    "median": 9,
    "variance": 0,
    "stdDev": 0,
    "confidence": 0,
    "low": 9,
    "high": 9,
    "count": 5
  },
  "Compilation.module code generation cache": {
    "min": 0,
    "max": 0,
    "mean": 0,
    "median": 0,
    "variance": 0,
    "stdDev": 0,
    "confidence": 0,
    "low": 0,
    "high": 0,
    "count": 5
  },
  "Compilation.code generation": {
    "min": 229,
    "max": 233,
    "mean": 230,
    "median": 229,
    "variance": 2.4,
    "stdDev": 1.5491933384829668,
    "confidence": 3.846538433448984,
    "low": 228.0767307832755,
    "high": 231.9232692167245,
    "count": 5
  },
  "Compilation.runtime requirements.modules": {
    "min": 6,
    "max": 13,
    "mean": 8.2,
    "median": 6,
    "variance": 8.16,
    "stdDev": 2.85657137141714,
    "confidence": 7.092666418773689,
    "low": 4.653666790613155,
    "high": 11.746333209386844,
    "count": 5
  },
  "Compilation.runtime requirements.chunks": {
    "min": 0,
    "max": 0,
    "mean": 0,
    "median": 0,
    "variance": 0,
    "stdDev": 0,
    "confidence": 0,
    "low": 0,
    "high": 0,
    "count": 5
  },
  "Compilation.runtime requirements.entries": {
    "min": 0,
    "max": 0,
    "mean": 0,
    "median": 0,
    "variance": 0,
    "stdDev": 0,
    "confidence": 0,
    "low": 0,
    "high": 0,
    "count": 5
  },
  "Compilation.runtime requirements": {
    "min": 7,
    "max": 14,
    "mean": 9,
    "median": 7,
    "variance": 7.6,
    "stdDev": 2.756809750418044,
    "confidence": 6.84496530889675,
    "low": 5.577517345551625,
    "high": 12.422482654448375,
    "count": 5
  },
  "Compilation.hashing: hash chunks": {
    "min": 0,
    "max": 0,
    "mean": 0,
    "median": 0,
    "variance": 0,
    "stdDev": 0,
    "confidence": 0,
    "low": 0,
    "high": 0,
    "count": 5
  },
  "Compilation.hashing: hash runtime chunks": {
    "min": 0,
    "max": 0,
    "mean": 0,
    "median": 0,
    "variance": 0,
    "stdDev": 0,
    "confidence": 0,
    "low": 0,
    "high": 0,
    "count": 5
  },
  "Compilation.hashing: process full hash chunks": {
    "min": 0,
    "max": 0,
    "mean": 0,
    "median": 0,
    "variance": 0,
    "stdDev": 0,
    "confidence": 0,
    "low": 0,
    "high": 0,
    "count": 5
  },
  "Compilation.hashing": {
    "min": 0,
    "max": 0,
    "mean": 0,
    "median": 0,
    "variance": 0,
    "stdDev": 0,
    "confidence": 0,
    "low": 0,
    "high": 0,
    "count": 5
  },
  "Compilation.create module assets": {
    "min": 0,
    "max": 0,
    "mean": 0,
    "median": 0,
    "variance": 0,
    "stdDev": 0,
    "confidence": 0,
    "low": 0,
    "high": 0,
    "count": 5
  },
  "Compilation.create chunk assets": {
    "min": 0,
    "max": 0,
    "mean": 0,
    "median": 0,
    "variance": 0,
    "stdDev": 0,
    "confidence": 0,
    "low": 0,
    "high": 0,
    "count": 5
  },
  "Compilation.process assets": {
    "min": 3240,
    "max": 3419,
    "mean": 3281.8,
    "median": 3244,
    "variance": 4780.16,
    "stdDev": 69.1387011737999,
    "confidence": 171.66654716201447,
    "low": 3195.966726418993,
    "high": 3367.6332735810074,
    "count": 5
  },
  "Compilation.after process assets": {
    "min": 0,
    "max": 0,
    "mean": 0,
    "median": 0,
    "variance": 0,
    "stdDev": 0,
    "confidence": 0,
    "low": 0,
    "high": 0,
    "count": 5
  },
  "Compilation.after seal": {
    "min": 0,
    "max": 0,
    "mean": 0,
    "median": 0,
    "variance": 0,
    "stdDev": 0,
    "confidence": 0,
    "low": 0,
    "high": 0,
    "count": 5
  },
  "Compiler.make hook": {
    "min": 1,
    "max": 4,
    "mean": 2.2,
    "median": 1,
    "variance": 2.16,
    "stdDev": 1.469693845669907,
    "confidence": 3.6491467671224185,
    "low": 0.37542661643879116,
    "high": 4.02457338356121,
    "count": 5
  },
  "Compiler.make": {
    "min": 605,
    "max": 617,
    "mean": 612.8,
    "median": 614,
    "variance": 16.96,
    "stdDev": 4.1182520563948,
    "confidence": 10.225331093319255,
    "low": 607.6873344533403,
    "high": 617.9126655466596,
    "count": 5
  },
  "Compiler.finish make hook": {
    "min": 0,
    "max": 0,
    "mean": 0,
    "median": 0,
    "variance": 0,
    "stdDev": 0,
    "confidence": 0,
    "low": 0,
    "high": 0,
    "count": 5
  },
  "Compiler.finish compilation": {
    "min": 64,
    "max": 66,
    "mean": 65.4,
    "median": 66,
    "variance": 0.64,
    "stdDev": 0.8,
    "confidence": 1.9863439057725998,
    "low": 64.4068280471137,
    "high": 66.3931719528863,
    "count": 5
  },
  "Compiler.seal compilation": {
    "min": 3643,
    "max": 3836,
    "mean": 3687.8,
    "median": 3653,
    "variance": 5542.960000000001,