{
  "stats": {
    "min": 4013,
    "max": 4335,
    "mean": 4089,
    "median": 4035,
    "variance": 15265.6,
    "stdDev": 123.55403676124872,
    "confidence": 306.77600994289014,
    "low": 3935.611995028555,
    "high": 4242.388004971445,
    "count": 5
  },
  "heap memory": {
    "min": 16936600,
    "max": 17009224,
    "mean": 16977550.4,
    "median": 16975672,
    "variance": 613736611.84,
    "stdDev": 24773.708076103587,
    "confidence": 61511.38007544726,
    "low": 16946794.709962275,
    "high": 17008306.090037722,
    "count": 5
  },
  "rss memory": {
    "min": 879906816,
    "max": 923635712,
    "mean": 902947635.2,
    "median": 902471680,
    "variance": 329635742886133.75,
    "stdDev": 18155873.509311903,
    "confidence": 45079760.87400007,
    "low": 880407754.763,
    "high": 925487515.6370001,
    "count": 5
  },
  "external memory": {
    "min": 28791227,
    "max": 28791227,
    "mean": 28791227,
    "median": 28791227,
    "variance": 0,
    "stdDev": 0,
    "confidence": 0,
    "low": 28791227,
    "high": 28791227,
    "count": 5
  },
  "array buffers memory": {
    "min": 26942749,
    "max": 26942749,
    "mean": 26942749,
    "median": 26942749,
    "variance": 0,
    "stdDev": 0,
    "confidence": 0,
    "low": 26942749,
    "high": 26942749,
    "count": 5
  },
  "Compilation.finish modules": {
    "min": 22,
    "max": 23,
    "mean": 22.4,
    "median": 22,
    "variance": 0.24,
    "stdDev": 0.4898979485566356,
    "confidence": 1.2163822557074724,
    "low": 21.791808872146262,
    "high": 23.008191127853735,
    "count": 5
  },
  "Compilation.optimize dependencies": {
    "min": 40,
    "max": 41,
    "mean": 40.6,
    "median": 41,
    "variance": 0.24,
    "stdDev": 0.4898979485566356,
    "confidence": 1.2163822557074724,
    "low": 39.991808872146265,
    "high": 41.20819112785374,
    "count": 5
  },
  "Compilation.create chunks": {
    "min": 21,
    "max": 21,
    "mean": 21,
    "median": 21,
    "variance": 0,
    "stdDev": 0,
    "confidence": 0,
    "low": 21,
    "high": 21,
    "count": 5
  },
  "Compilation.optimize": {
    "min": 59,
    "max": 61,
    "mean": 60.2,
    "median": 60,
    "variance": 0.5599999999999999,
    "stdDev": 0.7483314773547882,
    "confidence": 1.858054586926869,
    "low": 59.27097270653657,
    "high": 61.12902729346344,
    "count": 5
  },
  "Compilation.module ids": {
    "min": 0,
    "max": 0,
    "mean": 0,
    "median": 0,
    "variance": 0,
    "stdDev": 0,
    "confidence": 0,
    "low": 0,
    "high": 0,
    "count": 5
  },
  "Compilation.chunk ids": {
    "min": 0,
    "max": 0,
    "mean": 0,
    "median": 0,
    "variance": 0,
    "stdDev": 0,
    "confidence": 0,
    "low": 0,
    "high": 0,
    "count": 5
  },
  "Compilation.optimize code generation": {
    "min": 5,
    "max": 5,
    "mean": 5,
    "median": 5,
    "variance": 0,
    "stdDev": 0,
    "confidence": 0,
    "low": 5,
    "high": 5,
    "count": 5
  },
  "Compilation.module code generation cache": {
    "min": 0,
    "max": 0,
    "mean": 0,
    "median": 0,
    "variance": 0,
    "stdDev": 0,
    "confidence": 0,
    "low": 0,
    "high": 0,
    "count": 5
  },
  "Compilation.code generation": {
    "min": 336,
    "max": 341,
    "mean": 338,
    "median": 337,
    "variance": 4.4,
    "stdDev": 2.0976176963403033,
    "confidence": 5.208237659707947,
    "low": 335.395881170146,
    "high": 340.604118829854,
    "count": 5
  },
  "Compilation.runtime requirements.modules": {
    "min": 4,
    "max": 5,
    "mean": 4.2,
    "median": 4,
    "variance": 0.15999999999999998,
    "stdDev": 0.39999999999999997,
    "confidence": 0.9931719528863066,
    "low": 3.703414023556847,
    "high": 4.696585976443154,
    "count": 5
  },
  "Compilation.runtime requirements.chunks": {
    "min": 0,
    "max": 0,
    "mean": 0,
    "median": 0,
    "variance": 0,
    "stdDev": 0,
    "confidence": 0,
    "low": 0,
    "high": 0,
    "count": 5
  },
  "Compilation.runtime requirements.entries": {
    "min": 0,
    "max": 0,
    "mean": 0,
    "median": 0,
    "variance": 0,
    "stdDev": 0,
    "confidence": 0,
    "low": 0,
    "high": 0,
    "count": 5
  },
  "Compilation.runtime requirements": {
    "min": 5,
    "max": 5,
    "mean": 5,
    "median": 5,
    "variance": 0,
    "stdDev": 0,
    "confidence": 0,
    "low": 5,
    "high": 5,
    "count": 5
  },
  "Compilation.hashing: hash chunks": {
    "min": 0,
    "max": 0,
    "mean": 0,
    "median": 0,
    "variance": 0,
    "stdDev": 0,
    "confidence": 0,
    "low": 0,
    "high": 0,
    "count": 5
  },
  "Compilation.hashing: hash runtime chunks": {
    "min": 0,
    "max": 0,
    "mean": 0,
    "median": 0,
    "variance": 0,
    "stdDev": 0,
    "confidence": 0,
    "low": 0,
    "high": 0,
    "count": 5
  },
  "Compilation.hashing: process full hash chunks": {
    "min": 0,
    "max": 0,
    "mean": 0,
    "median": 0,
    "variance": 0,
    "stdDev": 0,
    "confidence": 0,
    "low": 0,
    "high": 0,
    "count": 5
  },
  "Compilation.hashing": {
    "min": 0,
    "max": 4,
    "mean": 0.8,
    "median": 0,
    "variance": 2.5600000000000005,
    "stdDev": 1.6,
    "confidence": 2.786343905772613,
    "low": 0,
    "high": 2.786343905772613,
    "count": 5
  },
  "Compilation.create module assets": {
    "min": 0,
    "max": 0,
    "mean": 0,
    "median": 0,
    "variance": 0,
    "stdDev": 0,
    "confidence": 0,
    "low": 0,
    "high": 0,
    "count": 5
  },
  "Compilation.create chunk assets": {
    "min": 0,
    "max": 4,
    "mean": 1.6,
    "median": 0,
    "variance": 3.8400000000000007,
    "stdDev": 1.9595917942265426,
    "confidence": 4.032764511414946,
    "low": 0,
    "high": 4.032764511414946,
    "count": 5
  },
  "Compilation.process assets": {
    "min": 3339,
    "max": 3652,
    "mean": 3410.2,
    "median": 3354,
    "variance": 14696.16,
    "stdDev": 121.22771960240776,
    "confidence": 300.99992755369203,
    "low": 3259.700036223154,
    "high": 3560.699963776846,
    "count": 5
  },
  "Compilation.after process assets": {
    "min": 0,
    "max": 0,
    "mean": 0,
    "median": 0,
    "variance": 0,
    "stdDev": 0,
    "confidence": 0,
    "low": 0,
    "high": 0,
    "count": 5
  },
  "Compilation.after seal": {
    "min": 0,
    "max": 0,
    "mean": 0,
    "median": 0,
    "variance": 0,
    "stdDev": 0,
    "confidence": 0,
    "low": 0,
    "high": 0,
    "count": 5
  },
  "Compiler.make hook": {
    "min": 61,
    "max": 66,
    "mean": 63.2,
    "median": 62,
    "variance": 3.7599999999999993,
    "stdDev": 1.9390719429665315,
    "confidence": 4.814579670957784,
    "low": 60.79271016452111,
    "high": 65.6072898354789,
    "count": 5
  },
  "Compiler.make": {
    "min": 62,
    "max": 67,
    "mean": 64.2,
    "median": 63,
    "variance": 3.7599999999999993,
    "stdDev": 1.9390719429665315,
    "confidence": 4.814579670957784,
    "low": 61.79271016452111,
    "high": 66.6072898354789,
    "count": 5
  },
  "Compiler.finish make hook": {
    "min": 0,
    "max": 0,
    "mean": 0,
    "median": 0,
    "variance": 0,
    "stdDev": 0,
    "confidence": 0,
    "low": 0,
    "high": 0,
    "count": 5
  },
  "Compiler.finish compilation": {
    "min": 27,
    "max": 28,
    "mean": 27.2,
    "median": 27,
    "variance": 0.16,
    "stdDev": 0.4,
    "confidence": 0.993171952886307,
    "low": 26.703414023556846,
    "high": 27.696585976443153,
    "count": 5
  },
  "Compiler.seal compilation": {
    "min": 3846,
    "max": 4168,
    "mean": 3924,
    "median": 3871,
    "variance": 15025.2,
    "stdDev": 122.57732253561423,
    "confidence": 304.3508970056764,
    "low": 3771.824551497162,
    "high": 4076.175448502838,
    "count": 5
  },
  "Compiler.emitAssets": {
    "min": 18,
    "max": 24,
    "mean": 22.4,
    "median": 23,
    "variance": 5.040000000000001,
    "stdDev": 2.244994432064365,
    "confidence": 5.574163760780621,
    "low": 19.612918119609688,
    "high": 25.18708188039031,