{
  "stats": {
    "min": 2986,
    "max": 3215,
    "mean": 3051.2,
    "median": 3017,
    "variance": 6913.360000000001,
    "stdDev": 83.14661748982938,
    "confidence": 206.44722117066158,
    "low": 2947.976389414669,
    "high": 3154.4236105853306,
    "count": 5
  },
  "heap memory": {
    "min": 9712648,
    "max": 9737264,
    "mean": 9730609.6,
    "median": 9734416,
    "variance": 82025840.64,
    "stdDev": 9056.811836402476,
    "confidence": 22487.42874620855,
    "low": 9719365.885626895,
    "high": 9741853.314373104,
    "count": 5
  },
  "rss memory": {
    "min": 577384448,
    "max": 682983424,
    "mean": 617449062.4,
    "median": 606507008,
    "variance": 1383479501484196,
    "stdDev": 37195154.274235725,
    "confidence": 92352960.02112532,
    "low": 571272582.3894373,
    "high": 663625542.4105626,
    "count": 5
  },
  "external memory": {
    "min": 1503666,
    "max": 1503666,
    "mean": 1503666,
    "median": 1503666,
    "variance": 0,
    "stdDev": 0,
    "confidence": 0,
    "low": 1503666,
    "high": 1503666,
    "count": 5
  },
  "array buffers memory": {
    "min": 10515,
    "max": 10515,
    "mean": 10515,
    "median": 10515,
    "variance": 0,
    "stdDev": 0,
    "confidence": 0,
    "low": 10515,
    "high": 10515,
    "count": 5
  },
  "Compilation.finish modules": {
    "min": 12,
    "max": 13,
    "mean": 12.8,
    "median": 13,
    "variance": 0.15999999999999998,
    "stdDev": 0.39999999999999997,
    "confidence": 0.993171952886307,
    "low": 12.303414023556847,
    "high": 13.296585976443154,
    "count": 5
  },
  "Compilation.optimize dependencies": {
    "min": 25,
    "max": 26,
    "mean": 25.6,
    "median": 26,
    "variance": 0.24,
    "stdDev": 0.4898979485566356,
    "confidence": 1.2163822557074724,
    "low": 24.991808872146265,
    "high": 26.208191127853738,
    "count": 5
  },
  "Compilation.rebuild chunk graph": {
    "min": 10,
    "max": 10,
    "mean": 10,
    "median": 10,
    "variance": 0,
    "stdDev": 0,
    "confidence": 0,
    "low": 10,
    "high": 10,
    "count": 5
  },
  "Compilation.create chunks": {
    "min": 17,
    "max": 19,
    "mean": 18.2,
    "median": 18,
    "variance": 0.56,
    "stdDev": 0.7483314773547883,
    "confidence": 1.858054586926876,
    "low": 17.27097270653656,
    "high": 19.129027293463437,
    "count": 5
  },
  "Compilation.optimize": {
    "min": 24,
    "max": 25,
    "mean": 24.2,
    "median": 24,
    "variance": 0.16,
    "stdDev": 0.4,
    "confidence": 0.993171952886307,
    "low": 23.703414023556846,
    "high": 24.696585976443153,
    "count": 5
  },
  "Compilation.module ids": {
    "min": 0,
    "max": 0,
    "mean": 0,
    "median": 0,
    "variance": 0,
    "stdDev": 0,
    "confidence": 0,
    "low": 0,
    "high": 0,
    "count": 5
  },
  "Compilation.chunk ids": {
    "min": 0,
    "max": 0,
    "mean": 0,
    "median": 0,
    "variance": 0,
    "stdDev": 0,
    "confidence": 0,
    "low": 0,
    "high": 0,
    "count": 5
  },
  "Compilation.optimize code generation": {
    "min": 3,
    "max": 3,
    "mean": 3,
    "median": 3,
    "variance": 0,
    "stdDev": 0,
    "confidence": 0,
    "low": 3,
    "high": 3,
    "count": 5
  },
  "Compilation.module code generation cache": {
    "min": 0,
    "max": 0,
    "mean": 0,
    "median": 0,
    "variance": 0,
    "stdDev": 0,
    "confidence": 0,
    "low": 0,
    "high": 0,
    "count": 5
  },
  "Compilation.code generation": {
    "min": 131,
    "max": 132,
    "mean": 131.8,
    "median": 132,
    "variance": 0.16000000000000003,
    "stdDev": 0.4,
    "confidence": 0.9931719528863141,
    "low": 131.30341402355685,
    "high": 132.29658597644317,
    "count": 5
  },
  "Compilation.runtime requirements.modules": {
    "min": 0,
    "max": 1,
    "mean": 0.2,
    "median": 0,
    "variance": 0.16000000000000003,
    "stdDev": 0.4,
    "confidence": 0.6965859764431532,
    "low": 0,
    "high": 0.6965859764431532,
    "count": 5
  },
  "Compilation.runtime requirements.chunks": {
    "min": 0,
    "max": 0,
    "mean": 0,
    "median": 0,
    "variance": 0,
    "stdDev": 0,
    "confidence": 0,
    "low": 0,
    "high": 0,
    "count": 5
  },
  "Compilation.runtime requirements.entries": {
    "min": 0,
    "max": 0,
    "mean": 0,
    "median": 0,
    "variance": 0,
    "stdDev": 0,
    "confidence": 0,
    "low": 0,
    "high": 0,
    "count": 5
  },
  "Compilation.runtime requirements": {
    "min": 1,
    "max": 1,
    "mean": 1,
    "median": 1,
    "variance": 0,
    "stdDev": 0,
    "confidence": 0,
    "low": 1,
    "high": 1,
    "count": 5
  },
  "Compilation.hashing: hash chunks": {
    "min": 0,
    "max": 0,
    "mean": 0,
    "median": 0,
    "variance": 0,
    "stdDev": 0,
    "confidence": 0,
    "low": 0,
    "high": 0,
    "count": 5
  },
  "Compilation.hashing: hash runtime chunks": {
    "min": 0,
    "max": 1,
    "mean": 0.8,
    "median": 1,
    "variance": 0.16000000000000006,
    "stdDev": 0.4000000000000001,
    "confidence": 0.9931719528863066,
    "low": 0.30341402355684677,
    "high": 1.2965859764431533,
    "count": 5
  },
  "Compilation.hashing: process full hash chunks": {
    "min": 0,
    "max": 0,
    "mean": 0,
    "median": 0,
    "variance": 0,
    "stdDev": 0,
    "confidence": 0,
    "low": 0,
    "high": 0,
    "count": 5
  },
  "Compilation.hashing": {
    "min": 1,
    "max": 1,
    "mean": 1,
    "median": 1,
    "variance": 0,
    "stdDev": 0,
    "confidence": 0,
    "low": 1,
    "high": 1,
    "count": 5
  },
  "Compilation.create module assets": {
    "min": 0,
    "max": 0,
    "mean": 0,
    "median": 0,
    "variance": 0,
    "stdDev": 0,
    "confidence": 0,
    "low": 0,
    "high": 0,
    "count": 5
  },
  "Compilation.create chunk assets": {
    "min": 0,
    "max": 0,
    "mean": 0,
    "median": 0,
    "variance": 0,
    "stdDev": 0,
    "confidence": 0,
    "low": 0,
    "high": 0,
    "count": 5
  },
  "Compilation.process assets": {
    "min": 2620,
    "max": 2842,
    "mean": 2677.8,
    "median": 2641,
    "variance": 6835.360000000001,
    "stdDev": 82.67623600527543,
    "confidence": 205.2792969266211,
    "low": 2575.1603515366896,
    "high": 2780.4396484633107,
    "count": 5
  },
  "Compilation.after process assets": {
    "min": 0,
    "max": 0,
    "mean": 0,
    "median": 0,
    "variance": 0,
    "stdDev": 0,
    "confidence": 0,
    "low": 0,
    "high": 0,
    "count": 5
  },
  "Compilation.after seal": {
    "min": 0,
    "max": 0,
    "mean": 0,
    "median": 0,
    "variance": 0,
    "stdDev": 0,
    "confidence": 0,
    "low": 0,
    "high": 0,
    "count": 5
  },
  "Compiler.make hook": {
    "min": 64,
    "max": 66,
    "mean": 64.8,
    "median": 64,
    "variance": 0.96,
    "stdDev": 0.9797958971132712,
    "confidence": 2.4327645114149448,
    "low": 63.583617744292525,
    "high": 66.01638225570747,
    "count": 5
  },
  "Compiler.make": {
    "min": 65,
    "max": 67,
    "mean": 65.8,
    "median": 65,
    "variance": 0.96,
    "stdDev": 0.9797958971132712,
    "confidence": 2.4327645114149448,
    "low": 64.58361774429252,
    "high": 67.01638225570747,
    "count": 5
  },
  "Compiler.finish make hook": {
    "min": 0,
    "max": 0,
    "mean": 0,
    "median": 0,
    "variance": 0,
    "stdDev": 0,
    "confidence": 0,
    "low": 0,
    "high": 0,
    "count": 5
  },
  "Compiler.finish compilation": {
    "min": 0,
    "max": 0,
    "mean": 0,
    "median": 0,
    "variance": 0,
    "stdDev": 0,
    "confidence": 0,
    "low": 0,
    "high": 0,
    "count": 5
  },
  "Compiler.seal compilation": {
    "min": 2927,
    "max": 3149,
    "mean": 2986,
    "median": 2949,
    "variance": 6755.2,
    "stdDev": 82.19002372551063,
    "confidence": 204.07206592809325,
    "low": 2883.9639670359534,
    "high": 3088.0360329640466,
    "count": 5
  },
  "Compiler.emitAssets": {
    "min": 17,
    "max": 26,
    "mean": 21,
    "median": 19,
    "variance": 14,