{
  "stats": {
    "min": 13801,
    "max": 14071,
    "mean": 13917.2,
    "median": 13889,
    "variance": 10001.76,
    "stdDev": 100.00879961283407,
    "confidence": 248.31483704323546,
    "low": 13793.042581478383,
    "high": 14041.357418521618,
    "count": 5
  },
  "heap memory": {
    "min": 8268624,
    "max": 8278984,
    "mean": 8275667.2,
    "median": 8276992,
    "variance": 13287746.56,
    "stdDev": 3645.236145985607,
    "confidence": 9050.865754600614,
    "low": 8271141.7671227,
    "high": 8280192.6328773005,
    "count": 5
  },
  "rss memory": {
    "min": 2020212736,
    "max": 2093441024,
    "mean": 2063039692.8,
    "median": 2065014784,
    "variance": 747749742120796.2,
    "stdDev": 27345013.11246342,
    "confidence": 67895750.18651724,
    "low": 2029091817.7067413,
    "high": 2096987567.8932586,
    "count": 5
  },
  "external memory": {
    "min": 8370911,
    "max": 8370911,
    "mean": 8370911,
    "median": 8370911,
    "variance": 0,
    "stdDev": 0,
    "confidence": 0,
    "low": 8370911,
    "high": 8370911,
    "count": 5
  },
  "array buffers memory": {
    "min": 10475,
    "max": 10475,
    "mean": 10475,
    "median": 10475,
    "variance": 0,
    "stdDev": 0,
    "confidence": 0,
    "low": 10475,
    "high": 10475,
    "count": 5
  },
  "Compilation.build module graph": {
    "min": 13411,
    "max": 13696,
    "mean": 13534.4,
    "median": 13497,
    "variance": 10738.64,
    "stdDev": 103.62740950154065,
    "confidence": 257.29959166798653,
    "low": 13405.750204166006,
    "high": 13663.049795833993,
    "count": 5
  },
  "Compilation.finish modules": {
    "min": 25,
    "max": 27,
    "mean": 26.2,
    "median": 26,
    "variance": 0.56,
    "stdDev": 0.7483314773547883,
    "confidence": 1.858054586926876,
    "low": 25.27097270653656,
    "high": 27.129027293463437,
    "count": 5
  },
  "Compilation.seal": {
    "min": 0,
    "max": 0,
    "mean": 0,
    "median": 0,
    "variance": 0,
    "stdDev": 0,
    "confidence": 0,
    "low": 0,
    "high": 0,
    "count": 5
  },
  "Compilation.optimize dependencies": {
    "min": 25,
    "max": 34,
    "mean": 28.2,
    "median": 27,
    "variance": 10.16,
    "stdDev": 3.1874754901018454,
    "confidence": 7.914278143204218,
    "low": 24.242860928397892,
    "high": 32.15713907160211,
    "count": 5
  },
  "Compilation.rebuild chunk graph": {
    "min": 28,
    "max": 38,
    "mean": 34.6,
    "median": 36,
    "variance": 11.839999999999998,
    "stdDev": 3.4409301068170506,
    "confidence": 8.543588184831947,
    "low": 30.328205907584028,
    "high": 38.871794092415975,
    "count": 5
  },
  "Compilation.build chunk graph": {
    "min": 28,
    "max": 38,
    "mean": 34.6,
    "median": 36,
    "variance": 11.839999999999998,
    "stdDev": 3.4409301068170506,
    "confidence": 8.543588184831947,
    "low": 30.328205907584028,
    "high": 38.871794092415975,
    "count": 5
  },
  "Compilation.optimize modules": {
    "min": 0,
    "max": 0,
    "mean": 0,
    "median": 0,
    "variance": 0,
    "stdDev": 0,
    "confidence": 0,
    "low": 0,
    "high": 0,
    "count": 5
  },
  "Compilation.optimize chunks": {
    "min": 24,
    "max": 27,
    "mean": 25.2,
    "median": 25,
    "variance": 1.3599999999999999,
    "stdDev": 1.16619037896906,
    "confidence": 2.895568940294808,
    "low": 23.752215529852595,
    "high": 26.647784470147403,
    "count": 5
  },
  "Compilation.optimize tree": {
    "min": 0,
    "max": 0,
    "mean": 0,
    "median": 0,
    "variance": 0,
    "stdDev": 0,
    "confidence": 0,
    "low": 0,
    "high": 0,
    "count": 5
  },
  "Compilation.optimize chunk modules": {
    "min": 61,
    "max": 66,
    "mean": 63.8,
    "median": 64,
    "variance": 2.5599999999999996,
    "stdDev": 1.5999999999999999,
    "confidence": 3.972687811545228,
    "low": 61.81365609422738,
    "high": 65.78634390577261,
    "count": 5
  },
  "Compilation.module ids": {
    "min": 2,
    "max": 2,
    "mean": 2,
    "median": 2,
    "variance": 0,
    "stdDev": 0,
    "confidence": 0,
    "low": 2,
    "high": 2,
    "count": 5
  },
  "Compilation.chunk ids": {
    "min": 2,
    "max": 2,
    "mean": 2,
    "median": 2,
    "variance": 0,
    "stdDev": 0,
    "confidence": 0,
    "low": 2,
    "high": 2,
    "count": 5
  },
  "Compilation.assign runtime ids": {
    "min": 0,
    "max": 0,
    "mean": 0,
    "median": 0,
    "variance": 0,
    "stdDev": 0,
    "confidence": 0,
    "low": 0,
    "high": 0,
    "count": 5
  },
  "Compilation.optimize code generation": {
    "min": 4,
    "max": 4,
    "mean": 4,
    "median": 4,
    "variance": 0,
    "stdDev": 0,
    "confidence": 0,
    "low": 4,
    "high": 4,
    "count": 5
  },
  "Compilation.create module hashes": {
    "min": 38,
    "max": 40,
    "mean": 39,
    "median": 39,
    "variance": 0.8,
    "stdDev": 0.8944271909999159,
    "confidence": 2.220799999999997,
    "low": 37.8896,
    "high": 40.1104,
    "count": 5
  },
  "Compilation.code generation": {
    "min": 116,
    "max": 120,
    "mean": 117.8,
    "median": 117,
    "variance": 2.1599999999999997,
    "stdDev": 1.4696938456699067,
    "confidence": 3.6491467671224314,
    "low": 115.97542661643878,
    "high": 119.62457338356121,
    "count": 5
  },
  "Compilation.runtime requirements.modules": {
    "min": 0,
    "max": 1,
    "mean": 0.2,
    "median": 0,
    "variance": 0.16000000000000003,
    "stdDev": 0.4,
    "confidence": 0.6965859764431532,
    "low": 0,
    "high": 0.6965859764431532,
    "count": 5
  },
  "Compilation.runtime requirements.chunks": {
    "min": 0,
    "max": 0,
    "mean": 0,
    "median": 0,
    "variance": 0,
    "stdDev": 0,
    "confidence": 0,
    "low": 0,
    "high": 0,
    "count": 5
  },
  "Compilation.runtime requirements.entries": {
    "min": 0,
    "max": 0,
    "mean": 0,
    "median": 0,
    "variance": 0,
    "stdDev": 0,
    "confidence": 0,
    "low": 0,
    "high": 0,
    "count": 5
  },
  "Compilation.runtime requirements": {
    "min": 1,
    "max": 2,
    "mean": 1.2,
    "median": 1,
    "variance": 0.16,
    "stdDev": 0.4,
    "confidence": 0.9931719528863066,
    "low": 0.7034140235568467,
    "high": 1.6965859764431532,
    "count": 5
  },
  "Compilation.hashing: hash chunks": {
    "min": 0,
    "max": 0,
    "mean": 0,
    "median": 0,
    "variance": 0,
    "stdDev": 0,
    "confidence": 0,
    "low": 0,
    "high": 0,
    "count": 5
  },
  "Compilation.hashing: hash runtime chunks": {
    "min": 0,
    "max": 0,
    "mean": 0,
    "median": 0,
    "variance": 0,
    "stdDev": 0,
    "confidence": 0,
    "low": 0,
    "high": 0,
    "count": 5
  },
  "Compilation.hashing: process full hash chunks": {
    "min": 0,
    "max": 0,
    "mean": 0,
    "median": 0,
    "variance": 0,
    "stdDev": 0,
    "confidence": 0,
    "low": 0,
    "high": 0,
    "count": 5
  },
  "Compilation.hashing": {
    "min": 0,
    "max": 0,
    "mean": 0,
    "median": 0,
    "variance": 0,
    "stdDev": 0,
    "confidence": 0,
    "low": 0,
    "high": 0,
    "count": 5
  },
  "Compilation.create module assets": {
    "min": 0,
    "max": 0,
    "mean": 0,
    "median": 0,
    "variance": 0,
    "stdDev": 0,
    "confidence": 0,
    "low": 0,
    "high": 0,
    "count": 5
  },
  "Compilation.create chunk assets": {
    "min": 1,
    "max": 1,
    "mean": 1,
    "median": 1,
    "variance": 0,
    "stdDev": 0,
    "confidence": 0,
    "low": 1,
    "high": 1,
    "count": 5
  },
  "Compilation.process assets": {
    "min": 0,
    "max": 1,
    "mean": 0.2,
    "median": 0,
    "variance": 0.16000000000000003,
    "stdDev": 0.4,
    "confidence": 0.6965859764431532,
    "low": 0,
    "high": 0.6965859764431532,
    "count": 5
  },
  "Compilation.after process assets": {
    "min": 0,
    "max": 0,
    "mean": 0,
    "median": 0,
    "variance": 0,
    "stdDev": 0,
    "confidence": 0,
    "low": 0,
    "high": 0,
    "count": 5
  },
  "Compilation.after seal": {
    "min": 0,