{
  "stats": {
    "min": 859,
    "max": 876,
    "mean": 870.6,
    "median": 872,
    "variance": 35.83999999999999,
    "stdDev": 5.986651818838305,
    "confidence": 14.864436695414952,
    "low": 863.1677816522925,
    "high": 878.0322183477075,
    "count": 5
  },
  "heap memory": {
    "min": 9019104,
    "max": 9091344,
    "mean": 9046257.6,
    "median": 9033152,
    "variance": 698653501.4399999,
    "stdDev": 26432.054430936692,
    "confidence": 65628.93779492751,
    "low": 9013443.131102536,
    "high": 9079072.068897463,
    "count": 5
  },
  "rss memory": {
    "min": 828739584,
    "max": 844791808,
    "mean": 834918809.6,
    "median": 833626112,
    "variance": 35476541265674.234,
    "stdDev": 5956218.705325908,
    "confidence": 14788873.4084661,
    "low": 827524372.895767,
    "high": 842313246.3042331,
    "count": 5
  },
  "external memory": {
    "min": 2766258,
    "max": 2766258,
    "mean": 2766258,
    "median": 2766258,
    "variance": 0,
    "stdDev": 0,
    "confidence": 0,
    "low": 2766258,
    "high": 2766258,
    "count": 5
  },
  "array buffers memory": {
    "min": 898203,
    "max": 898203,
    "mean": 898203,
    "median": 898203,
    "variance": 0,
    "stdDev": 0,
    "confidence": 0,
    "low": 898203,
    "high": 898203,
    "count": 5
  },
  "Compilation.build module graph": {
    "min": 165,
    "max": 177,
    "mean": 170.8,
    "median": 170,
    "variance": 18.159999999999997,
    "stdDev": 4.261455150532503,
    "confidence": 10.580894334979462,
    "low": 165.50955283251028,
    "high": 176.09044716748974,
    "count": 5
  },
  "Compilation.finish modules": {
    "min": 25,
    "max": 30,
    "mean": 28.2,
    "median": 29,
    "variance": 2.9599999999999995,
    "stdDev": 1.7204650534085253,
    "confidence": 4.271794092415973,
    "low": 26.064102953792013,
    "high": 30.335897046207986,
    "count": 5
  },
  "Compilation.seal": {
    "min": 0,
    "max": 0,
    "mean": 0,
    "median": 0,
    "variance": 0,
    "stdDev": 0,
    "confidence": 0,
    "low": 0,
    "high": 0,
    "count": 5
  },
  "Compilation.optimize dependencies": {
    "min": 29,
    "max": 33,
    "mean": 31.2,
    "median": 31,
    "variance": 1.7600000000000002,
    "stdDev": 1.32664991614216,
    "confidence": 3.293978720028413,
    "low": 29.553010639985793,
    "high": 32.846989360014206,
    "count": 5
  },
  "Compilation.rebuild chunk graph": {
    "min": 34,
    "max": 40,
    "mean": 37.2,
    "median": 38,
    "variance": 5.359999999999999,
    "stdDev": 2.315167380558045,
    "confidence": 5.7483982715187665,
    "low": 34.32580086424062,
    "high": 40.074199135759386,
    "count": 5
  },
  "Compilation.build chunk graph": {
    "min": 35,
    "max": 42,
    "mean": 38.6,
    "median": 40,
    "variance": 7.040000000000001,
    "stdDev": 2.65329983228432,
    "confidence": 6.587957440056826,
    "low": 35.30602127997159,
    "high": 41.893978720028414,
    "count": 5
  },
  "Compilation.optimize modules": {
    "min": 0,
    "max": 0,
    "mean": 0,
    "median": 0,
    "variance": 0,
    "stdDev": 0,
    "confidence": 0,
    "low": 0,
    "high": 0,
    "count": 5
  },
  "Compilation.optimize chunks": {
    "min": 24,
    "max": 24,
    "mean": 24,
    "median": 24,
    "variance": 0,
    "stdDev": 0,
    "confidence": 0,
    "low": 24,
    "high": 24,
    "count": 5
  },
  "Compilation.optimize tree": {
    "min": 0,
    "max": 0,
    "mean": 0,
    "median": 0,
    "variance": 0,
    "stdDev": 0,
    "confidence": 0,
    "low": 0,
    "high": 0,
    "count": 5
  },
  "Compilation.optimize chunk modules": {
    "min": 58,
    "max": 62,
    "mean": 60.4,
    "median": 61,
    "variance": 2.6399999999999997,
    "stdDev": 1.624807680927192,
    "confidence": 4.034283543827826,
    "low": 58.382858228086086,
    "high": 62.41714177191391,
    "count": 5
  },
  "Compilation.module ids": {
    "min": 1,
    "max": 2,
    "mean": 1.8,
    "median": 2,
    "variance": 0.16000000000000006,
    "stdDev": 0.4000000000000001,
    "confidence": 0.9931719528863066,
    "low": 1.3034140235568468,
    "high": 2.2965859764431533,
    "count": 5
  },
  "Compilation.chunk ids": {
    "min": 2,
    "max": 2,
    "mean": 2,
    "median": 2,
    "variance": 0,
    "stdDev": 0,
    "confidence": 0,
    "low": 2,
    "high": 2,
    "count": 5
  },
  "Compilation.assign runtime ids": {
    "min": 0,
    "max": 0,
    "mean": 0,
    "median": 0,
    "variance": 0,
    "stdDev": 0,
    "confidence": 0,
    "low": 0,
    "high": 0,
    "count": 5
  },
  "Compilation.optimize code generation": {
    "min": 3,
    "max": 4,
    "mean": 3.6,
    "median": 4,
    "variance": 0.24,
    "stdDev": 0.4898979485566356,
    "confidence": 1.2163822557074733,
    "low": 2.9918088721462635,
    "high": 4.208191127853737,
    "count": 5
  },
  "Compilation.create module hashes": {
    "min": 40,
    "max": 41,
    "mean": 40.4,
    "median": 40,
    "variance": 0.24,
    "stdDev": 0.4898979485566356,
    "confidence": 1.2163822557074724,
    "low": 39.79180887214626,
    "high": 41.008191127853735,
    "count": 5
  },
  "Compilation.module code generation cache": {
    "min": 0,
    "max": 0,
    "mean": 0,
    "median": 0,
    "variance": 0,
    "stdDev": 0,
    "confidence": 0,
    "low": 0,
    "high": 0,
    "count": 5
  },
  "Compilation.code generation": {
    "min": 119,
    "max": 126,
    "mean": 123.4,
    "median": 124,
    "variance": 5.839999999999999,
    "stdDev": 2.416609194718914,
    "confidence": 6.000271183204973,
    "low": 120.39986440839752,
    "high": 126.40013559160249,
    "count": 5
  },
  "Compilation.runtime requirements.modules": {
    "min": 0,
    "max": 0,
    "mean": 0,
    "median": 0,
    "variance": 0,
    "stdDev": 0,
    "confidence": 0,
    "low": 0,
    "high": 0,
    "count": 5
  },
  "Compilation.runtime requirements.chunks": {
    "min": 0,
    "max": 0,
    "mean": 0,
    "median": 0,
    "variance": 0,
    "stdDev": 0,
    "confidence": 0,
    "low": 0,
    "high": 0,
    "count": 5
  },
  "Compilation.runtime requirements.entries": {
    "min": 0,
    "max": 0,
    "mean": 0,
    "median": 0,
    "variance": 0,
    "stdDev": 0,
    "confidence": 0,
    "low": 0,
    "high": 0,
    "count": 5
  },
  "Compilation.runtime requirements": {
    "min": 1,
    "max": 1,
    "mean": 1,
    "median": 1,
    "variance": 0,
    "stdDev": 0,
    "confidence": 0,
    "low": 1,
    "high": 1,
    "count": 5
  },
  "Compilation.hashing: hash chunks": {
    "min": 0,
    "max": 0,
    "mean": 0,
    "median": 0,
    "variance": 0,
    "stdDev": 0,
    "confidence": 0,
    "low": 0,
    "high": 0,
    "count": 5
  },
  "Compilation.hashing: hash runtime chunks": {
    "min": 0,
    "max": 0,
    "mean": 0,
    "median": 0,
    "variance": 0,
    "stdDev": 0,
    "confidence": 0,
    "low": 0,
    "high": 0,
    "count": 5
  },
  "Compilation.hashing: process full hash chunks": {
    "min": 0,
    "max": 0,
    "mean": 0,
    "median": 0,
    "variance": 0,
    "stdDev": 0,
    "confidence": 0,
    "low": 0,
    "high": 0,
    "count": 5
  },
  "Compilation.hashing": {
    "min": 0,
    "max": 1,
    "mean": 0.2,
    "median": 0,
    "variance": 0.16000000000000003,
    "stdDev": 0.4,
    "confidence": 0.6965859764431532,
    "low": 0,
    "high": 0.6965859764431532,
    "count": 5
  },
  "Compilation.create module assets": {
    "min": 0,
    "max": 0,
    "mean": 0,
    "median": 0,
    "variance": 0,
    "stdDev": 0,
    "confidence": 0,
    "low": 0,
    "high": 0,
    "count": 5
  },
  "Compilation.create chunk assets": {
    "min": 1,
    "max": 1,
    "mean": 1,
    "median": 1,
    "variance": 0,
    "stdDev": 0,
    "confidence": 0,
    "low": 1,
    "high": 1,
    "count": 5
  },
  "Compilation.process assets": {
    "min": 249,
    "max": 267,
    "mean": 256.6,
    "median": 252,
    "variance": 66.64,
    "stdDev": 8.16333265278342,
    "confidence": 20.26898258206367,
    "low": 246.4655087089682,