{
  "stats": {
    "min": 1144,
    "max": 1185,
    "mean": 1157.6,
    "median": 1146,
    "variance": 277.04,
    "stdDev": 16.644518617250547,
    "confidence": 41.32717264986786,
    "low": 1136.936413675066,
    "high": 1178.2635863249338,
    "count": 5
  },
  "heap memory": {
    "min": 20297008,
    "max": 20438200,
    "mean": 20357382.4,
    "median": 20337432,
    "variance": 2736134691.84,
    "stdDev": 52308.07482444752,
    "confidence": 129877.28206279874,
    "low": 20292443.7589686,
    "high": 20422321.041031398,
    "count": 5
  },
  "rss memory": {
    "min": 762990592,
    "max": 816680960,
    "mean": 790645145.6,
    "median": 789069824,
    "variance": 454710231763517.4,
    "stdDev": 21323935.653708894,
    "confidence": 52945837.04103994,
    "low": 764172227.07948,
    "high": 817118064.12052,
    "count": 5
  },
  "external memory": {
    "min": 7087282,
    "max": 7087282,
    "mean": 7087282,
    "median": 7087282,
    "variance": 0,
    "stdDev": 0,
    "confidence": 0,
    "low": 7087282,
    "high": 7087282,
    "count": 5
  },
  "array buffers memory": {
    "min": 5223906,
    "max": 5223906,
    "mean": 5223906,
    "median": 5223906,
    "variance": 0,
    "stdDev": 0,
    "confidence": 0,
    "low": 5223906,
    "high": 5223906,
    "count": 5
  },
  "Compilation.finish modules": {
    "min": 17,
    "max": 21,
    "mean": 19.4,
    "median": 20,
    "variance": 2.6399999999999997,
    "stdDev": 1.624807680927192,
    "confidence": 4.034283543827826,
    "low": 17.382858228086086,
    "high": 21.41714177191391,
    "count": 5
  },
  "Compilation.optimize dependencies": {
    "min": 75,
    "max": 80,
    "mean": 77,
    "median": 76,
    "variance": 3.2,
    "stdDev": 1.7888543819998317,
    "confidence": 4.441599999999994,
    "low": 74.7792,
    "high": 79.2208,
    "count": 5
  },
  "Compilation.rebuild chunk graph": {
    "min": 39,
    "max": 43,
    "mean": 40.4,
    "median": 40,
    "variance": 2.24,
    "stdDev": 1.4966629547095767,
    "confidence": 3.716109173853752,
    "low": 38.54194541307312,
    "high": 42.258054586926875,
    "count": 5
  },
  "Compilation.create chunks": {
    "min": 62,
    "max": 66,
    "mean": 62.8,
    "median": 62,
    "variance": 2.56,
    "stdDev": 1.6,
    "confidence": 3.972687811545228,
    "low": 60.81365609422738,
    "high": 64.78634390577261,
    "count": 5
  },
  "Compilation.optimize": {
    "min": 107,
    "max": 115,
    "mean": 109.8,
    "median": 109,
    "variance": 7.76,
    "stdDev": 2.7856776554368237,
    "confidence": 6.9166422929048395,
    "low": 106.34167885354758,
    "high": 113.25832114645242,
    "count": 5
  },
  "Compilation.module ids": {
    "min": 3,
    "max": 4,
    "mean": 3.2,
    "median": 3,
    "variance": 0.15999999999999998,
    "stdDev": 0.39999999999999997,
    "confidence": 0.9931719528863061,
    "low": 2.703414023556847,
    "high": 3.6965859764431532,
    "count": 5
  },
  "Compilation.chunk ids": {
    "min": 3,
    "max": 3,
    "mean": 3,
    "median": 3,
    "variance": 0,
    "stdDev": 0,
    "confidence": 0,
    "low": 3,
    "high": 3,
    "count": 5
  },
  "Compilation.optimize code generation": {
    "min": 8,
    "max": 9,
    "mean": 8.2,
    "median": 8,
    "variance": 0.16,
    "stdDev": 0.4,
    "confidence": 0.993171952886307,
    "low": 7.703414023556846,
    "high": 8.696585976443153,
    "count": 5
  },
  "Compilation.module code generation cache": {
    "min": 0,
    "max": 0,
    "mean": 0,
    "median": 0,
    "variance": 0,
    "stdDev": 0,
    "confidence": 0,
    "low": 0,
    "high": 0,
    "count": 5
  },
  "Compilation.code generation": {
    "min": 154,
    "max": 161,
    "mean": 157.4,
    "median": 156,
    "variance": 9.04,
    "stdDev": 3.0066592756745814,
    "confidence": 7.46532416121363,
    "low": 153.6673379193932,
    "high": 161.13266208060682,
    "count": 5
  },
  "Compilation.runtime requirements.modules": {
    "min": 1,
    "max": 2,
    "mean": 1.6,
    "median": 2,
    "variance": 0.24,
    "stdDev": 0.4898979485566356,
    "confidence": 1.216382255707473,
    "low": 0.9918088721462637,
    "high": 2.2081911278537367,
    "count": 5
  },
  "Compilation.runtime requirements.chunks": {
    "min": 0,
    "max": 0,
    "mean": 0,
    "median": 0,
    "variance": 0,
    "stdDev": 0,
    "confidence": 0,
    "low": 0,
    "high": 0,
    "count": 5
  },
  "Compilation.runtime requirements.entries": {
    "min": 0,
    "max": 0,
    "mean": 0,
    "median": 0,
    "variance": 0,
    "stdDev": 0,
    "confidence": 0,
    "low": 0,
    "high": 0,
    "count": 5
  },
  "Compilation.runtime requirements": {
    "min": 2,
    "max": 3,
    "mean": 2.6,
    "median": 3,
    "variance": 0.24,
    "stdDev": 0.4898979485566356,
    "confidence": 1.216382255707473,
    "low": 1.9918088721462637,
    "high": 3.2081911278537367,
    "count": 5
  },
  "Compilation.hashing: hash chunks": {
    "min": 0,
    "max": 0,
    "mean": 0,
    "median": 0,
    "variance": 0,
    "stdDev": 0,
    "confidence": 0,
    "low": 0,
    "high": 0,
    "count": 5
  },
  "Compilation.hashing: hash runtime chunks": {
    "min": 0,
    "max": 0,
    "mean": 0,
    "median": 0,
    "variance": 0,
    "stdDev": 0,
    "confidence": 0,
    "low": 0,
    "high": 0,
    "count": 5
  },
  "Compilation.hashing: process full hash chunks": {
    "min": 0,
    "max": 0,
    "mean": 0,
    "median": 0,
    "variance": 0,
    "stdDev": 0,
    "confidence": 0,
    "low": 0,
    "high": 0,
    "count": 5
  },
  "Compilation.hashing": {
    "min": 0,
    "max": 0,
    "mean": 0,
    "median": 0,
    "variance": 0,
    "stdDev": 0,
    "confidence": 0,
    "low": 0,
    "high": 0,
    "count": 5
  },
  "Compilation.create module assets": {
    "min": 0,
    "max": 1,
    "mean": 0.6,
    "median": 1,
    "variance": 0.24000000000000005,
    "stdDev": 0.48989794855663565,
    "confidence": 1.2081911278537363,
    "low": 0,
    "high": 1.2081911278537363,
    "count": 5
  },
  "Compilation.create chunk assets": {
    "min": 1,
    "max": 1,
    "mean": 1,
    "median": 1,
    "variance": 0,
    "stdDev": 0,
    "confidence": 0,
    "low": 1,
    "high": 1,
    "count": 5
  },
  "Compilation.process assets": {
    "min": 470,
    "max": 507,
    "mean": 483.4,
    "median": 482,
    "variance": 159.04,
    "stdDev": 12.611106216347556,
    "confidence": 31.31249247236633,
    "low": 467.7437537638168,
    "high": 499.05624623618314,
    "count": 5
  },
  "Compilation.after process assets": {
    "min": 0,
    "max": 0,
    "mean": 0,
    "median": 0,
    "variance": 0,
    "stdDev": 0,
    "confidence": 0,
    "low": 0,
    "high": 0,
    "count": 5
  },
  "Compilation.after seal": {
    "min": 0,
    "max": 0,
    "mean": 0,
    "median": 0,
    "variance": 0,
    "stdDev": 0,
    "confidence": 0,
    "low": 0,
    "high": 0,
    "count": 5
  },
  "Compiler.make hook": {
    "min": 99,
    "max": 113,
    "mean": 104.6,
    "median": 107,
    "variance": 25.839999999999996,
    "stdDev": 5.083306010855534,
    "confidence": 12.621492394800214,
    "low": 98.28925380259989,
    "high": 110.9107461974001,
    "count": 5
  },
  "Compiler.make": {
    "min": 101,
    "max": 115,
    "mean": 106.6,
    "median": 106,
    "variance": 25.839999999999996,
    "stdDev": 5.083306010855534,
    "confidence": 12.621492394800214,
    "low": 100.28925380259989,
    "high": 112.9107461974001,
    "count": 5
  },
  "Compiler.finish make hook": {
    "min": 0,
    "max": 0,
    "mean": 0,
    "median": 0,
    "variance": 0,
    "stdDev": 0,
    "confidence": 0,
    "low": 0,
    "high": 0,
    "count": 5
  },
  "Compiler.finish compilation": {
    "min": 23,
    "max": 27,
    "mean": 25.2,
    "median": 26,
    "variance": 3.3600000000000003,
    "stdDev": 1.8330302779823362,
    "confidence": 4.5512856522086125,
    "low": 22.924357173895693,
    "high": 27.475642826104306,
    "count": 5
  },
  "Compiler.seal compilation": {
    "min": 937,