{
  "stats": {
    "min": 200.63636363636363,
    "max": 205.36363636363637,
    "mean": 202.58181818181816,
    "median": 201.9090909090909,
    "variance": 2.762314049586807,
    "stdDev": 1.6620210737493093,
    "confidence": 4.1266817888844685,
    "low": 200.51847728737593,
    "high": 204.6451590762604,
    "count": 5
  },
  "heap memory": {
    "min": 142214525.8181818,
    "max": 144527168,
    "mean": 143500677.38181818,
    "median": 144164573.0909091,
    "variance": 963595434504.5931,
    "stdDev": 981628.9698784328,
    "confidence": 2437315.902559817,
    "low": 142282019.43053827,
    "high": 144719335.33309808,
    "count": 5
  },
  "rss memory": {
    "min": 853099985.4545455,
    "max": 876387607.2727273,
    "mean": 863968833.1636364,
    "median": 865071476.3636364,
    "variance": 60379610258878.81,
    "stdDev": 7770431.793592864,
    "confidence": 19293437.29803109,
    "low": 854322114.5146209,
    "high": 873615551.812652,
    "count": 5
  },
  "external memory": {
    "min": 93936083.27272727,
    "max": 93949844.63636364,
    "mean": 93942928.32727273,
    "median": 93942141.18181819,
    "variance": 22104484.623491943,
    "stdDev": 4701.540664876988,
    "confidence": 11673.595809280872,
    "low": 93937091.52936809,
    "high": 93948765.12517737,
    "count": 5
  },
  "array buffers memory": {
    "min": 29373747.90909091,
    "max": 29378961,
    "mean": 29376875.76363636,
    "median": 29378216.272727273,
    "variance": 4081993.711074057,
    "stdDev": 2020.3944444276362,
    "confidence": 5016.497739933431,
    "low": 29374367.514766395,
    "high": 29379384.01250633,
    "count": 5
  },
  "Compilation.finish modules": {
    "min": 5.2727272727272725,
    "max": 5.454545454545454,
    "mean": 5.345454545454546,
    "median": 5.363636363636363,
    "variance": 0.004628099173553711,
    "stdDev": 0.06803013430498069,
    "confidence": 0.16891405335698906,
    "low": 5.260997518776051,
    "high": 5.42991157213304,
    "count": 5
  },
  "Compilation.optimize dependencies": {
    "min": 0,
    "max": 0,
    "mean": 0,
    "median": 0,
    "variance": 0,
    "stdDev": 0,
    "confidence": 0,
    "low": 0,
    "high": 0,
    "count": 5
  },
  "Compilation.rebuild chunk graph": {
    "min": 14.454545454545455,
    "max": 15,
    "mean": 14.690909090909093,
    "median": 14.636363636363637,
    "variance": 0.03834710743801652,
    "stdDev": 0.19582417480489103,
    "confidence": 0.48621769528330816,
    "low": 14.447800243267439,
    "high": 14.934017938550747,
    "count": 5
  },
  "Compilation.create chunks": {
    "min": 23.363636363636363,
    "max": 24.09090909090909,
    "mean": 23.8,
    "median": 23.818181818181817,
    "variance": 0.06413223140495863,
    "stdDev": 0.2532434232215294,
    "confidence": 0.6287856629913477,
    "low": 23.485607168504327,
    "high": 24.114392831495675,
    "count": 5
  },
  "Compilation.optimize": {
    "min": 0,
    "max": 0,
    "mean": 0,
    "median": 0,
    "variance": 0,
    "stdDev": 0,
    "confidence": 0,
    "low": 0,
    "high": 0,
    "count": 5
  },
  "Compilation.module ids": {
    "min": 0,
    "max": 0,
    "mean": 0,
    "median": 0,
    "variance": 0,
    "stdDev": 0,
    "confidence": 0,
    "low": 0,
    "high": 0,
    "count": 5
  },
  "Compilation.chunk ids": {
    "min": 0,
    "max": 0,
    "mean": 0,
    "median": 0,
    "variance": 0,
    "stdDev": 0,
    "confidence": 0,
    "low": 0,
    "high": 0,
    "count": 5
  },
  "Compilation.optimize code generation": {
    "min": 0,
    "max": 0,
    "mean": 0,
    "median": 0,
    "variance": 0,
    "stdDev": 0,
    "confidence": 0,
    "low": 0,
    "high": 0,
    "count": 5
  },
  "Compilation.module code generation cache": {
    "min": 0,
    "max": 0,
    "mean": 0,
    "median": 0,
    "variance": 0,
    "stdDev": 0,
    "confidence": 0,
    "low": 0,
    "high": 0,
    "count": 5
  },
  "Compilation.code generation": {
    "min": 5.090909090909091,
    "max": 5.363636363636363,
    "mean": 5.2727272727272725,
    "median": 5.2727272727272725,
    "variance": 0.009917355371900808,
    "stdDev": 0.09958591954639374,
    "confidence": 0.2472648554896768,
    "low": 5.149094844982434,
    "high": 5.396359700472111,
    "count": 5
  },
  "Compilation.runtime requirements.modules": {
    "min": 0,
    "max": 0,
    "mean": 0,
    "median": 0,
    "variance": 0,
    "stdDev": 0,
    "confidence": 0,
    "low": 0,
    "high": 0,
    "count": 5
  },
  "Compilation.runtime requirements.chunks": {
    "min": 0,
    "max": 0,
    "mean": 0,
    "median": 0,
    "variance": 0,
    "stdDev": 0,
    "confidence": 0,
    "low": 0,
    "high": 0,
    "count": 5
  },
  "Compilation.runtime requirements.entries": {
    "min": 0,
    "max": 0,
    "mean": 0,
    "median": 0,
    "variance": 0,
    "stdDev": 0,
    "confidence": 0,
    "low": 0,
    "high": 0,
    "count": 5
  },
  "Compilation.runtime requirements": {
    "min": 0,
    "max": 0,
    "mean": 0,
    "median": 0,
    "variance": 0,
    "stdDev": 0,
    "confidence": 0,
    "low": 0,
    "high": 0,
    "count": 5
  },
  "Compilation.hashing: hash chunks": {
    "min": 0,
    "max": 0,
    "mean": 0,
    "median": 0,
    "variance": 0,
    "stdDev": 0,
    "confidence": 0,
    "low": 0,
    "high": 0,
    "count": 5
  },
  "Compilation.hashing: hash runtime chunks": {
    "min": 3,
    "max": 3,
    "mean": 3,
    "median": 3,
    "variance": 0,
    "stdDev": 0,
    "confidence": 0,
    "low": 3,
    "high": 3,
    "count": 5
  },
  "Compilation.hashing: process full hash chunks": {
    "min": 0,
    "max": 0,
    "mean": 0,
    "median": 0,
    "variance": 0,
    "stdDev": 0,
    "confidence": 0,
    "low": 0,
    "high": 0,
    "count": 5
  },
  "Compilation.hashing": {
    "min": 3,
    "max": 3,
    "mean": 3,
    "median": 3,
    "variance": 0,
    "stdDev": 0,
    "confidence": 0,
    "low": 3,
    "high": 3,
    "count": 5
  },
  "Compilation.create module assets": {
    "min": 0,
    "max": 0,
    "mean": 0,
    "median": 0,
    "variance": 0,
    "stdDev": 0,
    "confidence": 0,
    "low": 0,
    "high": 0,
    "count": 5
  },
  "Compilation.create chunk assets": {
    "min": 5.818181818181818,
    "max": 5.909090909090909,
    "mean": 5.872727272727273,
    "median": 5.909090909090909,
    "variance": 0.001983471074380162,
    "stdDev": 0.04453617714151229,
    "confidence": 0.11058020506431632,
    "low": 5.817437170195115,
    "high": 5.928017375259431,
    "count": 5
  },
  "Compilation.process assets": {
    "min": 79.0909090909091,
    "max": 79.9090909090909,
    "mean": 79.52727272727273,
    "median": 79.63636363636364,
    "variance": 0.11041322314049389,
    "stdDev": 0.33228485240903455,
    "confidence": 0.8250399894540408,
    "low": 79.11475273254571,
    "high": 79.93979272199975,
    "count": 5
  },
  "Compilation.after process assets": {
    "min": 0,
    "max": 0,
    "mean": 0,
    "median": 0,
    "variance": 0,
    "stdDev": 0,
    "confidence": 0,
    "low": 0,
    "high": 0,
    "count": 5
  },
  "Compilation.after seal": {
    "min": 0,
    "max": 0,
    "mean": 0,
    "median": 0,
    "variance": 0,
    "stdDev": 0,
    "confidence": 0,
    "low": 0,
    "high": 0,
    "count": 5
  },
  "Compiler.make hook": {
    "min": 0,
    "max": 0,
    "mean": 0,
    "median": 0,
    "variance": 0,
    "stdDev": 0,
    "confidence": 0,
    "low": 0,
    "high": 0,
    "count": 5
  },
  "Compiler.make": {
    "min": 20.272727272727273,
    "max": 21.181818181818183,
    "mean": 20.8,
    "median": 20.818181818181817,
    "variance": 0.10710743801652889,
    "stdDev": 0.3272727272727272,
    "confidence": 0.8125952341797031,
    "low": 20.39370238291015,
    "high": 21.206297617089852,
    "count": 5
  },
  "Compiler.finish make hook": {
    "min": 0,
    "max": 0,
    "mean": 0,
    "median": 0,
    "variance": 0,
    "stdDev": 0,
    "confidence": 0,
    "low": 0,
    "high": 0,
    "count": 5
  },