{
  "stats": {
    "min": 3101,
    "max": 3212,
    "mean": 3151.2,
    "median": 3149,
    "variance": 1270.96,
    "stdDev": 35.650525942824466,
    "confidence": 88.51775618014744,
    "low": 3106.941121909926,
    "high": 3195.4588780900735,
    "count": 5
  },
  "heap memory": {
    "min": 99901552,
    "max": 102947416,
    "mean": 102158203.2,
    "median": 102673160,
    "variance": 1287123332725.76,
    "stdDev": 1134514.5802173545,
    "confidence": 2816920.1530311406,
    "low": 100749743.12348443,
    "high": 103566663.27651557,
    "count": 5
  },
  "rss memory": {
    "min": 746524672,
    "max": 792051712,
    "mean": 761818316.8,
    "median": 752332800,
    "variance": 271561409702133.75,
    "stdDev": 16479120.416519012,
    "confidence": 40916500.514806986,
    "low": 741360066.5425965,
    "high": 782276567.0574034,
    "count": 5
  },
  "external memory": {
    "min": 30235776,
    "max": 30252160,
    "mean": 30243968,
    "median": 30243968,
    "variance": 26843545.6,
    "stdDev": 5181.075718419873,
    "confidence": 12864.247723288834,
    "low": 30237535.876138356,
    "high": 30250400.123861644,
    "count": 5
  },
  "array buffers memory": {
    "min": 2260022,
    "max": 2276406,
    "mean": 2268214,
    "median": 2268214,
    "variance": 26843545.6,
    "stdDev": 5181.075718419873,
    "confidence": 12864.247723286971,
    "low": 2261781.8761383565,
    "high": 2274646.1238616435,
    "count": 5
  },
  "Compilation.finish modules": {
    "min": 8,
    "max": 9,
    "mean": 8.4,
    "median": 8,
    "variance": 0.24000000000000005,
    "stdDev": 0.48989794855663565,
    "confidence": 1.2163822557074724,
    "low": 7.791808872146264,
    "high": 9.008191127853737,
    "count": 5
  },
  "Compilation.optimize dependencies": {
    "min": 11,
    "max": 12,
    "mean": 11.6,
    "median": 12,
    "variance": 0.24000000000000005,
    "stdDev": 0.48989794855663565,
    "confidence": 1.2163822557074724,
    "low": 10.991808872146263,
    "high": 12.208191127853736,
    "count": 5
  },
  "Compilation.rebuild chunk graph": {
    "min": 11,
    "max": 12,
    "mean": 11.2,
    "median": 11,
    "variance": 0.16,
    "stdDev": 0.4,
    "confidence": 0.993171952886307,
    "low": 10.703414023556846,
    "high": 11.696585976443153,
    "count": 5
  },
  "Compilation.create chunks": {
    "min": 17,
    "max": 19,
    "mean": 17.8,
    "median": 18,
    "variance": 0.56,
    "stdDev": 0.7483314773547883,
    "confidence": 1.858054586926876,
    "low": 16.870972706536563,
    "high": 18.72902729346344,
    "count": 5
  },
  "Compilation.optimize": {
    "min": 30,
    "max": 31,
    "mean": 30.4,
    "median": 30,
    "variance": 0.24,
    "stdDev": 0.4898979485566356,
    "confidence": 1.2163822557074724,
    "low": 29.791808872146262,
    "high": 31.008191127853735,
    "count": 5
  },
  "Compilation.module ids": {
    "min": 2,
    "max": 2,
    "mean": 2,
    "median": 2,
    "variance": 0,
    "stdDev": 0,
    "confidence": 0,
    "low": 2,
    "high": 2,
    "count": 5
  },
  "Compilation.chunk ids": {
    "min": 1,
    "max": 2,
    "mean": 1.2,
    "median": 1,
    "variance": 0.16,
    "stdDev": 0.4,
    "confidence": 0.9931719528863066,
    "low": 0.7034140235568467,
    "high": 1.6965859764431532,
    "count": 5
  },
  "Compilation.optimize code generation": {
    "min": 2,
    "max": 2,
    "mean": 2,
    "median": 2,
    "variance": 0,
    "stdDev": 0,
    "confidence": 0,
    "low": 2,
    "high": 2,
    "count": 5
  },
  "Compilation.code generation": {
    "min": 51,
    "max": 55,
    "mean": 53,
    "median": 53,
    "variance": 2,
    "stdDev": 1.4142135623730951,
    "confidence": 3.5113931138509713,
    "low": 51.244303443074514,
    "high": 54.755696556925486,
    "count": 5
  },
  "Compilation.runtime requirements.modules": {
    "min": 0,
    "max": 0,
    "mean": 0,
    "median": 0,
    "variance": 0,
    "stdDev": 0,
    "confidence": 0,
    "low": 0,
    "high": 0,
    "count": 5
  },
  "Compilation.runtime requirements.chunks": {
    "min": 0,
    "max": 0,
    "mean": 0,
    "median": 0,
    "variance": 0,
    "stdDev": 0,
    "confidence": 0,
    "low": 0,
    "high": 0,
    "count": 5
  },
  "Compilation.runtime requirements.entries": {
    "min": 0,
    "max": 0,
    "mean": 0,
    "median": 0,
    "variance": 0,
    "stdDev": 0,
    "confidence": 0,
    "low": 0,
    "high": 0,
    "count": 5
  },
  "Compilation.runtime requirements": {
    "min": 1,
    "max": 1,
    "mean": 1,
    "median": 1,
    "variance": 0,
    "stdDev": 0,
    "confidence": 0,
    "low": 1,
    "high": 1,
    "count": 5
  },
  "Compilation.hashing: hash chunks": {
    "min": 0,
    "max": 0,
    "mean": 0,
    "median": 0,
    "variance": 0,
    "stdDev": 0,
    "confidence": 0,
    "low": 0,
    "high": 0,
    "count": 5
  },
  "Compilation.hashing: hash runtime chunks": {
    "min": 0,
    "max": 1,
    "mean": 0.2,
    "median": 0,
    "variance": 0.16000000000000003,
    "stdDev": 0.4,
    "confidence": 0.6965859764431532,
    "low": 0,
    "high": 0.6965859764431532,
    "count": 5
  },
  "Compilation.hashing: process full hash chunks": {
    "min": 0,
    "max": 0,
    "mean": 0,
    "median": 0,
    "variance": 0,
    "stdDev": 0,
    "confidence": 0,
    "low": 0,
    "high": 0,
    "count": 5
  },
  "Compilation.hashing": {
    "min": 1,
    "max": 2,
    "mean": 1.2,
    "median": 1,
    "variance": 0.16,
    "stdDev": 0.4,
    "confidence": 0.9931719528863066,
    "low": 0.7034140235568467,
    "high": 1.6965859764431532,
    "count": 5
  },
  "Compilation.create module assets": {
    "min": 0,
    "max": 0,
    "mean": 0,
    "median": 0,
    "variance": 0,
    "stdDev": 0,
    "confidence": 0,
    "low": 0,
    "high": 0,
    "count": 5
  },
  "Compilation.create chunk assets": {
    "min": 2,
    "max": 2,
    "mean": 2,
    "median": 2,
    "variance": 0,
    "stdDev": 0,
    "confidence": 0,
    "low": 2,
    "high": 2,
    "count": 5
  },
  "Compilation.process assets": {
    "min": 1544,
    "max": 1605,
    "mean": 1581.4,
    "median": 1595,
    "variance": 596.24,
    "stdDev": 24.418026128252055,
    "confidence": 60.62824673856221,
    "low": 1551.085876630719,
    "high": 1611.7141233692812,
    "count": 5
  },
  "Compilation.after process assets": {
    "min": 0,
    "max": 0,
    "mean": 0,
    "median": 0,
    "variance": 0,
    "stdDev": 0,
    "confidence": 0,
    "low": 0,
    "high": 0,
    "count": 5
  },
  "Compilation.after seal": {
    "min": 0,
    "max": 0,
    "mean": 0,
    "median": 0,
    "variance": 0,
    "stdDev": 0,
    "confidence": 0,
    "low": 0,
    "high": 0,
    "count": 5
  },
  "Compiler.make hook": {
    "min": 0,
    "max": 0,
    "mean": 0,
    "median": 0,
    "variance": 0,
    "stdDev": 0,
    "confidence": 0,
    "low": 0,
    "high": 0,
    "count": 5
  },
  "Compiler.make": {
    "min": 1321,
    "max": 1366,
    "mean": 1336.8,
    "median": 1333,
    "variance": 252.16,
    "stdDev": 15.879546593023367,
    "confidence": 39.4278007518551,
    "low": 1317.0860996240724,
    "high": 1356.5139003759275,
    "count": 5
  },
  "Compiler.finish make hook": {
    "min": 0,
    "max": 0,
    "mean": 0,
    "median": 0,
    "variance": 0,
    "stdDev": 0,
    "confidence": 0,
    "low": 0,
    "high": 0,
    "count": 5
  },
  "Compiler.finish compilation": {
    "min": 10,
    "max": 11,
    "mean": 10.6,
    "median": 11,
    "variance": 0.24000000000000005,
    "stdDev": 0.48989794855663565,
    "confidence": 1.2163822557074724,
    "low": 9.991808872146263,
    "high": 11.208191127853736,
    "count": 5
  },
  "Compiler.seal compilation": {
    "min": 1679,
    "max": 1741,
    "mean": 1716.6,
    "median": 1728,
    "variance": 649.04,
    "stdDev": 25.476263462289754,
    "confidence": 63.2557758377211,
    "low": 1684.9721120811394,
    "high": 1748.2278879188605,
    "count": 5
  },
  "Compiler.emitAssets": {
    "min": 54,
    "max": 74,
    "mean": 64,