{
  "stats": {
    "min": 271.72727272727275,
    "max": 289.27272727272725,
    "mean": 278.2363636363636,
    "median": 273.8181818181818,
    "variance": 49.446611570247754,
    "stdDev": 7.0318284656444625,
    "confidence": 17.459537023964117,
    "low": 269.50659512438153,
    "high": 286.96613214834565,
    "count": 5
  },
  "heap memory": {
    "min": 96094279.27272727,
    "max": 96987758.54545455,
    "mean": 96608983.12727274,
    "median": 96678746.18181819,
    "variance": 85846748798.18234,
    "stdDev": 292996.1583334879,
    "confidence": 727488.9169006348,
    "low": 96245238.66882242,
    "high": 96972727.58572306,
    "count": 5
  },
  "rss memory": {
    "min": 1759202583.2727273,
    "max": 2036578862.5454545,
    "mean": 1909833504.581818,
    "median": 1889818810.1818182,
    "variance": 9422620435911940,
    "stdDev": 97070183.04253855,
    "confidence": 241018458.14847326,
    "low": 1789324275.5075815,
    "high": 2030342733.6560547,
    "count": 5
  },
  "external memory": {
    "min": 48516651,
    "max": 50180028.18181818,
    "mean": 48849326.43636364,
    "median": 48516651,
    "variance": 442691783838.9424,
    "stdDev": 665350.8727272719,
    "confidence": 1652019.5640528798,
    "low": 48023316.6543372,
    "high": 49675336.21839008,
    "count": 5
  },
  "array buffers memory": {
    "min": 24847049.636363637,
    "max": 26510426.818181816,
    "mean": 25179725.07272727,
    "median": 24847049.636363637,
    "variance": 442691783838.9424,
    "stdDev": 665350.8727272719,
    "confidence": 1652019.5640528798,
    "low": 24353715.29070083,
    "high": 26005734.85475371,
    "count": 5
  },
  "Compilation.finish modules": {
    "min": 23.272727272727273,
    "max": 25.09090909090909,
    "mean": 23.78181818181818,
    "median": 23.272727272727273,
    "variance": 0.5077685950413213,
    "stdDev": 0.7125788342641965,
    "confidence": 1.7692832810290469,
    "low": 22.897176541303658,
    "high": 24.666459822332705,
    "count": 5
  },
  "Compilation.optimize dependencies": {
    "min": 2,
    "max": 2.1818181818181817,
    "mean": 2.036363636363636,
    "median": 2,
    "variance": 0.005289256198347098,
    "stdDev": 0.07272727272727267,
    "confidence": 0.1805767187066012,
    "low": 1.9460752770103356,
    "high": 2.1266519957169367,
    "count": 5
  },
  "Compilation.create chunks": {
    "min": 48.09090909090909,
    "max": 51.54545454545455,
    "mean": 49.43636363636364,
    "median": 49.27272727272727,
    "variance": 1.313719008264463,
    "stdDev": 1.1461758190890536,
    "confidence": 2.8458741914893437,
    "low": 48.013426540618966,
    "high": 50.85930073210831,
    "count": 5
  },
  "Compilation.optimize": {
    "min": 0,
    "max": 0,
    "mean": 0,
    "median": 0,
    "variance": 0,
    "stdDev": 0,
    "confidence": 0,
    "low": 0,
    "high": 0,
    "count": 5
  },
  "Compilation.module ids": {
    "min": 8.818181818181818,
    "max": 9.272727272727273,
    "mean": 8.98181818181818,
    "median": 8.909090909090908,
    "variance": 0.024462809917355482,
    "stdDev": 0.15640591394622994,
    "confidence": 0.3883449174923612,
    "low": 8.787645723072,
    "high": 9.175990640564361,
    "count": 5
  },
  "Compilation.chunk ids": {
    "min": 3.5454545454545454,
    "max": 4.090909090909091,
    "mean": 3.8,
    "median": 3.727272727272727,
    "variance": 0.034380165289256207,
    "stdDev": 0.185418891403374,
    "confidence": 0.4603821061927569,
    "low": 3.5698089469036214,
    "high": 4.030191053096378,
    "count": 5
  },
  "Compilation.optimize code generation": {
    "min": 0,
    "max": 0,
    "mean": 0,
    "median": 0,
    "variance": 0,
    "stdDev": 0,
    "confidence": 0,
    "low": 0,
    "high": 0,
    "count": 5
  },
  "Compilation.module code generation cache": {
    "min": 100,
    "max": 100,
    "mean": 100,
    "median": 100,
    "variance": 0,
    "stdDev": 0,
    "confidence": 0,
    "low": 100,
    "high": 100,
    "count": 5
  },
  "Compilation.code generation": {
    "min": 14.454545454545455,
    "max": 16.363636363636363,
    "mean": 15.236363636363638,
    "median": 15.181818181818182,
    "variance": 0.398677685950413,
    "stdDev": 0.6314092856067394,
    "confidence": 1.5677449831414823,
    "low": 14.452491144792896,
    "high": 16.02023612793438,
    "count": 5
  },
  "Compilation.runtime requirements.modules": {
    "min": 3,
    "max": 3.4545454545454546,
    "mean": 3.181818181818182,
    "median": 3.090909090909091,
    "variance": 0.026446280991735554,
    "stdDev": 0.1626231256363484,
    "confidence": 0.4037818181818187,
    "low": 2.9799272727272728,
    "high": 3.3837090909090914,
    "count": 5
  },
  "Compilation.runtime requirements.chunks": {
    "min": 1.1818181818181819,
    "max": 1.3636363636363635,
    "mean": 1.2727272727272727,
    "median": 1.2727272727272727,
    "variance": 0.006611570247933872,
    "stdDev": 0.0813115628181741,
    "confidence": 0.2018909090909089,
    "low": 1.1717818181818183,
    "high": 1.3736727272727272,
    "count": 5
  },
  "Compilation.runtime requirements.entries": {
    "min": 0,
    "max": 0,
    "mean": 0,
    "median": 0,
    "variance": 0,
    "stdDev": 0,
    "confidence": 0,
    "low": 0,
    "high": 0,
    "count": 5
  },
  "Compilation.runtime requirements": {
    "min": 5.818181818181818,
    "max": 6.2727272727272725,
    "mean": 6,
    "median": 6,
    "variance": 0.023140495867768552,
    "stdDev": 0.15212000482437724,
    "confidence": 0.3777033056612531,
    "low": 5.8111483471693735,
    "high": 6.1888516528306265,
    "count": 5
  },
  "Compilation.hashing: hash chunks": {
    "min": 2.272727272727273,
    "max": 2.727272727272727,
    "mean": 2.5636363636363635,
    "median": 2.6363636363636362,
    "variance": 0.024462809917355326,
    "stdDev": 0.15640591394622944,
    "confidence": 0.38834491749236033,
    "low": 2.3694639048901833,
    "high": 2.7578088223825437,
    "count": 5
  },
  "Compilation.hashing: hash runtime chunks": {
    "min": 6.2727272727272725,
    "max": 7.454545454545454,
    "mean": 6.818181818181818,
    "median": 7,
    "variance": 0.19504132231404955,
    "stdDev": 0.4416348291451316,
    "confidence": 1.0965483143117023,
    "low": 6.269907661025967,
    "high": 7.3664559753376695,
    "count": 5
  },
  "Compilation.hashing: process full hash chunks": {
    "min": 0,
    "max": 0,
    "mean": 0,
    "median": 0,
    "variance": 0,
    "stdDev": 0,
    "confidence": 0,
    "low": 0,
    "high": 0,
    "count": 5
  },
  "Compilation.hashing": {
    "min": 9.363636363636363,
    "max": 10.727272727272727,
    "mean": 9.872727272727271,
    "median": 9.636363636363637,
    "variance": 0.21355371900826428,
    "stdDev": 0.46211872825959377,
    "confidence": 1.1474083995272935,
    "low": 9.299023072963625,
    "high": 10.446431472490918,
    "count": 5
  },
  "Compilation.create module assets": {
    "min": 0,
    "max": 0,
    "mean": 0,
    "median": 0,
    "variance": 0,
    "stdDev": 0,
    "confidence": 0,
    "low": 0,
    "high": 0,
    "count": 5
  },
  "Compilation.create chunk assets": {
    "min": 5,
    "max": 5.454545454545454,
    "mean": 5.181818181818182,
    "median": 5.090909090909091,
    "variance": 0.0363636363636363,
    "stdDev": 0.19069251784911828,
    "confidence": 0.47347615088254,
    "low": 4.945080106376912,
    "high": 5.418556257259452,
    "count": 5
  },
  "Compilation.process assets": {
    "min": 39.90909090909091,
    "max": 46.81818181818182,
    "mean": 41.63636363636364,
    "median": 40.36363636363637,
    "variance": 6.849586776859506,
    "stdDev": 2.617171522246776,
    "confidence": 6.49825337947064,
    "low": 38.38723694662832,
    "high": 44.88549032609896,
    "count": 5
  },
  "Compilation.after process assets": {
    "min": 0,
    "max": 0,
    "mean": 0,
    "median": 0,
    "variance": 0,
    "stdDev": 0,
    "confidence": 0,
    "low": 0,
    "high": 0,
    "count": 5
  },
  "Compilation.after seal": {
    "min": 0,