{
  "stats": {
    "min": 202.63636363636363,
    "max": 207.54545454545453,
    "mean": 204.6909090909091,
    "median": 205.0909090909091,
    "variance": 3.2978512396694226,
    "stdDev": 1.8159986893358218,
    "confidence": 4.5089974118165514,
    "low": 202.4364103850008,
    "high": 206.94540779681736,
    "count": 5
  },
  "heap memory": {
    "min": 142134162.9090909,
    "max": 144587691.63636363,
    "mean": 143713028.2181818,
    "median": 144029061.8181818,
    "variance": 696361235236.0491,
    "stdDev": 834482.6152988743,
    "confidence": 2071961.8217151165,
    "low": 142677047.30732423,
    "high": 144749009.12903935,
    "count": 5
  },
  "rss memory": {
    "min": 931272517.8181819,
    "max": 939141678.5454545,
    "mean": 936703590.4,
    "median": 937906548.3636364,
    "variance": 7743229797389.042,
    "stdDev": 2782665.9514553742,
    "confidence": 6909164.443092823,
    "low": 933249008.1784536,
    "high": 940158172.6215464,
    "count": 5
  },
  "external memory": {
    "min": 94018930.81818181,
    "max": 94028223.81818181,
    "mean": 94023859.6,
    "median": 94023499.27272727,
    "variance": 11107079.182141002,
    "stdDev": 3332.7284891123372,
    "confidence": 8274.931154936552,
    "low": 94019722.13442253,
    "high": 94027997.06557746,
    "count": 5
  },
  "array buffers memory": {
    "min": 29373777,
    "max": 29378990.09090909,
    "mean": 29376309.07272727,
    "median": 29375266.454545453,
    "variance": 3904515.7236361415,
    "stdDev": 1975.9847478247755,
    "confidence": 4906.231577180326,
    "low": 29373855.95693868,
    "high": 29378762.18851586,
    "count": 5
  },
  "Compilation.finish modules": {
    "min": 5.2727272727272725,
    "max": 5.7272727272727275,
    "mean": 5.472727272727273,
    "median": 5.454545454545454,
    "variance": 0.03438016528925629,
    "stdDev": 0.18541889140337425,
    "confidence": 0.46038210619275866,
    "low": 5.242536219630893,
    "high": 5.702918325823652,
    "count": 5
  },
  "Compilation.optimize dependencies": {
    "min": 0,
    "max": 0.09090909090909091,
    "mean": 0.01818181818181818,
    "median": 0,
    "variance": 0.0013223140495867767,
    "stdDev": 0.03636363636363636,
    "confidence": 0.06332599785846847,
    "low": 0,
    "high": 0.06332599785846847,
    "count": 5
  },
  "Compilation.rebuild chunk graph": {
    "min": 14.636363636363637,
    "max": 15.272727272727273,
    "mean": 14.89090909090909,
    "median": 14.909090909090908,
    "variance": 0.04760330578512407,
    "stdDev": 0.21818181818181842,
    "confidence": 0.5417301561198045,
    "low": 14.620044012849188,
    "high": 15.161774168968993,
    "count": 5
  },
  "Compilation.optimize modules": {
    "min": 0,
    "max": 0,
    "mean": 0,
    "median": 0,
    "variance": 0,
    "stdDev": 0,
    "confidence": 0,
    "low": 0,
    "high": 0,
    "count": 5
  },
  "Compilation.optimize chunks": {
    "min": 6.454545454545454,
    "max": 6.7272727272727275,
    "mean": 6.581818181818183,
    "median": 6.636363636363637,
    "variance": 0.01190082644628106,
    "stdDev": 0.1090909090909094,
    "confidence": 0.27086507805990223,
    "low": 6.446385642788232,
    "high": 6.717250720848134,
    "count": 5
  },
  "Compilation.optimize tree": {
    "min": 0,
    "max": 0,
    "mean": 0,
    "median": 0,
    "variance": 0,
    "stdDev": 0,
    "confidence": 0,
    "low": 0,
    "high": 0,
    "count": 5
  },
  "Compilation.optimize chunk modules": {
    "min": 0,
    "max": 0,
    "mean": 0,
    "median": 0,
    "variance": 0,
    "stdDev": 0,
    "confidence": 0,
    "low": 0,
    "high": 0,
    "count": 5
  },
  "Compilation.module ids": {
    "min": 0,
    "max": 0,
    "mean": 0,
    "median": 0,
    "variance": 0,
    "stdDev": 0,
    "confidence": 0,
    "low": 0,
    "high": 0,
    "count": 5
  },
  "Compilation.chunk ids": {
    "min": 0,
    "max": 0,
    "mean": 0,
    "median": 0,
    "variance": 0,
    "stdDev": 0,
    "confidence": 0,
    "low": 0,
    "high": 0,
    "count": 5
  },
  "Compilation.optimize code generation": {
    "min": 0,
    "max": 0,
    "mean": 0,
    "median": 0,
    "variance": 0,
    "stdDev": 0,
    "confidence": 0,
    "low": 0,
    "high": 0,
    "count": 5
  },
  "Compilation.module code generation cache": {
    "min": 0,
    "max": 0,
    "mean": 0,
    "median": 0,
    "variance": 0,
    "stdDev": 0,
    "confidence": 0,
    "low": 0,
    "high": 0,
    "count": 5
  },
  "Compilation.code generation": {
    "min": 5.181818181818182,
    "max": 5.454545454545454,
    "mean": 5.309090909090909,
    "median": 5.2727272727272725,
    "variance": 0.008595041322314034,
    "stdDev": 0.09270944570168692,
    "confidence": 0.23019105309637844,
    "low": 5.193995382542719,
    "high": 5.424186435639098,
    "count": 5
  },
  "Compilation.runtime requirements.modules": {
    "min": 0,
    "max": 0,
    "mean": 0,
    "median": 0,
    "variance": 0,
    "stdDev": 0,
    "confidence": 0,
    "low": 0,
    "high": 0,
    "count": 5
  },
  "Compilation.runtime requirements.chunks": {
    "min": 0,
    "max": 0,
    "mean": 0,
    "median": 0,
    "variance": 0,
    "stdDev": 0,
    "confidence": 0,
    "low": 0,
    "high": 0,
    "count": 5
  },
  "Compilation.runtime requirements.entries": {
    "min": 0,
    "max": 0,
    "mean": 0,
    "median": 0,
    "variance": 0,
    "stdDev": 0,
    "confidence": 0,
    "low": 0,
    "high": 0,
    "count": 5
  },
  "Compilation.runtime requirements": {
    "min": 0,
    "max": 0,
    "mean": 0,
    "median": 0,
    "variance": 0,
    "stdDev": 0,
    "confidence": 0,
    "low": 0,
    "high": 0,
    "count": 5
  },
  "Compilation.hashing: hash chunks": {
    "min": 0,
    "max": 0,
    "mean": 0,
    "median": 0,
    "variance": 0,
    "stdDev": 0,
    "confidence": 0,
    "low": 0,
    "high": 0,
    "count": 5
  },
  "Compilation.hashing: hash runtime chunks": {
    "min": 3,
    "max": 3.090909090909091,
    "mean": 3.036363636363636,
    "median": 3,
    "variance": 0.001983471074380162,
    "stdDev": 0.04453617714151229,
    "confidence": 0.11058020506431543,
    "low": 2.9810735338314784,
    "high": 3.091653738895794,
    "count": 5
  },
  "Compilation.hashing: process full hash chunks": {
    "min": 0,
    "max": 0,
    "mean": 0,
    "median": 0,
    "variance": 0,
    "stdDev": 0,
    "confidence": 0,
    "low": 0,
    "high": 0,
    "count": 5
  },
  "Compilation.hashing": {
    "min": 3,
    "max": 3.1818181818181817,
    "mean": 3.0727272727272723,
    "median": 3.090909090909091,
    "variance": 0.0046280991735537114,
    "stdDev": 0.0680301343049807,
    "confidence": 0.16891405335698817,
    "low": 2.9882702460487782,
    "high": 3.1571842994057664,
    "count": 5
  },
  "Compilation.create module assets": {
    "min": 0,
    "max": 0,
    "mean": 0,
    "median": 0,
    "variance": 0,
    "stdDev": 0,
    "confidence": 0,
    "low": 0,
    "high": 0,
    "count": 5
  },
  "Compilation.create chunk assets": {
    "min": 6,
    "max": 6.545454545454546,
    "mean": 6.181818181818182,
    "median": 6.090909090909091,
    "variance": 0.03636363636363643,
    "stdDev": 0.19069251784911864,
    "confidence": 0.47347615088254,
    "low": 5.945080106376912,
    "high": 6.418556257259452,
    "count": 5
  },
  "Compilation.process assets": {
    "min": 77.54545454545455,
    "max": 80.36363636363636,
    "mean": 78.78181818181818,
    "median": 78.54545454545455,
    "variance": 1.1490909090909092,
    "stdDev": 1.0719565798533581,
    "confidence": 2.661593024555714,
    "low": 77.45102166954032,
    "high": 80.11261469409604,
    "count": 5
  },
  "Compilation.after process assets": {
    "min": 0,
    "max": 0,
    "mean": 0,
    "median": 0,
    "variance": 0,
    "stdDev": 0,
    "confidence": 0,
    "low": 0,
    "high": 0,
    "count": 5
  },
  "Compilation.after seal": {
    "min": 0,
    "max": 0,
    "mean": 0,
    "median": 0,
    "variance": 0,
    "stdDev": 0,
    "confidence": 0,
    "low": 0,