{
  "stats": {
    "min": 2711,
    "max": 2815,
    "mean": 2753.2,
    "median": 2748,
    "variance": 1290.56,
    "stdDev": 35.92436499090833,
    "confidence": 89.1976793355525,
    "low": 2708.6011603322236,
    "high": 2797.798839667776,
    "count": 5
  },
  "heap memory": {
    "min": 50578136,
    "max": 51091152,
    "mean": 50800036.8,
    "median": 50804256,
    "variance": 29916311234.559998,
    "stdDev": 172963.32337972693,
    "confidence": 429455.80414687097,
    "low": 50585308.89792656,
    "high": 51014764.70207343,
    "count": 5
  },
  "rss memory": {
    "min": 788852736,
    "max": 812335104,
    "mean": 802181120,
    "median": 808824832,
    "variance": 116508738977792,
    "stdDev": 10793921.390198838,
    "confidence": 26800549.966012716,
    "low": 788780845.0169936,
    "high": 815581394.9830064,
    "count": 5
  },
  "external memory": {
    "min": 28682431,
    "max": 28690623,
    "mean": 28687346.2,
    "median": 28690623,
    "variance": 16106127.36,
    "stdDev": 4013.243994575959,
    "confidence": 9964.60343875736,
    "low": 28682363.89828062,
    "high": 28692328.501719378,
    "count": 5
  },
  "array buffers memory": {
    "min": 581275,
    "max": 589467,
    "mean": 586190.2,
    "median": 589467,
    "variance": 16106127.36,
    "stdDev": 4013.243994575959,
    "confidence": 9964.60343875573,
    "low": 581207.8982806221,
    "high": 591172.5017193778,
    "count": 5
  },
  "Compilation.build module graph": {
    "min": 1184,
    "max": 1219,
    "mean": 1198.8,
    "median": 1199,
    "variance": 138.56,
    "stdDev": 11.77115117564973,
    "confidence": 29.226943002100143,
    "low": 1184.1865284989499,
    "high": 1213.41347150105,
    "count": 5
  },
  "Compilation.finish modules": {
    "min": 8,
    "max": 9,
    "mean": 8.4,
    "median": 8,
    "variance": 0.24000000000000005,
    "stdDev": 0.48989794855663565,
    "confidence": 1.2163822557074724,
    "low": 7.791808872146264,
    "high": 9.008191127853737,
    "count": 5
  },
  "Compilation.seal": {
    "min": 0,
    "max": 3,
    "mean": 1,
    "median": 0,
    "variance": 1.6,
    "stdDev": 1.2649110640673518,
    "confidence": 2.5703427396590843,
    "low": 0,
    "high": 2.5703427396590843,
    "count": 5
  },
  "Compilation.optimize dependencies": {
    "min": 10,
    "max": 15,
    "mean": 11.6,
    "median": 11,
    "variance": 3.04,
    "stdDev": 1.7435595774162693,
    "confidence": 4.3291361761903495,
    "low": 9.435431911904825,
    "high": 13.764568088095174,
    "count": 5
  },
  "Compilation.rebuild chunk graph": {
    "min": 8,
    "max": 9,
    "mean": 8.4,
    "median": 8,
    "variance": 0.24000000000000005,
    "stdDev": 0.48989794855663565,
    "confidence": 1.2163822557074724,
    "low": 7.791808872146264,
    "high": 9.008191127853737,
    "count": 5
  },
  "Compilation.build chunk graph": {
    "min": 8,
    "max": 9,
    "mean": 8.4,
    "median": 8,
    "variance": 0.24000000000000005,
    "stdDev": 0.48989794855663565,
    "confidence": 1.2163822557074724,
    "low": 7.791808872146264,
    "high": 9.008191127853737,
    "count": 5
  },
  "Compilation.optimize modules": {
    "min": 0,
    "max": 0,
    "mean": 0,
    "median": 0,
    "variance": 0,
    "stdDev": 0,
    "confidence": 0,
    "low": 0,
    "high": 0,
    "count": 5
  },
  "Compilation.optimize chunks": {
    "min": 6,
    "max": 6,
    "mean": 6,
    "median": 6,
    "variance": 0,
    "stdDev": 0,
    "confidence": 0,
    "low": 6,
    "high": 6,
    "count": 5
  },
  "Compilation.optimize tree": {
    "min": 0,
    "max": 0,
    "mean": 0,
    "median": 0,
    "variance": 0,
    "stdDev": 0,
    "confidence": 0,
    "low": 0,
    "high": 0,
    "count": 5
  },
  "Compilation.optimize chunk modules": {
    "min": 13,
    "max": 14,
    "mean": 13.6,
    "median": 14,
    "variance": 0.24000000000000005,
    "stdDev": 0.48989794855663565,
    "confidence": 1.2163822557074724,
    "low": 12.991808872146263,
    "high": 14.208191127853736,
    "count": 5
  },
  "Compilation.module ids": {
    "min": 1,
    "max": 1,
    "mean": 1,
    "median": 1,
    "variance": 0,
    "stdDev": 0,
    "confidence": 0,
    "low": 1,
    "high": 1,
    "count": 5
  },
  "Compilation.chunk ids": {
    "min": 1,
    "max": 1,
    "mean": 1,
    "median": 1,
    "variance": 0,
    "stdDev": 0,
    "confidence": 0,
    "low": 1,
    "high": 1,
    "count": 5
  },
  "Compilation.assign runtime ids": {
    "min": 0,
    "max": 0,
    "mean": 0,
    "median": 0,
    "variance": 0,
    "stdDev": 0,
    "confidence": 0,
    "low": 0,
    "high": 0,
    "count": 5
  },
  "Compilation.optimize code generation": {
    "min": 0,
    "max": 0,
    "mean": 0,
    "median": 0,
    "variance": 0,
    "stdDev": 0,
    "confidence": 0,
    "low": 0,
    "high": 0,
    "count": 5
  },
  "Compilation.create module hashes": {
    "min": 5,
    "max": 6,
    "mean": 5.8,
    "median": 6,
    "variance": 0.15999999999999998,
    "stdDev": 0.39999999999999997,
    "confidence": 0.993171952886307,
    "low": 5.303414023556846,
    "high": 6.296585976443153,
    "count": 5
  },
  "Compilation.code generation": {
    "min": 37,
    "max": 40,
    "mean": 37.6,
    "median": 37,
    "variance": 1.44,
    "stdDev": 1.2,
    "confidence": 2.979515858658914,
    "low": 36.110242070670544,
    "high": 39.08975792932946,
    "count": 5
  },
  "Compilation.runtime requirements.modules": {
    "min": 0,
    "max": 0,
    "mean": 0,
    "median": 0,
    "variance": 0,
    "stdDev": 0,
    "confidence": 0,
    "low": 0,
    "high": 0,
    "count": 5
  },
  "Compilation.runtime requirements.chunks": {
    "min": 0,
    "max": 0,
    "mean": 0,
    "median": 0,
    "variance": 0,
    "stdDev": 0,
    "confidence": 0,
    "low": 0,
    "high": 0,
    "count": 5
  },
  "Compilation.runtime requirements.entries": {
    "min": 0,
    "max": 1,
    "mean": 0.4,
    "median": 0,
    "variance": 0.24000000000000005,
    "stdDev": 0.48989794855663565,
    "confidence": 1.0081911278537365,
    "low": 0,
    "high": 1.0081911278537365,
    "count": 5
  },
  "Compilation.runtime requirements": {
    "min": 1,
    "max": 1,
    "mean": 1,
    "median": 1,
    "variance": 0,
    "stdDev": 0,
    "confidence": 0,
    "low": 1,
    "high": 1,
    "count": 5
  },
  "Compilation.hashing: hash chunks": {
    "min": 0,
    "max": 0,
    "mean": 0,
    "median": 0,
    "variance": 0,
    "stdDev": 0,
    "confidence": 0,
    "low": 0,
    "high": 0,
    "count": 5
  },
  "Compilation.hashing: hash runtime chunks": {
    "min": 0,
    "max": 0,
    "mean": 0,
    "median": 0,
    "variance": 0,
    "stdDev": 0,
    "confidence": 0,
    "low": 0,
    "high": 0,
    "count": 5
  },
  "Compilation.hashing: process full hash chunks": {
    "min": 0,
    "max": 0,
    "mean": 0,
    "median": 0,
    "variance": 0,
    "stdDev": 0,
    "confidence": 0,
    "low": 0,
    "high": 0,
    "count": 5
  },
  "Compilation.hashing": {
    "min": 1,
    "max": 1,
    "mean": 1,
    "median": 1,
    "variance": 0,
    "stdDev": 0,
    "confidence": 0,
    "low": 1,
    "high": 1,
    "count": 5
  },
  "Compilation.create module assets": {
    "min": 0,
    "max": 0,
    "mean": 0,
    "median": 0,
    "variance": 0,
    "stdDev": 0,
    "confidence": 0,
    "low": 0,
    "high": 0,
    "count": 5
  },
  "Compilation.create chunk assets": {
    "min": 1,
    "max": 2,
    "mean": 1.2,
    "median": 1,
    "variance": 0.16,
    "stdDev": 0.4,
    "confidence": 0.9931719528863066,
    "low": 0.7034140235568467,
    "high": 1.6965859764431532,
    "count": 5
  },
  "Compilation.process assets": {
    "min": 1331,
    "max": 1419,
    "mean": 1363.2,
    "median": 1355,
    "variance": 867.3599999999999,
    "stdDev": 29.450976214719944,
    "confidence": 73.12470890395389,
    "low": 1326.637645548023,
    "high": 1399.762354451977,
    "count": 5
  },
  "Compilation.after process assets": {
    "min": 0,
    "max": 0,
    "mean": 0,
    "median": 0,