{
  "stats": {
    "min": 3057,
    "max": 3350,
    "mean": 3150.6,
    "median": 3108,
    "variance": 11044.24,
    "stdDev": 105.0915791107927,
    "confidence": 260.9350221434297,
    "low": 3020.132488928285,
    "high": 3281.0675110717148,
    "count": 5
  },
  "heap memory": {
    "min": 80092376,
    "max": 112051608,
    "mean": 92043038.4,
    "median": 81252528,
    "variance": 134751780168739.83,
    "stdDev": 11608263.443286417,
    "confidence": 28822504.183968723,
    "low": 77631786.30801564,
    "high": 106454290.49198437,
    "count": 5
  },
  "rss memory": {
    "min": 703844352,
    "max": 795414528,
    "mean": 752709632,
    "median": 745332736,
    "variance": 970444538642432,
    "stdDev": 31151958.825127386,
    "confidence": 77348129.45646405,
    "low": 714035567.271768,
    "high": 791383696.728232,
    "count": 5
  },
  "external memory": {
    "min": 28519065,
    "max": 30246826,
    "mean": 28913366.6,
    "median": 28567464,
    "variance": 447163422047.84,
    "stdDev": 668702.790518957,
    "confidence": 1660342.1409005895,
    "low": 28083195.529549707,
    "high": 29743537.670450296,
    "count": 5
  },
  "array buffers memory": {
    "min": 581602,
    "max": 2268337,
    "mean": 943574.2,
    "median": 581602,
    "variance": 440646505116.16,
    "stdDev": 663812.1007605691,
    "confidence": 1648198.90115484,
    "low": 119474.74942257989,
    "high": 1767673.65057742,
    "count": 5
  },
  "Compilation.finish modules": {
    "min": 9,
    "max": 13,
    "mean": 10,
    "median": 9,
    "variance": 2.4,
    "stdDev": 1.5491933384829668,
    "confidence": 3.8465384334489627,
    "low": 8.076730783275519,
    "high": 11.923269216724481,
    "count": 5
  },
  "Compilation.optimize dependencies": {
    "min": 11,
    "max": 13,
    "mean": 11.8,
    "median": 12,
    "variance": 0.56,
    "stdDev": 0.7483314773547883,
    "confidence": 1.858054586926876,
    "low": 10.870972706536563,
    "high": 12.729027293463439,
    "count": 5
  },
  "Compilation.rebuild chunk graph": {
    "min": 11,
    "max": 12,
    "mean": 11.4,
    "median": 11,
    "variance": 0.24000000000000005,
    "stdDev": 0.48989794855663565,
    "confidence": 1.2163822557074724,
    "low": 10.791808872146264,
    "high": 12.008191127853737,
    "count": 5
  },
  "Compilation.create chunks": {
    "min": 18,
    "max": 20,
    "mean": 18.6,
    "median": 18,
    "variance": 0.64,
    "stdDev": 0.8,
    "confidence": 1.986343905772614,
    "low": 17.606828047113694,
    "high": 19.59317195288631,
    "count": 5
  },
  "Compilation.optimize": {
    "min": 31,
    "max": 33,
    "mean": 32,
    "median": 32,
    "variance": 0.8,
    "stdDev": 0.8944271909999159,
    "confidence": 2.220799999999997,
    "low": 30.8896,
    "high": 33.1104,
    "count": 5
  },
  "Compilation.module ids": {
    "min": 2,
    "max": 2,
    "mean": 2,
    "median": 2,
    "variance": 0,
    "stdDev": 0,
    "confidence": 0,
    "low": 2,
    "high": 2,
    "count": 5
  },
  "Compilation.chunk ids": {
    "min": 6,
    "max": 7,
    "mean": 6.2,
    "median": 6,
    "variance": 0.15999999999999998,
    "stdDev": 0.39999999999999997,
    "confidence": 0.993171952886307,
    "low": 5.703414023556847,
    "high": 6.696585976443154,
    "count": 5
  },
  "Compilation.optimize code generation": {
    "min": 1,
    "max": 1,
    "mean": 1,
    "median": 1,
    "variance": 0,
    "stdDev": 0,
    "confidence": 0,
    "low": 1,
    "high": 1,
    "count": 5
  },
  "Compilation.code generation": {
    "min": 50,
    "max": 52,
    "mean": 51.2,
    "median": 52,
    "variance": 0.96,
    "stdDev": 0.9797958971132712,
    "confidence": 2.4327645114149448,
    "low": 49.98361774429253,
    "high": 52.416382255707475,
    "count": 5
  },
  "Compilation.runtime requirements.modules": {
    "min": 0,
    "max": 1,
    "mean": 0.2,
    "median": 0,
    "variance": 0.16000000000000003,
    "stdDev": 0.4,
    "confidence": 0.6965859764431532,
    "low": 0,
    "high": 0.6965859764431532,
    "count": 5
  },
  "Compilation.runtime requirements.chunks": {
    "min": 0,
    "max": 0,
    "mean": 0,
    "median": 0,
    "variance": 0,
    "stdDev": 0,
    "confidence": 0,
    "low": 0,
    "high": 0,
    "count": 5
  },
  "Compilation.runtime requirements.entries": {
    "min": 0,
    "max": 0,
    "mean": 0,
    "median": 0,
    "variance": 0,
    "stdDev": 0,
    "confidence": 0,
    "low": 0,
    "high": 0,
    "count": 5
  },
  "Compilation.runtime requirements": {
    "min": 1,
    "max": 2,
    "mean": 1.2,
    "median": 1,
    "variance": 0.16,
    "stdDev": 0.4,
    "confidence": 0.9931719528863066,
    "low": 0.7034140235568467,
    "high": 1.6965859764431532,
    "count": 5
  },
  "Compilation.hashing: hash chunks": {
    "min": 1,
    "max": 1,
    "mean": 1,
    "median": 1,
    "variance": 0,
    "stdDev": 0,
    "confidence": 0,
    "low": 1,
    "high": 1,
    "count": 5
  },
  "Compilation.hashing: hash runtime chunks": {
    "min": 1,
    "max": 1,
    "mean": 1,
    "median": 1,
    "variance": 0,
    "stdDev": 0,
    "confidence": 0,
    "low": 1,
    "high": 1,
    "count": 5
  },
  "Compilation.hashing: process full hash chunks": {
    "min": 0,
    "max": 0,
    "mean": 0,
    "median": 0,
    "variance": 0,
    "stdDev": 0,
    "confidence": 0,
    "low": 0,
    "high": 0,
    "count": 5
  },
  "Compilation.hashing": {
    "min": 2,
    "max": 3,
    "mean": 2.2,
    "median": 2,
    "variance": 0.15999999999999998,
    "stdDev": 0.39999999999999997,
    "confidence": 0.9931719528863063,
    "low": 1.703414023556847,
    "high": 2.6965859764431532,
    "count": 5
  },
  "Compilation.create module assets": {
    "min": 0,
    "max": 0,
    "mean": 0,
    "median": 0,
    "variance": 0,
    "stdDev": 0,
    "confidence": 0,
    "low": 0,
    "high": 0,
    "count": 5
  },
  "Compilation.create chunk assets": {
    "min": 2,
    "max": 2,
    "mean": 2,
    "median": 2,
    "variance": 0,
    "stdDev": 0,
    "confidence": 0,
    "low": 2,
    "high": 2,
    "count": 5
  },
  "Compilation.process assets": {
    "min": 1521,
    "max": 1773,
    "mean": 1588.6,
    "median": 1549,
    "variance": 8726.640000000001,
    "stdDev": 93.41648676759365,
    "confidence": 231.9465864868721,
    "low": 1472.6267067565639,
    "high": 1704.573293243436,
    "count": 5
  },
  "Compilation.after process assets": {
    "min": 0,
    "max": 0,
    "mean": 0,
    "median": 0,
    "variance": 0,
    "stdDev": 0,
    "confidence": 0,
    "low": 0,
    "high": 0,
    "count": 5
  },
  "Compilation.after seal": {
    "min": 0,
    "max": 0,
    "mean": 0,
    "median": 0,
    "variance": 0,
    "stdDev": 0,
    "confidence": 0,
    "low": 0,
    "high": 0,
    "count": 5
  },
  "Compiler.make hook": {
    "min": 0,
    "max": 0,
    "mean": 0,
    "median": 0,
    "variance": 0,
    "stdDev": 0,
    "confidence": 0,
    "low": 0,
    "high": 0,
    "count": 5
  },
  "Compiler.make": {
    "min": 1283,
    "max": 1351,
    "mean": 1312.8,
    "median": 1316,
    "variance": 563.3599999999999,
    "stdDev": 23.735205918634872,
    "confidence": 58.93285203592313,
    "low": 1283.3335739820384,
    "high": 1342.2664260179615,
    "count": 5
  },
  "Compiler.finish make hook": {
    "min": 0,
    "max": 0,
    "mean": 0,
    "median": 0,
    "variance": 0,
    "stdDev": 0,
    "confidence": 0,
    "low": 0,
    "high": 0,
    "count": 5
  },
  "Compiler.finish compilation": {
    "min": 12,
    "max": 16,
    "mean": 13.4,
    "median": 13,
    "variance": 1.8399999999999999,
    "stdDev": 1.3564659966250536,
    "confidence": 3.368009957229937,
    "low": 11.715995021385032,
    "high": 15.084004978614969,
    "count": 5
  },
  "Compiler.seal compilation": {
    "min": 1668,
    "max": 1918,
    "mean": 1733.2,
    "median": 1692,
    "variance": 8736.960000000001,
    "stdDev": 93.47170694921539,
    "confidence": 232.0836943259219,
    "low": 1617.158152837039,
    "high": 1849.241847162961,