{
  "stats": {
    "min": 1056,
    "max": 1139,
    "mean": 1095.6,
    "median": 1099,
    "variance": 787.8399999999999,
    "stdDev": 28.06848766855813,
    "confidence": 69.69208678086761,
    "low": 1060.753956609566,
    "high": 1130.4460433904337,
    "count": 5
  },
  "heap memory": {
    "min": 20302000,
    "max": 20408528,
    "mean": 20373561.6,
    "median": 20393160,
    "variance": 1564477168.6399999,
    "stdDev": 39553.472270332975,
    "confidence": 98208.49824540317,
    "low": 20324457.3508773,
    "high": 20422665.849122703,
    "count": 5
  },
  "rss memory": {
    "min": 756854784,
    "max": 819388416,
    "mean": 791825612.8,
    "median": 806535168,
    "variance": 616656206886338.6,
    "stdDev": 24832563.437678732,
    "confidence": 61657513.81143117,
    "low": 760996855.8942844,
    "high": 822654369.7057155,
    "count": 5
  },
  "external memory": {
    "min": 7084420,
    "max": 7084420,
    "mean": 7084420,
    "median": 7084420,
    "variance": 0,
    "stdDev": 0,
    "confidence": 0,
    "low": 7084420,
    "high": 7084420,
    "count": 5
  },
  "array buffers memory": {
    "min": 5223855,
    "max": 5223855,
    "mean": 5223855,
    "median": 5223855,
    "variance": 0,
    "stdDev": 0,
    "confidence": 0,
    "low": 5223855,
    "high": 5223855,
    "count": 5
  },
  "Compilation.finish modules": {
    "min": 22,
    "max": 24,
    "mean": 23.4,
    "median": 24,
    "variance": 0.6399999999999999,
    "stdDev": 0.7999999999999999,
    "confidence": 1.986343905772614,
    "low": 22.40682804711369,
    "high": 24.393171952886306,
    "count": 5
  },
  "Compilation.optimize dependencies": {
    "min": 36,
    "max": 38,
    "mean": 37.2,
    "median": 37,
    "variance": 0.5599999999999999,
    "stdDev": 0.7483314773547882,
    "confidence": 1.858054586926869,
    "low": 36.27097270653657,
    "high": 38.12902729346344,
    "count": 5
  },
  "Compilation.rebuild chunk graph": {
    "min": 36,
    "max": 41,
    "mean": 37.6,
    "median": 37,
    "variance": 3.44,
    "stdDev": 1.8547236990991407,
    "confidence": 4.605148895747021,
    "low": 35.29742555212649,
    "high": 39.90257444787351,
    "count": 5
  },
  "Compilation.create chunks": {
    "min": 68,
    "max": 74,
    "mean": 70.4,
    "median": 69,
    "variance": 5.04,
    "stdDev": 2.244994432064365,
    "confidence": 5.574163760780635,
    "low": 67.61291811960969,
    "high": 73.18708188039032,
    "count": 5
  },
  "Compilation.optimize": {
    "min": 86,
    "max": 92,
    "mean": 89,
    "median": 88,
    "variance": 6.4,
    "stdDev": 2.5298221281347035,
    "confidence": 6.28137095863633,
    "low": 85.85931452068183,
    "high": 92.14068547931817,
    "count": 5
  },
  "Compilation.module ids": {
    "min": 2,
    "max": 3,
    "mean": 2.4,
    "median": 2,
    "variance": 0.24,
    "stdDev": 0.4898979485566356,
    "confidence": 1.216382255707473,
    "low": 1.7918088721462635,
    "high": 3.0081911278537365,
    "count": 5
  },
  "Compilation.chunk ids": {
    "min": 3,
    "max": 3,
    "mean": 3,
    "median": 3,
    "variance": 0,
    "stdDev": 0,
    "confidence": 0,
    "low": 3,
    "high": 3,
    "count": 5
  },
  "Compilation.optimize code generation": {
    "min": 4,
    "max": 5,
    "mean": 4.4,
    "median": 4,
    "variance": 0.24000000000000005,
    "stdDev": 0.48989794855663565,
    "confidence": 1.2163822557074724,
    "low": 3.791808872146264,
    "high": 5.0081911278537365,
    "count": 5
  },
  "Compilation.module code generation cache": {
    "min": 0,
    "max": 0,
    "mean": 0,
    "median": 0,
    "variance": 0,
    "stdDev": 0,
    "confidence": 0,
    "low": 0,
    "high": 0,
    "count": 5
  },
  "Compilation.code generation": {
    "min": 143,
    "max": 146,
    "mean": 144.6,
    "median": 145,
    "variance": 1.04,
    "stdDev": 1.019803902718557,
    "confidence": 2.5321015840601717,
    "low": 143.3339492079699,
    "high": 145.86605079203008,
    "count": 5
  },
  "Compilation.runtime requirements.modules": {
    "min": 2,
    "max": 3,
    "mean": 2.2,
    "median": 2,
    "variance": 0.15999999999999998,
    "stdDev": 0.39999999999999997,
    "confidence": 0.9931719528863063,
    "low": 1.703414023556847,
    "high": 2.6965859764431532,
    "count": 5
  },
  "Compilation.runtime requirements.chunks": {
    "min": 0,
    "max": 0,
    "mean": 0,
    "median": 0,
    "variance": 0,
    "stdDev": 0,
    "confidence": 0,
    "low": 0,
    "high": 0,
    "count": 5
  },
  "Compilation.runtime requirements.entries": {
    "min": 0,
    "max": 0,
    "mean": 0,
    "median": 0,
    "variance": 0,
    "stdDev": 0,
    "confidence": 0,
    "low": 0,
    "high": 0,
    "count": 5
  },
  "Compilation.runtime requirements": {
    "min": 4,
    "max": 5,
    "mean": 4.2,
    "median": 4,
    "variance": 0.15999999999999998,
    "stdDev": 0.39999999999999997,
    "confidence": 0.9931719528863066,
    "low": 3.703414023556847,
    "high": 4.696585976443154,
    "count": 5
  },
  "Compilation.hashing: hash chunks": {
    "min": 0,
    "max": 0,
    "mean": 0,
    "median": 0,
    "variance": 0,
    "stdDev": 0,
    "confidence": 0,
    "low": 0,
    "high": 0,
    "count": 5
  },
  "Compilation.hashing: hash runtime chunks": {
    "min": 0,
    "max": 0,
    "mean": 0,
    "median": 0,
    "variance": 0,
    "stdDev": 0,
    "confidence": 0,
    "low": 0,
    "high": 0,
    "count": 5
  },
  "Compilation.hashing: process full hash chunks": {
    "min": 0,
    "max": 0,
    "mean": 0,
    "median": 0,
    "variance": 0,
    "stdDev": 0,
    "confidence": 0,
    "low": 0,
    "high": 0,
    "count": 5
  },
  "Compilation.hashing": {
    "min": 0,
    "max": 0,
    "mean": 0,
    "median": 0,
    "variance": 0,
    "stdDev": 0,
    "confidence": 0,
    "low": 0,
    "high": 0,
    "count": 5
  },
  "Compilation.create module assets": {
    "min": 0,
    "max": 1,
    "mean": 0.8,
    "median": 1,
    "variance": 0.16000000000000006,
    "stdDev": 0.4000000000000001,
    "confidence": 0.9931719528863066,
    "low": 0.30341402355684677,
    "high": 1.2965859764431533,
    "count": 5
  },
  "Compilation.create chunk assets": {
    "min": 1,
    "max": 1,
    "mean": 1,
    "median": 1,
    "variance": 0,
    "stdDev": 0,
    "confidence": 0,
    "low": 1,
    "high": 1,
    "count": 5
  },
  "Compilation.process assets": {
    "min": 460,
    "max": 516,
    "mean": 482.6,
    "median": 484,
    "variance": 369.44,
    "stdDev": 19.22082204277434,
    "confidence": 47.72395341075594,
    "low": 458.73802329462205,
    "high": 506.461976705378,
    "count": 5
  },
  "Compilation.after process assets": {
    "min": 0,
    "max": 0,
    "mean": 0,
    "median": 0,
    "variance": 0,
    "stdDev": 0,
    "confidence": 0,
    "low": 0,
    "high": 0,
    "count": 5
  },
  "Compilation.after seal": {
    "min": 0,
    "max": 0,
    "mean": 0,
    "median": 0,
    "variance": 0,
    "stdDev": 0,
    "confidence": 0,
    "low": 0,
    "high": 0,
    "count": 5
  },
  "Compiler.make hook": {
    "min": 94,
    "max": 113,
    "mean": 106.4,
    "median": 111,
    "variance": 47.44,
    "stdDev": 6.887670143089026,
    "confidence": 17.10160201712108,
    "low": 97.84919899143947,
    "high": 114.95080100856055,
    "count": 5
  },
  "Compiler.make": {
    "min": 96,
    "max": 115,
    "mean": 108,
    "median": 112,
    "variance": 46.8,
    "stdDev": 6.841052550594828,
    "confidence": 16.98585380368027,
    "low": 99.50707309815986,
    "high": 116.49292690184014,
    "count": 5
  },
  "Compiler.finish make hook": {
    "min": 0,
    "max": 0,
    "mean": 0,
    "median": 0,
    "variance": 0,
    "stdDev": 0,
    "confidence": 0,
    "low": 0,
    "high": 0,
    "count": 5
  },
  "Compiler.finish compilation": {
    "min": 27,
    "max": 30,
    "mean": 29.2,
    "median": 30,
    "variance": 1.3600000000000003,
    "stdDev": 1.1661903789690602,
    "confidence": 2.895568940294808,
    "low": 27.752215529852595,