{
  "stats": {
    "min": 340.27272727272725,
    "max": 360.8181818181818,
    "mean": 349.16363636363633,
    "median": 348.1818181818182,
    "variance": 51.42280991735546,
    "stdDev": 7.170969942577884,
    "confidence": 17.80501555489775,
    "low": 340.26112858618745,
    "high": 358.0661441410852,
    "count": 5
  },
  "heap memory": {
    "min": 65618033.45454545,
    "max": 80482607.27272727,
    "mean": 69287440.43636364,
    "median": 67283040,
    "variance": 31879711758858.883,
    "stdDev": 5646212.160276913,
    "confidence": 14019148.894081585,
    "low": 62277865.98932285,
    "high": 76297014.88340443,
    "count": 5
  },
  "rss memory": {
    "min": 834449408,
    "max": 871736040.7272727,
    "mean": 848939566.5454546,
    "median": 841910458.1818181,
    "variance": 206603939001627.25,
    "stdDev": 14373723.908633672,
    "confidence": 35688948.61146569,
    "low": 831095092.2397218,
    "high": 866784040.8511875,
    "count": 5
  },
  "external memory": {
    "min": 46321451.72727273,
    "max": 53163986.27272727,
    "mean": 48374212.09090909,
    "median": 48032085.36363637,
    "variance": 6320737665774.745,
    "stdDev": 2514107.72755957,
    "confidence": 6242353.203867227,
    "low": 45253035.48897548,
    "high": 51495388.69284271,
    "count": 5
  },
  "array buffers memory": {
    "min": 22071469.363636363,
    "max": 28914003.90909091,
    "mean": 24124229.727272727,
    "median": 23782103,
    "variance": 6320737665774.747,
    "stdDev": 2514107.72755957,
    "confidence": 6242353.203867227,
    "low": 21003053.125339113,
    "high": 27245406.32920634,
    "count": 5
  },
  "Compilation.finish modules": {
    "min": 9.090909090909092,
    "max": 10.090909090909092,
    "mean": 9.581818181818182,
    "median": 9.181818181818182,
    "variance": 0.15404958677685943,
    "stdDev": 0.3924915117258709,
    "confidence": 0.9745289029802038,
    "low": 9.09455373032808,
    "high": 10.069082633308284,
    "count": 5
  },
  "Compilation.optimize dependencies": {
    "min": 1,
    "max": 1.1818181818181819,
    "mean": 1.0545454545454545,
    "median": 1,
    "variance": 0.0052892561983471096,
    "stdDev": 0.07272727272727274,
    "confidence": 0.1805767187066012,
    "low": 0.9642570951921539,
    "high": 1.144833813898755,
    "count": 5
  },
  "Compilation.rebuild chunk graph": {
    "min": 43,
    "max": 48,
    "mean": 44.872727272727275,
    "median": 43.27272727272727,
    "variance": 4.709421487603303,
    "stdDev": 2.1701201551073854,
    "confidence": 5.388256181114841,
    "low": 42.178599182169854,
    "high": 47.566855363284695,
    "count": 5
  },
  "Compilation.create chunks": {
    "min": 54.81818181818182,
    "max": 60.54545454545455,
    "mean": 56.94545454545455,
    "median": 55.09090909090909,
    "variance": 6.349090909090904,
    "stdDev": 2.5197402463529657,
    "confidence": 6.256338353091493,
    "low": 53.817285368908806,
    "high": 60.0736237220003,
    "count": 5
  },
  "Compilation.optimize": {
    "min": 0,
    "max": 0,
    "mean": 0,
    "median": 0,
    "variance": 0,
    "stdDev": 0,
    "confidence": 0,
    "low": 0,
    "high": 0,
    "count": 5
  },
  "Compilation.module ids": {
    "min": 2,
    "max": 2.1818181818181817,
    "mean": 2.0545454545454542,
    "median": 2,
    "variance": 0.005289256198347098,
    "stdDev": 0.07272727272727267,
    "confidence": 0.1805767187066012,
    "low": 1.9642570951921536,
    "high": 2.144833813898755,
    "count": 5
  },
  "Compilation.chunk ids": {
    "min": 4,
    "max": 4.363636363636363,
    "mean": 4.163636363636363,
    "median": 4.090909090909091,
    "variance": 0.017851239669421454,
    "stdDev": 0.13360853142453685,
    "confidence": 0.3317406151929472,
    "low": 3.9977660560398895,
    "high": 4.329506671232837,
    "count": 5
  },
  "Compilation.optimize code generation": {
    "min": 0,
    "max": 0,
    "mean": 0,
    "median": 0,
    "variance": 0,
    "stdDev": 0,
    "confidence": 0,
    "low": 0,
    "high": 0,
    "count": 5
  },
  "Compilation.module code generation cache": {
    "min": 0,
    "max": 0,
    "mean": 0,
    "median": 0,
    "variance": 0,
    "stdDev": 0,
    "confidence": 0,
    "low": 0,
    "high": 0,
    "count": 5
  },
  "Compilation.code generation": {
    "min": 0,
    "max": 0.2727272727272727,
    "mean": 0.10909090909090909,
    "median": 0.09090909090909091,
    "variance": 0.007933884297520661,
    "stdDev": 0.08907235428302467,
    "confidence": 0.21967111415522478,
    "low": 0,
    "high": 0.21967111415522478,
    "count": 5
  },
  "Compilation.runtime requirements.modules": {
    "min": 0,
    "max": 0,
    "mean": 0,
    "median": 0,
    "variance": 0,
    "stdDev": 0,
    "confidence": 0,
    "low": 0,
    "high": 0,
    "count": 5
  },
  "Compilation.runtime requirements.chunks": {
    "min": 1,
    "max": 1.3636363636363635,
    "mean": 1.0909090909090908,
    "median": 1,
    "variance": 0.019834710743801644,
    "stdDev": 0.14083575804390602,
    "confidence": 0.3496853121317237,
    "low": 0.9160664348432289,
    "high": 1.2657517469749526,
    "count": 5
  },
  "Compilation.runtime requirements.entries": {
    "min": 0,
    "max": 0,
    "mean": 0,
    "median": 0,
    "variance": 0,
    "stdDev": 0,
    "confidence": 0,
    "low": 0,
    "high": 0,
    "count": 5
  },
  "Compilation.runtime requirements": {
    "min": 2,
    "max": 2.3636363636363638,
    "mean": 2.109090909090909,
    "median": 2,
    "variance": 0.021157024793388438,
    "stdDev": 0.14545454545454548,
    "confidence": 0.3611534374132024,
    "low": 1.9285141903843077,
    "high": 2.28966762779751,
    "count": 5
  },
  "Compilation.hashing: hash chunks": {
    "min": 2,
    "max": 2.3636363636363638,
    "mean": 2.1272727272727274,
    "median": 2,
    "variance": 0.025123966942148784,
    "stdDev": 0.15850541612875185,
    "confidence": 0.3935578341991226,
    "low": 1.9304938101731661,
    "high": 2.3240516443722887,
    "count": 5
  },
  "Compilation.hashing: hash runtime chunks": {
    "min": 7,
    "max": 8.363636363636363,
    "mean": 7.472727272727272,
    "median": 7.2727272727272725,
    "variance": 0.2294214876033057,
    "stdDev": 0.4789796317207087,
    "confidence": 1.18927284057205,
    "low": 6.878090852441247,
    "high": 8.067363693013297,
    "count": 5
  },
  "Compilation.hashing: process full hash chunks": {
    "min": 0,
    "max": 0,
    "mean": 0,
    "median": 0,
    "variance": 0,
    "stdDev": 0,
    "confidence": 0,
    "low": 0,
    "high": 0,
    "count": 5
  },
  "Compilation.hashing": {
    "min": 10,
    "max": 11.636363636363637,
    "mean": 10.436363636363637,
    "median": 10.090909090909092,
    "variance": 0.3880991735537191,
    "stdDev": 0.6229760617822478,
    "confidence": 1.5468058797042374,
    "low": 9.662960696511519,
    "high": 11.209766576215756,
    "count": 5
  },
  "Compilation.create module assets": {
    "min": 0.09090909090909091,
    "max": 0.2727272727272727,
    "mean": 0.2,
    "median": 0.18181818181818182,
    "variance": 0.0046280991735537175,
    "stdDev": 0.06803013430498074,
    "confidence": 0.1689140533569886,
    "low": 0.11554297332150572,
    "high": 0.2844570266784943,
    "count": 5
  },
  "Compilation.create chunk assets": {
    "min": 10.272727272727273,
    "max": 10.909090909090908,
    "mean": 10.50909090909091,
    "median": 10.454545454545455,
    "variance": 0.04826446280991716,
    "stdDev": 0.21969174497444632,
    "confidence": 0.5454791984731777,
    "low": 10.23635130985432,
    "high": 10.781830508327499,
    "count": 5
  },
  "Compilation.process assets": {
    "min": 107.9090909090909,
    "max": 116.9090909090909,
    "mean": 110.01818181818183,
    "median": 108.54545454545455,
    "variance": 11.94512396694214,
    "stdDev": 3.4561718659439,
    "confidence": 8.58143240402552,
    "low": 105.72746561616907,
    "high": 114.30889802019459,
    "count": 5
  },
  "Compilation.after process assets": {
    "min": 0,