{
  "stats": {
    "min": 1033,
    "max": 1072,
    "mean": 1046,
    "median": 1043,
    "variance": 200.4,
    "stdDev": 14.15627069534911,
    "confidence": 35.14902753021761,
    "low": 1028.4254862348912,
    "high": 1063.5745137651088,
    "count": 5
  },
  "heap memory": {
    "min": 8767768,
    "max": 8791192,
    "mean": 8780825.6,
    "median": 8783528,
    "variance": 97857239.03999999,
    "stdDev": 9892.281791376547,
    "confidence": 24561.842063106596,
    "low": 8768544.678968446,
    "high": 8793106.521031553,
    "count": 5
  },
  "rss memory": {
    "min": 738000896,
    "max": 747913216,
    "mean": 742219776,
    "median": 742748160,
    "variance": 13339571152486.4,
    "stdDev": 3652337.765388957,
    "confidence": 9068498.577629328,
    "low": 737685526.7111853,
    "high": 746754025.2888147,
    "count": 5
  },
  "external memory": {
    "min": 2847319,
    "max": 2847319,
    "mean": 2847319,
    "median": 2847319,
    "variance": 0,
    "stdDev": 0,
    "confidence": 0,
    "low": 2847319,
    "high": 2847319,
    "count": 5
  },
  "array buffers memory": {
    "min": 10515,
    "max": 10515,
    "mean": 10515,
    "median": 10515,
    "variance": 0,
    "stdDev": 0,
    "confidence": 0,
    "low": 10515,
    "high": 10515,
    "count": 5
  },
  "Compilation.build module graph": {
    "min": 397.667296,
    "max": 415.631186,
    "mean": 403.2349746,
    "median": 399.60772,
    "variance": 43.340789162074294,
    "stdDev": 6.583372172532425,
    "confidence": 16.346051492928495,
    "low": 395.06194885353574,
    "high": 411.40800034646423,
    "count": 5
  },
  "Compilation.finish modules": {
    "min": 20.650616,
    "max": 21.293488,
    "mean": 20.9348654,
    "median": 20.792026,
    "variance": 0.08039875769504017,
    "stdDev": 0.2835467469308018,
    "confidence": 0.7040266909595587,
    "low": 20.58285205452022,
    "high": 21.28687874547978,
    "count": 5
  },
  "Compilation.seal": {
    "min": 0.004382,
    "max": 0.00562,
    "mean": 0.0048544,
    "median": 0.004816,
    "variance": 1.8713824000000004e-7,
    "stdDev": 0.0004325947757428423,
    "confidence": 0.0010741024955823308,
    "low": 0.004317348752208835,
    "high": 0.005391451247791165,
    "count": 5
  },
  "Compilation.optimize dependencies": {
    "min": 27.011585,
    "max": 29.634321,
    "mean": 27.9822654,
    "median": 27.83348,
    "variance": 0.78115621244904,
    "stdDev": 0.883830420640204,
    "confidence": 2.194488962218891,
    "low": 26.885020918890554,
    "high": 29.079509881109445,
    "count": 5
  },
  "Compilation.rebuild chunk graph": {
    "min": 22.458672,
    "max": 24.720472,
    "mean": 23.687035200000004,
    "median": 24.056811,
    "variance": 0.6548010743077599,
    "stdDev": 0.8091977967763876,
    "confidence": 2.009181390239256,
    "low": 22.682444504880376,
    "high": 24.691625895119632,
    "count": 5
  },
  "Compilation.build chunk graph": {
    "min": 24.393929,
    "max": 26.565034,
    "mean": 25.5634098,
    "median": 25.778524,
    "variance": 0.6122270100529601,
    "stdDev": 0.7824493658077564,
    "confidence": 1.9427669116848563,
    "low": 24.59202634415757,
    "high": 26.534793255842427,
    "count": 5
  },
  "Compilation.optimize modules": {
    "min": 11.637658,
    "max": 13.275292,
    "mean": 12.4822052,
    "median": 12.514763,
    "variance": 0.28415257479176004,
    "stdDev": 0.5330596353052443,
    "confidence": 1.323549697502429,
    "low": 11.820430351248785,
    "high": 13.143980048751214,
    "count": 5
  },
  "Compilation.optimize chunks": {
    "min": 22.577788,
    "max": 25.248665,
    "mean": 23.7622908,
    "median": 23.694985,
    "variance": 0.7851432462233587,
    "stdDev": 0.8860830921665072,
    "confidence": 2.200082187666368,
    "low": 22.662249706166815,
    "high": 24.862331893833183,
    "count": 5
  },
  "Compilation.optimize tree": {
    "min": 0.005525,
    "max": 0.019894,
    "mean": 0.0142856,
    "median": 0.018103,
    "variance": 0.00003334146023999999,
    "stdDev": 0.005774206459765704,
    "confidence": 0.014336949765035575,
    "low": 0.007117125117482213,
    "high": 0.021454074882517788,
    "count": 5
  },
  "Compilation.optimize chunk modules": {
    "min": 50.777384,
    "max": 58.254089,
    "mean": 52.7822174,
    "median": 50.967684,
    "variance": 8.165729141611441,
    "stdDev": 2.8575739958243322,
    "confidence": 7.09515586487494,
    "low": 49.23463946756253,
    "high": 56.32979533243747,
    "count": 5
  },
  "Compilation.module ids": {
    "min": 1.569767,
    "max": 1.682371,
    "mean": 1.6341724,
    "median": 1.65388,
    "variance": 0.0016131179922400038,
    "stdDev": 0.04016364017665734,
    "confidence": 0.09972350237318439,
    "low": 1.5843106488134078,
    "high": 1.6840341511865922,
    "count": 5
  },
  "Compilation.chunk ids": {
    "min": 1.735477,
    "max": 1.804782,
    "mean": 1.7770301999999998,
    "median": 1.773086,
    "variance": 0.0006165439109600018,
    "stdDev": 0.024830302272827887,
    "confidence": 0.06165189949765448,
    "low": 1.7462042502511725,
    "high": 1.807856149748827,
    "count": 5
  },
  "Compilation.assign runtime ids": {
    "min": 0.002581,
    "max": 0.003381,
    "mean": 0.0030327999999999996,
    "median": 0.003103,
    "variance": 9.027856000000002e-8,
    "stdDev": 0.00030046390798230664,
    "confidence": 0.0007460308156565978,
    "low": 0.0026597845921717007,
    "high": 0.0034058154078282984,
    "count": 5
  },
  "Compilation.optimize code generation": {
    "min": 3.038962,
    "max": 3.328608,
    "mean": 3.1314963999999996,
    "median": 3.09512,
    "variance": 0.01050387695143999,
    "stdDev": 0.10248842349963233,
    "confidence": 0.2544715692884214,
    "low": 3.004260615355789,
    "high": 3.2587321846442103,
    "count": 5
  },
  "Compilation.create module hashes": {
    "min": 32.076473,
    "max": 35.166926,
    "mean": 33.3328834,
    "median": 33.247915,
    "variance": 1.131170610043437,
    "stdDev": 1.0635650473964613,
    "confidence": 2.6407574378608984,
    "low": 32.01250468106955,
    "high": 34.65326211893045,
    "count": 5
  },
  "Compilation.module code generation cache": {
    "min": 0,
    "max": 0,
    "mean": 0,
    "median": 0,
    "variance": 0,
    "stdDev": 0,
    "confidence": 0,
    "low": 0,
    "high": 0,
    "count": 5
  },
  "Compilation.code generation": {
    "min": 88.133914,
    "max": 94.790379,
    "mean": 91.3087332,
    "median": 90.57473,
    "variance": 5.506040791982957,
    "stdDev": 2.346495427650128,
    "confidence": 5.826183615795173,
    "low": 88.39564139210242,
    "high": 94.22182500789759,
    "count": 5
  },
  "Compilation.runtime requirements.modules": {
    "min": 0.846092,
    "max": 1.026049,
    "mean": 0.9311014,
    "median": 0.931541,
    "variance": 0.0058026202186400025,
    "stdDev": 0.07617493169435731,
    "confidence": 0.18913701417966466,
    "low": 0.8365328929101676,
    "high": 1.0256699070898323,
    "count": 5
  },
  "Compilation.runtime requirements.chunks": {
    "min": 0.090765,
    "max": 0.108698,
    "mean": 0.102769,
    "median": 0.105899,
    "variance": 0.000043400306799999994,
    "stdDev": 0.006587890921987096,
    "confidence": 0.016357271230979742,
    "low": 0.09459036438451013,
    "high": 0.11094763561548987,
    "count": 5
  },
  "Compilation.runtime requirements.entries": {
    "min": 0.47286,
    "max": 0.572753,
    "mean": 0.5194152,
    "median": 0.507825,
    "variance": 0.001149466787759999,
    "stdDev": 0.03390378721853945,
    "confidence": 0.08418072640519658,
    "low": 0.4773248367974017,
    "high": 0.5615055632025983,
    "count": 5
  },
  "Compilation.runtime requirements": {
    "min": 1.704048,
    "max": 2.040754,
    "mean": 1.8427968,
    "median": 1.824999,
    "variance": 0.015031472655760015,
    "stdDev": 0.12260290639197757,
    "confidence": 0.30441441992714324,
    "low": 1.6905895900364283,
    "high": 1.9950040099635715,
    "count": 5
  },