{
  "stats": {
    "min": 321.8181818181818,
    "max": 336.45454545454544,
    "mean": 329.9272727272727,
    "median": 329.27272727272725,
    "variance": 28.513719008264474,
    "stdDev": 5.339823874273802,
    "confidence": 13.258408263203592,
    "low": 323.2980685956709,
    "high": 336.5564768588745,
    "count": 5
  },
  "heap memory": {
    "min": 78120994.18181819,
    "max": 111770455.27272727,
    "mean": 94612389.0909091,
    "median": 78120994.18181819,
    "variance": 178615971282671.6,
    "stdDev": 13364728.627348615,
    "confidence": 33183684.076548368,
    "low": 78020547.05263491,
    "high": 111204231.12918328,
    "count": 5
  },
  "rss memory": {
    "min": 867600197.8181819,
    "max": 912802536.7272727,
    "mean": 891060372.9454546,
    "median": 885248000,
    "variance": 259679893603598,
    "stdDev": 16114586.36154208,
    "confidence": 40011388.016619444,
    "low": 871054678.9371449,
    "high": 911066066.9537643,
    "count": 5
  },
  "external memory": {
    "min": 44612602.63636363,
    "max": 56587029.18181818,
    "mean": 48718120.309090905,
    "median": 46323235,
    "variance": 18259881641165.625,
    "stdDev": 4273158.274761844,
    "confidence": 10609952.371843755,
    "low": 43413144.12316903,
    "high": 54023096.49501278,
    "count": 5
  },
  "array buffers memory": {
    "min": 20360810.272727273,
    "max": 32335236.818181816,
    "mean": 24466327.945454545,
    "median": 22071442.636363637,
    "variance": 18259881641165.617,
    "stdDev": 4273158.2747618435,
    "confidence": 10609952.371843755,
    "low": 19161351.759532668,
    "high": 29771304.131376423,
    "count": 5
  },
  "Compilation.finish modules": {
    "min": 9,
    "max": 9.090909090909092,
    "mean": 9.036363636363637,
    "median": 9,
    "variance": 0.001983471074380201,
    "stdDev": 0.04453617714151273,
    "confidence": 0.11058020506431632,
    "low": 8.981073533831479,
    "high": 9.091653738895795,
    "count": 5
  },
  "Compilation.optimize dependencies": {
    "min": 1,
    "max": 1,
    "mean": 1,
    "median": 1,
    "variance": 0,
    "stdDev": 0,
    "confidence": 0,
    "low": 1,
    "high": 1,
    "count": 5
  },
  "Compilation.rebuild chunk graph": {
    "min": 41.45454545454545,
    "max": 42.36363636363637,
    "mean": 41.92727272727272,
    "median": 41.90909090909091,
    "variance": 0.08396694214876119,
    "stdDev": 0.2897704991001692,
    "confidence": 0.7194798312003883,
    "low": 41.56753281167253,
    "high": 42.28701264287292,
    "count": 5
  },
  "Compilation.create chunks": {
    "min": 54.18181818181818,
    "max": 55.54545454545455,
    "mean": 54.781818181818174,
    "median": 54.72727272727273,
    "variance": 0.20363636363636423,
    "stdDev": 0.4512608598542136,
    "confidence": 1.1204490736064088,
    "low": 54.22159364501497,
    "high": 55.34204271862138,
    "count": 5
  },
  "Compilation.optimize": {
    "min": 0,
    "max": 0,
    "mean": 0,
    "median": 0,
    "variance": 0,
    "stdDev": 0,
    "confidence": 0,
    "low": 0,
    "high": 0,
    "count": 5
  },
  "Compilation.module ids": {
    "min": 1.9090909090909092,
    "max": 2,
    "mean": 1.981818181818182,
    "median": 2,
    "variance": 0.0013223140495867748,
    "stdDev": 0.036363636363636334,
    "confidence": 0.09028835935330037,
    "low": 1.9366740021415316,
    "high": 2.026962361494832,
    "count": 5
  },
  "Compilation.chunk ids": {
    "min": 4,
    "max": 4.181818181818182,
    "mean": 4.054545454545455,
    "median": 4,
    "variance": 0.005289256198347097,
    "stdDev": 0.07272727272727265,
    "confidence": 0.18057671870660075,
    "low": 3.964257095192154,
    "high": 4.144833813898755,
    "count": 5
  },
  "Compilation.optimize code generation": {
    "min": 0,
    "max": 0,
    "mean": 0,
    "median": 0,
    "variance": 0,
    "stdDev": 0,
    "confidence": 0,
    "low": 0,
    "high": 0,
    "count": 5
  },
  "Compilation.module code generation cache": {
    "min": 0,
    "max": 0,
    "mean": 0,
    "median": 0,
    "variance": 0,
    "stdDev": 0,
    "confidence": 0,
    "low": 0,
    "high": 0,
    "count": 5
  },
  "Compilation.code generation": {
    "min": 0,
    "max": 0,
    "mean": 0,
    "median": 0,
    "variance": 0,
    "stdDev": 0,
    "confidence": 0,
    "low": 0,
    "high": 0,
    "count": 5
  },
  "Compilation.runtime requirements.modules": {
    "min": 0,
    "max": 0,
    "mean": 0,
    "median": 0,
    "variance": 0,
    "stdDev": 0,
    "confidence": 0,
    "low": 0,
    "high": 0,
    "count": 5
  },
  "Compilation.runtime requirements.chunks": {
    "min": 1,
    "max": 1,
    "mean": 1,
    "median": 1,
    "variance": 0,
    "stdDev": 0,
    "confidence": 0,
    "low": 1,
    "high": 1,
    "count": 5
  },
  "Compilation.runtime requirements.entries": {
    "min": 0,
    "max": 0,
    "mean": 0,
    "median": 0,
    "variance": 0,
    "stdDev": 0,
    "confidence": 0,
    "low": 0,
    "high": 0,
    "count": 5
  },
  "Compilation.runtime requirements": {
    "min": 2,
    "max": 2,
    "mean": 2,
    "median": 2,
    "variance": 0,
    "stdDev": 0,
    "confidence": 0,
    "low": 2,
    "high": 2,
    "count": 5
  },
  "Compilation.hashing: hash chunks": {
    "min": 2,
    "max": 2,
    "mean": 2,
    "median": 2,
    "variance": 0,
    "stdDev": 0,
    "confidence": 0,
    "low": 2,
    "high": 2,
    "count": 5
  },
  "Compilation.hashing: hash runtime chunks": {
    "min": 7,
    "max": 7.454545454545454,
    "mean": 7.236363636363636,
    "median": 7.181818181818182,
    "variance": 0.025123966942148718,
    "stdDev": 0.15850541612875163,
    "confidence": 0.3935578341991217,
    "low": 7.0395847192640755,
    "high": 7.433142553463197,
    "count": 5
  },
  "Compilation.hashing: process full hash chunks": {
    "min": 0,
    "max": 0,
    "mean": 0,
    "median": 0,
    "variance": 0,
    "stdDev": 0,
    "confidence": 0,
    "low": 0,
    "high": 0,
    "count": 5
  },
  "Compilation.hashing": {
    "min": 9.909090909090908,
    "max": 10.090909090909092,
    "mean": 9.963636363636363,
    "median": 9.909090909090908,
    "variance": 0.005289256198347201,
    "stdDev": 0.07272727272727336,
    "confidence": 0.18057671870660386,
    "low": 9.873348004283061,
    "high": 10.053924722989665,
    "count": 5
  },
  "Compilation.create module assets": {
    "min": 0,
    "max": 0.09090909090909091,
    "mean": 0.03636363636363636,
    "median": 0,
    "variance": 0.0019834710743801653,
    "stdDev": 0.04453617714151233,
    "confidence": 0.09165373889579422,
    "low": 0,
    "high": 0.09165373889579422,
    "count": 5
  },
  "Compilation.create chunk assets": {
    "min": 11.090909090909092,
    "max": 11.545454545454545,
    "mean": 11.309090909090909,
    "median": 11.272727272727273,
    "variance": 0.02842975206611561,
    "stdDev": 0.16861124537264888,
    "confidence": 0.41864989961336363,
    "low": 11.099765959284227,
    "high": 11.51841585889759,
    "count": 5
  },
  "Compilation.process assets": {
    "min": 86.27272727272727,
    "max": 86.63636363636364,
    "mean": 86.5090909090909,
    "median": 86.54545454545455,
    "variance": 0.018512396694215928,
    "stdDev": 0.13606026860996537,
    "confidence": 0.33782810671399943,
    "low": 86.3401768557339,
    "high": 86.6780049624479,
    "count": 5
  },
  "Compilation.after process assets": {
    "min": 0,
    "max": 0,
    "mean": 0,
    "median": 0,
    "variance": 0,
    "stdDev": 0,
    "confidence": 0,
    "low": 0,
    "high": 0,
    "count": 5
  },
  "Compilation.after seal": {
    "min": 0,
    "max": 0,
    "mean": 0,
    "median": 0,
    "variance": 0,
    "stdDev": 0,
    "confidence": 0,
    "low": 0,
    "high": 0,
    "count": 5
  },
  "Compiler.make hook": {
    "min": 0,
    "max": 0.2727272727272727,
    "mean": 0.16363636363636364,
    "median": 0.2727272727272727,
    "variance": 0.01785123966942149,
    "stdDev": 0.133608531424537,
    "confidence": 0.32950667123283717,
    "low": 0,