{
  "stats": {
    "min": 1477,
    "max": 1624,
    "mean": 1530.8,
    "median": 1520,
    "variance": 2505.3599999999997,
    "stdDev": 50.05357130115692,
    "confidence": 124.27950789525994,
    "low": 1468.66024605237,
    "high": 1592.93975394763,
    "count": 5
  },
  "heap memory": {
    "min": 32454328,
    "max": 34176464,
    "mean": 33597068.8,
    "median": 33956600,
    "variance": 429036315586.56,
    "stdDev": 655008.6377953805,
    "confidence": 1626340.5198915936,
    "low": 32783898.5400542,
    "high": 34410239.05994579,
    "count": 5
  },
  "rss memory": {
    "min": 654077952,
    "max": 674983936,
    "mean": 663966515.2,
    "median": 662024192,
    "variance": 58637567142133.766,
    "stdDev": 7657517.035053449,
    "confidence": 19013077.86991048,
    "low": 654459976.2650448,
    "high": 673473054.1349553,
    "count": 5
  },
  "external memory": {
    "min": 3181456,
    "max": 4495490,
    "mean": 4108238.2,
    "median": 4495490,
    "variance": 272805904152.95996,
    "stdDev": 522308.2462999794,
    "confidence": 1296854.7524659317,
    "low": 3459810.8237670343,
    "high": 4756665.576232966,
    "count": 5
  },
  "array buffers memory": {
    "min": 16623,
    "max": 16623,
    "mean": 16623,
    "median": 16623,
    "variance": 0,
    "stdDev": 0,
    "confidence": 0,
    "low": 16623,
    "high": 16623,
    "count": 5
  },
  "Compilation.finish modules": {
    "min": 25,
    "max": 45,
    "mean": 29,
    "median": 25,
    "variance": 64,
    "stdDev": 8,
    "confidence": 19.863439057726126,
    "low": 19.068280471136937,
    "high": 38.93171952886306,
    "count": 5
  },
  "Compilation.optimize dependencies": {
    "min": 164,
    "max": 193,
    "mean": 170.6,
    "median": 165,
    "variance": 126.64000000000001,
    "stdDev": 11.253443917308159,
    "confidence": 27.941512180123652,
    "low": 156.62924390993817,
    "high": 184.57075609006182,
    "count": 5
  },
  "Compilation.rebuild chunk graph": {
    "min": 46,
    "max": 48,
    "mean": 47.2,
    "median": 47,
    "variance": 0.5599999999999999,
    "stdDev": 0.7483314773547882,
    "confidence": 1.858054586926869,
    "low": 46.27097270653657,
    "high": 48.12902729346344,
    "count": 5
  },
  "Compilation.create chunks": {
    "min": 65,
    "max": 68,
    "mean": 66.2,
    "median": 66,
    "variance": 1.3599999999999999,
    "stdDev": 1.16619037896906,
    "confidence": 2.895568940294794,
    "low": 64.7522155298526,
    "high": 67.6477844701474,
    "count": 5
  },
  "Compilation.optimize": {
    "min": 79,
    "max": 85,
    "mean": 81.2,
    "median": 80,
    "variance": 4.56,
    "stdDev": 2.1354156504062622,
    "confidence": 5.302087329344914,
    "low": 78.54895633532755,
    "high": 83.85104366467246,
    "count": 5
  },
  "Compilation.module ids": {
    "min": 5,
    "max": 6,
    "mean": 5.4,
    "median": 5,
    "variance": 0.24000000000000005,
    "stdDev": 0.48989794855663565,
    "confidence": 1.2163822557074724,
    "low": 4.791808872146264,
    "high": 6.0081911278537365,
    "count": 5
  },
  "Compilation.chunk ids": {
    "min": 5,
    "max": 5,
    "mean": 5,
    "median": 5,
    "variance": 0,
    "stdDev": 0,
    "confidence": 0,
    "low": 5,
    "high": 5,
    "count": 5
  },
  "Compilation.optimize code generation": {
    "min": 4,
    "max": 5,
    "mean": 4.4,
    "median": 4,
    "variance": 0.24000000000000005,
    "stdDev": 0.48989794855663565,
    "confidence": 1.2163822557074724,
    "low": 3.791808872146264,
    "high": 5.0081911278537365,
    "count": 5
  },
  "Compilation.code generation": {
    "min": 117,
    "max": 120,
    "mean": 118.6,
    "median": 119,
    "variance": 1.8399999999999999,
    "stdDev": 1.3564659966250536,
    "confidence": 3.36800995722993,
    "low": 116.91599502138503,
    "high": 120.28400497861496,
    "count": 5
  },
  "Compilation.runtime requirements.modules": {
    "min": 2,
    "max": 3,
    "mean": 2.8,
    "median": 3,
    "variance": 0.15999999999999998,
    "stdDev": 0.39999999999999997,
    "confidence": 0.9931719528863061,
    "low": 2.3034140235568468,
    "high": 3.296585976443153,
    "count": 5
  },
  "Compilation.runtime requirements.chunks": {
    "min": 0,
    "max": 0,
    "mean": 0,
    "median": 0,
    "variance": 0,
    "stdDev": 0,
    "confidence": 0,
    "low": 0,
    "high": 0,
    "count": 5
  },
  "Compilation.runtime requirements.entries": {
    "min": 0,
    "max": 0,
    "mean": 0,
    "median": 0,
    "variance": 0,
    "stdDev": 0,
    "confidence": 0,
    "low": 0,
    "high": 0,
    "count": 5
  },
  "Compilation.runtime requirements": {
    "min": 5,
    "max": 6,
    "mean": 5.2,
    "median": 5,
    "variance": 0.15999999999999998,
    "stdDev": 0.39999999999999997,
    "confidence": 0.993171952886307,
    "low": 4.703414023556847,
    "high": 5.696585976443154,
    "count": 5
  },
  "Compilation.hashing: hash chunks": {
    "min": 1,
    "max": 1,
    "mean": 1,
    "median": 1,
    "variance": 0,
    "stdDev": 0,
    "confidence": 0,
    "low": 1,
    "high": 1,
    "count": 5
  },
  "Compilation.hashing: hash runtime chunks": {
    "min": 1,
    "max": 1,
    "mean": 1,
    "median": 1,
    "variance": 0,
    "stdDev": 0,
    "confidence": 0,
    "low": 1,
    "high": 1,
    "count": 5
  },
  "Compilation.hashing: process full hash chunks": {
    "min": 0,
    "max": 0,
    "mean": 0,
    "median": 0,
    "variance": 0,
    "stdDev": 0,
    "confidence": 0,
    "low": 0,
    "high": 0,
    "count": 5
  },
  "Compilation.hashing": {
    "min": 4,
    "max": 5,
    "mean": 4.4,
    "median": 4,
    "variance": 0.24000000000000005,
    "stdDev": 0.48989794855663565,
    "confidence": 1.2163822557074724,
    "low": 3.791808872146264,
    "high": 5.0081911278537365,
    "count": 5
  },
  "Compilation.create module assets": {
    "min": 0,
    "max": 1,
    "mean": 0.6,
    "median": 1,
    "variance": 0.24000000000000005,
    "stdDev": 0.48989794855663565,
    "confidence": 1.2081911278537363,
    "low": 0,
    "high": 1.2081911278537363,
    "count": 5
  },
  "Compilation.create chunk assets": {
    "min": 7,
    "max": 9,
    "mean": 8,
    "median": 8,
    "variance": 0.4,
    "stdDev": 0.6324555320336759,
    "confidence": 1.5703427396590852,
    "low": 7.214828630170458,
    "high": 8.785171369829543,
    "count": 5
  },
  "Compilation.process assets": {
    "min": 145,
    "max": 147,
    "mean": 146,
    "median": 146,
    "variance": 0.8,
    "stdDev": 0.8944271909999159,
    "confidence": 2.220799999999997,
    "low": 144.8896,
    "high": 147.1104,
    "count": 5
  },
  "Compilation.after process assets": {
    "min": 0,
    "max": 0,
    "mean": 0,
    "median": 0,
    "variance": 0,
    "stdDev": 0,
    "confidence": 0,
    "low": 0,
    "high": 0,
    "count": 5
  },
  "Compilation.after seal": {
    "min": 0,
    "max": 0,
    "mean": 0,
    "median": 0,
    "variance": 0,
    "stdDev": 0,
    "confidence": 0,
    "low": 0,
    "high": 0,
    "count": 5
  },
  "Compiler.make hook": {
    "min": 0,
    "max": 0,
    "mean": 0,
    "median": 0,
    "variance": 0,
    "stdDev": 0,
    "confidence": 0,
    "low": 0,
    "high": 0,
    "count": 5
  },
  "Compiler.make": {
    "min": 619,
    "max": 680,
    "mean": 636.8,
    "median": 628,
    "variance": 487.76000000000005,
    "stdDev": 22.085289221561034,
    "confidence": 54.83622456559169,
    "low": 609.3818877172041,
    "high": 664.2181122827958,
    "count": 5
  },
  "Compiler.finish make hook": {
    "min": 0,
    "max": 0,
    "mean": 0,
    "median": 0,
    "variance": 0,
    "stdDev": 0,
    "confidence": 0,
    "low": 0,
    "high": 0,
    "count": 5
  },
  "Compiler.finish compilation": {
    "min": 30,
    "max": 54,
    "mean": 35,
    "median": 30,
    "variance": 90.4,
    "stdDev": 9.50789145920377,
    "confidence": 23.607427820921114,
    "low": 23.196286089539445,
    "high": 46.80371391046056,
    "count": 5
  },
  "Compiler.seal compilation": {
    "min": 654,