{
  "stats": {
    "min": 3889,
    "max": 4115,
    "mean": 3959,
    "median": 3919,
    "variance": 6738.8,
    "stdDev": 82.09019429871024,
    "confidence": 203.82419646116614,
    "low": 3857.087901769417,
    "high": 4060.912098230583,
    "count": 5
  },
  "heap memory": {
    "min": 80745032,
    "max": 81178264,
    "mean": 80953387.2,
    "median": 80854928,
    "variance": 32444322933.76,
    "stdDev": 180123.0771826864,
    "confidence": 447232.9708135426,
    "low": 80729770.71459323,
    "high": 81177003.68540677,
    "count": 5
  },
  "rss memory": {
    "min": 736141312,
    "max": 904110080,
    "mean": 850026496,
    "median": 898187264,
    "variance": 4462833294324531,
    "stdDev": 66804440.67818045,
    "confidence": 165870742.02456474,
    "low": 767091124.9877176,
    "high": 932961867.0122824,
    "count": 5
  },
  "external memory": {
    "min": 36018831,
    "max": 36382082,
    "mean": 36165162,
    "median": 36106938,
    "variance": 18360070238.8,
    "stdDev": 135499.33667291512,
    "confidence": 336435.35204559565,
    "low": 35996944.3239772,
    "high": 36333379.6760228,
    "count": 5
  },
  "array buffers memory": {
    "min": 7962023,
    "max": 8220774,
    "mean": 8076269,
    "median": 8059596,
    "variance": 7677642722,
    "stdDev": 87622.15885265553,
    "confidence": 217559.6765595153,
    "low": 7967489.161720242,
    "high": 8185048.838279758,
    "count": 5
  },
  "Compilation.finish modules": {
    "min": 14,
    "max": 14,
    "mean": 14,
    "median": 14,
    "variance": 0,
    "stdDev": 0,
    "confidence": 0,
    "low": 14,
    "high": 14,
    "count": 5
  },
  "Compilation.optimize dependencies": {
    "min": 29,
    "max": 30,
    "mean": 29.2,
    "median": 29,
    "variance": 0.16,
    "stdDev": 0.4,
    "confidence": 0.993171952886307,
    "low": 28.703414023556846,
    "high": 29.696585976443153,
    "count": 5
  },
  "Compilation.rebuild chunk graph": {
    "min": 11,
    "max": 11,
    "mean": 11,
    "median": 11,
    "variance": 0,
    "stdDev": 0,
    "confidence": 0,
    "low": 11,
    "high": 11,
    "count": 5
  },
  "Compilation.create chunks": {
    "min": 19,
    "max": 20,
    "mean": 19.2,
    "median": 19,
    "variance": 0.16,
    "stdDev": 0.4,
    "confidence": 0.993171952886307,
    "low": 18.703414023556846,
    "high": 19.696585976443153,
    "count": 5
  },
  "Compilation.optimize": {
    "min": 36,
    "max": 38,
    "mean": 36.8,
    "median": 37,
    "variance": 0.5599999999999999,
    "stdDev": 0.7483314773547882,
    "confidence": 1.858054586926869,
    "low": 35.87097270653656,
    "high": 37.72902729346343,
    "count": 5
  },
  "Compilation.module ids": {
    "min": 0,
    "max": 1,
    "mean": 0.8,
    "median": 1,
    "variance": 0.16000000000000006,
    "stdDev": 0.4000000000000001,
    "confidence": 0.9931719528863066,
    "low": 0.30341402355684677,
    "high": 1.2965859764431533,
    "count": 5
  },
  "Compilation.chunk ids": {
    "min": 0,
    "max": 0,
    "mean": 0,
    "median": 0,
    "variance": 0,
    "stdDev": 0,
    "confidence": 0,
    "low": 0,
    "high": 0,
    "count": 5
  },
  "Compilation.optimize code generation": {
    "min": 3,
    "max": 3,
    "mean": 3,
    "median": 3,
    "variance": 0,
    "stdDev": 0,
    "confidence": 0,
    "low": 3,
    "high": 3,
    "count": 5
  },
  "Compilation.code generation": {
    "min": 138,
    "max": 141,
    "mean": 140.2,
    "median": 141,
    "variance": 1.36,
    "stdDev": 1.1661903789690602,
    "confidence": 2.8955689402948224,
    "low": 138.75221552985258,
    "high": 141.6477844701474,
    "count": 5
  },
  "Compilation.runtime requirements.modules": {
    "min": 1,
    "max": 1,
    "mean": 1,
    "median": 1,
    "variance": 0,
    "stdDev": 0,
    "confidence": 0,
    "low": 1,
    "high": 1,
    "count": 5
  },
  "Compilation.runtime requirements.chunks": {
    "min": 0,
    "max": 0,
    "mean": 0,
    "median": 0,
    "variance": 0,
    "stdDev": 0,
    "confidence": 0,
    "low": 0,
    "high": 0,
    "count": 5
  },
  "Compilation.runtime requirements.entries": {
    "min": 0,
    "max": 0,
    "mean": 0,
    "median": 0,
    "variance": 0,
    "stdDev": 0,
    "confidence": 0,
    "low": 0,
    "high": 0,
    "count": 5
  },
  "Compilation.runtime requirements": {
    "min": 1,
    "max": 2,
    "mean": 1.4,
    "median": 1,
    "variance": 0.24,
    "stdDev": 0.4898979485566356,
    "confidence": 1.216382255707473,
    "low": 0.7918088721462635,
    "high": 2.0081911278537365,
    "count": 5
  },
  "Compilation.hashing: hash chunks": {
    "min": 0,
    "max": 0,
    "mean": 0,
    "median": 0,
    "variance": 0,
    "stdDev": 0,
    "confidence": 0,
    "low": 0,
    "high": 0,
    "count": 5
  },
  "Compilation.hashing: hash runtime chunks": {
    "min": 1,
    "max": 1,
    "mean": 1,
    "median": 1,
    "variance": 0,
    "stdDev": 0,
    "confidence": 0,
    "low": 1,
    "high": 1,
    "count": 5
  },
  "Compilation.hashing: process full hash chunks": {
    "min": 0,
    "max": 0,
    "mean": 0,
    "median": 0,
    "variance": 0,
    "stdDev": 0,
    "confidence": 0,
    "low": 0,
    "high": 0,
    "count": 5
  },
  "Compilation.hashing": {
    "min": 1,
    "max": 1,
    "mean": 1,
    "median": 1,
    "variance": 0,
    "stdDev": 0,
    "confidence": 0,
    "low": 1,
    "high": 1,
    "count": 5
  },
  "Compilation.create module assets": {
    "min": 0,
    "max": 0,
    "mean": 0,
    "median": 0,
    "variance": 0,
    "stdDev": 0,
    "confidence": 0,
    "low": 0,
    "high": 0,
    "count": 5
  },
  "Compilation.create chunk assets": {
    "min": 0,
    "max": 1,
    "mean": 0.2,
    "median": 0,
    "variance": 0.16000000000000003,
    "stdDev": 0.4,
    "confidence": 0.6965859764431532,
    "low": 0,
    "high": 0.6965859764431532,
    "count": 5
  },
  "Compilation.process assets": {
    "min": 3042,
    "max": 3273,
    "mean": 3108.8,
    "median": 3077,
    "variance": 7326.960000000001,
    "stdDev": 85.59766351951437,
    "confidence": 212.53299660045286,
    "low": 3002.5335016997738,
    "high": 3215.0664983002266,
    "count": 5
  },
  "Compilation.after process assets": {
    "min": 0,
    "max": 0,
    "mean": 0,
    "median": 0,
    "variance": 0,
    "stdDev": 0,
    "confidence": 0,
    "low": 0,
    "high": 0,
    "count": 5
  },
  "Compilation.after seal": {
    "min": 0,
    "max": 0,
    "mean": 0,
    "median": 0,
    "variance": 0,
    "stdDev": 0,
    "confidence": 0,
    "low": 0,
    "high": 0,
    "count": 5
  },
  "Compiler.make hook": {
    "min": 0,
    "max": 0,
    "mean": 0,
    "median": 0,
    "variance": 0,
    "stdDev": 0,
    "confidence": 0,
    "low": 0,
    "high": 0,
    "count": 5
  },
  "Compiler.make": {
    "min": 538,
    "max": 559,
    "mean": 548,
    "median": 547,
    "variance": 50.8,
    "stdDev": 7.127411872482185,
    "confidence": 17.696863921045406,
    "low": 539.1515680394773,
    "high": 556.8484319605227,
    "count": 5
  },
  "Compiler.finish make hook": {
    "min": 0,
    "max": 0,
    "mean": 0,
    "median": 0,
    "variance": 0,
    "stdDev": 0,
    "confidence": 0,
    "low": 0,
    "high": 0,
    "count": 5
  },
  "Compiler.finish compilation": {
    "min": 19,
    "max": 20,
    "mean": 19.6,
    "median": 20,
    "variance": 0.24,
    "stdDev": 0.4898979485566356,
    "confidence": 1.2163822557074724,
    "low": 18.991808872146265,
    "high": 20.208191127853738,
    "count": 5
  },
  "Compiler.seal compilation": {
    "min": 3293,
    "max": 3521,
    "mean": 3359,
    "median": 3328,
    "variance": 7157.2,
    "stdDev": 84.60023640628907,
    "confidence": 210.05645501569325,
    "low": 3253.9717724921534,
    "high": 3464.0282275078466,
    "count": 5
  },
  "Compiler.emitAssets": {
    "min": 19,
    "max": 26,
    "mean": 21.8,
    "median": 22,
    "variance": 6.959999999999999,
    "stdDev": 2.6381811916545836,
    "confidence": 6.5504189154587635,
    "low": 18.52479054227062,