{
  "stats": {
    "min": 3121,
    "max": 3162,
    "mean": 3140.8,
    "median": 3141,
    "variance": 170.16,
    "stdDev": 13.044539087296261,
    "confidence": 32.38867589957954,
    "low": 3124.6056620502104,
    "high": 3156.99433794979,
    "count": 5
  },
  "heap memory": {
    "min": 92545200,
    "max": 112533648,
    "mean": 107217008,
    "median": 112281872,
    "variance": 55909688493363.2,
    "stdDev": 7477278.14738513,
    "confidence": 18565557.349781483,
    "low": 97934229.32510926,
    "high": 116499786.67489074,
    "count": 5
  },
  "rss memory": {
    "min": 753598464,
    "max": 823402496,
    "mean": 795253964.8,
    "median": 804630528,
    "variance": 583393752131829.8,
    "stdDev": 24153545.332555834,
    "confidence": 59971559.467656136,
    "low": 765268185.0661719,
    "high": 825239744.533828,
    "count": 5
  },
  "external memory": {
    "min": 28665290,
    "max": 30241210,
    "mean": 29922749.2,
    "median": 30233018,
    "variance": 395314331688.95996,
    "stdDev": 628740.2736336841,
    "confidence": 1561118.0135575905,
    "low": 29142190.193221204,
    "high": 30703308.206778795,
    "count": 5
  },
  "array buffers memory": {
    "min": 693236,
    "max": 2268337,
    "mean": 1950040,
    "median": 2268337,
    "variance": 394902495376.8,
    "stdDev": 628412.6791979932,
    "confidence": 1560304.6195439678,
    "low": 1169887.690228016,
    "high": 2730192.309771984,
    "count": 5
  },
  "Compilation.finish modules": {
    "min": 6,
    "max": 7,
    "mean": 6.2,
    "median": 6,
    "variance": 0.15999999999999998,
    "stdDev": 0.39999999999999997,
    "confidence": 0.993171952886307,
    "low": 5.703414023556847,
    "high": 6.696585976443154,
    "count": 5
  },
  "Compilation.optimize dependencies": {
    "min": 12,
    "max": 13,
    "mean": 12.8,
    "median": 13,
    "variance": 0.15999999999999998,
    "stdDev": 0.39999999999999997,
    "confidence": 0.993171952886307,
    "low": 12.303414023556847,
    "high": 13.296585976443154,
    "count": 5
  },
  "Compilation.rebuild chunk graph": {
    "min": 9,
    "max": 10,
    "mean": 9.2,
    "median": 9,
    "variance": 0.15999999999999998,
    "stdDev": 0.39999999999999997,
    "confidence": 0.993171952886307,
    "low": 8.703414023556846,
    "high": 9.696585976443153,
    "count": 5
  },
  "Compilation.create chunks": {
    "min": 14,
    "max": 16,
    "mean": 14.8,
    "median": 15,
    "variance": 0.56,
    "stdDev": 0.7483314773547883,
    "confidence": 1.858054586926876,
    "low": 13.870972706536563,
    "high": 15.729027293463439,
    "count": 5
  },
  "Compilation.optimize": {
    "min": 17,
    "max": 19,
    "mean": 17.8,
    "median": 18,
    "variance": 0.56,
    "stdDev": 0.7483314773547883,
    "confidence": 1.858054586926876,
    "low": 16.870972706536563,
    "high": 18.72902729346344,
    "count": 5
  },
  "Compilation.module ids": {
    "min": 1,
    "max": 2,
    "mean": 1.2,
    "median": 1,
    "variance": 0.16,
    "stdDev": 0.4,
    "confidence": 0.9931719528863066,
    "low": 0.7034140235568467,
    "high": 1.6965859764431532,
    "count": 5
  },
  "Compilation.chunk ids": {
    "min": 1,
    "max": 1,
    "mean": 1,
    "median": 1,
    "variance": 0,
    "stdDev": 0,
    "confidence": 0,
    "low": 1,
    "high": 1,
    "count": 5
  },
  "Compilation.optimize code generation": {
    "min": 1,
    "max": 2,
    "mean": 1.4,
    "median": 1,
    "variance": 0.24,
    "stdDev": 0.4898979485566356,
    "confidence": 1.216382255707473,
    "low": 0.7918088721462635,
    "high": 2.0081911278537365,
    "count": 5
  },
  "Compilation.code generation": {
    "min": 46,
    "max": 51,
    "mean": 48.8,
    "median": 49,
    "variance": 2.5599999999999996,
    "stdDev": 1.5999999999999999,
    "confidence": 3.972687811545228,
    "low": 46.81365609422738,
    "high": 50.78634390577261,
    "count": 5
  },
  "Compilation.runtime requirements.modules": {
    "min": 0,
    "max": 0,
    "mean": 0,
    "median": 0,
    "variance": 0,
    "stdDev": 0,
    "confidence": 0,
    "low": 0,
    "high": 0,
    "count": 5
  },
  "Compilation.runtime requirements.chunks": {
    "min": 0,
    "max": 0,
    "mean": 0,
    "median": 0,
    "variance": 0,
    "stdDev": 0,
    "confidence": 0,
    "low": 0,
    "high": 0,
    "count": 5
  },
  "Compilation.runtime requirements.entries": {
    "min": 0,
    "max": 0,
    "mean": 0,
    "median": 0,
    "variance": 0,
    "stdDev": 0,
    "confidence": 0,
    "low": 0,
    "high": 0,
    "count": 5
  },
  "Compilation.runtime requirements": {
    "min": 1,
    "max": 1,
    "mean": 1,
    "median": 1,
    "variance": 0,
    "stdDev": 0,
    "confidence": 0,
    "low": 1,
    "high": 1,
    "count": 5
  },
  "Compilation.hashing: hash chunks": {
    "min": 0,
    "max": 0,
    "mean": 0,
    "median": 0,
    "variance": 0,
    "stdDev": 0,
    "confidence": 0,
    "low": 0,
    "high": 0,
    "count": 5
  },
  "Compilation.hashing: hash runtime chunks": {
    "min": 0,
    "max": 0,
    "mean": 0,
    "median": 0,
    "variance": 0,
    "stdDev": 0,
    "confidence": 0,
    "low": 0,
    "high": 0,
    "count": 5
  },
  "Compilation.hashing: process full hash chunks": {
    "min": 0,
    "max": 0,
    "mean": 0,
    "median": 0,
    "variance": 0,
    "stdDev": 0,
    "confidence": 0,
    "low": 0,
    "high": 0,
    "count": 5
  },
  "Compilation.hashing": {
    "min": 1,
    "max": 1,
    "mean": 1,
    "median": 1,
    "variance": 0,
    "stdDev": 0,
    "confidence": 0,
    "low": 1,
    "high": 1,
    "count": 5
  },
  "Compilation.create module assets": {
    "min": 0,
    "max": 0,
    "mean": 0,
    "median": 0,
    "variance": 0,
    "stdDev": 0,
    "confidence": 0,
    "low": 0,
    "high": 0,
    "count": 5
  },
  "Compilation.create chunk assets": {
    "min": 2,
    "max": 3,
    "mean": 2.4,
    "median": 2,
    "variance": 0.24,
    "stdDev": 0.4898979485566356,
    "confidence": 1.216382255707473,
    "low": 1.7918088721462635,
    "high": 3.0081911278537365,
    "count": 5
  },
  "Compilation.process assets": {
    "min": 1568,
    "max": 1613,
    "mean": 1591,
    "median": 1583,
    "variance": 319.6,
    "stdDev": 17.877359984069237,
    "confidence": 44.38823131957406,
    "low": 1568.805884340213,
    "high": 1613.194115659787,
    "count": 5
  },
  "Compilation.after process assets": {
    "min": 0,
    "max": 0,
    "mean": 0,
    "median": 0,
    "variance": 0,
    "stdDev": 0,
    "confidence": 0,
    "low": 0,
    "high": 0,
    "count": 5
  },
  "Compilation.after seal": {
    "min": 0,
    "max": 0,
    "mean": 0,
    "median": 0,
    "variance": 0,
    "stdDev": 0,
    "confidence": 0,
    "low": 0,
    "high": 0,
    "count": 5
  },
  "Compiler.make hook": {
    "min": 0,
    "max": 0,
    "mean": 0,
    "median": 0,
    "variance": 0,
    "stdDev": 0,
    "confidence": 0,
    "low": 0,
    "high": 0,
    "count": 5
  },
  "Compiler.make": {
    "min": 1299,
    "max": 1365,
    "mean": 1338.6,
    "median": 1344,
    "variance": 477.03999999999996,
    "stdDev": 21.84124538573751,
    "confidence": 54.230280833055076,
    "low": 1311.4848595834724,
    "high": 1365.7151404165274,
    "count": 5
  },
  "Compiler.finish make hook": {
    "min": 0,
    "max": 0,
    "mean": 0,
    "median": 0,
    "variance": 0,
    "stdDev": 0,
    "confidence": 0,
    "low": 0,
    "high": 0,
    "count": 5
  },
  "Compiler.finish compilation": {
    "min": 8,
    "max": 9,
    "mean": 8.2,
    "median": 8,
    "variance": 0.16,
    "stdDev": 0.4,
    "confidence": 0.993171952886307,
    "low": 7.703414023556846,
    "high": 8.696585976443153,
    "count": 5
  },
  "Compiler.seal compilation": {
    "min": 1682,
    "max": 1729,
    "mean": 1706.6,
    "median": 1702,
    "variance": 332.64,
    "stdDev": 18.238420984284797,
    "confidence": 45.28472046631168,
    "low": 1683.957639766844,
    "high": 1729.2423602331558,
    "count": 5
  },