{
  "stats": {
    "min": 1476,
    "max": 1518,
    "mean": 1495.8,
    "median": 1491,
    "variance": 284.56,
    "stdDev": 16.868906307167634,
    "confidence": 41.8843115503646,
    "low": 1474.8578442248177,
    "high": 1516.7421557751823,
    "count": 5
  },
  "heap memory": {
    "min": 33176776,
    "max": 34378600,
    "mean": 33997584,
    "median": 34136024,
    "variance": 176768948224,
    "stdDev": 420438.9946520185,
    "confidence": 1043920.5434702486,
    "low": 33475623.728264876,
    "high": 34519544.271735124,
    "count": 5
  },
  "rss memory": {
    "min": 611188736,
    "max": 618504192,
    "mean": 615646003.2,
    "median": 616087552,
    "variance": 6856703224053.76,
    "stdDev": 2618530.7376568564,
    "confidence": 6501628.21602869,
    "low": 612395189.0919857,
    "high": 618896817.3080144,
    "count": 5
  },
  "external memory": {
    "min": 3755829,
    "max": 4495471,
    "mean": 4347542.6,
    "median": 4495471,
    "variance": 87531246106.24,
    "stdDev": 295856.8,
    "confidence": 734591.6895767339,
    "low": 3980246.7552116327,
    "high": 4714838.444788367,
    "count": 5
  },
  "array buffers memory": {
    "min": 16623,
    "max": 16623,
    "mean": 16623,
    "median": 16623,
    "variance": 0,
    "stdDev": 0,
    "confidence": 0,
    "low": 16623,
    "high": 16623,
    "count": 5
  },
  "Compilation.finish modules": {
    "min": 26,
    "max": 27,
    "mean": 26.8,
    "median": 27,
    "variance": 0.15999999999999998,
    "stdDev": 0.39999999999999997,
    "confidence": 0.993171952886307,
    "low": 26.303414023556847,
    "high": 27.296585976443154,
    "count": 5
  },
  "Compilation.optimize dependencies": {
    "min": 165,
    "max": 172,
    "mean": 167.8,
    "median": 168,
    "variance": 5.76,
    "stdDev": 2.4,
    "confidence": 5.959031717317828,
    "low": 164.8204841413411,
    "high": 170.77951585865893,
    "count": 5
  },
  "Compilation.rebuild chunk graph": {
    "min": 45,
    "max": 47,
    "mean": 45.4,
    "median": 45,
    "variance": 0.64,
    "stdDev": 0.8,
    "confidence": 1.986343905772614,
    "low": 44.40682804711369,
    "high": 46.393171952886306,
    "count": 5
  },
  "Compilation.create chunks": {
    "min": 68,
    "max": 71,
    "mean": 69.6,
    "median": 70,
    "variance": 1.04,
    "stdDev": 1.019803902718557,
    "confidence": 2.5321015840601717,
    "low": 68.33394920796991,
    "high": 70.86605079203008,
    "count": 5
  },
  "Compilation.optimize": {
    "min": 62,
    "max": 66,
    "mean": 63.8,
    "median": 64,
    "variance": 1.7599999999999998,
    "stdDev": 1.3266499161421599,
    "confidence": 3.293978720028406,
    "low": 62.153010639985794,
    "high": 65.4469893600142,
    "count": 5
  },
  "Compilation.module ids": {
    "min": 5,
    "max": 5,
    "mean": 5,
    "median": 5,
    "variance": 0,
    "stdDev": 0,
    "confidence": 0,
    "low": 5,
    "high": 5,
    "count": 5
  },
  "Compilation.chunk ids": {
    "min": 5,
    "max": 5,
    "mean": 5,
    "median": 5,
    "variance": 0,
    "stdDev": 0,
    "confidence": 0,
    "low": 5,
    "high": 5,
    "count": 5
  },
  "Compilation.optimize code generation": {
    "min": 4,
    "max": 4,
    "mean": 4,
    "median": 4,
    "variance": 0,
    "stdDev": 0,
    "confidence": 0,
    "low": 4,
    "high": 4,
    "count": 5
  },
  "Compilation.code generation": {
    "min": 115,
    "max": 118,
    "mean": 116.6,
    "median": 117,
    "variance": 1.04,
    "stdDev": 1.019803902718557,
    "confidence": 2.5321015840601717,
    "low": 115.33394920796991,
    "high": 117.86605079203008,
    "count": 5
  },
  "Compilation.runtime requirements.modules": {
    "min": 2,
    "max": 3,
    "mean": 2.6,
    "median": 3,
    "variance": 0.24,
    "stdDev": 0.4898979485566356,
    "confidence": 1.216382255707473,
    "low": 1.9918088721462637,
    "high": 3.2081911278537367,
    "count": 5
  },
  "Compilation.runtime requirements.chunks": {
    "min": 0,
    "max": 0,
    "mean": 0,
    "median": 0,
    "variance": 0,
    "stdDev": 0,
    "confidence": 0,
    "low": 0,
    "high": 0,
    "count": 5
  },
  "Compilation.runtime requirements.entries": {
    "min": 0,
    "max": 0,
    "mean": 0,
    "median": 0,
    "variance": 0,
    "stdDev": 0,
    "confidence": 0,
    "low": 0,
    "high": 0,
    "count": 5
  },
  "Compilation.runtime requirements": {
    "min": 4,
    "max": 6,
    "mean": 5,
    "median": 5,
    "variance": 0.4,
    "stdDev": 0.6324555320336759,
    "confidence": 1.5703427396590843,
    "low": 4.214828630170458,
    "high": 5.785171369829542,
    "count": 5
  },
  "Compilation.hashing: hash chunks": {
    "min": 1,
    "max": 1,
    "mean": 1,
    "median": 1,
    "variance": 0,
    "stdDev": 0,
    "confidence": 0,
    "low": 1,
    "high": 1,
    "count": 5
  },
  "Compilation.hashing: hash runtime chunks": {
    "min": 1,
    "max": 1,
    "mean": 1,
    "median": 1,
    "variance": 0,
    "stdDev": 0,
    "confidence": 0,
    "low": 1,
    "high": 1,
    "count": 5
  },
  "Compilation.hashing: process full hash chunks": {
    "min": 0,
    "max": 0,
    "mean": 0,
    "median": 0,
    "variance": 0,
    "stdDev": 0,
    "confidence": 0,
    "low": 0,
    "high": 0,
    "count": 5
  },
  "Compilation.hashing": {
    "min": 4,
    "max": 4,
    "mean": 4,
    "median": 4,
    "variance": 0,
    "stdDev": 0,
    "confidence": 0,
    "low": 4,
    "high": 4,
    "count": 5
  },
  "Compilation.create module assets": {
    "min": 1,
    "max": 1,
    "mean": 1,
    "median": 1,
    "variance": 0,
    "stdDev": 0,
    "confidence": 0,
    "low": 1,
    "high": 1,
    "count": 5
  },
  "Compilation.create chunk assets": {
    "min": 7,
    "max": 8,
    "mean": 7.6,
    "median": 8,
    "variance": 0.24000000000000005,
    "stdDev": 0.48989794855663565,
    "confidence": 1.2163822557074724,
    "low": 6.9918088721462635,
    "high": 8.208191127853736,
    "count": 5
  },
  "Compilation.process assets": {
    "min": 141,
    "max": 142,
    "mean": 141.6,
    "median": 142,
    "variance": 0.24,
    "stdDev": 0.4898979485566356,
    "confidence": 1.2163822557074582,
    "low": 140.99180887214627,
    "high": 142.20819112785372,
    "count": 5
  },
  "Compilation.after process assets": {
    "min": 0,
    "max": 0,
    "mean": 0,
    "median": 0,
    "variance": 0,
    "stdDev": 0,
    "confidence": 0,
    "low": 0,
    "high": 0,
    "count": 5
  },
  "Compilation.after seal": {
    "min": 0,
    "max": 0,
    "mean": 0,
    "median": 0,
    "variance": 0,
    "stdDev": 0,
    "confidence": 0,
    "low": 0,
    "high": 0,
    "count": 5
  },
  "Compiler.make hook": {
    "min": 0,
    "max": 0,
    "mean": 0,
    "median": 0,
    "variance": 0,
    "stdDev": 0,
    "confidence": 0,
    "low": 0,
    "high": 0,
    "count": 5
  },
  "Compiler.make": {
    "min": 622,
    "max": 633,
    "mean": 626.2,
    "median": 626,
    "variance": 13.76,
    "stdDev": 3.7094473981982814,
    "confidence": 9.210297791493986,
    "low": 621.594851104253,
    "high": 630.805148895747,
    "count": 5
  },
  "Compiler.finish make hook": {
    "min": 0,
    "max": 0,
    "mean": 0,
    "median": 0,
    "variance": 0,
    "stdDev": 0,
    "confidence": 0,
    "low": 0,
    "high": 0,
    "count": 5
  },
  "Compiler.finish compilation": {
    "min": 32,
    "max": 33,
    "mean": 32.2,
    "median": 32,
    "variance": 0.16,
    "stdDev": 0.4,
    "confidence": 0.9931719528863034,
    "low": 31.70341402355685,
    "high": 32.69658597644315,
    "count": 5
  },
  "Compiler.seal compilation": {
    "min": 634,
    "max": 645,
    "mean": 638,
    "median": 638,
    "variance": 16.4,
    "stdDev": 4.049691346263317,
    "confidence": 10.0550996573877,
    "low": 632.9724501713061,
    "high": 643.0275498286939,
    "count": 5
  },
  "Compiler.emitAssets": {
    "min": 165,
    "max": 212,
    "mean": 184.4,
    "median": 187,
    "variance": 273.03999999999996,
    "stdDev": 16.523922052587878,