{
  "stats": {
    "min": 1065,
    "max": 1107,
    "mean": 1082.4,
    "median": 1086,
    "variance": 228.24,
    "stdDev": 15.107613974417006,
    "confidence": 37.511146186060614,
    "low": 1063.6444269069698,
    "high": 1101.1555730930304,
    "count": 5
  },
  "heap memory": {
    "min": 8793264,
    "max": 8822576,
    "mean": 8812182.4,
    "median": 8818320,
    "variance": 119054013.44000001,
    "stdDev": 10911.187535735971,
    "confidence": 27091.7135829404,
    "low": 8798636.54320853,
    "high": 8825728.25679147,
    "count": 5
  },
  "rss memory": {
    "min": 723668992,
    "max": 746729472,
    "mean": 732667084.8,
    "median": 731254784,
    "variance": 65390698572021.766,
    "stdDev": 8086451.543911072,
    "confidence": 20078092.179466724,
    "low": 722628038.7102666,
    "high": 742706130.8897333,
    "count": 5
  },
  "external memory": {
    "min": 2758048,
    "max": 2758048,
    "mean": 2758048,
    "median": 2758048,
    "variance": 0,
    "stdDev": 0,
    "confidence": 0,
    "low": 2758048,
    "high": 2758048,
    "count": 5
  },
  "array buffers memory": {
    "min": 10515,
    "max": 10515,
    "mean": 10515,
    "median": 10515,
    "variance": 0,
    "stdDev": 0,
    "confidence": 0,
    "low": 10515,
    "high": 10515,
    "count": 5
  },
  "Compilation.build module graph": {
    "min": 417,
    "max": 439,
    "mean": 430.6,
    "median": 431,
    "variance": 57.039999999999985,
    "stdDev": 7.552483035399681,
    "confidence": 18.752285813521553,
    "low": 421.22385709323925,
    "high": 439.9761429067608,
    "count": 5
  },
  "Compilation.finish modules": {
    "min": 24,
    "max": 25,
    "mean": 24.4,
    "median": 24,
    "variance": 0.24,
    "stdDev": 0.4898979485566356,
    "confidence": 1.2163822557074724,
    "low": 23.791808872146262,
    "high": 25.008191127853735,
    "count": 5
  },
  "Compilation.seal": {
    "min": 0,
    "max": 0,
    "mean": 0,
    "median": 0,
    "variance": 0,
    "stdDev": 0,
    "confidence": 0,
    "low": 0,
    "high": 0,
    "count": 5
  },
  "Compilation.optimize dependencies": {
    "min": 26,
    "max": 29,
    "mean": 27.2,
    "median": 27,
    "variance": 0.9600000000000002,
    "stdDev": 0.9797958971132713,
    "confidence": 2.4327645114149448,
    "low": 25.983617744292527,
    "high": 28.41638225570747,
    "count": 5
  },
  "Compilation.rebuild chunk graph": {
    "min": 28,
    "max": 30,
    "mean": 28.8,
    "median": 29,
    "variance": 0.56,
    "stdDev": 0.7483314773547883,
    "confidence": 1.858054586926876,
    "low": 27.870972706536563,
    "high": 29.72902729346344,
    "count": 5
  },
  "Compilation.build chunk graph": {
    "min": 30,
    "max": 32,
    "mean": 30.8,
    "median": 31,
    "variance": 0.56,
    "stdDev": 0.7483314773547883,
    "confidence": 1.858054586926876,
    "low": 29.870972706536563,
    "high": 31.72902729346344,
    "count": 5
  },
  "Compilation.optimize modules": {
    "min": 0,
    "max": 0,
    "mean": 0,
    "median": 0,
    "variance": 0,
    "stdDev": 0,
    "confidence": 0,
    "low": 0,
    "high": 0,
    "count": 5
  },
  "Compilation.optimize chunks": {
    "min": 24,
    "max": 26,
    "mean": 25,
    "median": 25,
    "variance": 0.4,
    "stdDev": 0.6324555320336759,
    "confidence": 1.5703427396590826,
    "low": 24.21482863017046,
    "high": 25.78517136982954,
    "count": 5
  },
  "Compilation.optimize tree": {
    "min": 0,
    "max": 0,
    "mean": 0,
    "median": 0,
    "variance": 0,
    "stdDev": 0,
    "confidence": 0,
    "low": 0,
    "high": 0,
    "count": 5
  },
  "Compilation.optimize chunk modules": {
    "min": 58,
    "max": 62,
    "mean": 59.6,
    "median": 59,
    "variance": 1.8399999999999999,
    "stdDev": 1.3564659966250536,
    "confidence": 3.36800995722993,
    "low": 57.91599502138504,
    "high": 61.284004978614966,
    "count": 5
  },
  "Compilation.module ids": {
    "min": 1,
    "max": 2,
    "mean": 1.8,
    "median": 2,
    "variance": 0.16000000000000006,
    "stdDev": 0.4000000000000001,
    "confidence": 0.9931719528863066,
    "low": 1.3034140235568468,
    "high": 2.2965859764431533,
    "count": 5
  },
  "Compilation.chunk ids": {
    "min": 2,
    "max": 2,
    "mean": 2,
    "median": 2,
    "variance": 0,
    "stdDev": 0,
    "confidence": 0,
    "low": 2,
    "high": 2,
    "count": 5
  },
  "Compilation.assign runtime ids": {
    "min": 0,
    "max": 0,
    "mean": 0,
    "median": 0,
    "variance": 0,
    "stdDev": 0,
    "confidence": 0,
    "low": 0,
    "high": 0,
    "count": 5
  },
  "Compilation.optimize code generation": {
    "min": 3,
    "max": 4,
    "mean": 3.2,
    "median": 3,
    "variance": 0.15999999999999998,
    "stdDev": 0.39999999999999997,
    "confidence": 0.9931719528863061,
    "low": 2.703414023556847,
    "high": 3.6965859764431532,
    "count": 5
  },
  "Compilation.create module hashes": {
    "min": 34,
    "max": 36,
    "mean": 35.2,
    "median": 35,
    "variance": 0.5599999999999999,
    "stdDev": 0.7483314773547882,
    "confidence": 1.858054586926869,
    "low": 34.27097270653657,
    "high": 36.12902729346344,
    "count": 5
  },
  "Compilation.module code generation cache": {
    "min": 0,
    "max": 0,
    "mean": 0,
    "median": 0,
    "variance": 0,
    "stdDev": 0,
    "confidence": 0,
    "low": 0,
    "high": 0,
    "count": 5
  },
  "Compilation.code generation": {
    "min": 94,
    "max": 100,
    "mean": 96.8,
    "median": 95,
    "variance": 4.5600000000000005,
    "stdDev": 2.1354156504062622,
    "confidence": 5.302087329344914,
    "low": 94.14895633532754,
    "high": 99.45104366467245,
    "count": 5
  },
  "Compilation.runtime requirements.modules": {
    "min": 0,
    "max": 1,
    "mean": 0.2,
    "median": 0,
    "variance": 0.16000000000000003,
    "stdDev": 0.4,
    "confidence": 0.6965859764431532,
    "low": 0,
    "high": 0.6965859764431532,
    "count": 5
  },
  "Compilation.runtime requirements.chunks": {
    "min": 0,
    "max": 0,
    "mean": 0,
    "median": 0,
    "variance": 0,
    "stdDev": 0,
    "confidence": 0,
    "low": 0,
    "high": 0,
    "count": 5
  },
  "Compilation.runtime requirements.entries": {
    "min": 0,
    "max": 0,
    "mean": 0,
    "median": 0,
    "variance": 0,
    "stdDev": 0,
    "confidence": 0,
    "low": 0,
    "high": 0,
    "count": 5
  },
  "Compilation.runtime requirements": {
    "min": 1,
    "max": 2,
    "mean": 1.2,
    "median": 1,
    "variance": 0.16,
    "stdDev": 0.4,
    "confidence": 0.9931719528863066,
    "low": 0.7034140235568467,
    "high": 1.6965859764431532,
    "count": 5
  },
  "Compilation.hashing: hash chunks": {
    "min": 0,
    "max": 0,
    "mean": 0,
    "median": 0,
    "variance": 0,
    "stdDev": 0,
    "confidence": 0,
    "low": 0,
    "high": 0,
    "count": 5
  },
  "Compilation.hashing: hash runtime chunks": {
    "min": 0,
    "max": 0,
    "mean": 0,
    "median": 0,
    "variance": 0,
    "stdDev": 0,
    "confidence": 0,
    "low": 0,
    "high": 0,
    "count": 5
  },
  "Compilation.hashing: process full hash chunks": {
    "min": 0,
    "max": 0,
    "mean": 0,
    "median": 0,
    "variance": 0,
    "stdDev": 0,
    "confidence": 0,
    "low": 0,
    "high": 0,
    "count": 5
  },
  "Compilation.hashing": {
    "min": 0,
    "max": 0,
    "mean": 0,
    "median": 0,
    "variance": 0,
    "stdDev": 0,
    "confidence": 0,
    "low": 0,
    "high": 0,
    "count": 5
  },
  "Compilation.create module assets": {
    "min": 0,
    "max": 0,
    "mean": 0,
    "median": 0,
    "variance": 0,
    "stdDev": 0,
    "confidence": 0,
    "low": 0,
    "high": 0,
    "count": 5
  },
  "Compilation.create chunk assets": {
    "min": 1,
    "max": 1,
    "mean": 1,
    "median": 1,
    "variance": 0,
    "stdDev": 0,
    "confidence": 0,
    "low": 1,
    "high": 1,
    "count": 5
  },
  "Compilation.process assets": {
    "min": 259,
    "max": 288,
    "mean": 271,
    "median": 274,
    "variance": 114.4,