{
  "stats": {
    "min": 827,
    "max": 863,
    "mean": 844.2,
    "median": 847,
    "variance": 152.95999999999998,
    "stdDev": 12.367699866992245,
    "confidence": 30.708131574031086,
    "low": 828.8459342129845,
    "high": 859.5540657870156,
    "count": 5
  },
  "heap memory": {
    "min": 9077456,
    "max": 9128656,
    "mean": 9103892.8,
    "median": 9103592,
    "variance": 270023055.35999995,
    "stdDev": 16432.37826244272,
    "confidence": 40800.44302369282,
    "low": 9083492.578488154,
    "high": 9124293.021511847,
    "count": 5
  },
  "rss memory": {
    "min": 646180864,
    "max": 687652864,
    "mean": 658782617.6,
    "median": 653590528,
    "variance": 217111432989245.44,
    "stdDev": 14734701.659322642,
    "confidence": 36585231.05546641,
    "low": 640490002.0722668,
    "high": 677075233.1277332,
    "count": 5
  },
  "external memory": {
    "min": 2767418,
    "max": 2767418,
    "mean": 2767418,
    "median": 2767418,
    "variance": 0,
    "stdDev": 0,
    "confidence": 0,
    "low": 2767418,
    "high": 2767418,
    "count": 5
  },
  "array buffers memory": {
    "min": 899363,
    "max": 899363,
    "mean": 899363,
    "median": 899363,
    "variance": 0,
    "stdDev": 0,
    "confidence": 0,
    "low": 899363,
    "high": 899363,
    "count": 5
  },
  "Compilation.build module graph": {
    "min": 186,
    "max": 198,
    "mean": 189,
    "median": 187,
    "variance": 20.8,
    "stdDev": 4.560701700396552,
    "confidence": 11.323902535786829,
    "low": 183.33804873210659,
    "high": 194.66195126789341,
    "count": 5
  },
  "Compilation.finish modules": {
    "min": 24,
    "max": 28,
    "mean": 25.8,
    "median": 25,
    "variance": 2.16,
    "stdDev": 1.469693845669907,
    "confidence": 3.649146767122417,
    "low": 23.975426616438792,
    "high": 27.62457338356121,
    "count": 5
  },
  "Compilation.seal": {
    "min": 0,
    "max": 0,
    "mean": 0,
    "median": 0,
    "variance": 0,
    "stdDev": 0,
    "confidence": 0,
    "low": 0,
    "high": 0,
    "count": 5
  },
  "Compilation.optimize dependencies": {
    "min": 26,
    "max": 30,
    "mean": 28.4,
    "median": 29,
    "variance": 1.8400000000000003,
    "stdDev": 1.3564659966250538,
    "confidence": 3.368009957229937,
    "low": 26.71599502138503,
    "high": 30.084004978614967,
    "count": 5
  },
  "Compilation.rebuild chunk graph": {
    "min": 34,
    "max": 40,
    "mean": 36.8,
    "median": 37,
    "variance": 6.159999999999999,
    "stdDev": 2.481934729198171,
    "confidence": 6.162469904835234,
    "low": 33.71876504758238,
    "high": 39.881234952417614,
    "count": 5
  },
  "Compilation.build chunk graph": {
    "min": 35,
    "max": 42,
    "mean": 38.2,
    "median": 38,
    "variance": 6.56,
    "stdDev": 2.5612496949731396,
    "confidence": 6.359403403464825,
    "low": 35.02029829826759,
    "high": 41.379701701732415,
    "count": 5
  },
  "Compilation.optimize modules": {
    "min": 0,
    "max": 0,
    "mean": 0,
    "median": 0,
    "variance": 0,
    "stdDev": 0,
    "confidence": 0,
    "low": 0,
    "high": 0,
    "count": 5
  },
  "Compilation.optimize chunks": {
    "min": 23,
    "max": 25,
    "mean": 23.8,
    "median": 24,
    "variance": 0.56,
    "stdDev": 0.7483314773547883,
    "confidence": 1.858054586926876,
    "low": 22.870972706536563,
    "high": 24.72902729346344,
    "count": 5
  },
  "Compilation.optimize tree": {
    "min": 0,
    "max": 0,
    "mean": 0,
    "median": 0,
    "variance": 0,
    "stdDev": 0,
    "confidence": 0,
    "low": 0,
    "high": 0,
    "count": 5
  },
  "Compilation.optimize chunk modules": {
    "min": 57,
    "max": 61,
    "mean": 59.2,
    "median": 59,
    "variance": 1.7599999999999998,
    "stdDev": 1.3266499161421599,
    "confidence": 3.293978720028406,
    "low": 57.5530106399858,
    "high": 60.846989360014206,
    "count": 5
  },
  "Compilation.module ids": {
    "min": 2,
    "max": 2,
    "mean": 2,
    "median": 2,
    "variance": 0,
    "stdDev": 0,
    "confidence": 0,
    "low": 2,
    "high": 2,
    "count": 5
  },
  "Compilation.chunk ids": {
    "min": 2,
    "max": 2,
    "mean": 2,
    "median": 2,
    "variance": 0,
    "stdDev": 0,
    "confidence": 0,
    "low": 2,
    "high": 2,
    "count": 5
  },
  "Compilation.assign runtime ids": {
    "min": 0,
    "max": 0,
    "mean": 0,
    "median": 0,
    "variance": 0,
    "stdDev": 0,
    "confidence": 0,
    "low": 0,
    "high": 0,
    "count": 5
  },
  "Compilation.optimize code generation": {
    "min": 4,
    "max": 4,
    "mean": 4,
    "median": 4,
    "variance": 0,
    "stdDev": 0,
    "confidence": 0,
    "low": 4,
    "high": 4,
    "count": 5
  },
  "Compilation.create module hashes": {
    "min": 37,
    "max": 42,
    "mean": 38.6,
    "median": 38,
    "variance": 3.04,
    "stdDev": 1.7435595774162693,
    "confidence": 4.329136176190346,
    "low": 36.43543191190483,
    "high": 40.764568088095174,
    "count": 5
  },
  "Compilation.module code generation cache": {
    "min": 0,
    "max": 0,
    "mean": 0,
    "median": 0,
    "variance": 0,
    "stdDev": 0,
    "confidence": 0,
    "low": 0,
    "high": 0,
    "count": 5
  },
  "Compilation.code generation": {
    "min": 121,
    "max": 124,
    "mean": 122.4,
    "median": 122,
    "variance": 1.04,
    "stdDev": 1.019803902718557,
    "confidence": 2.5321015840601717,
    "low": 121.13394920796992,
    "high": 123.66605079203009,
    "count": 5
  },
  "Compilation.runtime requirements.modules": {
    "min": 0,
    "max": 0,
    "mean": 0,
    "median": 0,
    "variance": 0,
    "stdDev": 0,
    "confidence": 0,
    "low": 0,
    "high": 0,
    "count": 5
  },
  "Compilation.runtime requirements.chunks": {
    "min": 0,
    "max": 0,
    "mean": 0,
    "median": 0,
    "variance": 0,
    "stdDev": 0,
    "confidence": 0,
    "low": 0,
    "high": 0,
    "count": 5
  },
  "Compilation.runtime requirements.entries": {
    "min": 0,
    "max": 0,
    "mean": 0,
    "median": 0,
    "variance": 0,
    "stdDev": 0,
    "confidence": 0,
    "low": 0,
    "high": 0,
    "count": 5
  },
  "Compilation.runtime requirements": {
    "min": 1,
    "max": 1,
    "mean": 1,
    "median": 1,
    "variance": 0,
    "stdDev": 0,
    "confidence": 0,
    "low": 1,
    "high": 1,
    "count": 5
  },
  "Compilation.hashing: hash chunks": {
    "min": 0,
    "max": 0,
    "mean": 0,
    "median": 0,
    "variance": 0,
    "stdDev": 0,
    "confidence": 0,
    "low": 0,
    "high": 0,
    "count": 5
  },
  "Compilation.hashing: hash runtime chunks": {
    "min": 0,
    "max": 0,
    "mean": 0,
    "median": 0,
    "variance": 0,
    "stdDev": 0,
    "confidence": 0,
    "low": 0,
    "high": 0,
    "count": 5
  },
  "Compilation.hashing: process full hash chunks": {
    "min": 0,
    "max": 0,
    "mean": 0,
    "median": 0,
    "variance": 0,
    "stdDev": 0,
    "confidence": 0,
    "low": 0,
    "high": 0,
    "count": 5
  },
  "Compilation.hashing": {
    "min": 0,
    "max": 0,
    "mean": 0,
    "median": 0,
    "variance": 0,
    "stdDev": 0,
    "confidence": 0,
    "low": 0,
    "high": 0,
    "count": 5
  },
  "Compilation.create module assets": {
    "min": 0,
    "max": 0,
    "mean": 0,
    "median": 0,
    "variance": 0,
    "stdDev": 0,
    "confidence": 0,
    "low": 0,
    "high": 0,
    "count": 5
  },
  "Compilation.create chunk assets": {
    "min": 1,
    "max": 1,
    "mean": 1,
    "median": 1,
    "variance": 0,
    "stdDev": 0,
    "confidence": 0,
    "low": 1,
    "high": 1,
    "count": 5
  },
  "Compilation.process assets": {
    "min": 253,
    "max": 275,
    "mean": 263.4,
    "median": 263,
    "variance": 63.04,
    "stdDev": 7.939773296511683,
    "confidence": 19.713900375927665,
    "low": 253.54304981203614,
    "high": 273.2569501879638,
    "count": 5
  },
  "Compilation.after process assets": {
    "min": 0,
    "max": 0,
    "mean": 0,
    "median": 0,
    "variance": 0,
    "stdDev": 0,