{
  "stats": {
    "min": 1794,
    "max": 1831,
    "mean": 1811.3,
    "median": 1810,
    "variance": 197.80999999999997,
    "stdDev": 14.064494303031303,
    "confidence": 20.120868267945298,
    "low": 1801.2395658660273,
    "high": 1821.3604341339726,
    "count": 10
  },
  "heap memory": {
    "min": 13179040,
    "max": 13332776,
    "mean": 13252905.6,
    "median": 13244252,
    "variance": 2744124835.8400006,
    "stdDev": 52384.39496491298,
    "confidence": 74941.87047719583,
    "low": 13215434.664761402,
    "high": 13290376.535238598,
    "count": 10
  },
  "rss memory": {
    "min": 896700416,
    "max": 959238144,
    "mean": 925290496,
    "median": 926386176,
    "variance": 329431796364083.2,
    "stdDev": 18150256.09637735,
    "confidence": 25966017.97947073,
    "low": 912307487.0102646,
    "high": 938273504.9897354,
    "count": 10
  },
  "external memory": {
    "min": 32464290,
    "max": 32464290,
    "mean": 32464290,
    "median": 32464290,
    "variance": 0,
    "stdDev": 0,
    "confidence": 0,
    "low": 32464290,
    "high": 32464290,
    "count": 10
  },
  "array buffers memory": {
    "min": 10598,
    "max": 10598,
    "mean": 10598,
    "median": 10598,
    "variance": 0,
    "stdDev": 0,
    "confidence": 0,
    "low": 10598,
    "high": 10598,
    "count": 10
  },
  "Compilation.finish modules": {
    "min": 23,
    "max": 27,
    "mean": 23.9,
    "median": 23,
    "variance": 2.09,
    "stdDev": 1.445683229480096,
    "confidence": 2.0682152653918777,
    "low": 22.86589236730406,
    "high": 24.934107632695937,
    "count": 10
  },
  "Compilation.optimize dependencies": {
    "min": 10,
    "max": 10,
    "mean": 10,
    "median": 10,
    "variance": 0,
    "stdDev": 0,
    "confidence": 0,
    "low": 10,
    "high": 10,
    "count": 10
  },
  "Compilation.create chunks": {
    "min": 74,
    "max": 79,
    "mean": 76,
    "median": 75,
    "variance": 2.8,
    "stdDev": 1.6733200530681511,
    "confidence": 2.393875786251243,
    "low": 74.80306210687438,
    "high": 77.19693789312562,
    "count": 10
  },
  "Compilation.optimize": {
    "min": 0,
    "max": 0,
    "mean": 0,
    "median": 0,
    "variance": 0,
    "stdDev": 0,
    "confidence": 0,
    "low": 0,
    "high": 0,
    "count": 10
  },
  "Compilation.module ids": {
    "min": 10,
    "max": 10,
    "mean": 10,
    "median": 10,
    "variance": 0,
    "stdDev": 0,
    "confidence": 0,
    "low": 10,
    "high": 10,
    "count": 10
  },
  "Compilation.chunk ids": {
    "min": 5,
    "max": 5,
    "mean": 5,
    "median": 5,
    "variance": 0,
    "stdDev": 0,
    "confidence": 0,
    "low": 5,
    "high": 5,
    "count": 10
  },
  "Compilation.optimize code generation": {
    "min": 0,
    "max": 0,
    "mean": 0,
    "median": 0,
    "variance": 0,
    "stdDev": 0,
    "confidence": 0,
    "low": 0,
    "high": 0,
    "count": 10
  },
  "Compilation.module code generation cache": {
    "min": 0,
    "max": 0,
    "mean": 0,
    "median": 0,
    "variance": 0,
    "stdDev": 0,
    "confidence": 0,
    "low": 0,
    "high": 0,
    "count": 10
  },
  "Compilation.code generation": {
    "min": 122,
    "max": 124,
    "mean": 123.3,
    "median": 123,
    "variance": 0.40999999999999986,
    "stdDev": 0.6403124237432848,
    "confidence": 0.9160401825247675,
    "low": 122.84197990873761,
    "high": 123.75802009126238,
    "count": 10
  },
  "Compilation.runtime requirements.modules": {
    "min": 5,
    "max": 6,
    "mean": 5.8,
    "median": 6,
    "variance": 0.15999999999999998,
    "stdDev": 0.39999999999999997,
    "confidence": 0.5722457653840696,
    "low": 5.513877117307965,
    "high": 6.086122882692035,
    "count": 10
  },
  "Compilation.runtime requirements.chunks": {
    "min": 2,
    "max": 2,
    "mean": 2,
    "median": 2,
    "variance": 0,
    "stdDev": 0,
    "confidence": 0,
    "low": 2,
    "high": 2,
    "count": 10
  },
  "Compilation.runtime requirements.entries": {
    "min": 0,
    "max": 0,
    "mean": 0,
    "median": 0,
    "variance": 0,
    "stdDev": 0,
    "confidence": 0,
    "low": 0,
    "high": 0,
    "count": 10
  },
  "Compilation.runtime requirements": {
    "min": 9,
    "max": 10,
    "mean": 9.5,
    "median": 9.5,
    "variance": 0.25,
    "stdDev": 0.5,
    "confidence": 0.7153072067300883,
    "low": 9.142346396634956,
    "high": 9.857653603365044,
    "count": 10
  },
  "Compilation.hashing: hash chunks": {
    "min": 3,
    "max": 3,
    "mean": 3,
    "median": 3,
    "variance": 0,
    "stdDev": 0,
    "confidence": 0,
    "low": 3,
    "high": 3,
    "count": 10
  },
  "Compilation.hashing: hash runtime chunks": {
    "min": 10,
    "max": 10,
    "mean": 10,
    "median": 10,
    "variance": 0,
    "stdDev": 0,
    "confidence": 0,
    "low": 10,
    "high": 10,
    "count": 10
  },
  "Compilation.hashing: process full hash chunks": {
    "min": 0,
    "max": 0,
    "mean": 0,
    "median": 0,
    "variance": 0,
    "stdDev": 0,
    "confidence": 0,
    "low": 0,
    "high": 0,
    "count": 10
  },
  "Compilation.hashing": {
    "min": 13,
    "max": 14,
    "mean": 13.1,
    "median": 13,
    "variance": 0.09,
    "stdDev": 0.3,
    "confidence": 0.42918432403805085,
    "low": 12.885407837980974,
    "high": 13.314592162019025,
    "count": 10
  },
  "Compilation.create module assets": {
    "min": 0,
    "max": 1,
    "mean": 0.2,
    "median": 0,
    "variance": 0.16000000000000003,
    "stdDev": 0.4,
    "confidence": 0.48612288269203496,
    "low": 0,
    "high": 0.48612288269203496,
    "count": 10
  },
  "Compilation.create chunk assets": {
    "min": 6,
    "max": 7,
    "mean": 6.1,
    "median": 6,
    "variance": 0.09,
    "stdDev": 0.3,
    "confidence": 0.4291843240380526,
    "low": 5.885407837980973,
    "high": 6.314592162019026,
    "count": 10
  },
  "Compilation.process assets": {
    "min": 187,
    "max": 193,
    "mean": 190.8,
    "median": 191.5,
    "variance": 4.359999999999999,
    "stdDev": 2.0880613017821097,
    "confidence": 2.987210594517876,
    "low": 189.30639470274107,
    "high": 192.29360529725895,
    "count": 10
  },
  "Compilation.after process assets": {
    "min": 0,
    "max": 0,
    "mean": 0,
    "median": 0,
    "variance": 0,
    "stdDev": 0,
    "confidence": 0,
    "low": 0,
    "high": 0,
    "count": 10
  },
  "Compilation.after seal": {
    "min": 0,
    "max": 0,
    "mean": 0,
    "median": 0,
    "variance": 0,
    "stdDev": 0,
    "confidence": 0,
    "low": 0,
    "high": 0,
    "count": 10
  },
  "Compiler.make hook": {
    "min": 0,
    "max": 0,
    "mean": 0,
    "median": 0,
    "variance": 0,
    "stdDev": 0,
    "confidence": 0,
    "low": 0,
    "high": 0,
    "count": 10
  },
  "Compiler.make": {
    "min": 1272,
    "max": 1308,
    "mean": 1290.1,
    "median": 1291,
    "variance": 170.49,
    "stdDev": 13.057181931795238,
    "confidence": 18.67979267079818,
    "low": 1280.7601036646008,
    "high": 1299.439896335399,
    "count": 10
  },
  "Compiler.finish make hook": {
    "min": 0,
    "max": 0,
    "mean": 0,
    "median": 0,
    "variance": 0,
    "stdDev": 0,
    "confidence": 0,
    "low": 0,
    "high": 0,
    "count": 10
  },
  "Compiler.finish compilation": {
    "min": 23,
    "max": 27,
    "mean": 24.1,
    "median": 23.5,
    "variance": 1.89,
    "stdDev": 1.374772708486752,
    "confidence": 1.966769651992827,
    "low": 23.116615174003588,
    "high": 25.083384825996415,
    "count": 10
  },
  "Compiler.seal compilation": {
    "min": 457,
    "max": 466,
    "mean": 461.7,
    "median": 462,
    "variance": 5.209999999999999,
    "stdDev": 2.2825424421026654,
    "confidence": 3.2654381170066245,
    "low": 460.0672809414967,
    "high": 463.3327190585033,
    "count": 10
  },
  "Compiler.emitAssets": {
    "min": 19,
    "max": 21,
    "mean": 20.1,
    "median": 20,
    "variance": 0.2899999999999999,
    "stdDev": 0.5385164807134504,
    "confidence": 0.7704094391945091,