{
  "stats": {
    "min": 756,
    "max": 780,
    "mean": 765.4,
    "median": 763,
    "variance": 72.24,
    "stdDev": 8.499411744350311,
    "confidence": 21.10344340130291,
    "low": 754.8482782993485,
    "high": 775.9517217006514,
    "count": 5
  },
  "heap memory": {
    "min": 8791784,
    "max": 8802960,
    "mean": 8797078.4,
    "median": 8794256,
    "variance": 21341578.240000002,
    "stdDev": 4619.694604624856,
    "confidence": 11470.377780534327,
    "low": 8791343.211109733,
    "high": 8802813.588890268,
    "count": 5
  },
  "rss memory": {
    "min": 574869504,
    "max": 595783680,
    "mean": 584214937.6,
    "median": 584114176,
    "variance": 53339887385968.64,
    "stdDev": 7303416.144926198,
    "confidence": 18133870.188494444,
    "low": 575148002.5057528,
    "high": 593281872.6942472,
    "count": 5
  },
  "external memory": {
    "min": 23380199,
    "max": 23380199,
    "mean": 23380199,
    "median": 23380199,
    "variance": 0,
    "stdDev": 0,
    "confidence": 0,
    "low": 23380199,
    "high": 23380199,
    "count": 5
  },
  "array buffers memory": {
    "min": 10515,
    "max": 10515,
    "mean": 10515,
    "median": 10515,
    "variance": 0,
    "stdDev": 0,
    "confidence": 0,
    "low": 10515,
    "high": 10515,
    "count": 5
  },
  "Compilation.build module graph": {
    "min": 477.573417,
    "max": 503.555243,
    "mean": 489.7520048,
    "median": 494.044782,
    "variance": 100.12196997575033,
    "stdDev": 10.006096640336347,
    "confidence": 24.84443635262994,
    "low": 477.32978662368504,
    "high": 502.174222976315,
    "count": 5
  },
  "Compilation.finish modules": {
    "min": 24.277522,
    "max": 25.914994,
    "mean": 25.1308112,
    "median": 25.487344,
    "variance": 0.49650619900776005,
    "stdDev": 0.7046319599675848,
    "confidence": 1.7495517493677823,
    "low": 24.25603532531611,
    "high": 26.00558707468389,
    "count": 5
  },
  "Compilation.seal": {
    "min": 0.003756,
    "max": 0.004145,
    "mean": 0.0039218,
    "median": 0.003848,
    "variance": 2.6064160000000045e-8,
    "stdDev": 0.000161443984093555,
    "confidence": 0.0004008540924098549,
    "low": 0.003721372953795072,
    "high": 0.004122227046204927,
    "count": 5
  },
  "Compilation.optimize dependencies": {
    "min": 2.227936,
    "max": 2.354426,
    "mean": 2.2780692,
    "median": 2.245704,
    "variance": 0.0023880459385600037,
    "stdDev": 0.04886763692424674,
    "confidence": 0.1213349159924828,
    "low": 2.2174017420037586,
    "high": 2.3387366579962414,
    "count": 5
  },
  "Compilation.rebuild chunk graph": {
    "min": 28.176427,
    "max": 31.0686,
    "mean": 29.7634536,
    "median": 29.842936,
    "variance": 0.8504047016714399,
    "stdDev": 0.9221738999079512,
    "confidence": 2.2896931326809025,
    "low": 28.618607033659547,
    "high": 30.90830016634045,
    "count": 5
  },
  "Compilation.build chunk graph": {
    "min": 30.709112,
    "max": 33.834615,
    "mean": 32.427168800000004,
    "median": 32.475961,
    "variance": 0.9965652656797591,
    "stdDev": 0.9982811556268901,
    "confidence": 2.47866211215889,
    "low": 31.187837743920557,
    "high": 33.66649985607945,
    "count": 5
  },
  "Compilation.optimize modules": {
    "min": 0.006885,
    "max": 0.014629,
    "mean": 0.0125574,
    "median": 0.013793,
    "variance": 0.000008174609840000001,
    "stdDev": 0.0028591274613070333,
    "confidence": 0.0070990130107429356,
    "low": 0.009007893494628532,
    "high": 0.016106906505371468,
    "count": 5
  },
  "Compilation.optimize chunks": {
    "min": 21.790057,
    "max": 24.391734,
    "mean": 23.182928600000004,
    "median": 23.774757,
    "variance": 1.3185237408042385,
    "stdDev": 1.1482698902280066,
    "confidence": 2.8510736232957328,
    "low": 21.757391788352137,
    "high": 24.60846541164787,
    "count": 5
  },
  "Compilation.optimize tree": {
    "min": 0.003113,
    "max": 0.003671,
    "mean": 0.003388,
    "median": 0.003443,
    "variance": 4.2320799999999975e-8,
    "stdDev": 0.00020572019832772856,
    "confidence": 0.0005107888278032711,
    "low": 0.0031326055860983644,
    "high": 0.0036433944139016355,
    "count": 5
  },
  "Compilation.optimize chunk modules": {
    "min": 0.00406,
    "max": 0.018501,
    "mean": 0.0071082,
    "median": 0.004354,
    "variance": 0.000032462961360000005,
    "stdDev": 0.005697627695804632,
    "confidence": 0.014146810063653485,
    "low": 0.000034794968173258896,
    "high": 0.014181605031826743,
    "count": 5
  },
  "Compilation.module ids": {
    "min": 4.142613,
    "max": 4.518898,
    "mean": 4.3438822,
    "median": 4.417282,
    "variance": 0.026861744214960032,
    "stdDev": 0.16389552835559618,
    "confidence": 0.40694110491565105,
    "low": 4.140411647542175,
    "high": 4.547352752457826,
    "count": 5
  },
  "Compilation.chunk ids": {
    "min": 2.465469,
    "max": 2.614175,
    "mean": 2.528141,
    "median": 2.504353,
    "variance": 0.002804430349999992,
    "stdDev": 0.052956872547385125,
    "confidence": 0.13148820131659456,
    "low": 2.462396899341703,
    "high": 2.5938851006582975,
    "count": 5
  },
  "Compilation.assign runtime ids": {
    "min": 0.002869,
    "max": 0.004072,
    "mean": 0.0032652000000000002,
    "median": 0.003088,
    "variance": 1.8054375999999998e-7,
    "stdDev": 0.00042490441278009806,
    "confidence": 0.0010550078635770486,
    "low": 0.002737696068211476,
    "high": 0.0037927039317885245,
    "count": 5
  },
  "Compilation.optimize code generation": {
    "min": 0.003177,
    "max": 0.004822,
    "mean": 0.0040652,
    "median": 0.004129,
    "variance": 2.781797599999999e-7,
    "stdDev": 0.0005274274926470935,
    "confidence": 0.001309565482195605,
    "low": 0.003410417258902197,
    "high": 0.004719982741097802,
    "count": 5
  },
  "Compilation.create module hashes": {
    "min": 15.062957,
    "max": 15.974815,
    "mean": 15.5469854,
    "median": 15.604628,
    "variance": 0.09469866023943985,
    "stdDev": 0.3077314742424633,
    "confidence": 0.7640756730949221,
    "low": 15.16494756345254,
    "high": 15.929023236547462,
    "count": 5
  },
  "Compilation.module code generation cache": {
    "min": 0,
    "max": 0,
    "mean": 0,
    "median": 0,
    "variance": 0,
    "stdDev": 0,
    "confidence": 0,
    "low": 0,
    "high": 0,
    "count": 5
  },
  "Compilation.code generation": {
    "min": 74.370578,
    "max": 80.477442,
    "mean": 78.0610234,
    "median": 78.275238,
    "variance": 4.084450755461445,
    "stdDev": 2.021002413521925,
    "confidence": 5.018007284563765,
    "low": 75.55201975771811,
    "high": 80.57002704228188,
    "count": 5
  },
  "Compilation.runtime requirements.modules": {
    "min": 8.155029,
    "max": 9.25808,
    "mean": 8.686857400000001,
    "median": 8.582343,
    "variance": 0.14022277272823977,
    "stdDev": 0.3744633129269672,
    "confidence": 0.9297661494598799,
    "low": 8.221974325270061,
    "high": 9.151740474729941,
    "count": 5
  },
  "Compilation.runtime requirements.chunks": {
    "min": 0.373213,
    "max": 0.487712,
    "mean": 0.42491260000000003,
    "median": 0.422521,
    "variance": 0.0021221397578400003,
    "stdDev": 0.04606668815793035,
    "confidence": 0.11438035660204049,
    "low": 0.3677224216989798,
    "high": 0.4821027783010203,
    "count": 5
  },
  "Compilation.runtime requirements.entries": {
    "min": 0.469918,
    "max": 0.504638,
    "mean": 0.48758660000000004,
    "median": 0.486213,
    "variance": 0.00013222976504000017,
    "stdDev": 0.011499120185475067,
    "confidence": 0.028551509127706542,
    "low": 0.47331084543614677,
    "high": 0.5018623545638533,
    "count": 5
  },
  "Compilation.runtime requirements": {
    "min": 9.325765,
    "max": 10.351779,
    "mean": 9.8248892,
    "median": 9.750452,
    "variance": 0.13199197627495998,
    "stdDev": 0.36330700003572736,
    "confidence": 0.9020658068068705,
    "low": 9.373856296596564,