{
  "stats": {
    "min": 2169,
    "max": 2397,
    "mean": 2236.6,
    "median": 2203,
    "variance": 6675.839999999999,
    "stdDev": 81.70581374663617,
    "confidence": 202.86980650227906,
    "low": 2135.1650967488604,
    "high": 2338.0349032511394,
    "count": 5
  },
  "heap memory": {
    "min": 14407040,
    "max": 14635176,
    "mean": 14531353.6,
    "median": 14528632,
    "variance": 6196721853.44,
    "stdDev": 78719.25973635676,
    "confidence": 195454.402305305,
    "low": 14433626.398847347,
    "high": 14629080.801152652,
    "count": 5
  },
  "rss memory": {
    "min": 801329152,
    "max": 843640832,
    "mean": 820216627.2,
    "median": 821190656,
    "variance": 195281971797032.94,
    "stdDev": 13974332.606497992,
    "confidence": 34697288.01269603,
    "low": 802867983.193652,
    "high": 837565271.2063481,
    "count": 5
  },
  "external memory": {
    "min": 7091785,
    "max": 7091785,
    "mean": 7091785,
    "median": 7091785,
    "variance": 0,
    "stdDev": 0,
    "confidence": 0,
    "low": 7091785,
    "high": 7091785,
    "count": 5
  },
  "array buffers memory": {
    "min": 21776,
    "max": 21776,
    "mean": 21776,
    "median": 21776,
    "variance": 0,
    "stdDev": 0,
    "confidence": 0,
    "low": 21776,
    "high": 21776,
    "count": 5
  },
  "Compilation.finish modules": {
    "min": 21,
    "max": 23,
    "mean": 22,
    "median": 22,
    "variance": 0.4,
    "stdDev": 0.6324555320336759,
    "confidence": 1.5703427396590826,
    "low": 21.21482863017046,
    "high": 22.78517136982954,
    "count": 5
  },
  "Compilation.optimize dependencies": {
    "min": 102,
    "max": 118,
    "mean": 112.8,
    "median": 115,
    "variance": 35.760000000000005,
    "stdDev": 5.979966555090422,
    "confidence": 14.847837654284888,
    "low": 105.37608117285755,
    "high": 120.22391882714244,
    "count": 5
  },
  "Compilation.rebuild chunk graph": {
    "min": 39,
    "max": 41,
    "mean": 39.6,
    "median": 39,
    "variance": 0.64,
    "stdDev": 0.8,
    "confidence": 1.986343905772614,
    "low": 38.606828047113694,
    "high": 40.59317195288631,
    "count": 5
  },
  "Compilation.create chunks": {
    "min": 63,
    "max": 68,
    "mean": 65,
    "median": 65,
    "variance": 2.8,
    "stdDev": 1.6733200530681511,
    "confidence": 4.1547363622737805,
    "low": 62.92263181886311,
    "high": 67.07736818113689,
    "count": 5
  },
  "Compilation.optimize": {
    "min": 180,
    "max": 187,
    "mean": 184.4,
    "median": 186,
    "variance": 8.239999999999998,
    "stdDev": 2.8705400188814645,
    "confidence": 7.127349590977019,
    "low": 180.8363252045115,
    "high": 187.96367479548852,
    "count": 5
  },
  "Compilation.module ids": {
    "min": 3,
    "max": 3,
    "mean": 3,
    "median": 3,
    "variance": 0,
    "stdDev": 0,
    "confidence": 0,
    "low": 3,
    "high": 3,
    "count": 5
  },
  "Compilation.chunk ids": {
    "min": 3,
    "max": 3,
    "mean": 3,
    "median": 3,
    "variance": 0,
    "stdDev": 0,
    "confidence": 0,
    "low": 3,
    "high": 3,
    "count": 5
  },
  "Compilation.optimize code generation": {
    "min": 25,
    "max": 26,
    "mean": 25.2,
    "median": 25,
    "variance": 0.16,
    "stdDev": 0.4,
    "confidence": 0.993171952886307,
    "low": 24.703414023556846,
    "high": 25.696585976443153,
    "count": 5
  },
  "Compilation.module code generation cache": {
    "min": 0,
    "max": 0,
    "mean": 0,
    "median": 0,
    "variance": 0,
    "stdDev": 0,
    "confidence": 0,
    "low": 0,
    "high": 0,
    "count": 5
  },
  "Compilation.code generation": {
    "min": 316,
    "max": 372,
    "mean": 331.6,
    "median": 323,
    "variance": 417.03999999999996,
    "stdDev": 20.4215572373901,
    "confidence": 50.705294706095515,
    "low": 306.24735264695227,
    "high": 356.9526473530478,
    "count": 5
  },
  "Compilation.runtime requirements.modules": {
    "min": 4,
    "max": 8,
    "mean": 5.4,
    "median": 4,
    "variance": 3.04,
    "stdDev": 1.7435595774162693,
    "confidence": 4.3291361761903495,
    "low": 3.235431911904826,
    "high": 7.564568088095175,
    "count": 5
  },
  "Compilation.runtime requirements.chunks": {
    "min": 0,
    "max": 0,
    "mean": 0,
    "median": 0,
    "variance": 0,
    "stdDev": 0,
    "confidence": 0,
    "low": 0,
    "high": 0,
    "count": 5
  },
  "Compilation.runtime requirements.entries": {
    "min": 0,
    "max": 0,
    "mean": 0,
    "median": 0,
    "variance": 0,
    "stdDev": 0,
    "confidence": 0,
    "low": 0,
    "high": 0,
    "count": 5
  },
  "Compilation.runtime requirements": {
    "min": 5,
    "max": 9,
    "mean": 6.6,
    "median": 5,
    "variance": 3.84,
    "stdDev": 1.9595917942265424,
    "confidence": 4.865529022829892,
    "low": 4.167235488585054,
    "high": 9.032764511414946,
    "count": 5
  },
  "Compilation.hashing: hash chunks": {
    "min": 0,
    "max": 0,
    "mean": 0,
    "median": 0,
    "variance": 0,
    "stdDev": 0,
    "confidence": 0,
    "low": 0,
    "high": 0,
    "count": 5
  },
  "Compilation.hashing: hash runtime chunks": {
    "min": 0,
    "max": 0,
    "mean": 0,
    "median": 0,
    "variance": 0,
    "stdDev": 0,
    "confidence": 0,
    "low": 0,
    "high": 0,
    "count": 5
  },
  "Compilation.hashing: process full hash chunks": {
    "min": 0,
    "max": 0,
    "mean": 0,
    "median": 0,
    "variance": 0,
    "stdDev": 0,
    "confidence": 0,
    "low": 0,
    "high": 0,
    "count": 5
  },
  "Compilation.hashing": {
    "min": 0,
    "max": 1,
    "mean": 0.2,
    "median": 0,
    "variance": 0.16000000000000003,
    "stdDev": 0.4,
    "confidence": 0.6965859764431532,
    "low": 0,
    "high": 0.6965859764431532,
    "count": 5
  },
  "Compilation.create module assets": {
    "min": 0,
    "max": 2,
    "mean": 1,
    "median": 1,
    "variance": 0.4,
    "stdDev": 0.6324555320336759,
    "confidence": 1.5703427396590843,
    "low": 0.21482863017045772,
    "high": 1.7851713698295422,
    "count": 5
  },
  "Compilation.create chunk assets": {
    "min": 1,
    "max": 1,
    "mean": 1,
    "median": 1,
    "variance": 0,
    "stdDev": 0,
    "confidence": 0,
    "low": 1,
    "high": 1,
    "count": 5
  },
  "Compilation.process assets": {
    "min": 517,
    "max": 647,
    "mean": 550.8,
    "median": 536,
    "variance": 2382.1600000000003,
    "stdDev": 48.807376491673885,
    "confidence": 121.18529356373233,
    "low": 490.2073532181338,
    "high": 611.3926467818661,
    "count": 5
  },
  "Compilation.after process assets": {
    "min": 0,
    "max": 0,
    "mean": 0,
    "median": 0,
    "variance": 0,
    "stdDev": 0,
    "confidence": 0,
    "low": 0,
    "high": 0,
    "count": 5
  },
  "Compilation.after seal": {
    "min": 0,
    "max": 0,
    "mean": 0,
    "median": 0,
    "variance": 0,
    "stdDev": 0,
    "confidence": 0,
    "low": 0,
    "high": 0,
    "count": 5
  },
  "Compiler.make hook": {
    "min": 2,
    "max": 2,
    "mean": 2,
    "median": 2,
    "variance": 0,
    "stdDev": 0,
    "confidence": 0,
    "low": 2,
    "high": 2,
    "count": 5
  },
  "Compiler.make": {
    "min": 636,
    "max": 653,
    "mean": 641.8,
    "median": 640,
    "variance": 34.160000000000004,
    "stdDev": 5.844655678480984,
    "confidence": 14.511870235362494,
    "low": 634.5440648823187,
    "high": 649.0559351176812,
    "count": 5
  },
  "Compiler.finish make hook": {
    "min": 0,
    "max": 0,
    "mean": 0,
    "median": 0,
    "variance": 0,
    "stdDev": 0,
    "confidence": 0,
    "low": 0,
    "high": 0,
    "count": 5
  },
  "Compiler.finish compilation": {
    "min": 60,
    "max": 63,
    "mean": 60.8,
    "median": 60,
    "variance": 1.3599999999999999,
    "stdDev": 1.16619037896906,
    "confidence": 2.895568940294808,
    "low": 59.35221552985259,
    "high": 62.2477844701474,
    "count": 5
  },
  "Compiler.seal compilation": {
    "min": 1380,
    "max": 1587,
    "mean": 1443.4,
    "median": 1413,