{
  "stats": {
    "min": 2219,
    "max": 2300,
    "mean": 2267.6,
    "median": 2274,
    "variance": 717.0399999999997,
    "stdDev": 26.77760258126182,
    "confidence": 66.4869096231132,
    "low": 2234.3565451884433,
    "high": 2300.8434548115565,
    "count": 5
  },
  "heap memory": {
    "min": 53826272,
    "max": 54122688,
    "mean": 53982376,
    "median": 54010008,
    "variance": 12232323276.8,
    "stdDev": 110599.83398179221,
    "confidence": 274611.6327614933,
    "low": 53845070.18361925,
    "high": 54119681.81638075,
    "count": 5
  },
  "rss memory": {
    "min": 631513088,
    "max": 643772416,
    "mean": 636391424,
    "median": 634380288,
    "variance": 20273480440217.6,
    "stdDev": 4502608.181956054,
    "confidence": 11179660.402887821,
    "low": 630801593.7985561,
    "high": 641981254.2014439,
    "count": 5
  },
  "external memory": {
    "min": 8511078,
    "max": 8519270,
    "mean": 8514354.8,
    "median": 8511078,
    "variance": 16106127.36,
    "stdDev": 4013.243994575959,
    "confidence": 9964.60343875736,
    "low": 8509372.498280622,
    "high": 8519337.10171938,
    "count": 5
  },
  "array buffers memory": {
    "min": 489122,
    "max": 497314,
    "mean": 492398.8,
    "median": 489122,
    "variance": 16106127.36,
    "stdDev": 4013.243994575959,
    "confidence": 9964.603438755614,
    "low": 487416.4982806222,
    "high": 497381.1017193778,
    "count": 5
  },
  "Compilation.build module graph": {
    "min": 1065,
    "max": 1121,
    "mean": 1102.2,
    "median": 1116,
    "variance": 450.15999999999997,
    "stdDev": 21.216974336601343,
    "confidence": 52.680259590552396,
    "low": 1075.8598702047238,
    "high": 1128.5401297952762,
    "count": 5
  },
  "Compilation.finish modules": {
    "min": 7,
    "max": 8,
    "mean": 7.6,
    "median": 8,
    "variance": 0.24000000000000005,
    "stdDev": 0.48989794855663565,
    "confidence": 1.2163822557074724,
    "low": 6.9918088721462635,
    "high": 8.208191127853736,
    "count": 5
  },
  "Compilation.seal": {
    "min": 0,
    "max": 0,
    "mean": 0,
    "median": 0,
    "variance": 0,
    "stdDev": 0,
    "confidence": 0,
    "low": 0,
    "high": 0,
    "count": 5
  },
  "Compilation.optimize dependencies": {
    "min": 10,
    "max": 11,
    "mean": 10.6,
    "median": 11,
    "variance": 0.24000000000000005,
    "stdDev": 0.48989794855663565,
    "confidence": 1.2163822557074724,
    "low": 9.991808872146263,
    "high": 11.208191127853736,
    "count": 5
  },
  "Compilation.rebuild chunk graph": {
    "min": 8,
    "max": 9,
    "mean": 8.8,
    "median": 9,
    "variance": 0.15999999999999998,
    "stdDev": 0.39999999999999997,
    "confidence": 0.993171952886307,
    "low": 8.303414023556847,
    "high": 9.296585976443154,
    "count": 5
  },
  "Compilation.build chunk graph": {
    "min": 8,
    "max": 9,
    "mean": 8.8,
    "median": 9,
    "variance": 0.15999999999999998,
    "stdDev": 0.39999999999999997,
    "confidence": 0.993171952886307,
    "low": 8.303414023556847,
    "high": 9.296585976443154,
    "count": 5
  },
  "Compilation.optimize modules": {
    "min": 0,
    "max": 0,
    "mean": 0,
    "median": 0,
    "variance": 0,
    "stdDev": 0,
    "confidence": 0,
    "low": 0,
    "high": 0,
    "count": 5
  },
  "Compilation.optimize chunks": {
    "min": 6,
    "max": 6,
    "mean": 6,
    "median": 6,
    "variance": 0,
    "stdDev": 0,
    "confidence": 0,
    "low": 6,
    "high": 6,
    "count": 5
  },
  "Compilation.optimize tree": {
    "min": 0,
    "max": 0,
    "mean": 0,
    "median": 0,
    "variance": 0,
    "stdDev": 0,
    "confidence": 0,
    "low": 0,
    "high": 0,
    "count": 5
  },
  "Compilation.optimize chunk modules": {
    "min": 14,
    "max": 15,
    "mean": 14.2,
    "median": 14,
    "variance": 0.16,
    "stdDev": 0.4,
    "confidence": 0.993171952886307,
    "low": 13.703414023556846,
    "high": 14.696585976443153,
    "count": 5
  },
  "Compilation.module ids": {
    "min": 1,
    "max": 1,
    "mean": 1,
    "median": 1,
    "variance": 0,
    "stdDev": 0,
    "confidence": 0,
    "low": 1,
    "high": 1,
    "count": 5
  },
  "Compilation.chunk ids": {
    "min": 2,
    "max": 2,
    "mean": 2,
    "median": 2,
    "variance": 0,
    "stdDev": 0,
    "confidence": 0,
    "low": 2,
    "high": 2,
    "count": 5
  },
  "Compilation.assign runtime ids": {
    "min": 0,
    "max": 0,
    "mean": 0,
    "median": 0,
    "variance": 0,
    "stdDev": 0,
    "confidence": 0,
    "low": 0,
    "high": 0,
    "count": 5
  },
  "Compilation.optimize code generation": {
    "min": 0,
    "max": 0,
    "mean": 0,
    "median": 0,
    "variance": 0,
    "stdDev": 0,
    "confidence": 0,
    "low": 0,
    "high": 0,
    "count": 5
  },
  "Compilation.create module hashes": {
    "min": 6,
    "max": 8,
    "mean": 7,
    "median": 7,
    "variance": 0.4,
    "stdDev": 0.6324555320336759,
    "confidence": 1.5703427396590843,
    "low": 6.214828630170458,
    "high": 7.785171369829542,
    "count": 5
  },
  "Compilation.code generation": {
    "min": 38,
    "max": 44,
    "mean": 40.4,
    "median": 39,
    "variance": 5.04,
    "stdDev": 2.244994432064365,
    "confidence": 5.574163760780621,
    "low": 37.61291811960969,
    "high": 43.18708188039031,
    "count": 5
  },
  "Compilation.runtime requirements.modules": {
    "min": 0,
    "max": 1,
    "mean": 0.2,
    "median": 0,
    "variance": 0.16000000000000003,
    "stdDev": 0.4,
    "confidence": 0.6965859764431532,
    "low": 0,
    "high": 0.6965859764431532,
    "count": 5
  },
  "Compilation.runtime requirements.chunks": {
    "min": 0,
    "max": 0,
    "mean": 0,
    "median": 0,
    "variance": 0,
    "stdDev": 0,
    "confidence": 0,
    "low": 0,
    "high": 0,
    "count": 5
  },
  "Compilation.runtime requirements.entries": {
    "min": 0,
    "max": 1,
    "mean": 0.2,
    "median": 0,
    "variance": 0.16000000000000003,
    "stdDev": 0.4,
    "confidence": 0.6965859764431532,
    "low": 0,
    "high": 0.6965859764431532,
    "count": 5
  },
  "Compilation.runtime requirements": {
    "min": 1,
    "max": 2,
    "mean": 1.4,
    "median": 1,
    "variance": 0.24,
    "stdDev": 0.4898979485566356,
    "confidence": 1.216382255707473,
    "low": 0.7918088721462635,
    "high": 2.0081911278537365,
    "count": 5
  },
  "Compilation.hashing: hash chunks": {
    "min": 0,
    "max": 0,
    "mean": 0,
    "median": 0,
    "variance": 0,
    "stdDev": 0,
    "confidence": 0,
    "low": 0,
    "high": 0,
    "count": 5
  },
  "Compilation.hashing: hash runtime chunks": {
    "min": 0,
    "max": 0,
    "mean": 0,
    "median": 0,
    "variance": 0,
    "stdDev": 0,
    "confidence": 0,
    "low": 0,
    "high": 0,
    "count": 5
  },
  "Compilation.hashing: process full hash chunks": {
    "min": 0,
    "max": 0,
    "mean": 0,
    "median": 0,
    "variance": 0,
    "stdDev": 0,
    "confidence": 0,
    "low": 0,
    "high": 0,
    "count": 5
  },
  "Compilation.hashing": {
    "min": 1,
    "max": 1,
    "mean": 1,
    "median": 1,
    "variance": 0,
    "stdDev": 0,
    "confidence": 0,
    "low": 1,
    "high": 1,
    "count": 5
  },
  "Compilation.create module assets": {
    "min": 0,
    "max": 0,
    "mean": 0,
    "median": 0,
    "variance": 0,
    "stdDev": 0,
    "confidence": 0,
    "low": 0,
    "high": 0,
    "count": 5
  },
  "Compilation.create chunk assets": {
    "min": 1,
    "max": 2,
    "mean": 1.6,
    "median": 2,
    "variance": 0.24,
    "stdDev": 0.4898979485566356,
    "confidence": 1.216382255707473,
    "low": 0.9918088721462637,
    "high": 2.2081911278537367,
    "count": 5
  },
  "Compilation.process assets": {
    "min": 1002,
    "max": 1038,
    "mean": 1022,
    "median": 1019,
    "variance": 182,
    "stdDev": 13.490737563232042,
    "confidence": 33.49655542887956,
    "low": 1005.2517222855603,
    "high": 1038.7482777144398,
    "count": 5
  },