{
  "stats": {
    "min": 263.54545454545456,
    "max": 278.90909090909093,
    "mean": 268.05454545454546,
    "median": 266.54545454545456,
    "variance": 31.168925619834816,
    "stdDev": 5.582913721331794,
    "confidence": 13.861983308527101,
    "low": 261.1235538002819,
    "high": 274.985537108809,
    "count": 5
  },
  "heap memory": {
    "min": 95676704.72727273,
    "max": 150916332.36363637,
    "mean": 133576013.52727275,
    "median": 144130369.45454547,
    "variance": 392021136573965.6,
    "stdDev": 19799523.64512757,
    "confidence": 49160828.91212489,
    "low": 108995599.07121031,
    "high": 158156427.9833352,
    "count": 5
  },
  "rss memory": {
    "min": 831577739.6363636,
    "max": 904136145.4545455,
    "mean": 877405798.4,
    "median": 878942766.5454545,
    "variance": 623948651669197.6,
    "stdDev": 24978964.183272246,
    "confidence": 62021016.59744406,
    "low": 846395290.101278,
    "high": 908416306.698722,
    "count": 5
  },
  "external memory": {
    "min": 71526257.0909091,
    "max": 93569612.18181819,
    "mean": 82307753.43636364,
    "median": 81029288.72727273,
    "variance": 96198380163415.2,
    "stdDev": 9808077.29187608,
    "confidence": 24352768.195080996,
    "low": 70131369.33882314,
    "high": 94484137.53390414,
    "count": 5
  },
  "array buffers memory": {
    "min": 24310780.727272727,
    "max": 38383047.18181818,
    "mean": 31827695.690909095,
    "median": 30603670.818181816,
    "variance": 32601960651867.27,
    "stdDev": 5709812.663465175,
    "confidence": 14177064.483971674,
    "low": 24739163.448923256,
    "high": 38916227.93289493,
    "count": 5
  },
  "Compilation.finish modules": {
    "min": 14.818181818181818,
    "max": 16,
    "mean": 15.145454545454545,
    "median": 15,
    "variance": 0.187107438016529,
    "stdDev": 0.43255917284982986,
    "confidence": 1.0740140960953788,
    "low": 14.608447497406855,
    "high": 15.682461593502234,
    "count": 5
  },
  "Compilation.optimize dependencies": {
    "min": 0,
    "max": 0,
    "mean": 0,
    "median": 0,
    "variance": 0,
    "stdDev": 0,
    "confidence": 0,
    "low": 0,
    "high": 0,
    "count": 5
  },
  "Compilation.rebuild chunk graph": {
    "min": 15.636363636363637,
    "max": 17.09090909090909,
    "mean": 15.98181818181818,
    "median": 15.636363636363637,
    "variance": 0.3186776859504127,
    "stdDev": 0.564515443500364,
    "confidence": 1.40165226363934,
    "low": 15.280992049998511,
    "high": 16.68264431363785,
    "count": 5
  },
  "Compilation.create chunks": {
    "min": 20.363636363636363,
    "max": 22.181818181818183,
    "mean": 20.81818181818182,
    "median": 20.545454545454547,
    "variance": 0.4760330578512405,
    "stdDev": 0.6899514894912834,
    "confidence": 1.7131011705371861,
    "low": 19.961631232913227,
    "high": 21.674732403450413,
    "count": 5
  },
  "Compilation.optimize": {
    "min": 0,
    "max": 0,
    "mean": 0,
    "median": 0,
    "variance": 0,
    "stdDev": 0,
    "confidence": 0,
    "low": 0,
    "high": 0,
    "count": 5
  },
  "Compilation.module ids": {
    "min": 0,
    "max": 0.09090909090909091,
    "mean": 0.03636363636363636,
    "median": 0,
    "variance": 0.0019834710743801653,
    "stdDev": 0.04453617714151233,
    "confidence": 0.09165373889579422,
    "low": 0,
    "high": 0.09165373889579422,
    "count": 5
  },
  "Compilation.chunk ids": {
    "min": 0,
    "max": 0,
    "mean": 0,
    "median": 0,
    "variance": 0,
    "stdDev": 0,
    "confidence": 0,
    "low": 0,
    "high": 0,
    "count": 5
  },
  "Compilation.optimize code generation": {
    "min": 0,
    "max": 0,
    "mean": 0,
    "median": 0,
    "variance": 0,
    "stdDev": 0,
    "confidence": 0,
    "low": 0,
    "high": 0,
    "count": 5
  },
  "Compilation.module code generation cache": {
    "min": 0,
    "max": 0,
    "mean": 0,
    "median": 0,
    "variance": 0,
    "stdDev": 0,
    "confidence": 0,
    "low": 0,
    "high": 0,
    "count": 5
  },
  "Compilation.code generation": {
    "min": 8,
    "max": 8.454545454545455,
    "mean": 8.2,
    "median": 8.181818181818182,
    "variance": 0.024462809917355405,
    "stdDev": 0.15640591394622969,
    "confidence": 0.3883449174923612,
    "low": 8.005827541253819,
    "high": 8.39417245874618,
    "count": 5
  },
  "Compilation.runtime requirements.modules": {
    "min": 0,
    "max": 0,
    "mean": 0,
    "median": 0,
    "variance": 0,
    "stdDev": 0,
    "confidence": 0,
    "low": 0,
    "high": 0,
    "count": 5
  },
  "Compilation.runtime requirements.chunks": {
    "min": 0,
    "max": 0,
    "mean": 0,
    "median": 0,
    "variance": 0,
    "stdDev": 0,
    "confidence": 0,
    "low": 0,
    "high": 0,
    "count": 5
  },
  "Compilation.runtime requirements.entries": {
    "min": 0,
    "max": 0,
    "mean": 0,
    "median": 0,
    "variance": 0,
    "stdDev": 0,
    "confidence": 0,
    "low": 0,
    "high": 0,
    "count": 5
  },
  "Compilation.runtime requirements": {
    "min": 0,
    "max": 0.09090909090909091,
    "mean": 0.01818181818181818,
    "median": 0,
    "variance": 0.0013223140495867767,
    "stdDev": 0.03636363636363636,
    "confidence": 0.06332599785846847,
    "low": 0,
    "high": 0.06332599785846847,
    "count": 5
  },
  "Compilation.hashing: hash chunks": {
    "min": 0,
    "max": 0,
    "mean": 0,
    "median": 0,
    "variance": 0,
    "stdDev": 0,
    "confidence": 0,
    "low": 0,
    "high": 0,
    "count": 5
  },
  "Compilation.hashing: hash runtime chunks": {
    "min": 3.090909090909091,
    "max": 3.6363636363636362,
    "mean": 3.381818181818182,
    "median": 3.3636363636363638,
    "variance": 0.03107438016528925,
    "stdDev": 0.17627926754241194,
    "confidence": 0.43768906099616256,
    "low": 3.1629736513201006,
    "high": 3.600662712316263,
    "count": 5
  },
  "Compilation.hashing: process full hash chunks": {
    "min": 0,
    "max": 0,
    "mean": 0,
    "median": 0,
    "variance": 0,
    "stdDev": 0,
    "confidence": 0,
    "low": 0,
    "high": 0,
    "count": 5
  },
  "Compilation.hashing": {
    "min": 3.4545454545454546,
    "max": 3.727272727272727,
    "mean": 3.581818181818182,
    "median": 3.6363636363636362,
    "variance": 0.01190082644628097,
    "stdDev": 0.10909090909090899,
    "confidence": 0.27086507805990134,
    "low": 3.4463856427882313,
    "high": 3.7172507208481327,
    "count": 5
  },
  "Compilation.create module assets": {
    "min": 0,
    "max": 0,
    "mean": 0,
    "median": 0,
    "variance": 0,
    "stdDev": 0,
    "confidence": 0,
    "low": 0,
    "high": 0,
    "count": 5
  },
  "Compilation.create chunk assets": {
    "min": 5.636363636363637,
    "max": 6.090909090909091,
    "mean": 5.763636363636364,
    "median": 5.636363636363637,
    "variance": 0.03173553719008258,
    "stdDev": 0.17814470856604914,
    "confidence": 0.4423208202572617,
    "low": 5.542475953507733,
    "high": 5.9847967737649945,
    "count": 5
  },
  "Compilation.process assets": {
    "min": 103.36363636363636,
    "max": 111.63636363636364,
    "mean": 105.67272727272727,
    "median": 103.9090909090909,
    "variance": 9.489586776859522,
    "stdDev": 3.0805172904659246,
    "confidence": 7.64870843318019,
    "low": 101.84837305613718,
    "high": 109.49708148931737,
    "count": 5
  },
  "Compilation.after process assets": {
    "min": 0,
    "max": 0,
    "mean": 0,
    "median": 0,
    "variance": 0,
    "stdDev": 0,
    "confidence": 0,
    "low": 0,
    "high": 0,
    "count": 5
  },
  "Compilation.after seal": {
    "min": 0,
    "max": 0,
    "mean": 0,
    "median": 0,
    "variance": 0,
    "stdDev": 0,
    "confidence": 0,
    "low": 0,
    "high": 0,
    "count": 5
  },
  "Compiler.make hook": {
    "min": 0,
    "max": 0.09090909090909091,
    "mean": 0.01818181818181818,
    "median": 0,
    "variance": 0.0013223140495867767,
    "stdDev": 0.03636363636363636,
    "confidence": 0.06332599785846847,
    "low": 0,