{
  "stats": {
    "min": 2294,
    "max": 2375,
    "mean": 2342,
    "median": 2342,
    "variance": 737.2,
    "stdDev": 27.151427218472328,
    "confidence": 67.41508998555128,
    "low": 2308.2924550072244,
    "high": 2375.7075449927756,
    "count": 5
  },
  "heap memory": {
    "min": 63957320,
    "max": 65504528,
    "mean": 64637512,
    "median": 64346752,
    "variance": 424200704256,
    "stdDev": 651306.9201659076,
    "confidence": 1617149.4145738482,
    "low": 63828937.292713076,
    "high": 65446086.707286924,
    "count": 5
  },
  "rss memory": {
    "min": 606871552,
    "max": 675934208,
    "mean": 645791744,
    "median": 658665472,
    "variance": 613112567614668.8,
    "stdDev": 24761109.98349365,
    "confidence": 61480099.89484763,
    "low": 615051694.0525762,
    "high": 676531793.9474238,
    "count": 5
  },
  "external memory": {
    "min": 8511341,
    "max": 8603494,
    "mean": 8548202.2,
    "median": 8511341,
    "variance": 2038122098.1599998,
    "stdDev": 45145.56565333964,
    "confidence": 112093.27401021123,
    "low": 8492155.562994894,
    "high": 8604248.837005105,
    "count": 5
  },
  "array buffers memory": {
    "min": 489245,
    "max": 581398,
    "mean": 526106.2,
    "median": 489245,
    "variance": 2038122098.1599998,
    "stdDev": 45145.56565333964,
    "confidence": 112093.27401021076,
    "low": 470059.5629948946,
    "high": 582152.8370051053,
    "count": 5
  },
  "Compilation.finish modules": {
    "min": 6,
    "max": 10,
    "mean": 7.4,
    "median": 7,
    "variance": 1.8399999999999999,
    "stdDev": 1.3564659966250536,
    "confidence": 3.368009957229937,
    "low": 5.715995021385032,
    "high": 9.084004978614969,
    "count": 5
  },
  "Compilation.build module graph": {
    "min": 1116,
    "max": 1147,
    "mean": 1126.2,
    "median": 1120,
    "variance": 136.56,
    "stdDev": 11.685888926393234,
    "confidence": 29.01524281559614,
    "low": 1111.692378592202,
    "high": 1140.7076214077981,
    "count": 5
  },
  "Compilation.seal": {
    "min": 0,
    "max": 0,
    "mean": 0,
    "median": 0,
    "variance": 0,
    "stdDev": 0,
    "confidence": 0,
    "low": 0,
    "high": 0,
    "count": 5
  },
  "Compilation.optimize dependencies": {
    "min": 11,
    "max": 13,
    "mean": 11.6,
    "median": 11,
    "variance": 0.64,
    "stdDev": 0.8,
    "confidence": 1.986343905772614,
    "low": 10.606828047113693,
    "high": 12.593171952886307,
    "count": 5
  },
  "Compilation.rebuild chunk graph": {
    "min": 9,
    "max": 10,
    "mean": 9.4,
    "median": 9,
    "variance": 0.24000000000000005,
    "stdDev": 0.48989794855663565,
    "confidence": 1.2163822557074724,
    "low": 8.791808872146264,
    "high": 10.008191127853737,
    "count": 5
  },
  "Compilation.build chunk graph": {
    "min": 9,
    "max": 10,
    "mean": 9.4,
    "median": 9,
    "variance": 0.24000000000000005,
    "stdDev": 0.48989794855663565,
    "confidence": 1.2163822557074724,
    "low": 8.791808872146264,
    "high": 10.008191127853737,
    "count": 5
  },
  "Compilation.optimize modules": {
    "min": 0,
    "max": 0,
    "mean": 0,
    "median": 0,
    "variance": 0,
    "stdDev": 0,
    "confidence": 0,
    "low": 0,
    "high": 0,
    "count": 5
  },
  "Compilation.optimize chunks": {
    "min": 6,
    "max": 6,
    "mean": 6,
    "median": 6,
    "variance": 0,
    "stdDev": 0,
    "confidence": 0,
    "low": 6,
    "high": 6,
    "count": 5
  },
  "Compilation.optimize tree": {
    "min": 0,
    "max": 0,
    "mean": 0,
    "median": 0,
    "variance": 0,
    "stdDev": 0,
    "confidence": 0,
    "low": 0,
    "high": 0,
    "count": 5
  },
  "Compilation.optimize chunk modules": {
    "min": 14,
    "max": 16,
    "mean": 14.8,
    "median": 15,
    "variance": 0.56,
    "stdDev": 0.7483314773547883,
    "confidence": 1.858054586926876,
    "low": 13.870972706536563,
    "high": 15.729027293463439,
    "count": 5
  },
  "Compilation.module ids": {
    "min": 1,
    "max": 1,
    "mean": 1,
    "median": 1,
    "variance": 0,
    "stdDev": 0,
    "confidence": 0,
    "low": 1,
    "high": 1,
    "count": 5
  },
  "Compilation.chunk ids": {
    "min": 2,
    "max": 2,
    "mean": 2,
    "median": 2,
    "variance": 0,
    "stdDev": 0,
    "confidence": 0,
    "low": 2,
    "high": 2,
    "count": 5
  },
  "Compilation.assign runtime ids": {
    "min": 0,
    "max": 0,
    "mean": 0,
    "median": 0,
    "variance": 0,
    "stdDev": 0,
    "confidence": 0,
    "low": 0,
    "high": 0,
    "count": 5
  },
  "Compilation.optimize code generation": {
    "min": 0,
    "max": 1,
    "mean": 0.4,
    "median": 0,
    "variance": 0.24000000000000005,
    "stdDev": 0.48989794855663565,
    "confidence": 1.0081911278537365,
    "low": 0,
    "high": 1.0081911278537365,
    "count": 5
  },
  "Compilation.create module hashes": {
    "min": 7,
    "max": 8,
    "mean": 7.2,
    "median": 7,
    "variance": 0.15999999999999998,
    "stdDev": 0.39999999999999997,
    "confidence": 0.993171952886307,
    "low": 6.703414023556847,
    "high": 7.696585976443154,
    "count": 5
  },
  "Compilation.code generation": {
    "min": 38,
    "max": 41,
    "mean": 39.2,
    "median": 39,
    "variance": 1.3599999999999999,
    "stdDev": 1.16619037896906,
    "confidence": 2.895568940294808,
    "low": 37.7522155298526,
    "high": 40.64778447014741,
    "count": 5
  },
  "Compilation.runtime requirements.modules": {
    "min": 0,
    "max": 0,
    "mean": 0,
    "median": 0,
    "variance": 0,
    "stdDev": 0,
    "confidence": 0,
    "low": 0,
    "high": 0,
    "count": 5
  },
  "Compilation.runtime requirements.chunks": {
    "min": 0,
    "max": 0,
    "mean": 0,
    "median": 0,
    "variance": 0,
    "stdDev": 0,
    "confidence": 0,
    "low": 0,
    "high": 0,
    "count": 5
  },
  "Compilation.runtime requirements.entries": {
    "min": 0,
    "max": 0,
    "mean": 0,
    "median": 0,
    "variance": 0,
    "stdDev": 0,
    "confidence": 0,
    "low": 0,
    "high": 0,
    "count": 5
  },
  "Compilation.runtime requirements": {
    "min": 1,
    "max": 1,
    "mean": 1,
    "median": 1,
    "variance": 0,
    "stdDev": 0,
    "confidence": 0,
    "low": 1,
    "high": 1,
    "count": 5
  },
  "Compilation.hashing: hash chunks": {
    "min": 0,
    "max": 0,
    "mean": 0,
    "median": 0,
    "variance": 0,
    "stdDev": 0,
    "confidence": 0,
    "low": 0,
    "high": 0,
    "count": 5
  },
  "Compilation.hashing: hash runtime chunks": {
    "min": 0,
    "max": 0,
    "mean": 0,
    "median": 0,
    "variance": 0,
    "stdDev": 0,
    "confidence": 0,
    "low": 0,
    "high": 0,
    "count": 5
  },
  "Compilation.hashing: process full hash chunks": {
    "min": 0,
    "max": 0,
    "mean": 0,
    "median": 0,
    "variance": 0,
    "stdDev": 0,
    "confidence": 0,
    "low": 0,
    "high": 0,
    "count": 5
  },
  "Compilation.hashing": {
    "min": 1,
    "max": 2,
    "mean": 1.2,
    "median": 1,
    "variance": 0.16,
    "stdDev": 0.4,
    "confidence": 0.9931719528863066,
    "low": 0.7034140235568467,
    "high": 1.6965859764431532,
    "count": 5
  },
  "Compilation.create module assets": {
    "min": 0,
    "max": 0,
    "mean": 0,
    "median": 0,
    "variance": 0,
    "stdDev": 0,
    "confidence": 0,
    "low": 0,
    "high": 0,
    "count": 5
  },
  "Compilation.create chunk assets": {
    "min": 2,
    "max": 2,
    "mean": 2,
    "median": 2,
    "variance": 0,
    "stdDev": 0,
    "confidence": 0,
    "low": 2,
    "high": 2,
    "count": 5
  },
  "Compilation.process assets": {
    "min": 1046,
    "max": 1102,
    "mean": 1080.4,
    "median": 1088,
    "variance": 376.64,
    "stdDev": 19.407215153133127,
    "confidence": 48.18675443430493,
    "low": 1056.3066227828476,
    "high": 1104.4933772171526,
    "count": 5
  },
  "Compilation.after process assets": {
    "min": 0,
    "max": 0,
    "mean": 0,
    "median": 0,
    "variance": 0,
    "stdDev": 0,
    "confidence": 0,