{
  "stats": {
    "min": 1107,
    "max": 1220,
    "mean": 1171.6,
    "median": 1188,
    "variance": 1779.4399999999998,
    "stdDev": 42.18340906090924,
    "confidence": 104.73844689106272,
    "low": 1119.2307765544685,
    "high": 1223.9692234455313,
    "count": 5
  },
  "heap memory": {
    "min": 45439056,
    "max": 97075648,
    "mean": 75605523.2,
    "median": 93510152,
    "variance": 598269220071388.2,
    "stdDev": 24459542.51557842,
    "confidence": 60731329.01725665,
    "low": 45239858.69137168,
    "high": 105971187.70862833,
    "count": 5
  },
  "rss memory": {
    "min": 505507840,
    "max": 514678784,
    "mean": 509757849.6,
    "median": 510197760,
    "variance": 11943757784023.041,
    "stdDev": 3455974.2163423384,
    "confidence": 8580941.65392363,
    "low": 505467378.7730382,
    "high": 514048320.42696184,
    "count": 5
  },
  "external memory": {
    "min": 20978425,
    "max": 20978425,
    "mean": 20978425,
    "median": 20978425,
    "variance": 0,
    "stdDev": 0,
    "confidence": 0,
    "low": 20978425,
    "high": 20978425,
    "count": 5
  },
  "array buffers memory": {
    "min": 497318,
    "max": 1281158,
    "mean": 967622,
    "median": 1281158,
    "variance": 147457234944,
    "stdDev": 384001.6079966333,
    "confidence": 953449.0673137455,
    "low": 490897.4663431273,
    "high": 1444346.5336568728,
    "count": 5
  },
  "Compilation.build module graph": {
    "min": 1014.828524,
    "max": 1132.713591,
    "mean": 1078.1984120000002,
    "median": 1090.26458,
    "variance": 1715.6971949672516,
    "stdDev": 41.42097530198017,
    "confidence": 102.84537732780791,
    "low": 1026.7757233360962,
    "high": 1129.6211006639041,
    "count": 5
  },
  "Compilation.finish modules": {
    "min": 6.279564,
    "max": 7.638576,
    "mean": 6.9149954,
    "median": 6.867956,
    "variance": 0.23859560778943992,
    "stdDev": 0.48846249373871065,
    "confidence": 1.2128181220454763,
    "low": 6.308586338977261,
    "high": 7.521404461022738,
    "count": 5
  },
  "Compilation.seal": {
    "min": 0.003201,
    "max": 0.004377,
    "mean": 0.0036668,
    "median": 0.003312,
    "variance": 2.6282615999999997e-7,
    "stdDev": 0.0005126657390542107,
    "confidence": 0.0012729130830859301,
    "low": 0.003030343458457035,
    "high": 0.004303256541542965,
    "count": 5
  },
  "Compilation.optimize dependencies": {
    "min": 1.828034,
    "max": 2.046952,
    "mean": 1.9332006,
    "median": 1.922963,
    "variance": 0.007240507410640004,
    "stdDev": 0.0850911711674014,
    "confidence": 0.21127541160427765,
    "low": 1.8275628941978612,
    "high": 2.038838305802139,
    "count": 5
  },
  "Compilation.rebuild chunk graph": {
    "min": 7.294242,
    "max": 7.966783,
    "mean": 7.727807200000001,
    "median": 7.83213,
    "variance": 0.05678590200296011,
    "stdDev": 0.2382979269799889,
    "confidence": 0.5916770437686845,
    "low": 7.431968678115658,
    "high": 8.023645721884343,
    "count": 5
  },
  "Compilation.build chunk graph": {
    "min": 7.734373,
    "max": 8.562043,
    "mean": 8.240607800000001,
    "median": 8.341138,
    "variance": 0.08117893882296,
    "stdDev": 0.2849191794578947,
    "confidence": 0.7074343446924027,
    "low": 7.886890627653799,
    "high": 8.594324972346202,
    "count": 5
  },
  "Compilation.optimize modules": {
    "min": 0.006142,
    "max": 0.010257,
    "mean": 0.0076004,
    "median": 0.006931,
    "variance": 0.0000020435866400000005,
    "stdDev": 0.001429540709458811,
    "confidence": 0.0035494493453592088,
    "low": 0.005825675327320396,
    "high": 0.009375124672679605,
    "count": 5
  },
  "Compilation.optimize chunks": {
    "min": 6.171145,
    "max": 6.766087,
    "mean": 6.4194814,
    "median": 6.37325,
    "variance": 0.042243589557839925,
    "stdDev": 0.20553245378246213,
    "confidence": 0.5103226712616067,
    "low": 6.164320064369196,
    "high": 6.674642735630803,
    "count": 5
  },
  "Compilation.optimize tree": {
    "min": 0.002351,
    "max": 0.002636,
    "mean": 0.0025708,
    "median": 0.002626,
    "variance": 1.2154160000000015e-8,
    "stdDev": 0.00011024590695350107,
    "confidence": 0.0002737328567668264,
    "low": 0.0024339335716165866,
    "high": 0.002707666428383413,
    "count": 5
  },
  "Compilation.optimize chunk modules": {
    "min": 0.003282,
    "max": 0.004719,
    "mean": 0.0040408,
    "median": 0.004106,
    "variance": 2.1151735999999996e-7,
    "stdDev": 0.00045991016514097615,
    "confidence": 0.001141924692163317,
    "low": 0.0034698376539183413,
    "high": 0.004611762346081658,
    "count": 5
  },
  "Compilation.module ids": {
    "min": 0.891769,
    "max": 1.012945,
    "mean": 0.9570466,
    "median": 0.942846,
    "variance": 0.0018439595442399995,
    "stdDev": 0.04294135005143643,
    "confidence": 0.10662036122539897,
    "low": 0.9037364193873004,
    "high": 1.0103567806126994,
    "count": 5
  },
  "Compilation.chunk ids": {
    "min": 1.919351,
    "max": 2.489619,
    "mean": 2.2541611999999995,
    "median": 2.272602,
    "variance": 0.03663791713295998,
    "stdDev": 0.191410337058791,
    "confidence": 0.47525844564826425,
    "low": 2.0165319771758674,
    "high": 2.4917904228241317,
    "count": 5
  },
  "Compilation.assign runtime ids": {
    "min": 0.001838,
    "max": 0.002599,
    "mean": 0.0020142,
    "median": 0.001864,
    "variance": 8.600816000000004e-8,
    "stdDev": 0.0002932714783268227,
    "confidence": 0.0007281725171392613,
    "low": 0.001650113741430369,
    "high": 0.0023782862585696304,
    "count": 5
  },
  "Compilation.optimize code generation": {
    "min": 0.001666,
    "max": 0.003603,
    "mean": 0.002145,
    "median": 0.001835,
    "variance": 5.425796e-7,
    "stdDev": 0.0007366000271517779,
    "confidence": 0.0018289262186560946,
    "low": 0.001230536890671953,
    "high": 0.0030594631093280476,
    "count": 5
  },
  "Compilation.create module hashes": {
    "min": 1.989977,
    "max": 2.330307,
    "mean": 2.2117168,
    "median": 2.244098,
    "variance": 0.014276372454159983,
    "stdDev": 0.11948377485734196,
    "confidence": 0.2966698350332351,
    "low": 2.0633818824833825,
    "high": 2.3600517175166176,
    "count": 5
  },
  "Compilation.module code generation cache": {
    "min": 0,
    "max": 0,
    "mean": 0,
    "median": 0,
    "variance": 0,
    "stdDev": 0,
    "confidence": 0,
    "low": 0,
    "high": 0,
    "count": 5
  },
  "Compilation.code generation": {
    "min": 13.244962,
    "max": 14.076351,
    "mean": 13.483232999999998,
    "median": 13.364417,
    "variance": 0.09039086837720027,
    "stdDev": 0.3006507415211216,
    "confidence": 0.7464947102331223,
    "low": 13.109985644883437,
    "high": 13.85648035511656,
    "count": 5
  },
  "Compilation.runtime requirements.modules": {
    "min": 1.349508,
    "max": 1.419718,
    "mean": 1.386665,
    "median": 1.395337,
    "variance": 0.0005743761284000015,
    "stdDev": 0.023966145463966488,
    "confidence": 0.059506258734012274,
    "low": 1.356911870632994,
    "high": 1.4164181293670062,
    "count": 5
  },
  "Compilation.runtime requirements.chunks": {
    "min": 0.176082,
    "max": 0.222056,
    "mean": 0.2058496,
    "median": 0.210591,
    "variance": 0.0002519805970400002,
    "stdDev": 0.015873896718827427,
    "confidence": 0.039413772510383416,
    "low": 0.18614271374480829,
    "high": 0.2255564862551917,
    "count": 5
  },
  "Compilation.runtime requirements.entries": {
    "min": 0.748976,
    "max": 0.807984,
    "mean": 0.7815744,
    "median": 0.780981,
    "variance": 0.0005019701018400009,
    "stdDev": 0.02240468928238017,
    "confidence": 0.055629272520981043,
    "low": 0.7537597637395095,
    "high": 0.8093890362604905,
    "count": 5
  },
  "Compilation.runtime requirements": {
    "min": 2.337588,
    "max": 2.478543,
    "mean": 2.4138746,
    "median": 2.41136,
    "variance": 0.0021537435794399947,