{
  "stats": {
    "min": 513,
    "max": 526,
    "mean": 521.4,
    "median": 525,
    "variance": 25.839999999999996,
    "stdDev": 5.083306010855534,
    "confidence": 12.62149239480027,
    "low": 515.0892538025998,
    "high": 527.7107461974001,
    "count": 5
  },
  "heap memory": {
    "min": 8809512,
    "max": 8823784,
    "mean": 8814584,
    "median": 8813552,
    "variance": 23660723.2,
    "stdDev": 4864.228941980425,
    "confidence": 12077.539393983781,
    "low": 8808545.230303008,
    "high": 8820622.769696992,
    "count": 5
  },
  "rss memory": {
    "min": 706285568,
    "max": 748331008,
    "mean": 727356211.2,
    "median": 728207360,
    "variance": 199483416180162.56,
    "stdDev": 14123859.818766348,
    "confidence": 35068553.596241474,
    "low": 709821934.4018793,
    "high": 744890487.9981208,
    "count": 5
  },
  "external memory": {
    "min": 2842004,
    "max": 2842004,
    "mean": 2842004,
    "median": 2842004,
    "variance": 0,
    "stdDev": 0,
    "confidence": 0,
    "low": 2842004,
    "high": 2842004,
    "count": 5
  },
  "array buffers memory": {
    "min": 892719,
    "max": 892719,
    "mean": 892719,
    "median": 892719,
    "variance": 0,
    "stdDev": 0,
    "confidence": 0,
    "low": 892719,
    "high": 892719,
    "count": 5
  },
  "Compilation.build module graph": {
    "min": 168.003738,
    "max": 174.400277,
    "mean": 172.2050618,
    "median": 173.595001,
    "variance": 5.903354660042946,
    "stdDev": 2.4296820080090615,
    "confidence": 6.032730061967698,
    "low": 169.18869676901616,
    "high": 175.22142683098386,
    "count": 5
  },
  "Compilation.finish modules": {
    "min": 21.326423,
    "max": 23.803724,
    "mean": 22.259065200000002,
    "median": 22.128134,
    "variance": 0.68536758212056,
    "stdDev": 0.8278693025596251,
    "confidence": 2.0555414298944186,
    "low": 21.231294485052793,
    "high": 23.28683591494721,
    "count": 5
  },
  "Compilation.seal": {
    "min": 0.003482,
    "max": 0.004196,
    "mean": 0.0038418000000000002,
    "median": 0.00384,
    "variance": 8.905775999999997e-8,
    "stdDev": 0.0002984254680820656,
    "confidence": 0.0007409695123151878,
    "low": 0.0034713152438424063,
    "high": 0.004212284756157594,
    "count": 5
  },
  "Compilation.optimize dependencies": {
    "min": 27.126973,
    "max": 28.864293,
    "mean": 27.6490784,
    "median": 27.356328,
    "variance": 0.39137793476624,
    "stdDev": 0.6256020578340835,
    "confidence": 1.553326043771925,
    "low": 26.872415378114038,
    "high": 28.425741421885963,
    "count": 5
  },
  "Compilation.rebuild chunk graph": {
    "min": 23.03916,
    "max": 25.125863,
    "mean": 23.914769999999997,
    "median": 23.67357,
    "variance": 0.5110106341107997,
    "stdDev": 0.7148500780658835,
    "confidence": 1.7749226201340562,
    "low": 23.02730868993297,
    "high": 24.802231310067025,
    "count": 5
  },
  "Compilation.build chunk graph": {
    "min": 25.143039,
    "max": 27.578726,
    "mean": 26.1559822,
    "median": 25.9864,
    "variance": 0.7953801908141596,
    "stdDev": 0.8918408999446928,
    "confidence": 2.2143784206548816,
    "low": 25.04879298967256,
    "high": 27.26317141032744,
    "count": 5
  },
  "Compilation.optimize modules": {
    "min": 11.066504,
    "max": 12.194946,
    "mean": 11.684056799999999,
    "median": 11.751323,
    "variance": 0.19118850158616008,
    "stdDev": 0.43725107385363854,
    "confidence": 1.0856637573021324,
    "low": 11.141224921348932,
    "high": 12.226888678651065,
    "count": 5
  },
  "Compilation.optimize chunks": {
    "min": 24.001691,
    "max": 26.882141,
    "mean": 24.9611722,
    "median": 24.581849,
    "variance": 0.9883546125097606,
    "stdDev": 0.9941602549437192,
    "confidence": 2.468430204711005,
    "low": 23.726957097644497,
    "high": 26.195387302355503,
    "count": 5
  },
  "Compilation.optimize tree": {
    "min": 0.003286,
    "max": 0.003862,
    "mean": 0.0034729999999999995,
    "median": 0.003372,
    "variance": 4.3815200000000016e-8,
    "stdDev": 0.0002093208064192378,
    "confidence": 0.0005197288852278274,
    "low": 0.003213135557386086,
    "high": 0.003732864442613913,
    "count": 5
  },
  "Compilation.optimize chunk modules": {
    "min": 52.150938,
    "max": 55.738798,
    "mean": 53.8783004,
    "median": 53.620611,
    "variance": 1.5545938156762449,
    "stdDev": 1.2468335156211694,
    "confidence": 3.0958001940839353,
    "low": 52.33040030295803,
    "high": 55.42620049704197,
    "count": 5
  },
  "Compilation.module ids": {
    "min": 1.426825,
    "max": 1.516783,
    "mean": 1.4794812,
    "median": 1.509336,
    "variance": 0.0017035242729600021,
    "stdDev": 0.041273772216263466,
    "confidence": 0.10247988238752725,
    "low": 1.4282412588062363,
    "high": 1.5307211411937636,
    "count": 5
  },
  "Compilation.chunk ids": {
    "min": 1.808421,
    "max": 1.966477,
    "mean": 1.8729603999999997,
    "median": 1.867082,
    "variance": 0.002695626789039999,
    "stdDev": 0.051919425931340954,
    "confidence": 0.12891229411241456,
    "low": 1.8085042529437925,
    "high": 1.937416547056207,
    "count": 5
  },
  "Compilation.assign runtime ids": {
    "min": 0.001967,
    "max": 0.003222,
    "mean": 0.0028258,
    "median": 0.003141,
    "variance": 2.2505335999999998e-7,
    "stdDev": 0.0004743978920695158,
    "confidence": 0.0011778967022795708,
    "low": 0.0022368516488602145,
    "high": 0.0034147483511397852,
    "count": 5
  },
  "Compilation.optimize code generation": {
    "min": 3.071468,
    "max": 3.402344,
    "mean": 3.2261187999999996,
    "median": 3.197682,
    "variance": 0.012143910373759998,
    "stdDev": 0.11019941185759567,
    "confidence": 0.27361741270382645,
    "low": 3.0893100936480864,
    "high": 3.362927506351913,
    "count": 5
  },
  "Compilation.create module hashes": {
    "min": 38.797315,
    "max": 43.587236,
    "mean": 40.726601599999995,
    "median": 40.473573,
    "variance": 2.678429719575437,
    "stdDev": 1.6365908833839435,
    "confidence": 4.063540409315891,
    "low": 38.69483139534205,
    "high": 42.75837180465794,
    "count": 5
  },
  "Compilation.module code generation cache": {
    "min": 0,
    "max": 0,
    "mean": 0,
    "median": 0,
    "variance": 0,
    "stdDev": 0,
    "confidence": 0,
    "low": 0,
    "high": 0,
    "count": 5
  },
  "Compilation.code generation": {
    "min": 87.362022,
    "max": 93.124939,
    "mean": 89.68876959999999,
    "median": 89.146966,
    "variance": 4.726349064492242,
    "stdDev": 2.1740168040961048,
    "confidence": 5.397931287329442,
    "low": 86.98980395633527,
    "high": 92.38773524366471,
    "count": 5
  },
  "Compilation.runtime requirements.modules": {
    "min": 0.859416,
    "max": 1.069255,
    "mean": 0.9545906000000001,
    "median": 0.976627,
    "variance": 0.006476631258640006,
    "stdDev": 0.0804775202068255,
    "confidence": 0.19982003976815021,
    "low": 0.854680580115925,
    "high": 1.0545006198840752,
    "count": 5
  },
  "Compilation.runtime requirements.chunks": {
    "min": 0.093515,
    "max": 0.110604,
    "mean": 0.0979188,
    "median": 0.095224,
    "variance": 0.00004069225495999996,
    "stdDev": 0.006379048123348809,
    "confidence": 0.015838729205555152,
    "low": 0.08999943539722242,
    "high": 0.10583816460277758,
    "count": 5
  },
  "Compilation.runtime requirements.entries": {
    "min": 0.449516,
    "max": 0.505528,
    "mean": 0.4752724,
    "median": 0.463012,
    "variance": 0.0005941657062400001,
    "stdDev": 0.024375514481544798,
    "confidence": 0.060522693300610775,
    "low": 0.4450110533496946,
    "high": 0.5055337466503054,
    "count": 5
  },
  "Compilation.runtime requirements": {
    "min": 1.673452,
    "max": 1.89584,
    "mean": 1.7923674000000003,
    "median": 1.826961,
    "variance": 0.00850916804144,
    "stdDev": 0.09224515185872914,
    "confidence": 0.22903824403956996,