{
  "stats": {
    "min": 1452,
    "max": 1488,
    "mean": 1464.6,
    "median": 1463,
    "variance": 156.64000000000001,
    "stdDev": 12.515590277729613,
    "confidence": 31.075333094143843,
    "low": 1449.062333452928,
    "high": 1480.1376665470718,
    "count": 5
  },
  "heap memory": {
    "min": 34044504,
    "max": 35866608,
    "mean": 34635212.8,
    "median": 34338128,
    "variance": 416135472348.16003,
    "stdDev": 645085.6317948494,
    "confidence": 1601702.3917714655,
    "low": 33834361.604114264,
    "high": 35436063.99588573,
    "count": 5
  },
  "rss memory": {
    "min": 720330752,
    "max": 724652032,
    "mean": 722104320,
    "median": 722165760,
    "variance": 2451506934579.2,
    "stdDev": 1565728.8828463247,
    "confidence": 3887595.0306675434,
    "low": 720160522.4846662,
    "high": 724048117.5153338,
    "count": 5
  },
  "external memory": {
    "min": 32751130,
    "max": 32751130,
    "mean": 32751130,
    "median": 32751130,
    "variance": 0,
    "stdDev": 0,
    "confidence": 0,
    "low": 32751130,
    "high": 32751130,
    "count": 5
  },
  "array buffers memory": {
    "min": 16623,
    "max": 16623,
    "mean": 16623,
    "median": 16623,
    "variance": 0,
    "stdDev": 0,
    "confidence": 0,
    "low": 16623,
    "high": 16623,
    "count": 5
  },
  "Compilation.finish modules": {
    "min": 27,
    "max": 29,
    "mean": 28,
    "median": 28,
    "variance": 0.4,
    "stdDev": 0.6324555320336759,
    "confidence": 1.5703427396590826,
    "low": 27.21482863017046,
    "high": 28.78517136982954,
    "count": 5
  },
  "Compilation.optimize dependencies": {
    "min": 0,
    "max": 1,
    "mean": 0.4,
    "median": 0,
    "variance": 0.24000000000000005,
    "stdDev": 0.48989794855663565,
    "confidence": 1.0081911278537365,
    "low": 0,
    "high": 1.0081911278537365,
    "count": 5
  },
  "Compilation.rebuild chunk graph": {
    "min": 45,
    "max": 48,
    "mean": 45.8,
    "median": 45,
    "variance": 1.3599999999999999,
    "stdDev": 1.16619037896906,
    "confidence": 2.895568940294808,
    "low": 44.35221552985259,
    "high": 47.2477844701474,
    "count": 5
  },
  "Compilation.create chunks": {
    "min": 69,
    "max": 74,
    "mean": 71.2,
    "median": 70,
    "variance": 3.7599999999999993,
    "stdDev": 1.9390719429665315,
    "confidence": 4.814579670957784,
    "low": 68.79271016452111,
    "high": 73.6072898354789,
    "count": 5
  },
  "Compilation.optimize": {
    "min": 0,
    "max": 0,
    "mean": 0,
    "median": 0,
    "variance": 0,
    "stdDev": 0,
    "confidence": 0,
    "low": 0,
    "high": 0,
    "count": 5
  },
  "Compilation.module ids": {
    "min": 10,
    "max": 10,
    "mean": 10,
    "median": 10,
    "variance": 0,
    "stdDev": 0,
    "confidence": 0,
    "low": 10,
    "high": 10,
    "count": 5
  },
  "Compilation.chunk ids": {
    "min": 6,
    "max": 6,
    "mean": 6,
    "median": 6,
    "variance": 0,
    "stdDev": 0,
    "confidence": 0,
    "low": 6,
    "high": 6,
    "count": 5
  },
  "Compilation.optimize code generation": {
    "min": 0,
    "max": 0,
    "mean": 0,
    "median": 0,
    "variance": 0,
    "stdDev": 0,
    "confidence": 0,
    "low": 0,
    "high": 0,
    "count": 5
  },
  "Compilation.module code generation cache": {
    "min": 0,
    "max": 0,
    "mean": 0,
    "median": 0,
    "variance": 0,
    "stdDev": 0,
    "confidence": 0,
    "low": 0,
    "high": 0,
    "count": 5
  },
  "Compilation.code generation": {
    "min": 95,
    "max": 99,
    "mean": 97.4,
    "median": 98,
    "variance": 1.8399999999999999,
    "stdDev": 1.3564659966250536,
    "confidence": 3.36800995722993,
    "low": 95.71599502138504,
    "high": 99.08400497861497,
    "count": 5
  },
  "Compilation.runtime requirements.modules": {
    "min": 9,
    "max": 11,
    "mean": 10.4,
    "median": 11,
    "variance": 0.64,
    "stdDev": 0.8,
    "confidence": 1.986343905772614,
    "low": 9.406828047113693,
    "high": 11.393171952886307,
    "count": 5
  },
  "Compilation.runtime requirements.chunks": {
    "min": 0,
    "max": 0,
    "mean": 0,
    "median": 0,
    "variance": 0,
    "stdDev": 0,
    "confidence": 0,
    "low": 0,
    "high": 0,
    "count": 5
  },
  "Compilation.runtime requirements.entries": {
    "min": 0,
    "max": 0,
    "mean": 0,
    "median": 0,
    "variance": 0,
    "stdDev": 0,
    "confidence": 0,
    "low": 0,
    "high": 0,
    "count": 5
  },
  "Compilation.runtime requirements": {
    "min": 11,
    "max": 14,
    "mean": 12.8,
    "median": 13,
    "variance": 0.96,
    "stdDev": 0.9797958971132712,
    "confidence": 2.4327645114149448,
    "low": 11.583617744292528,
    "high": 14.016382255707473,
    "count": 5
  },
  "Compilation.hashing: hash chunks": {
    "min": 1,
    "max": 2,
    "mean": 1.6,
    "median": 2,
    "variance": 0.24,
    "stdDev": 0.4898979485566356,
    "confidence": 1.216382255707473,
    "low": 0.9918088721462637,
    "high": 2.2081911278537367,
    "count": 5
  },
  "Compilation.hashing: hash runtime chunks": {
    "min": 1,
    "max": 2,
    "mean": 1.4,
    "median": 1,
    "variance": 0.24,
    "stdDev": 0.4898979485566356,
    "confidence": 1.216382255707473,
    "low": 0.7918088721462635,
    "high": 2.0081911278537365,
    "count": 5
  },
  "Compilation.hashing: process full hash chunks": {
    "min": 0,
    "max": 0,
    "mean": 0,
    "median": 0,
    "variance": 0,
    "stdDev": 0,
    "confidence": 0,
    "low": 0,
    "high": 0,
    "count": 5
  },
  "Compilation.hashing": {
    "min": 5,
    "max": 6,
    "mean": 5.2,
    "median": 5,
    "variance": 0.15999999999999998,
    "stdDev": 0.39999999999999997,
    "confidence": 0.993171952886307,
    "low": 4.703414023556847,
    "high": 5.696585976443154,
    "count": 5
  },
  "Compilation.create module assets": {
    "min": 0,
    "max": 0,
    "mean": 0,
    "median": 0,
    "variance": 0,
    "stdDev": 0,
    "confidence": 0,
    "low": 0,
    "high": 0,
    "count": 5
  },
  "Compilation.create chunk assets": {
    "min": 25,
    "max": 27,
    "mean": 26,
    "median": 26,
    "variance": 0.8,
    "stdDev": 0.8944271909999159,
    "confidence": 2.220799999999997,
    "low": 24.8896,
    "high": 27.1104,
    "count": 5
  },
  "Compilation.process assets": {
    "min": 50,
    "max": 52,
    "mean": 51,
    "median": 51,
    "variance": 0.8,
    "stdDev": 0.8944271909999159,
    "confidence": 2.220799999999997,
    "low": 49.8896,
    "high": 52.1104,
    "count": 5
  },
  "Compilation.after process assets": {
    "min": 0,
    "max": 0,
    "mean": 0,
    "median": 0,
    "variance": 0,
    "stdDev": 0,
    "confidence": 0,
    "low": 0,
    "high": 0,
    "count": 5
  },
  "Compilation.after seal": {
    "min": 0,
    "max": 0,
    "mean": 0,
    "median": 0,
    "variance": 0,
    "stdDev": 0,
    "confidence": 0,
    "low": 0,
    "high": 0,
    "count": 5
  },
  "Compiler.make hook": {
    "min": 0,
    "max": 0,
    "mean": 0,
    "median": 0,
    "variance": 0,
    "stdDev": 0,
    "confidence": 0,
    "low": 0,
    "high": 0,
    "count": 5
  },
  "Compiler.make": {
    "min": 926,
    "max": 940,
    "mean": 932.6,
    "median": 933,
    "variance": 23.44,
    "stdDev": 4.841487374764082,
    "confidence": 12.021073677172126,
    "low": 926.589463161414,
    "high": 938.6105368385861,
    "count": 5
  },
  "Compiler.finish make hook": {
    "min": 0,
    "max": 0,
    "mean": 0,
    "median": 0,
    "variance": 0,
    "stdDev": 0,
    "confidence": 0,
    "low": 0,
    "high": 0,
    "count": 5
  },
  "Compiler.finish compilation": {
    "min": 33,
    "max": 34,
    "mean": 33.4,
    "median": 33,
    "variance": 0.24,
    "stdDev": 0.4898979485566356,
    "confidence": 1.2163822557074724,
    "low": 32.79180887214626,
    "high": 34.008191127853735,
    "count": 5
  },
  "Compiler.seal compilation": {
    "min": 298,
    "max": 306,
    "mean": 303.4,
    "median": 304,
    "variance": 8.64,