{
  "stats": {
    "min": 4087,
    "max": 4169,
    "mean": 4138.2,
    "median": 4159,
    "variance": 1030.96,
    "stdDev": 32.1085658353032,
    "confidence": 79.72331758756627,
    "low": 4098.338341206217,
    "high": 4178.061658793783,
    "count": 5
  },
  "heap memory": {
    "min": 81630816,
    "max": 85049488,
    "mean": 82600720,
    "median": 82020664,
    "variance": 1566148283161.6,
    "stdDev": 1251458.4624195884,
    "confidence": 3107283.612693399,
    "low": 81047078.1936533,
    "high": 84154361.8063467,
    "count": 5
  },
  "rss memory": {
    "min": 771219456,
    "max": 948559872,
    "mean": 900900454.4,
    "median": 926949376,
    "variance": 4344206013067428,
    "stdDev": 65910591.053846784,
    "confidence": 163651376.08209944,
    "low": 819074766.3589503,
    "high": 982726142.4410497,
    "count": 5
  },
  "external memory": {
    "min": 36313323,
    "max": 36937010,
    "mean": 36550121,
    "median": 36478873,
    "variance": 54048945194.8,
    "stdDev": 232484.29021075813,
    "confidence": 577242.1913100183,
    "low": 36261499.90434499,
    "high": 36838742.09565501,
    "count": 5
  },
  "array buffers memory": {
    "min": 8011091,
    "max": 8422511,
    "mean": 8202227,
    "median": 8171049,
    "variance": 17686067210.8,
    "stdDev": 132988.97401965322,
    "confidence": 330202.2975986134,
    "low": 8037125.851200693,
    "high": 8367328.148799307,
    "count": 5
  },
  "Compilation.finish modules": {
    "min": 27,
    "max": 27,
    "mean": 27,
    "median": 27,
    "variance": 0,
    "stdDev": 0,
    "confidence": 0,
    "low": 27,
    "high": 27,
    "count": 5
  },
  "Compilation.optimize dependencies": {
    "min": 22,
    "max": 23,
    "mean": 22.2,
    "median": 22,
    "variance": 0.16,
    "stdDev": 0.4,
    "confidence": 0.993171952886307,
    "low": 21.703414023556846,
    "high": 22.696585976443153,
    "count": 5
  },
  "Compilation.rebuild chunk graph": {
    "min": 14,
    "max": 15,
    "mean": 14.4,
    "median": 14,
    "variance": 0.24000000000000005,
    "stdDev": 0.48989794855663565,
    "confidence": 1.2163822557074724,
    "low": 13.791808872146264,
    "high": 15.008191127853737,
    "count": 5
  },
  "Compilation.create chunks": {
    "min": 22,
    "max": 24,
    "mean": 23,
    "median": 23,
    "variance": 0.4,
    "stdDev": 0.6324555320336759,
    "confidence": 1.5703427396590826,
    "low": 22.21482863017046,
    "high": 23.78517136982954,
    "count": 5
  },
  "Compilation.optimize": {
    "min": 49,
    "max": 84,
    "mean": 56.8,
    "median": 51,
    "variance": 185.76,
    "stdDev": 13.629380029920656,
    "confidence": 33.8407949523648,
    "low": 39.879602523817596,
    "high": 73.7203974761824,
    "count": 5
  },
  "Compilation.module ids": {
    "min": 0,
    "max": 0,
    "mean": 0,
    "median": 0,
    "variance": 0,
    "stdDev": 0,
    "confidence": 0,
    "low": 0,
    "high": 0,
    "count": 5
  },
  "Compilation.chunk ids": {
    "min": 0,
    "max": 0,
    "mean": 0,
    "median": 0,
    "variance": 0,
    "stdDev": 0,
    "confidence": 0,
    "low": 0,
    "high": 0,
    "count": 5
  },
  "Compilation.optimize code generation": {
    "min": 6,
    "max": 11,
    "mean": 7,
    "median": 6,
    "variance": 4,
    "stdDev": 2,
    "confidence": 4.965859764431531,
    "low": 4.517070117784234,
    "high": 9.482929882215766,
    "count": 5
  },
  "Compilation.code generation": {
    "min": 164,
    "max": 192,
    "mean": 170,
    "median": 164,
    "variance": 121.6,
    "stdDev": 11.027239001672177,
    "confidence": 27.379861235586986,
    "low": 156.3100693822065,
    "high": 183.6899306177935,
    "count": 5
  },
  "Compilation.runtime requirements.modules": {
    "min": 0,
    "max": 1,
    "mean": 0.4,
    "median": 0,
    "variance": 0.24000000000000005,
    "stdDev": 0.48989794855663565,
    "confidence": 1.0081911278537365,
    "low": 0,
    "high": 1.0081911278537365,
    "count": 5
  },
  "Compilation.runtime requirements.chunks": {
    "min": 0,
    "max": 0,
    "mean": 0,
    "median": 0,
    "variance": 0,
    "stdDev": 0,
    "confidence": 0,
    "low": 0,
    "high": 0,
    "count": 5
  },
  "Compilation.runtime requirements.entries": {
    "min": 0,
    "max": 0,
    "mean": 0,
    "median": 0,
    "variance": 0,
    "stdDev": 0,
    "confidence": 0,
    "low": 0,
    "high": 0,
    "count": 5
  },
  "Compilation.runtime requirements": {
    "min": 0,
    "max": 1,
    "mean": 0.4,
    "median": 0,
    "variance": 0.24000000000000005,
    "stdDev": 0.48989794855663565,
    "confidence": 1.0081911278537365,
    "low": 0,
    "high": 1.0081911278537365,
    "count": 5
  },
  "Compilation.hashing: hash chunks": {
    "min": 0,
    "max": 0,
    "mean": 0,
    "median": 0,
    "variance": 0,
    "stdDev": 0,
    "confidence": 0,
    "low": 0,
    "high": 0,
    "count": 5
  },
  "Compilation.hashing: hash runtime chunks": {
    "min": 0,
    "max": 0,
    "mean": 0,
    "median": 0,
    "variance": 0,
    "stdDev": 0,
    "confidence": 0,
    "low": 0,
    "high": 0,
    "count": 5
  },
  "Compilation.hashing: process full hash chunks": {
    "min": 0,
    "max": 0,
    "mean": 0,
    "median": 0,
    "variance": 0,
    "stdDev": 0,
    "confidence": 0,
    "low": 0,
    "high": 0,
    "count": 5
  },
  "Compilation.hashing": {
    "min": 0,
    "max": 1,
    "mean": 0.6,
    "median": 1,
    "variance": 0.24000000000000005,
    "stdDev": 0.48989794855663565,
    "confidence": 1.2081911278537363,
    "low": 0,
    "high": 1.2081911278537363,
    "count": 5
  },
  "Compilation.create module assets": {
    "min": 0,
    "max": 0,
    "mean": 0,
    "median": 0,
    "variance": 0,
    "stdDev": 0,
    "confidence": 0,
    "low": 0,
    "high": 0,
    "count": 5
  },
  "Compilation.create chunk assets": {
    "min": 1,
    "max": 3,
    "mean": 1.4,
    "median": 1,
    "variance": 0.64,
    "stdDev": 0.8,
    "confidence": 1.986343905772613,
    "low": 0.40682804711369336,
    "high": 2.3931719528863065,
    "count": 5
  },
  "Compilation.process assets": {
    "min": 3140,
    "max": 3220,
    "mean": 3182.6,
    "median": 3186,
    "variance": 729.4399999999999,
    "stdDev": 27.00814691903167,
    "confidence": 67.05933504853783,
    "low": 3149.070332475731,
    "high": 3216.129667524269,
    "count": 5
  },
  "Compilation.after process assets": {
    "min": 0,
    "max": 0,
    "mean": 0,
    "median": 0,
    "variance": 0,
    "stdDev": 0,
    "confidence": 0,
    "low": 0,
    "high": 0,
    "count": 5
  },
  "Compilation.after seal": {
    "min": 0,
    "max": 0,
    "mean": 0,
    "median": 0,
    "variance": 0,
    "stdDev": 0,
    "confidence": 0,
    "low": 0,
    "high": 0,
    "count": 5
  },
  "Compiler.make hook": {
    "min": 0,
    "max": 0,
    "mean": 0,
    "median": 0,
    "variance": 0,
    "stdDev": 0,
    "confidence": 0,
    "low": 0,
    "high": 0,
    "count": 5
  },
  "Compiler.make": {
    "min": 557,
    "max": 602,
    "mean": 577,
    "median": 573,
    "variance": 216.4,
    "stdDev": 14.710540438746634,
    "confidence": 36.52524043890753,
    "low": 558.7373797805462,
    "high": 595.2626202194538,
    "count": 5
  },
  "Compiler.finish make hook": {
    "min": 0,
    "max": 0,
    "mean": 0,
    "median": 0,
    "variance": 0,
    "stdDev": 0,
    "confidence": 0,
    "low": 0,
    "high": 0,
    "count": 5
  },
  "Compiler.finish compilation": {
    "min": 34,
    "max": 35,
    "mean": 34.6,
    "median": 35,
    "variance": 0.24,
    "stdDev": 0.4898979485566356,
    "confidence": 1.2163822557074724,
    "low": 33.991808872146265,
    "high": 35.20819112785374,
    "count": 5
  },
  "Compiler.seal compilation": {
    "min": 3461,
    "max": 3517,
    "mean": 3491.2,
    "median": 3487,
    "variance": 448.96000000000004,
    "stdDev": 21.188676221038445,
    "confidence": 52.609997353811195,
    "low": 3464.895001323094,
    "high": 3517.5049986769054,
    "count": 5
  },