{
  "stats": {
    "min": 1120,
    "max": 1172,
    "mean": 1141.6,
    "median": 1137,
    "variance": 313.04,
    "stdDev": 17.692936443677176,
    "confidence": 43.93032060015048,
    "low": 1119.6348396999247,
    "high": 1163.5651603000751,
    "count": 5
  },
  "heap memory": {
    "min": 21089456,
    "max": 21153544,
    "mean": 21114019.2,
    "median": 21114880,
    "variance": 491128591.36,
    "stdDev": 22161.421239622698,
    "confidence": 55025.25502823293,
    "low": 21086506.572485883,
    "high": 21141531.827514116,
    "count": 5
  },
  "rss memory": {
    "min": 768438272,
    "max": 839184384,
    "mean": 790799974.4,
    "median": 776073216,
    "variance": 676312431554723.8,
    "stdDev": 26006007.605065484,
    "confidence": 64571093.39974761,
    "low": 758514427.7001262,
    "high": 823085521.0998738,
    "count": 5
  },
  "external memory": {
    "min": 7087282,
    "max": 7087282,
    "mean": 7087282,
    "median": 7087282,
    "variance": 0,
    "stdDev": 0,
    "confidence": 0,
    "low": 7087282,
    "high": 7087282,
    "count": 5
  },
  "array buffers memory": {
    "min": 5223906,
    "max": 5223906,
    "mean": 5223906,
    "median": 5223906,
    "variance": 0,
    "stdDev": 0,
    "confidence": 0,
    "low": 5223906,
    "high": 5223906,
    "count": 5
  },
  "Compilation.finish modules": {
    "min": 24,
    "max": 26,
    "mean": 25,
    "median": 25,
    "variance": 0.4,
    "stdDev": 0.6324555320336759,
    "confidence": 1.5703427396590826,
    "low": 24.21482863017046,
    "high": 25.78517136982954,
    "count": 5
  },
  "Compilation.optimize dependencies": {
    "min": 20,
    "max": 23,
    "mean": 21.4,
    "median": 21,
    "variance": 1.0399999999999998,
    "stdDev": 1.0198039027185568,
    "confidence": 2.5321015840601646,
    "low": 20.133949207969916,
    "high": 22.66605079203008,
    "count": 5
  },
  "Compilation.rebuild chunk graph": {
    "min": 36,
    "max": 41,
    "mean": 37.6,
    "median": 37,
    "variance": 3.44,
    "stdDev": 1.8547236990991407,
    "confidence": 4.605148895747021,
    "low": 35.29742555212649,
    "high": 39.90257444787351,
    "count": 5
  },
  "Compilation.create chunks": {
    "min": 60,
    "max": 67,
    "mean": 62.2,
    "median": 61,
    "variance": 6.959999999999999,
    "stdDev": 2.6381811916545836,
    "confidence": 6.550418915458771,
    "low": 58.92479054227062,
    "high": 65.47520945772939,
    "count": 5
  },
  "Compilation.optimize": {
    "min": 111,
    "max": 117,
    "mean": 114.2,
    "median": 115,
    "variance": 5.359999999999999,
    "stdDev": 2.315167380558045,
    "confidence": 5.7483982715187665,
    "low": 111.32580086424062,
    "high": 117.07419913575939,
    "count": 5
  },
  "Compilation.module ids": {
    "min": 3,
    "max": 3,
    "mean": 3,
    "median": 3,
    "variance": 0,
    "stdDev": 0,
    "confidence": 0,
    "low": 3,
    "high": 3,
    "count": 5
  },
  "Compilation.chunk ids": {
    "min": 5,
    "max": 5,
    "mean": 5,
    "median": 5,
    "variance": 0,
    "stdDev": 0,
    "confidence": 0,
    "low": 5,
    "high": 5,
    "count": 5
  },
  "Compilation.optimize code generation": {
    "min": 7,
    "max": 8,
    "mean": 7.2,
    "median": 7,
    "variance": 0.15999999999999998,
    "stdDev": 0.39999999999999997,
    "confidence": 0.993171952886307,
    "low": 6.703414023556847,
    "high": 7.696585976443154,
    "count": 5
  },
  "Compilation.module code generation cache": {
    "min": 0,
    "max": 0,
    "mean": 0,
    "median": 0,
    "variance": 0,
    "stdDev": 0,
    "confidence": 0,
    "low": 0,
    "high": 0,
    "count": 5
  },
  "Compilation.code generation": {
    "min": 163,
    "max": 169,
    "mean": 166.6,
    "median": 168,
    "variance": 6.639999999999999,
    "stdDev": 2.576819745345025,
    "confidence": 6.398062746800804,
    "low": 163.4009686265996,
    "high": 169.7990313734004,
    "count": 5
  },
  "Compilation.runtime requirements.modules": {
    "min": 1,
    "max": 2,
    "mean": 1.8,
    "median": 2,
    "variance": 0.16000000000000006,
    "stdDev": 0.4000000000000001,
    "confidence": 0.9931719528863066,
    "low": 1.3034140235568468,
    "high": 2.2965859764431533,
    "count": 5
  },
  "Compilation.runtime requirements.chunks": {
    "min": 0,
    "max": 0,
    "mean": 0,
    "median": 0,
    "variance": 0,
    "stdDev": 0,
    "confidence": 0,
    "low": 0,
    "high": 0,
    "count": 5
  },
  "Compilation.runtime requirements.entries": {
    "min": 0,
    "max": 0,
    "mean": 0,
    "median": 0,
    "variance": 0,
    "stdDev": 0,
    "confidence": 0,
    "low": 0,
    "high": 0,
    "count": 5
  },
  "Compilation.runtime requirements": {
    "min": 2,
    "max": 4,
    "mean": 3,
    "median": 3,
    "variance": 0.4,
    "stdDev": 0.6324555320336759,
    "confidence": 1.5703427396590843,
    "low": 2.214828630170458,
    "high": 3.785171369829542,
    "count": 5
  },
  "Compilation.hashing: hash chunks": {
    "min": 0,
    "max": 0,
    "mean": 0,
    "median": 0,
    "variance": 0,
    "stdDev": 0,
    "confidence": 0,
    "low": 0,
    "high": 0,
    "count": 5
  },
  "Compilation.hashing: hash runtime chunks": {
    "min": 0,
    "max": 0,
    "mean": 0,
    "median": 0,
    "variance": 0,
    "stdDev": 0,
    "confidence": 0,
    "low": 0,
    "high": 0,
    "count": 5
  },
  "Compilation.hashing: process full hash chunks": {
    "min": 0,
    "max": 0,
    "mean": 0,
    "median": 0,
    "variance": 0,
    "stdDev": 0,
    "confidence": 0,
    "low": 0,
    "high": 0,
    "count": 5
  },
  "Compilation.hashing": {
    "min": 0,
    "max": 0,
    "mean": 0,
    "median": 0,
    "variance": 0,
    "stdDev": 0,
    "confidence": 0,
    "low": 0,
    "high": 0,
    "count": 5
  },
  "Compilation.create module assets": {
    "min": 0,
    "max": 1,
    "mean": 0.6,
    "median": 1,
    "variance": 0.24000000000000005,
    "stdDev": 0.48989794855663565,
    "confidence": 1.2081911278537363,
    "low": 0,
    "high": 1.2081911278537363,
    "count": 5
  },
  "Compilation.create chunk assets": {
    "min": 1,
    "max": 2,
    "mean": 1.2,
    "median": 1,
    "variance": 0.16,
    "stdDev": 0.4,
    "confidence": 0.9931719528863066,
    "low": 0.7034140235568467,
    "high": 1.6965859764431532,
    "count": 5
  },
  "Compilation.process assets": {
    "min": 481,
    "max": 514,
    "mean": 494.4,
    "median": 495,
    "variance": 143.04,
    "stdDev": 11.959933110180842,
    "confidence": 29.695675308569776,
    "low": 479.5521623457151,
    "high": 509.24783765428487,
    "count": 5
  },
  "Compilation.after process assets": {
    "min": 0,
    "max": 0,
    "mean": 0,
    "median": 0,
    "variance": 0,
    "stdDev": 0,
    "confidence": 0,
    "low": 0,
    "high": 0,
    "count": 5
  },
  "Compilation.after seal": {
    "min": 0,
    "max": 0,
    "mean": 0,
    "median": 0,
    "variance": 0,
    "stdDev": 0,
    "confidence": 0,
    "low": 0,
    "high": 0,
    "count": 5
  },
  "Compiler.make hook": {
    "min": 92,
    "max": 104,
    "mean": 97.2,
    "median": 92,
    "variance": 24.96,
    "stdDev": 4.995998398718719,
    "confidence": 12.404713715680828,
    "low": 90.99764314215959,
    "high": 103.40235685784042,
    "count": 5
  },
  "Compiler.make": {
    "min": 93,
    "max": 106,
    "mean": 99.2,
    "median": 93,
    "variance": 29.359999999999996,
    "stdDev": 5.418486873657626,
    "confidence": 13.453722974998414,
    "low": 92.4731385125008,
    "high": 105.92686148749921,
    "count": 5
  },
  "Compiler.finish make hook": {
    "min": 0,
    "max": 0,
    "mean": 0,
    "median": 0,
    "variance": 0,
    "stdDev": 0,
    "confidence": 0,
    "low": 0,
    "high": 0,
    "count": 5
  },
  "Compiler.finish compilation": {
    "min": 36,
    "max": 41,
    "mean": 38.6,
    "median": 39,
    "variance": 2.6400000000000006,
    "stdDev": 1.6248076809271923,
    "confidence": 4.034283543827826,
    "low": 36.58285822808609,
    "high": 40.617141771913914,