{
  "stats": {
    "min": 3254,
    "max": 3314,
    "mean": 3282.7,
    "median": 3281,
    "variance": 277.01000000000005,
    "stdDev": 16.64361739526597,
    "confidence": 23.810598937783652,
    "low": 3270.794700531108,
    "high": 3294.6052994688916,
    "count": 10
  },
  "heap memory": {
    "min": 20564176,
    "max": 21887376,
    "mean": 21037934.4,
    "median": 20762404,
    "variance": 218144712483.84,
    "stdDev": 467059.64553131757,
    "confidence": 668182.2608427033,
    "low": 20703843.269578647,
    "high": 21372025.53042135,
    "count": 10
  },
  "rss memory": {
    "min": 1166151680,
    "max": 1253756928,
    "mean": 1205751808,
    "median": 1196578816,
    "variance": 694024936410316.8,
    "stdDev": 26344353.02698316,
    "confidence": 37688611.15368509,
    "low": 1186907502.4231575,
    "high": 1224596113.5768425,
    "count": 10
  },
  "external memory": {
    "min": 8018724,
    "max": 8035901,
    "mean": 8023295.8,
    "median": 8019517,
    "variance": 32948414.96,
    "stdDev": 5740.070989108061,
    "confidence": 8211.828291302547,
    "low": 8019189.885854349,
    "high": 8027401.714145651,
    "count": 10
  },
  "array buffers memory": {
    "min": 115313,
    "max": 131697,
    "mean": 119409,
    "median": 115313,
    "variance": 30198988.8,
    "stdDev": 5495.360661503483,
    "confidence": 7861.742169508914,
    "low": 115478.12891524554,
    "high": 123339.87108475446,
    "count": 10
  },
  "Compilation.make hook": {
    "min": 0,
    "max": 0,
    "mean": 0,
    "median": 0,
    "variance": 0,
    "stdDev": 0,
    "confidence": 0,
    "low": 0,
    "high": 0,
    "count": 10
  },
  "Compilation.module add task": {
    "min": 106,
    "max": 110,
    "mean": 107.5,
    "median": 107.5,
    "variance": 2.05,
    "stdDev": 1.4317821063276353,
    "confidence": 2.0483281182466726,
    "low": 106.47583594087666,
    "high": 108.52416405912334,
    "count": 10
  },
  "Compilation.module process dependencies task": {
    "min": 70,
    "max": 78,
    "mean": 74.7,
    "median": 74.5,
    "variance": 6.209999999999999,
    "stdDev": 2.491987158875422,
    "confidence": 3.565072747644848,
    "low": 72.91746362617758,
    "high": 76.48253637382243,
    "count": 10
  },
  "Compilation.module factorize task": {
    "min": 37,
    "max": 54,
    "mean": 43.1,
    "median": 42,
    "variance": 24.290000000000003,
    "stdDev": 4.928488612140643,
    "confidence": 7.050766845102743,
    "low": 39.57461657744863,
    "high": 46.62538342255137,
    "count": 10
  },
  "Compilation.module build task": {
    "min": 15,
    "max": 20,
    "mean": 16.8,
    "median": 16.5,
    "variance": 2.36,
    "stdDev": 1.5362291495737217,
    "confidence": 2.1977515637578335,
    "low": 15.701124218121084,
    "high": 17.898875781878917,
    "count": 10
  },
  "Compilation.finish modules": {
    "min": 0,
    "max": 0,
    "mean": 0,
    "median": 0,
    "variance": 0,
    "stdDev": 0,
    "confidence": 0,
    "low": 0,
    "high": 0,
    "count": 10
  },
  "Compilation.optimize dependencies": {
    "min": 109,
    "max": 112,
    "mean": 110.7,
    "median": 111,
    "variance": 1.2099999999999997,
    "stdDev": 1.0999999999999999,
    "confidence": 1.573675854806197,
    "low": 109.9131620725969,
    "high": 111.4868379274031,
    "count": 10
  },
  "Compilation.create chunks": {
    "min": 47,
    "max": 53,
    "mean": 48.5,
    "median": 48,
    "variance": 3.25,
    "stdDev": 1.8027756377319946,
    "confidence": 2.5790768115742537,
    "low": 47.21046159421287,
    "high": 49.78953840578713,
    "count": 10
  },
  "Compilation.optimize": {
    "min": 0,
    "max": 0,
    "mean": 0,
    "median": 0,
    "variance": 0,
    "stdDev": 0,
    "confidence": 0,
    "low": 0,
    "high": 0,
    "count": 10
  },
  "Compilation.module ids": {
    "min": 44,
    "max": 52,
    "mean": 46.8,
    "median": 45,
    "variance": 7.159999999999999,
    "stdDev": 2.6758176320519302,
    "confidence": 3.8280632722043606,
    "low": 44.88596836389782,
    "high": 48.71403163610218,
    "count": 10
  },
  "Compilation.chunk ids": {
    "min": 5,
    "max": 12,
    "mean": 7.8,
    "median": 6.5,
    "variance": 4.56,
    "stdDev": 2.1354156504062622,
    "confidence": 3.054956408199631,
    "low": 6.272521795900184,
    "high": 9.327478204099815,
    "count": 10
  },
  "Compilation.code generation": {
    "min": 59,
    "max": 61,
    "mean": 59.5,
    "median": 59,
    "variance": 0.45,
    "stdDev": 0.6708203932499369,
    "confidence": 0.9596853234263847,
    "low": 59.02015733828681,
    "high": 59.97984266171319,
    "count": 10
  },
  "Compilation.runtime requirements.modules": {
    "min": 5,
    "max": 6,
    "mean": 5.1,
    "median": 5,
    "variance": 0.09,
    "stdDev": 0.3,
    "confidence": 0.4291843240380526,
    "low": 4.885407837980973,
    "high": 5.314592162019026,
    "count": 10
  },
  "Compilation.runtime requirements.chunks": {
    "min": 3,
    "max": 3,
    "mean": 3,
    "median": 3,
    "variance": 0,
    "stdDev": 0,
    "confidence": 0,
    "low": 3,
    "high": 3,
    "count": 10
  },
  "Compilation.runtime requirements.entries": {
    "min": 0,
    "max": 0,
    "mean": 0,
    "median": 0,
    "variance": 0,
    "stdDev": 0,
    "confidence": 0,
    "low": 0,
    "high": 0,
    "count": 10
  },
  "Compilation.runtime requirements": {
    "min": 9,
    "max": 10,
    "mean": 9.2,
    "median": 9,
    "variance": 0.1600000000000001,
    "stdDev": 0.40000000000000013,
    "confidence": 0.5722457653840713,
    "low": 8.913877117307964,
    "high": 9.486122882692035,
    "count": 10
  },
  "Compilation.hashing: hash chunks": {
    "min": 4,
    "max": 4,
    "mean": 4,
    "median": 4,
    "variance": 0,
    "stdDev": 0,
    "confidence": 0,
    "low": 4,
    "high": 4,
    "count": 10
  },
  "Compilation.hashing: hash runtime chunks": {
    "min": 14,
    "max": 15,
    "mean": 14.3,
    "median": 14,
    "variance": 0.20999999999999996,
    "stdDev": 0.45825756949558394,
    "confidence": 0.6555898839976102,
    "low": 13.972205058001196,
    "high": 14.627794941998806,
    "count": 10
  },
  "Compilation.hashing: process full hash chunks": {
    "min": 0,
    "max": 0,
    "mean": 0,
    "median": 0,
    "variance": 0,
    "stdDev": 0,
    "confidence": 0,
    "low": 0,
    "high": 0,
    "count": 10
  },
  "Compilation.hashing": {
    "min": 19,
    "max": 20,
    "mean": 19.1,
    "median": 19,
    "variance": 0.09,
    "stdDev": 0.3,
    "confidence": 0.4291843240380544,
    "low": 18.885407837980974,
    "high": 19.31459216201903,
    "count": 10
  },
  "Compilation.create chunk assets": {
    "min": 12,
    "max": 17,
    "mean": 14.8,
    "median": 15,
    "variance": 1.7599999999999998,
    "stdDev": 1.3266499161421599,
    "confidence": 1.8979244916487055,
    "low": 13.851037754175648,
    "high": 15.748962245824353,
    "count": 10
  },
  "Compilation.process assets": {
    "min": 2317,
    "max": 2369,
    "mean": 2347.5,
    "median": 2352,
    "variance": 317.45,
    "stdDev": 17.817126592130393,
    "confidence": 25.48943810914625,
    "low": 2334.755280945427,
    "high": 2360.244719054573,
    "count": 10
  },
  "Compiler.make": {
    "min": 559,
    "max": 581,
    "mean": 569.4,
    "median": 569,
    "variance": 54.039999999999985,
    "stdDev": 7.351190379795641,
    "confidence": 10.516718913425393,
    "low": 564.1416405432873,
    "high": 574.6583594567127,
    "count": 10
  },
  "Compiler.finish make hook": {
    "min": 0,
    "max": 0,
    "mean": 0,
    "median": 0,
    "variance": 0,
    "stdDev": 0,
    "confidence": 0,
    "low": 0,
    "high": 0,
    "count": 10
  },
  "Compiler.finish compilation": {
    "min": 0,
    "max": 0,
    "mean": 0,
    "median": 0,
    "variance": 0,
    "stdDev": 0,
    "confidence": 0,
    "low": 0,
    "high": 0,
    "count": 10
  },
  "Compiler.seal compilation": {
    "min": 2537,
    "max": 2596,
    "mean": 2569.3,
    "median": 2574,