{
  "stats": {
    "min": 320.3636363636364,
    "max": 339.6363636363636,
    "mean": 326.83636363636367,
    "median": 324.1818181818182,
    "variance": 48.67900826446268,
    "stdDev": 6.9770343459426,
    "confidence": 17.323487066786583,
    "low": 318.1746201029704,
    "high": 335.49810716975696,
    "count": 5
  },
  "heap memory": {
    "min": 93321798.54545455,
    "max": 126098937.45454545,
    "mean": 110491766.1090909,
    "median": 126098937.45454545,
    "variance": 198398095855504.25,
    "stdDev": 14085385.896577496,
    "confidence": 34973025.54515278,
    "low": 93005253.3365145,
    "high": 127978278.88166729,
    "count": 5
  },
  "rss memory": {
    "min": 850770106.1818181,
    "max": 890488273.4545455,
    "mean": 872848588.8,
    "median": 885080064,
    "variance": 325909287665968.1,
    "stdDev": 18052957.864736963,
    "confidence": 44824228.54473758,
    "low": 850436474.5276312,
    "high": 895260703.0723687,
    "count": 5
  },
  "external memory": {
    "min": 44999344.36363637,
    "max": 46728393,
    "mean": 45907259,
    "median": 46080820.27272727,
    "variance": 605452716229.8654,
    "stdDev": 778108.4218988157,
    "confidence": 1931988.6523363292,
    "low": 44941264.673831835,
    "high": 46873253.326168165,
    "count": 5
  },
  "array buffers memory": {
    "min": 18492138,
    "max": 22274021.636363637,
    "mean": 20696510.90909091,
    "median": 21950235.272727273,
    "variance": 3253484962792.8604,
    "stdDev": 1803741.9335350776,
    "confidence": 4478564.746579893,
    "low": 18457228.535800964,
    "high": 22935793.282380857,
    "count": 5
  },
  "Compilation.finish modules": {
    "min": 8.818181818181818,
    "max": 9.454545454545455,
    "mean": 9.036363636363635,
    "median": 9,
    "variance": 0.05487603305785131,
    "stdDev": 0.2342563404859115,
    "confidence": 0.5816420678909822,
    "low": 8.745542602418144,
    "high": 9.327184670309126,
    "count": 5
  },
  "Compilation.optimize dependencies": {
    "min": 1,
    "max": 1.1818181818181819,
    "mean": 1.0363636363636364,
    "median": 1,
    "variance": 0.005289256198347111,
    "stdDev": 0.07272727272727275,
    "confidence": 0.1805767187066012,
    "low": 0.9460752770103358,
    "high": 1.126651995716937,
    "count": 5
  },
  "Compilation.rebuild chunk graph": {
    "min": 41.45454545454545,
    "max": 46.63636363636363,
    "mean": 42.81818181818182,
    "median": 42.09090909090909,
    "variance": 3.712396694214872,
    "stdDev": 1.9267580787983922,
    "confidence": 4.784005209649166,
    "low": 40.42617921335724,
    "high": 45.2101844230064,
    "count": 5
  },
  "Compilation.create chunks": {
    "min": 54.09090909090909,
    "max": 59.81818181818182,
    "mean": 55.38181818181819,
    "median": 54.27272727272727,
    "variance": 4.933553719008267,
    "stdDev": 2.2211604442291573,
    "confidence": 5.5149856401722275,
    "low": 52.624325361732076,
    "high": 58.139311001904304,
    "count": 5
  },
  "Compilation.optimize": {
    "min": 0,
    "max": 0,
    "mean": 0,
    "median": 0,
    "variance": 0,
    "stdDev": 0,
    "confidence": 0,
    "low": 0,
    "high": 0,
    "count": 5
  },
  "Compilation.module ids": {
    "min": 1.9090909090909092,
    "max": 2,
    "mean": 1.9636363636363636,
    "median": 2,
    "variance": 0.0019834710743801614,
    "stdDev": 0.044536177141512284,
    "confidence": 0.11058020506431565,
    "low": 1.908346261104206,
    "high": 2.0189264661685216,
    "count": 5
  },
  "Compilation.chunk ids": {
    "min": 4,
    "max": 4,
    "mean": 4,
    "median": 4,
    "variance": 0,
    "stdDev": 0,
    "confidence": 0,
    "low": 4,
    "high": 4,
    "count": 5
  },
  "Compilation.optimize code generation": {
    "min": 0,
    "max": 0,
    "mean": 0,
    "median": 0,
    "variance": 0,
    "stdDev": 0,
    "confidence": 0,
    "low": 0,
    "high": 0,
    "count": 5
  },
  "Compilation.module code generation cache": {
    "min": 0,
    "max": 0,
    "mean": 0,
    "median": 0,
    "variance": 0,
    "stdDev": 0,
    "confidence": 0,
    "low": 0,
    "high": 0,
    "count": 5
  },
  "Compilation.code generation": {
    "min": 0,
    "max": 0,
    "mean": 0,
    "median": 0,
    "variance": 0,
    "stdDev": 0,
    "confidence": 0,
    "low": 0,
    "high": 0,
    "count": 5
  },
  "Compilation.runtime requirements.modules": {
    "min": 0,
    "max": 0,
    "mean": 0,
    "median": 0,
    "variance": 0,
    "stdDev": 0,
    "confidence": 0,
    "low": 0,
    "high": 0,
    "count": 5
  },
  "Compilation.runtime requirements.chunks": {
    "min": 1,
    "max": 1,
    "mean": 1,
    "median": 1,
    "variance": 0,
    "stdDev": 0,
    "confidence": 0,
    "low": 1,
    "high": 1,
    "count": 5
  },
  "Compilation.runtime requirements.entries": {
    "min": 0,
    "max": 0,
    "mean": 0,
    "median": 0,
    "variance": 0,
    "stdDev": 0,
    "confidence": 0,
    "low": 0,
    "high": 0,
    "count": 5
  },
  "Compilation.runtime requirements": {
    "min": 1.9090909090909092,
    "max": 2,
    "mean": 1.9636363636363636,
    "median": 2,
    "variance": 0.0019834710743801614,
    "stdDev": 0.044536177141512284,
    "confidence": 0.11058020506431565,
    "low": 1.908346261104206,
    "high": 2.0189264661685216,
    "count": 5
  },
  "Compilation.hashing: hash chunks": {
    "min": 2,
    "max": 2.3636363636363638,
    "mean": 2.1454545454545455,
    "median": 2.090909090909091,
    "variance": 0.015206611570247946,
    "stdDev": 0.12331509060227765,
    "confidence": 0.30618272338453956,
    "low": 1.9923631837622757,
    "high": 2.2985459071468153,
    "count": 5
  },
  "Compilation.hashing: hash runtime chunks": {
    "min": 8.727272727272727,
    "max": 8.909090909090908,
    "mean": 8.8,
    "median": 8.818181818181818,
    "variance": 0.004628099173553724,
    "stdDev": 0.06803013430498078,
    "confidence": 0.16891405335698906,
    "low": 8.715542973321506,
    "high": 8.884457026678495,
    "count": 5
  },
  "Compilation.hashing: process full hash chunks": {
    "min": 0,
    "max": 0,
    "mean": 0,
    "median": 0,
    "variance": 0,
    "stdDev": 0,
    "confidence": 0,
    "low": 0,
    "high": 0,
    "count": 5
  },
  "Compilation.hashing": {
    "min": 11.454545454545455,
    "max": 11.818181818181818,
    "mean": 11.672727272727274,
    "median": 11.727272727272727,
    "variance": 0.015206611570247868,
    "stdDev": 0.12331509060227734,
    "confidence": 0.3061827233845378,
    "low": 11.519635911035005,
    "high": 11.825818634419543,
    "count": 5
  },
  "Compilation.create module assets": {
    "min": 0,
    "max": 0.18181818181818182,
    "mean": 0.09090909090909091,
    "median": 0.09090909090909091,
    "variance": 0.003305785123966942,
    "stdDev": 0.0574959574576069,
    "confidence": 0.14275843087809859,
    "low": 0.01952987547004162,
    "high": 0.1622883063481402,
    "count": 5
  },
  "Compilation.create chunk assets": {
    "min": 11.181818181818182,
    "max": 11.545454545454545,
    "mean": 11.418181818181818,
    "median": 11.454545454545455,
    "variance": 0.018512396694214856,
    "stdDev": 0.13606026860996143,
    "confidence": 0.3378281067139781,
    "low": 11.249267764824829,
    "high": 11.587095871538807,
    "count": 5
  },
  "Compilation.process assets": {
    "min": 84.63636363636364,
    "max": 85.9090909090909,
    "mean": 85.16363636363636,
    "median": 85.0909090909091,
    "variance": 0.19966942148760203,
    "stdDev": 0.4468438446343443,
    "confidence": 1.1094819345267979,
    "low": 84.60889539637296,
    "high": 85.71837733089976,
    "count": 5
  },
  "Compilation.after process assets": {
    "min": 0,
    "max": 0,
    "mean": 0,
    "median": 0,
    "variance": 0,
    "stdDev": 0,
    "confidence": 0,
    "low": 0,
    "high": 0,
    "count": 5
  },
  "Compilation.after seal": {
    "min": 0,
    "max": 0,
    "mean": 0,
    "median": 0,
    "variance": 0,
    "stdDev": 0,
    "confidence": 0,
    "low": 0,
    "high": 0,