{
  "stats": {
    "min": 2619,
    "max": 2744,
    "mean": 2689.8,
    "median": 2703,
    "variance": 1846.9599999999998,
    "stdDev": 42.976272523335474,
    "confidence": 106.70707127443802,
    "low": 2636.446464362781,
    "high": 2743.153535637219,
    "count": 5
  },
  "heap memory": {
    "min": 46868272,
    "max": 51596200,
    "mean": 50593366.4,
    "median": 51499192,
    "variance": 3470455075440.64,
    "stdDev": 1862915.745663405,
    "confidence": 4625489.172957942,
    "low": 48280621.81352103,
    "high": 52906110.98647897,
    "count": 5
  },
  "rss memory": {
    "min": 1004961792,
    "max": 1037303808,
    "mean": 1020587212.8,
    "median": 1025523712,
    "variance": 154301917151887.34,
    "stdDev": 12421832.278367285,
    "confidence": 30842538.55583048,
    "low": 1005165943.5220847,
    "high": 1036008482.0779152,
    "count": 5
  },
  "external memory": {
    "min": 28672062,
    "max": 28780599,
    "mean": 28733907.4,
    "median": 28772407,
    "variance": 2558850182.64,
    "stdDev": 50585.0786560622,
    "confidence": 125599.20338936895,
    "low": 28671107.798305314,
    "high": 28796707.001694683,
    "count": 5
  },
  "array buffers memory": {
    "min": 497318,
    "max": 605855,
    "mean": 559163.4,
    "median": 597663,
    "variance": 2558850182.64,
    "stdDev": 50585.0786560622,
    "confidence": 125599.20338937175,
    "low": 496363.79830531415,
    "high": 621963.0016946859,
    "count": 5
  },
  "Compilation.build module graph": {
    "min": 1116,
    "max": 1213,
    "mean": 1159.6,
    "median": 1142,
    "variance": 1551.44,
    "stdDev": 39.38832314277926,
    "confidence": 97.79844454157728,
    "low": 1110.7007777292113,
    "high": 1208.4992222707886,
    "count": 5
  },
  "Compilation.finish modules": {
    "min": 5,
    "max": 11,
    "mean": 7,
    "median": 5,
    "variance": 5.2,
    "stdDev": 2.280350850198276,
    "confidence": 5.6619512678934285,
    "low": 4.169024366053286,
    "high": 9.830975633946714,
    "count": 5
  },
  "Compilation.seal": {
    "min": 0,
    "max": 0,
    "mean": 0,
    "median": 0,
    "variance": 0,
    "stdDev": 0,
    "confidence": 0,
    "low": 0,
    "high": 0,
    "count": 5
  },
  "Compilation.optimize dependencies": {
    "min": 9,
    "max": 13,
    "mean": 11.4,
    "median": 13,
    "variance": 2.2399999999999998,
    "stdDev": 1.4966629547095764,
    "confidence": 3.7161091738537486,
    "low": 9.541945413073126,
    "high": 13.258054586926875,
    "count": 5
  },
  "Compilation.rebuild chunk graph": {
    "min": 7,
    "max": 7,
    "mean": 7,
    "median": 7,
    "variance": 0,
    "stdDev": 0,
    "confidence": 0,
    "low": 7,
    "high": 7,
    "count": 5
  },
  "Compilation.build chunk graph": {
    "min": 7,
    "max": 7,
    "mean": 7,
    "median": 7,
    "variance": 0,
    "stdDev": 0,
    "confidence": 0,
    "low": 7,
    "high": 7,
    "count": 5
  },
  "Compilation.optimize modules": {
    "min": 0,
    "max": 0,
    "mean": 0,
    "median": 0,
    "variance": 0,
    "stdDev": 0,
    "confidence": 0,
    "low": 0,
    "high": 0,
    "count": 5
  },
  "Compilation.optimize chunks": {
    "min": 5,
    "max": 5,
    "mean": 5,
    "median": 5,
    "variance": 0,
    "stdDev": 0,
    "confidence": 0,
    "low": 5,
    "high": 5,
    "count": 5
  },
  "Compilation.optimize tree": {
    "min": 0,
    "max": 0,
    "mean": 0,
    "median": 0,
    "variance": 0,
    "stdDev": 0,
    "confidence": 0,
    "low": 0,
    "high": 0,
    "count": 5
  },
  "Compilation.optimize chunk modules": {
    "min": 13,
    "max": 14,
    "mean": 13.6,
    "median": 14,
    "variance": 0.24000000000000005,
    "stdDev": 0.48989794855663565,
    "confidence": 1.2163822557074724,
    "low": 12.991808872146263,
    "high": 14.208191127853736,
    "count": 5
  },
  "Compilation.module ids": {
    "min": 0,
    "max": 0,
    "mean": 0,
    "median": 0,
    "variance": 0,
    "stdDev": 0,
    "confidence": 0,
    "low": 0,
    "high": 0,
    "count": 5
  },
  "Compilation.chunk ids": {
    "min": 1,
    "max": 1,
    "mean": 1,
    "median": 1,
    "variance": 0,
    "stdDev": 0,
    "confidence": 0,
    "low": 1,
    "high": 1,
    "count": 5
  },
  "Compilation.assign runtime ids": {
    "min": 0,
    "max": 0,
    "mean": 0,
    "median": 0,
    "variance": 0,
    "stdDev": 0,
    "confidence": 0,
    "low": 0,
    "high": 0,
    "count": 5
  },
  "Compilation.optimize code generation": {
    "min": 0,
    "max": 0,
    "mean": 0,
    "median": 0,
    "variance": 0,
    "stdDev": 0,
    "confidence": 0,
    "low": 0,
    "high": 0,
    "count": 5
  },
  "Compilation.create module hashes": {
    "min": 5,
    "max": 5,
    "mean": 5,
    "median": 5,
    "variance": 0,
    "stdDev": 0,
    "confidence": 0,
    "low": 5,
    "high": 5,
    "count": 5
  },
  "Compilation.code generation": {
    "min": 32,
    "max": 37,
    "mean": 34.2,
    "median": 34,
    "variance": 2.96,
    "stdDev": 1.7204650534085253,
    "confidence": 4.271794092415973,
    "low": 32.064102953792016,
    "high": 36.33589704620799,
    "count": 5
  },
  "Compilation.runtime requirements.modules": {
    "min": 0,
    "max": 0,
    "mean": 0,
    "median": 0,
    "variance": 0,
    "stdDev": 0,
    "confidence": 0,
    "low": 0,
    "high": 0,
    "count": 5
  },
  "Compilation.runtime requirements.chunks": {
    "min": 0,
    "max": 0,
    "mean": 0,
    "median": 0,
    "variance": 0,
    "stdDev": 0,
    "confidence": 0,
    "low": 0,
    "high": 0,
    "count": 5
  },
  "Compilation.runtime requirements.entries": {
    "min": 0,
    "max": 1,
    "mean": 0.6,
    "median": 1,
    "variance": 0.24000000000000005,
    "stdDev": 0.48989794855663565,
    "confidence": 1.2081911278537363,
    "low": 0,
    "high": 1.2081911278537363,
    "count": 5
  },
  "Compilation.runtime requirements": {
    "min": 1,
    "max": 1,
    "mean": 1,
    "median": 1,
    "variance": 0,
    "stdDev": 0,
    "confidence": 0,
    "low": 1,
    "high": 1,
    "count": 5
  },
  "Compilation.hashing: hash chunks": {
    "min": 0,
    "max": 0,
    "mean": 0,
    "median": 0,
    "variance": 0,
    "stdDev": 0,
    "confidence": 0,
    "low": 0,
    "high": 0,
    "count": 5
  },
  "Compilation.hashing: hash runtime chunks": {
    "min": 0,
    "max": 0,
    "mean": 0,
    "median": 0,
    "variance": 0,
    "stdDev": 0,
    "confidence": 0,
    "low": 0,
    "high": 0,
    "count": 5
  },
  "Compilation.hashing: process full hash chunks": {
    "min": 0,
    "max": 0,
    "mean": 0,
    "median": 0,
    "variance": 0,
    "stdDev": 0,
    "confidence": 0,
    "low": 0,
    "high": 0,
    "count": 5
  },
  "Compilation.hashing": {
    "min": 1,
    "max": 1,
    "mean": 1,
    "median": 1,
    "variance": 0,
    "stdDev": 0,
    "confidence": 0,
    "low": 1,
    "high": 1,
    "count": 5
  },
  "Compilation.create module assets": {
    "min": 0,
    "max": 0,
    "mean": 0,
    "median": 0,
    "variance": 0,
    "stdDev": 0,
    "confidence": 0,
    "low": 0,
    "high": 0,
    "count": 5
  },
  "Compilation.create chunk assets": {
    "min": 1,
    "max": 1,
    "mean": 1,
    "median": 1,
    "variance": 0,
    "stdDev": 0,
    "confidence": 0,
    "low": 1,
    "high": 1,
    "count": 5
  },
  "Compilation.process assets": {
    "min": 1323,
    "max": 1415,
    "mean": 1355.2,
    "median": 1346,
    "variance": 973.7599999999999,
    "stdDev": 31.205127783747336,
    "confidence": 77.48014425262772,
    "low": 1316.4599278736862,
    "high": 1393.940072126314,
    "count": 5
  },
  "Compilation.after process assets": {
    "min": 0,
    "max": 0,
    "mean": 0,
    "median": 0,
    "variance": 0,
    "stdDev": 0,
    "confidence": 0,
    "low": 0,
    "high": 0,
    "count": 5
  },
  "Compilation.after seal": {
    "min": 0,
    "max": 0,
    "mean": 0,
    "median": 0,
    "variance": 0,
    "stdDev": 0,
    "confidence": 0,
    "low": 0,
    "high": 0,
    "count": 5
  },