{
  "stats": {
    "min": 864,
    "max": 889,
    "mean": 877,
    "median": 881,
    "variance": 95.6,
    "stdDev": 9.777525249264253,
    "confidence": 24.276909615517297,
    "low": 864.8615451922414,
    "high": 889.1384548077586,
    "count": 5
  },
  "heap memory": {
    "min": 8714328,
    "max": 8735944,
    "mean": 8724496,
    "median": 8726584,
    "variance": 62781542.4,
    "stdDev": 7923.480447379169,
    "confidence": 19673.44637395069,
    "low": 8714659.276813025,
    "high": 8734332.723186975,
    "count": 5
  },
  "rss memory": {
    "min": 555954176,
    "max": 580669440,
    "mean": 572048998.4,
    "median": 575180800,
    "variance": 72695043420323.84,
    "stdDev": 8526138.834215863,
    "confidence": 21169804.891394854,
    "low": 561464095.9543025,
    "high": 582633900.8456974,
    "count": 5
  },
  "external memory": {
    "min": 2836162,
    "max": 2836162,
    "mean": 2836162,
    "median": 2836162,
    "variance": 0,
    "stdDev": 0,
    "confidence": 0,
    "low": 2836162,
    "high": 2836162,
    "count": 5
  },
  "array buffers memory": {
    "min": 10515,
    "max": 10515,
    "mean": 10515,
    "median": 10515,
    "variance": 0,
    "stdDev": 0,
    "confidence": 0,
    "low": 10515,
    "high": 10515,
    "count": 5
  },
  "Compilation.build module graph": {
    "min": 316,
    "max": 327,
    "mean": 320.8,
    "median": 320,
    "variance": 14.959999999999999,
    "stdDev": 3.867815921162743,
    "confidence": 9.603515729564833,
    "low": 315.9982421352176,
    "high": 325.6017578647824,
    "count": 5
  },
  "Compilation.finish modules": {
    "min": 18,
    "max": 18,
    "mean": 18,
    "median": 18,
    "variance": 0,
    "stdDev": 0,
    "confidence": 0,
    "low": 18,
    "high": 18,
    "count": 5
  },
  "Compilation.seal": {
    "min": 0,
    "max": 0,
    "mean": 0,
    "median": 0,
    "variance": 0,
    "stdDev": 0,
    "confidence": 0,
    "low": 0,
    "high": 0,
    "count": 5
  },
  "Compilation.optimize dependencies": {
    "min": 24,
    "max": 27,
    "mean": 25,
    "median": 24,
    "variance": 1.6,
    "stdDev": 1.2649110640673518,
    "confidence": 3.140685479318172,
    "low": 23.429657260340914,
    "high": 26.570342739659086,
    "count": 5
  },
  "Compilation.rebuild chunk graph": {
    "min": 19,
    "max": 21,
    "mean": 20.2,
    "median": 20,
    "variance": 0.56,
    "stdDev": 0.7483314773547883,
    "confidence": 1.858054586926876,
    "low": 19.27097270653656,
    "high": 21.129027293463437,
    "count": 5
  },
  "Compilation.build chunk graph": {
    "min": 19,
    "max": 21,
    "mean": 20.2,
    "median": 20,
    "variance": 0.56,
    "stdDev": 0.7483314773547883,
    "confidence": 1.858054586926876,
    "low": 19.27097270653656,
    "high": 21.129027293463437,
    "count": 5
  },
  "Compilation.optimize modules": {
    "min": 0,
    "max": 0,
    "mean": 0,
    "median": 0,
    "variance": 0,
    "stdDev": 0,
    "confidence": 0,
    "low": 0,
    "high": 0,
    "count": 5
  },
  "Compilation.optimize chunks": {
    "min": 23,
    "max": 24,
    "mean": 23.2,
    "median": 23,
    "variance": 0.16,
    "stdDev": 0.4,
    "confidence": 0.993171952886307,
    "low": 22.703414023556846,
    "high": 23.696585976443153,
    "count": 5
  },
  "Compilation.optimize tree": {
    "min": 0,
    "max": 0,
    "mean": 0,
    "median": 0,
    "variance": 0,
    "stdDev": 0,
    "confidence": 0,
    "low": 0,
    "high": 0,
    "count": 5
  },
  "Compilation.optimize chunk modules": {
    "min": 48,
    "max": 50,
    "mean": 49,
    "median": 49,
    "variance": 0.4,
    "stdDev": 0.6324555320336759,
    "confidence": 1.5703427396590826,
    "low": 48.21482863017046,
    "high": 49.78517136982954,
    "count": 5
  },
  "Compilation.module ids": {
    "min": 1,
    "max": 1,
    "mean": 1,
    "median": 1,
    "variance": 0,
    "stdDev": 0,
    "confidence": 0,
    "low": 1,
    "high": 1,
    "count": 5
  },
  "Compilation.chunk ids": {
    "min": 1,
    "max": 2,
    "mean": 1.2,
    "median": 1,
    "variance": 0.16,
    "stdDev": 0.4,
    "confidence": 0.9931719528863066,
    "low": 0.7034140235568467,
    "high": 1.6965859764431532,
    "count": 5
  },
  "Compilation.assign runtime ids": {
    "min": 0,
    "max": 0,
    "mean": 0,
    "median": 0,
    "variance": 0,
    "stdDev": 0,
    "confidence": 0,
    "low": 0,
    "high": 0,
    "count": 5
  },
  "Compilation.optimize code generation": {
    "min": 3,
    "max": 3,
    "mean": 3,
    "median": 3,
    "variance": 0,
    "stdDev": 0,
    "confidence": 0,
    "low": 3,
    "high": 3,
    "count": 5
  },
  "Compilation.create module hashes": {
    "min": 29,
    "max": 34,
    "mean": 31.2,
    "median": 30,
    "variance": 3.7600000000000002,
    "stdDev": 1.9390719429665317,
    "confidence": 4.814579670957791,
    "low": 28.792710164521104,
    "high": 33.607289835478895,
    "count": 5
  },
  "Compilation.code generation": {
    "min": 91,
    "max": 97,
    "mean": 93.4,
    "median": 94,
    "variance": 5.039999999999999,
    "stdDev": 2.2449944320643644,
    "confidence": 5.574163760780635,
    "low": 90.61291811960969,
    "high": 96.18708188039032,
    "count": 5
  },
  "Compilation.runtime requirements.modules": {
    "min": 0,
    "max": 1,
    "mean": 0.2,
    "median": 0,
    "variance": 0.16000000000000003,
    "stdDev": 0.4,
    "confidence": 0.6965859764431532,
    "low": 0,
    "high": 0.6965859764431532,
    "count": 5
  },
  "Compilation.runtime requirements.chunks": {
    "min": 0,
    "max": 0,
    "mean": 0,
    "median": 0,
    "variance": 0,
    "stdDev": 0,
    "confidence": 0,
    "low": 0,
    "high": 0,
    "count": 5
  },
  "Compilation.runtime requirements.entries": {
    "min": 0,
    "max": 0,
    "mean": 0,
    "median": 0,
    "variance": 0,
    "stdDev": 0,
    "confidence": 0,
    "low": 0,
    "high": 0,
    "count": 5
  },
  "Compilation.runtime requirements": {
    "min": 1,
    "max": 2,
    "mean": 1.2,
    "median": 1,
    "variance": 0.16,
    "stdDev": 0.4,
    "confidence": 0.9931719528863066,
    "low": 0.7034140235568467,
    "high": 1.6965859764431532,
    "count": 5
  },
  "Compilation.hashing: hash chunks": {
    "min": 0,
    "max": 0,
    "mean": 0,
    "median": 0,
    "variance": 0,
    "stdDev": 0,
    "confidence": 0,
    "low": 0,
    "high": 0,
    "count": 5
  },
  "Compilation.hashing: hash runtime chunks": {
    "min": 0,
    "max": 0,
    "mean": 0,
    "median": 0,
    "variance": 0,
    "stdDev": 0,
    "confidence": 0,
    "low": 0,
    "high": 0,
    "count": 5
  },
  "Compilation.hashing: process full hash chunks": {
    "min": 0,
    "max": 0,
    "mean": 0,
    "median": 0,
    "variance": 0,
    "stdDev": 0,
    "confidence": 0,
    "low": 0,
    "high": 0,
    "count": 5
  },
  "Compilation.hashing": {
    "min": 0,
    "max": 0,
    "mean": 0,
    "median": 0,
    "variance": 0,
    "stdDev": 0,
    "confidence": 0,
    "low": 0,
    "high": 0,
    "count": 5
  },
  "Compilation.create module assets": {
    "min": 0,
    "max": 0,
    "mean": 0,
    "median": 0,
    "variance": 0,
    "stdDev": 0,
    "confidence": 0,
    "low": 0,
    "high": 0,
    "count": 5
  },
  "Compilation.create chunk assets": {
    "min": 1,
    "max": 2,
    "mean": 1.2,
    "median": 1,
    "variance": 0.16,
    "stdDev": 0.4,
    "confidence": 0.9931719528863066,
    "low": 0.7034140235568467,
    "high": 1.6965859764431532,
    "count": 5
  },
  "Compilation.process assets": {
    "min": 256,
    "max": 279,
    "mean": 264.6,
    "median": 262,
    "variance": 62.239999999999995,
    "stdDev": 7.889233169326408,
    "confidence": 19.588412783888316,
    "low": 254.80579360805586,
    "high": 274.3942063919442,
    "count": 5
  },
  "Compilation.after process assets": {
    "min": 0,
    "max": 0,
    "mean": 0,
    "median": 0,
    "variance": 0,
    "stdDev": 0,
    "confidence": 0,
    "low": 0,
    "high": 0,
    "count": 5
  },