{
  "stats": {
    "min": 160.36363636363637,
    "max": 163.72727272727272,
    "mean": 161.76363636363638,
    "median": 161.63636363636363,
    "variance": 1.4532231404958622,
    "stdDev": 1.205497051218236,
    "confidence": 2.9931646513927603,
    "low": 160.26705403794,
    "high": 163.26021868933276,
    "count": 5
  },
  "heap memory": {
    "min": 72996307.63636364,
    "max": 90972962.18181819,
    "mean": 80602220.94545455,
    "median": 80817317.0909091,
    "variance": 35444644195561.875,
    "stdDev": 5953540.475680154,
    "confidence": 14782223.552047312,
    "low": 73211109.1694309,
    "high": 87993332.72147821,
    "count": 5
  },
  "rss memory": {
    "min": 847164509.0909091,
    "max": 872093882.1818181,
    "mean": 862318294.1090908,
    "median": 864956043.6363636,
    "variance": 84220064144289.05,
    "stdDev": 9177149.020490462,
    "confidence": 22786217.536522865,
    "low": 850925185.3408294,
    "high": 873711402.8773522,
    "count": 5
  },
  "external memory": {
    "min": 43639061.63636363,
    "max": 46418195.63636363,
    "mean": 44472801.83636363,
    "median": 43639061.63636363,
    "variance": 1235773726392.9602,
    "stdDev": 1111653.6,
    "confidence": 2760157.942112729,
    "low": 43092722.865307264,
    "high": 45852880.80741999,
    "count": 5
  },
  "array buffers memory": {
    "min": 18074850,
    "max": 23633118,
    "mean": 21131897.4,
    "median": 22243551,
    "variance": 4170736326576.2397,
    "stdDev": 2042238.0680459954,
    "confidence": 5070733.925749995,
    "low": 18596530.437125,
    "high": 23667264.362874996,
    "count": 5
  },
  "Compilation.build module graph": {
    "min": 5.909090909090909,
    "max": 6.090909090909091,
    "mean": 6,
    "median": 6,
    "variance": 0.006611570247933872,
    "stdDev": 0.0813115628181741,
    "confidence": 0.2018909090909098,
    "low": 5.899054545454545,
    "high": 6.100945454545455,
    "count": 5
  },
  "Compilation.finish modules": {
    "min": 9,
    "max": 9.545454545454545,
    "mean": 9.290909090909093,
    "median": 9.363636363636363,
    "variance": 0.04429752066115693,
    "stdDev": 0.21046976186891295,
    "confidence": 0.522581661047159,
    "low": 9.029618260385513,
    "high": 9.552199921432672,
    "count": 5
  },
  "Compilation.seal": {
    "min": 0,
    "max": 0,
    "mean": 0,
    "median": 0,
    "variance": 0,
    "stdDev": 0,
    "confidence": 0,
    "low": 0,
    "high": 0,
    "count": 5
  },
  "Compilation.optimize dependencies": {
    "min": 2,
    "max": 2.090909090909091,
    "mean": 2.018181818181818,
    "median": 2,
    "variance": 0.0013223140495867746,
    "stdDev": 0.036363636363636334,
    "confidence": 0.09028835935330037,
    "low": 1.9730376385051678,
    "high": 2.063325997858468,
    "count": 5
  },
  "Compilation.rebuild chunk graph": {
    "min": 31.09090909090909,
    "max": 32,
    "mean": 31.563636363636363,
    "median": 31.545454545454547,
    "variance": 0.10380165289256202,
    "stdDev": 0.3221826390303519,
    "confidence": 0.7999569019795985,
    "low": 31.163657912646563,
    "high": 31.963614814626162,
    "count": 5
  },
  "Compilation.build chunk graph": {
    "min": 34.45454545454545,
    "max": 35.54545454545455,
    "mean": 34.981818181818184,
    "median": 35,
    "variance": 0.16000000000000109,
    "stdDev": 0.40000000000000135,
    "confidence": 0.9931719528863141,
    "low": 34.48523220537503,
    "high": 35.47840415826134,
    "count": 5
  },
  "Compilation.optimize modules": {
    "min": 0,
    "max": 0,
    "mean": 0,
    "median": 0,
    "variance": 0,
    "stdDev": 0,
    "confidence": 0,
    "low": 0,
    "high": 0,
    "count": 5
  },
  "Compilation.optimize chunks": {
    "min": 22,
    "max": 23.454545454545453,
    "mean": 22.81818181818182,
    "median": 22.90909090909091,
    "variance": 0.2247933884297518,
    "stdDev": 0.47412381128746506,
    "confidence": 1.1772161789156783,
    "low": 22.22957372872398,
    "high": 23.40678990763966,
    "count": 5
  },
  "Compilation.optimize tree": {
    "min": 0,
    "max": 0,
    "mean": 0,
    "median": 0,
    "variance": 0,
    "stdDev": 0,
    "confidence": 0,
    "low": 0,
    "high": 0,
    "count": 5
  },
  "Compilation.optimize chunk modules": {
    "min": 0,
    "max": 0,
    "mean": 0,
    "median": 0,
    "variance": 0,
    "stdDev": 0,
    "confidence": 0,
    "low": 0,
    "high": 0,
    "count": 5
  },
  "Compilation.module ids": {
    "min": 0,
    "max": 0,
    "mean": 0,
    "median": 0,
    "variance": 0,
    "stdDev": 0,
    "confidence": 0,
    "low": 0,
    "high": 0,
    "count": 5
  },
  "Compilation.chunk ids": {
    "min": 3,
    "max": 3.3636363636363638,
    "mean": 3.1818181818181817,
    "median": 3.1818181818181817,
    "variance": 0.013223140495867777,
    "stdDev": 0.11499191491521384,
    "confidence": 0.2855168617561974,
    "low": 3.039059750940083,
    "high": 3.3245766126962804,
    "count": 5
  },
  "Compilation.assign runtime ids": {
    "min": 0,
    "max": 0,
    "mean": 0,
    "median": 0,
    "variance": 0,
    "stdDev": 0,
    "confidence": 0,
    "low": 0,
    "high": 0,
    "count": 5
  },
  "Compilation.optimize code generation": {
    "min": 0,
    "max": 0,
    "mean": 0,
    "median": 0,
    "variance": 0,
    "stdDev": 0,
    "confidence": 0,
    "low": 0,
    "high": 0,
    "count": 5
  },
  "Compilation.create module hashes": {
    "min": 15.454545454545455,
    "max": 16.181818181818183,
    "mean": 15.781818181818181,
    "median": 15.727272727272727,
    "variance": 0.06148760330578527,
    "stdDev": 0.24796693994519767,
    "confidence": 0.6156845249915346,
    "low": 15.473975919322415,
    "high": 16.08966044431395,
    "count": 5
  },
  "Compilation.module code generation cache": {
    "min": 0,
    "max": 0,
    "mean": 0,
    "median": 0,
    "variance": 0,
    "stdDev": 0,
    "confidence": 0,
    "low": 0,
    "high": 0,
    "count": 5
  },
  "Compilation.code generation": {
    "min": 0,
    "max": 0,
    "mean": 0,
    "median": 0,
    "variance": 0,
    "stdDev": 0,
    "confidence": 0,
    "low": 0,
    "high": 0,
    "count": 5
  },
  "Compilation.runtime requirements.modules": {
    "min": 0,
    "max": 0,
    "mean": 0,
    "median": 0,
    "variance": 0,
    "stdDev": 0,
    "confidence": 0,
    "low": 0,
    "high": 0,
    "count": 5
  },
  "Compilation.runtime requirements.chunks": {
    "min": 0,
    "max": 0,
    "mean": 0,
    "median": 0,
    "variance": 0,
    "stdDev": 0,
    "confidence": 0,
    "low": 0,
    "high": 0,
    "count": 5
  },
  "Compilation.runtime requirements.entries": {
    "min": 0,
    "max": 0,
    "mean": 0,
    "median": 0,
    "variance": 0,
    "stdDev": 0,
    "confidence": 0,
    "low": 0,
    "high": 0,
    "count": 5
  },
  "Compilation.runtime requirements": {
    "min": 0,
    "max": 0.09090909090909091,
    "mean": 0.01818181818181818,
    "median": 0,
    "variance": 0.0013223140495867767,
    "stdDev": 0.03636363636363636,
    "confidence": 0.06332599785846847,
    "low": 0,
    "high": 0.06332599785846847,
    "count": 5
  },
  "Compilation.hashing: hash chunks": {
    "min": 1.0909090909090908,
    "max": 1.5454545454545454,
    "mean": 1.3454545454545452,
    "median": 1.2727272727272727,
    "variance": 0.031074380165289257,
    "stdDev": 0.17627926754241197,
    "confidence": 0.43768906099616256,
    "low": 1.126610014956464,
    "high": 1.5642990759526265,
    "count": 5
  },
  "Compilation.hashing: hash runtime chunks": {
    "min": 5,
    "max": 5.545454545454546,
    "mean": 5.2727272727272725,
    "median": 5.181818181818182,
    "variance": 0.03966942148760333,
    "stdDev": 0.19917183909278774,
    "confidence": 0.4945297109793536,
    "low": 5.025462417237596,
    "high": 5.519992128216949,
    "count": 5
  },
  "Compilation.hashing: process full hash chunks": {
    "min": 0,
    "max": 0,
    "mean": 0,
    "median": 0,
    "variance": 0,
    "stdDev": 0,
    "confidence": 0,
    "low": 0,
    "high": 0,