{
  "stats": {
    "min": 481,
    "max": 500,
    "mean": 490.2,
    "median": 490,
    "variance": 42.559999999999995,
    "stdDev": 6.523802572120036,
    "confidence": 16.198144351992937,
    "low": 482.1009278240035,
    "high": 498.29907217599646,
    "count": 5
  },
  "heap memory": {
    "min": 8759760,
    "max": 8797920,
    "mean": 8772699.2,
    "median": 8767168,
    "variance": 183163228.16,
    "stdDev": 13533.78100014922,
    "confidence": 33603.42926463485,
    "low": 8755897.485367682,
    "high": 8789500.914632317,
    "count": 5
  },
  "rss memory": {
    "min": 728051712,
    "max": 743010304,
    "mean": 735934873.6,
    "median": 737349632,
    "variance": 37707273459466.234,
    "stdDev": 6140624.842755518,
    "confidence": 15246740.91755414,
    "low": 728311503.141223,
    "high": 743558244.0587771,
    "count": 5
  },
  "external memory": {
    "min": 2839063,
    "max": 2839063,
    "mean": 2839063,
    "median": 2839063,
    "variance": 0,
    "stdDev": 0,
    "confidence": 0,
    "low": 2839063,
    "high": 2839063,
    "count": 5
  },
  "array buffers memory": {
    "min": 899239,
    "max": 899239,
    "mean": 899239,
    "median": 899239,
    "variance": 0,
    "stdDev": 0,
    "confidence": 0,
    "low": 899239,
    "high": 899239,
    "count": 5
  },
  "Compilation.build module graph": {
    "min": 154,
    "max": 161,
    "mean": 157,
    "median": 156,
    "variance": 8.8,
    "stdDev": 2.9664793948382653,
    "confidence": 7.365560334421275,
    "low": 153.31721983278936,
    "high": 160.68278016721064,
    "count": 5
  },
  "Compilation.finish modules": {
    "min": 19,
    "max": 22,
    "mean": 20.2,
    "median": 20,
    "variance": 0.9600000000000002,
    "stdDev": 0.9797958971132713,
    "confidence": 2.4327645114149448,
    "low": 18.983617744292527,
    "high": 21.41638225570747,
    "count": 5
  },
  "Compilation.seal": {
    "min": 0,
    "max": 0,
    "mean": 0,
    "median": 0,
    "variance": 0,
    "stdDev": 0,
    "confidence": 0,
    "low": 0,
    "high": 0,
    "count": 5
  },
  "Compilation.optimize dependencies": {
    "min": 25,
    "max": 27,
    "mean": 26,
    "median": 26,
    "variance": 0.4,
    "stdDev": 0.6324555320336759,
    "confidence": 1.5703427396590826,
    "low": 25.21482863017046,
    "high": 26.78517136982954,
    "count": 5
  },
  "Compilation.rebuild chunk graph": {
    "min": 25,
    "max": 28,
    "mean": 26.4,
    "median": 27,
    "variance": 1.4400000000000002,
    "stdDev": 1.2000000000000002,
    "confidence": 2.979515858658921,
    "low": 24.910242070670538,
    "high": 27.88975792932946,
    "count": 5
  },
  "Compilation.build chunk graph": {
    "min": 27,
    "max": 30,
    "mean": 28.4,
    "median": 29,
    "variance": 1.4400000000000002,
    "stdDev": 1.2000000000000002,
    "confidence": 2.979515858658921,
    "low": 26.910242070670538,
    "high": 29.88975792932946,
    "count": 5
  },
  "Compilation.optimize modules": {
    "min": 0,
    "max": 0,
    "mean": 0,
    "median": 0,
    "variance": 0,
    "stdDev": 0,
    "confidence": 0,
    "low": 0,
    "high": 0,
    "count": 5
  },
  "Compilation.optimize chunks": {
    "min": 22,
    "max": 27,
    "mean": 23.6,
    "median": 23,
    "variance": 3.44,
    "stdDev": 1.8547236990991407,
    "confidence": 4.605148895747021,
    "low": 21.29742555212649,
    "high": 25.902574447873512,
    "count": 5
  },
  "Compilation.optimize tree": {
    "min": 0,
    "max": 0,
    "mean": 0,
    "median": 0,
    "variance": 0,
    "stdDev": 0,
    "confidence": 0,
    "low": 0,
    "high": 0,
    "count": 5
  },
  "Compilation.optimize chunk modules": {
    "min": 49,
    "max": 54,
    "mean": 51.8,
    "median": 51,
    "variance": 3.7599999999999993,
    "stdDev": 1.9390719429665315,
    "confidence": 4.814579670957784,
    "low": 49.392710164521105,
    "high": 54.20728983547889,
    "count": 5
  },
  "Compilation.module ids": {
    "min": 1,
    "max": 1,
    "mean": 1,
    "median": 1,
    "variance": 0,
    "stdDev": 0,
    "confidence": 0,
    "low": 1,
    "high": 1,
    "count": 5
  },
  "Compilation.chunk ids": {
    "min": 1,
    "max": 2,
    "mean": 1.8,
    "median": 2,
    "variance": 0.16000000000000006,
    "stdDev": 0.4000000000000001,
    "confidence": 0.9931719528863066,
    "low": 1.3034140235568468,
    "high": 2.2965859764431533,
    "count": 5
  },
  "Compilation.assign runtime ids": {
    "min": 0,
    "max": 0,
    "mean": 0,
    "median": 0,
    "variance": 0,
    "stdDev": 0,
    "confidence": 0,
    "low": 0,
    "high": 0,
    "count": 5
  },
  "Compilation.optimize code generation": {
    "min": 3,
    "max": 3,
    "mean": 3,
    "median": 3,
    "variance": 0,
    "stdDev": 0,
    "confidence": 0,
    "low": 3,
    "high": 3,
    "count": 5
  },
  "Compilation.create module hashes": {
    "min": 31,
    "max": 32,
    "mean": 31.8,
    "median": 32,
    "variance": 0.15999999999999998,
    "stdDev": 0.39999999999999997,
    "confidence": 0.993171952886307,
    "low": 31.303414023556847,
    "high": 32.296585976443154,
    "count": 5
  },
  "Compilation.module code generation cache": {
    "min": 0,
    "max": 0,
    "mean": 0,
    "median": 0,
    "variance": 0,
    "stdDev": 0,
    "confidence": 0,
    "low": 0,
    "high": 0,
    "count": 5
  },
  "Compilation.code generation": {
    "min": 92,
    "max": 95,
    "mean": 93.4,
    "median": 93,
    "variance": 1.04,
    "stdDev": 1.019803902718557,
    "confidence": 2.5321015840601717,
    "low": 92.13394920796992,
    "high": 94.66605079203009,
    "count": 5
  },
  "Compilation.runtime requirements.modules": {
    "min": 0,
    "max": 1,
    "mean": 0.4,
    "median": 0,
    "variance": 0.24000000000000005,
    "stdDev": 0.48989794855663565,
    "confidence": 1.0081911278537365,
    "low": 0,
    "high": 1.0081911278537365,
    "count": 5
  },
  "Compilation.runtime requirements.chunks": {
    "min": 0,
    "max": 0,
    "mean": 0,
    "median": 0,
    "variance": 0,
    "stdDev": 0,
    "confidence": 0,
    "low": 0,
    "high": 0,
    "count": 5
  },
  "Compilation.runtime requirements.entries": {
    "min": 0,
    "max": 0,
    "mean": 0,
    "median": 0,
    "variance": 0,
    "stdDev": 0,
    "confidence": 0,
    "low": 0,
    "high": 0,
    "count": 5
  },
  "Compilation.runtime requirements": {
    "min": 1,
    "max": 2,
    "mean": 1.6,
    "median": 2,
    "variance": 0.24,
    "stdDev": 0.4898979485566356,
    "confidence": 1.216382255707473,
    "low": 0.9918088721462637,
    "high": 2.2081911278537367,
    "count": 5
  },
  "Compilation.hashing: hash chunks": {
    "min": 0,
    "max": 0,
    "mean": 0,
    "median": 0,
    "variance": 0,
    "stdDev": 0,
    "confidence": 0,
    "low": 0,
    "high": 0,
    "count": 5
  },
  "Compilation.hashing: hash runtime chunks": {
    "min": 0,
    "max": 0,
    "mean": 0,
    "median": 0,
    "variance": 0,
    "stdDev": 0,
    "confidence": 0,
    "low": 0,
    "high": 0,
    "count": 5
  },
  "Compilation.hashing: process full hash chunks": {
    "min": 0,
    "max": 0,
    "mean": 0,
    "median": 0,
    "variance": 0,
    "stdDev": 0,
    "confidence": 0,
    "low": 0,
    "high": 0,
    "count": 5
  },
  "Compilation.hashing": {
    "min": 0,
    "max": 1,
    "mean": 0.2,
    "median": 0,
    "variance": 0.16000000000000003,
    "stdDev": 0.4,
    "confidence": 0.6965859764431532,
    "low": 0,
    "high": 0.6965859764431532,
    "count": 5
  },
  "Compilation.create module assets": {
    "min": 0,
    "max": 0,
    "mean": 0,
    "median": 0,
    "variance": 0,
    "stdDev": 0,
    "confidence": 0,
    "low": 0,
    "high": 0,
    "count": 5
  },
  "Compilation.create chunk assets": {
    "min": 1,
    "max": 1,
    "mean": 1,
    "median": 1,
    "variance": 0,
    "stdDev": 0,
    "confidence": 0,
    "low": 1,
    "high": 1,
    "count": 5
  },
  "Compilation.process assets": {
    "min": 7,
    "max": 8,
    "mean": 7.6,
    "median": 8,