{
  "stats": {
    "min": 1407,
    "max": 1439,
    "mean": 1424.2,
    "median": 1427,
    "variance": 118.96,
    "stdDev": 10.906878563548783,
    "confidence": 27.081014707133818,
    "low": 1410.6594926464331,
    "high": 1437.740507353567,
    "count": 5
  },
  "heap memory": {
    "min": 18684160,
    "max": 19028160,
    "mean": 18820968,
    "median": 18814240,
    "variance": 13550806425.6,
    "stdDev": 116407.93111124345,
    "confidence": 289032.73068302125,
    "low": 18676451.63465849,
    "high": 18965484.36534151,
    "count": 5
  },
  "rss memory": {
    "min": 608890880,
    "max": 616181760,
    "mean": 613998592,
    "median": 615661568,
    "variance": 7557612358860.8,
    "stdDev": 2749111.1943427823,
    "confidence": 6825850.333967686,
    "low": 610585666.8330162,
    "high": 617411517.1669838,
    "count": 5
  },
  "external memory": {
    "min": 26750239,
    "max": 26750239,
    "mean": 26750239,
    "median": 26750239,
    "variance": 0,
    "stdDev": 0,
    "confidence": 0,
    "low": 26750239,
    "high": 26750239,
    "count": 5
  },
  "array buffers memory": {
    "min": 10475,
    "max": 10475,
    "mean": 10475,
    "median": 10475,
    "variance": 0,
    "stdDev": 0,
    "confidence": 0,
    "low": 10475,
    "high": 10475,
    "count": 5
  },
  "Compilation.finish modules": {
    "min": 27,
    "max": 28,
    "mean": 27.6,
    "median": 28,
    "variance": 0.24,
    "stdDev": 0.4898979485566356,
    "confidence": 1.2163822557074724,
    "low": 26.991808872146265,
    "high": 28.208191127853738,
    "count": 5
  },
  "Compilation.optimize dependencies": {
    "min": 1,
    "max": 1,
    "mean": 1,
    "median": 1,
    "variance": 0,
    "stdDev": 0,
    "confidence": 0,
    "low": 1,
    "high": 1,
    "count": 5
  },
  "Compilation.rebuild chunk graph": {
    "min": 41,
    "max": 43,
    "mean": 42,
    "median": 42,
    "variance": 0.4,
    "stdDev": 0.6324555320336759,
    "confidence": 1.5703427396590826,
    "low": 41.21482863017046,
    "high": 42.78517136982954,
    "count": 5
  },
  "Compilation.create chunks": {
    "min": 65,
    "max": 66,
    "mean": 65.4,
    "median": 65,
    "variance": 0.24,
    "stdDev": 0.4898979485566356,
    "confidence": 1.2163822557074866,
    "low": 64.79180887214626,
    "high": 66.00819112785375,
    "count": 5
  },
  "Compilation.optimize": {
    "min": 0,
    "max": 0,
    "mean": 0,
    "median": 0,
    "variance": 0,
    "stdDev": 0,
    "confidence": 0,
    "low": 0,
    "high": 0,
    "count": 5
  },
  "Compilation.module ids": {
    "min": 10,
    "max": 10,
    "mean": 10,
    "median": 10,
    "variance": 0,
    "stdDev": 0,
    "confidence": 0,
    "low": 10,
    "high": 10,
    "count": 5
  },
  "Compilation.chunk ids": {
    "min": 5,
    "max": 5,
    "mean": 5,
    "median": 5,
    "variance": 0,
    "stdDev": 0,
    "confidence": 0,
    "low": 5,
    "high": 5,
    "count": 5
  },
  "Compilation.optimize code generation": {
    "min": 0,
    "max": 0,
    "mean": 0,
    "median": 0,
    "variance": 0,
    "stdDev": 0,
    "confidence": 0,
    "low": 0,
    "high": 0,
    "count": 5
  },
  "Compilation.module code generation cache": {
    "min": 0,
    "max": 0,
    "mean": 0,
    "median": 0,
    "variance": 0,
    "stdDev": 0,
    "confidence": 0,
    "low": 0,
    "high": 0,
    "count": 5
  },
  "Compilation.code generation": {
    "min": 71,
    "max": 74,
    "mean": 72.6,
    "median": 73,
    "variance": 1.8399999999999999,
    "stdDev": 1.3564659966250536,
    "confidence": 3.36800995722993,
    "low": 70.91599502138503,
    "high": 74.28400497861496,
    "count": 5
  },
  "Compilation.runtime requirements.modules": {
    "min": 7,
    "max": 8,
    "mean": 7.8,
    "median": 8,
    "variance": 0.15999999999999998,
    "stdDev": 0.39999999999999997,
    "confidence": 0.9931719528863061,
    "low": 7.303414023556846,
    "high": 8.296585976443152,
    "count": 5
  },
  "Compilation.runtime requirements.chunks": {
    "min": 0,
    "max": 0,
    "mean": 0,
    "median": 0,
    "variance": 0,
    "stdDev": 0,
    "confidence": 0,
    "low": 0,
    "high": 0,
    "count": 5
  },
  "Compilation.runtime requirements.entries": {
    "min": 0,
    "max": 0,
    "mean": 0,
    "median": 0,
    "variance": 0,
    "stdDev": 0,
    "confidence": 0,
    "low": 0,
    "high": 0,
    "count": 5
  },
  "Compilation.runtime requirements": {
    "min": 9,
    "max": 10,
    "mean": 9.8,
    "median": 10,
    "variance": 0.16,
    "stdDev": 0.4,
    "confidence": 0.993171952886307,
    "low": 9.303414023556847,
    "high": 10.296585976443154,
    "count": 5
  },
  "Compilation.hashing: hash chunks": {
    "min": 1,
    "max": 3,
    "mean": 2,
    "median": 2,
    "variance": 0.8,
    "stdDev": 0.8944271909999159,
    "confidence": 2.2207999999999997,
    "low": 0.8896000000000002,
    "high": 3.1104,
    "count": 5
  },
  "Compilation.hashing: hash runtime chunks": {
    "min": 2,
    "max": 2,
    "mean": 2,
    "median": 2,
    "variance": 0,
    "stdDev": 0,
    "confidence": 0,
    "low": 2,
    "high": 2,
    "count": 5
  },
  "Compilation.hashing: process full hash chunks": {
    "min": 0,
    "max": 0,
    "mean": 0,
    "median": 0,
    "variance": 0,
    "stdDev": 0,
    "confidence": 0,
    "low": 0,
    "high": 0,
    "count": 5
  },
  "Compilation.hashing": {
    "min": 5,
    "max": 7,
    "mean": 5.8,
    "median": 5,
    "variance": 0.96,
    "stdDev": 0.9797958971132712,
    "confidence": 2.4327645114149465,
    "low": 4.5836177442925266,
    "high": 7.016382255707473,
    "count": 5
  },
  "Compilation.create module assets": {
    "min": 0,
    "max": 1,
    "mean": 0.4,
    "median": 0,
    "variance": 0.24000000000000005,
    "stdDev": 0.48989794855663565,
    "confidence": 1.0081911278537365,
    "low": 0,
    "high": 1.0081911278537365,
    "count": 5
  },
  "Compilation.create chunk assets": {
    "min": 19,
    "max": 20,
    "mean": 19.6,
    "median": 20,
    "variance": 0.24,
    "stdDev": 0.4898979485566356,
    "confidence": 1.2163822557074724,
    "low": 18.991808872146265,
    "high": 20.208191127853738,
    "count": 5
  },
  "Compilation.process assets": {
    "min": 39,
    "max": 41,
    "mean": 40,
    "median": 40,
    "variance": 0.4,
    "stdDev": 0.6324555320336759,
    "confidence": 1.5703427396590826,
    "low": 39.21482863017046,
    "high": 40.78517136982954,
    "count": 5
  },
  "Compilation.after process assets": {
    "min": 0,
    "max": 0,
    "mean": 0,
    "median": 0,
    "variance": 0,
    "stdDev": 0,
    "confidence": 0,
    "low": 0,
    "high": 0,
    "count": 5
  },
  "Compilation.after seal": {
    "min": 0,
    "max": 0,
    "mean": 0,
    "median": 0,
    "variance": 0,
    "stdDev": 0,
    "confidence": 0,
    "low": 0,
    "high": 0,
    "count": 5
  },
  "Compiler.make hook": {
    "min": 0,
    "max": 0,
    "mean": 0,
    "median": 0,
    "variance": 0,
    "stdDev": 0,
    "confidence": 0,
    "low": 0,
    "high": 0,
    "count": 5
  },
  "Compiler.make": {
    "min": 946,
    "max": 967,
    "mean": 954,
    "median": 951,
    "variance": 52.4,
    "stdDev": 7.238784428341543,
    "confidence": 17.973394168047435,
    "low": 945.0133029159763,
    "high": 962.9866970840237,
    "count": 5
  },
  "Compiler.finish make hook": {
    "min": 0,
    "max": 0,
    "mean": 0,
    "median": 0,
    "variance": 0,
    "stdDev": 0,
    "confidence": 0,
    "low": 0,
    "high": 0,
    "count": 5
  },
  "Compiler.finish compilation": {
    "min": 0,
    "max": 0,
    "mean": 0,
    "median": 0,
    "variance": 0,
    "stdDev": 0,
    "confidence": 0,
    "low": 0,
    "high": 0,
    "count": 5
  },
  "Compiler.seal compilation": {
    "min": 1231,
    "max": 1254,
    "mean": 1241.8,
    "median": 1242,
    "variance": 59.760000000000005,
    "stdDev": 7.730459236035076,
    "confidence": 19.194188240402127,
    "low": 1232.202905879799,
    "high": 1251.397094120201,
    "count": 5
  },