{
  "stats": {
    "min": 3933,
    "max": 3991,
    "mean": 3970.6,
    "median": 3986,
    "variance": 509.84,
    "stdDev": 22.579636843846714,
    "confidence": 56.06365504916721,
    "low": 3942.5681724754163,
    "high": 3998.6318275245835,
    "count": 5
  },
  "heap memory": {
    "min": 13823304,
    "max": 13950016,
    "mean": 13892115.2,
    "median": 13885320,
    "variance": 2409838914.56,
    "stdDev": 49090.11015021254,
    "confidence": 121887.30141322687,
    "low": 13831171.549293386,
    "high": 13953058.850706613,
    "count": 5
  },
  "rss memory": {
    "min": 838369280,
    "max": 857640960,
    "mean": 849436672,
    "median": 851947520,
    "variance": 43284338153881.6,
    "stdDev": 6579083.382499541,
    "confidence": 16335402.727997303,
    "low": 841268970.6360013,
    "high": 857604373.3639987,
    "count": 5
  },
  "external memory": {
    "min": 28035403,
    "max": 28035403,
    "mean": 28035403,
    "median": 28035403,
    "variance": 0,
    "stdDev": 0,
    "confidence": 0,
    "low": 28035403,
    "high": 28035403,
    "count": 5
  },
  "array buffers memory": {
    "min": 16663,
    "max": 16663,
    "mean": 16663,
    "median": 16663,
    "variance": 0,
    "stdDev": 0,
    "confidence": 0,
    "low": 16663,
    "high": 16663,
    "count": 5
  },
  "Compilation.finish modules": {
    "min": 28,
    "max": 29,
    "mean": 28.4,
    "median": 28,
    "variance": 0.24,
    "stdDev": 0.4898979485566356,
    "confidence": 1.2163822557074724,
    "low": 27.791808872146262,
    "high": 29.008191127853735,
    "count": 5
  },
  "Compilation.optimize dependencies": {
    "min": 49,
    "max": 51,
    "mean": 50,
    "median": 50,
    "variance": 0.4,
    "stdDev": 0.6324555320336759,
    "confidence": 1.5703427396590826,
    "low": 49.21482863017046,
    "high": 50.78517136982954,
    "count": 5
  },
  "Compilation.rebuild chunk graph": {
    "min": 15,
    "max": 16,
    "mean": 15.2,
    "median": 15,
    "variance": 0.16,
    "stdDev": 0.4,
    "confidence": 0.993171952886307,
    "low": 14.703414023556846,
    "high": 15.696585976443153,
    "count": 5
  },
  "Compilation.create chunks": {
    "min": 23,
    "max": 24,
    "mean": 23.4,
    "median": 23,
    "variance": 0.24,
    "stdDev": 0.4898979485566356,
    "confidence": 1.2163822557074724,
    "low": 22.791808872146262,
    "high": 24.008191127853735,
    "count": 5
  },
  "Compilation.optimize": {
    "min": 73,
    "max": 77,
    "mean": 75,
    "median": 75,
    "variance": 2,
    "stdDev": 1.4142135623730951,
    "confidence": 3.5113931138509713,
    "low": 73.24430344307451,
    "high": 76.75569655692549,
    "count": 5
  },
  "Compilation.module ids": {
    "min": 0,
    "max": 0,
    "mean": 0,
    "median": 0,
    "variance": 0,
    "stdDev": 0,
    "confidence": 0,
    "low": 0,
    "high": 0,
    "count": 5
  },
  "Compilation.chunk ids": {
    "min": 0,
    "max": 0,
    "mean": 0,
    "median": 0,
    "variance": 0,
    "stdDev": 0,
    "confidence": 0,
    "low": 0,
    "high": 0,
    "count": 5
  },
  "Compilation.optimize code generation": {
    "min": 6,
    "max": 7,
    "mean": 6.6,
    "median": 7,
    "variance": 0.24000000000000005,
    "stdDev": 0.48989794855663565,
    "confidence": 1.2163822557074724,
    "low": 5.9918088721462635,
    "high": 7.208191127853736,
    "count": 5
  },
  "Compilation.module code generation cache": {
    "min": 0,
    "max": 0,
    "mean": 0,
    "median": 0,
    "variance": 0,
    "stdDev": 0,
    "confidence": 0,
    "low": 0,
    "high": 0,
    "count": 5
  },
  "Compilation.code generation": {
    "min": 290,
    "max": 296,
    "mean": 292,
    "median": 290,
    "variance": 6.4,
    "stdDev": 2.5298221281347035,
    "confidence": 6.28137095863633,
    "low": 288.85931452068183,
    "high": 295.14068547931817,
    "count": 5
  },
  "Compilation.runtime requirements.modules": {
    "min": 6,
    "max": 13,
    "mean": 7.4,
    "median": 6,
    "variance": 7.840000000000001,
    "stdDev": 2.8000000000000003,
    "confidence": 6.952203670204145,
    "low": 3.923898164897927,
    "high": 10.876101835102073,
    "count": 5
  },
  "Compilation.runtime requirements.chunks": {
    "min": 0,
    "max": 0,
    "mean": 0,
    "median": 0,
    "variance": 0,
    "stdDev": 0,
    "confidence": 0,
    "low": 0,
    "high": 0,
    "count": 5
  },
  "Compilation.runtime requirements.entries": {
    "min": 0,
    "max": 0,
    "mean": 0,
    "median": 0,
    "variance": 0,
    "stdDev": 0,
    "confidence": 0,
    "low": 0,
    "high": 0,
    "count": 5
  },
  "Compilation.runtime requirements": {
    "min": 6,
    "max": 13,
    "mean": 8,
    "median": 7,
    "variance": 6.4,
    "stdDev": 2.5298221281347035,
    "confidence": 6.281370958636337,
    "low": 4.859314520681831,
    "high": 11.140685479318169,
    "count": 5
  },
  "Compilation.hashing: hash chunks": {
    "min": 0,
    "max": 0,
    "mean": 0,
    "median": 0,
    "variance": 0,
    "stdDev": 0,
    "confidence": 0,
    "low": 0,
    "high": 0,
    "count": 5
  },
  "Compilation.hashing: hash runtime chunks": {
    "min": 0,
    "max": 0,
    "mean": 0,
    "median": 0,
    "variance": 0,
    "stdDev": 0,
    "confidence": 0,
    "low": 0,
    "high": 0,
    "count": 5
  },
  "Compilation.hashing: process full hash chunks": {
    "min": 0,
    "max": 0,
    "mean": 0,
    "median": 0,
    "variance": 0,
    "stdDev": 0,
    "confidence": 0,
    "low": 0,
    "high": 0,
    "count": 5
  },
  "Compilation.hashing": {
    "min": 0,
    "max": 0,
    "mean": 0,
    "median": 0,
    "variance": 0,
    "stdDev": 0,
    "confidence": 0,
    "low": 0,
    "high": 0,
    "count": 5
  },
  "Compilation.create module assets": {
    "min": 0,
    "max": 0,
    "mean": 0,
    "median": 0,
    "variance": 0,
    "stdDev": 0,
    "confidence": 0,
    "low": 0,
    "high": 0,
    "count": 5
  },
  "Compilation.create chunk assets": {
    "min": 0,
    "max": 0,
    "mean": 0,
    "median": 0,
    "variance": 0,
    "stdDev": 0,
    "confidence": 0,
    "low": 0,
    "high": 0,
    "count": 5
  },
  "Compilation.process assets": {
    "min": 3264,
    "max": 3309,
    "mean": 3292.4,
    "median": 3305,
    "variance": 326.64,
    "stdDev": 18.07318455613177,
    "confidence": 44.874450001219884,
    "low": 3269.96277499939,
    "high": 3314.83722500061,
    "count": 5
  },
  "Compilation.after process assets": {
    "min": 0,
    "max": 0,
    "mean": 0,
    "median": 0,
    "variance": 0,
    "stdDev": 0,
    "confidence": 0,
    "low": 0,
    "high": 0,
    "count": 5
  },
  "Compilation.after seal": {
    "min": 0,
    "max": 0,
    "mean": 0,
    "median": 0,
    "variance": 0,
    "stdDev": 0,
    "confidence": 0,
    "low": 0,
    "high": 0,
    "count": 5
  },
  "Compiler.make hook": {
    "min": 54,
    "max": 60,
    "mean": 57.2,
    "median": 57,
    "variance": 3.7599999999999993,
    "stdDev": 1.9390719429665315,
    "confidence": 4.814579670957784,
    "low": 54.79271016452111,
    "high": 59.607289835478895,
    "count": 5
  },
  "Compiler.make": {
    "min": 56,
    "max": 61,
    "mean": 58.8,
    "median": 59,
    "variance": 2.5599999999999996,
    "stdDev": 1.5999999999999999,
    "confidence": 3.972687811545228,
    "low": 56.81365609422738,
    "high": 60.78634390577261,
    "count": 5
  },
  "Compiler.finish make hook": {
    "min": 0,
    "max": 0,
    "mean": 0,
    "median": 0,
    "variance": 0,
    "stdDev": 0,
    "confidence": 0,
    "low": 0,
    "high": 0,
    "count": 5
  },
  "Compiler.finish compilation": {
    "min": 34,
    "max": 36,
    "mean": 34.8,
    "median": 35,
    "variance": 0.5599999999999999,
    "stdDev": 0.7483314773547882,
    "confidence": 1.858054586926869,
    "low": 33.87097270653656,
    "high": 35.72902729346343,
    "count": 5
  },
  "Compiler.seal compilation": {
    "min": 3769,
    "max": 3823,
    "mean": 3803.4,
    "median": 3815,
    "variance": 399.04,
    "stdDev": 19.975985582694037,