{
  "stats": {
    "min": 1293,
    "max": 1328,
    "mean": 1307,
    "median": 1304,
    "variance": 134.4,
    "stdDev": 11.593101396951552,
    "confidence": 28.784857886048485,
    "low": 1292.6075710569758,
    "high": 1321.3924289430242,
    "count": 5
  },
  "heap memory": {
    "min": 8280880,
    "max": 16003360,
    "mean": 12410552,
    "median": 12942112,
    "variance": 6128143443097.6,
    "stdDev": 2475508.7241004827,
    "confidence": 6146514.584754914,
    "low": 9337294.707622543,
    "high": 15483809.292377457,
    "count": 5
  },
  "rss memory": {
    "min": 513142784,
    "max": 522010624,
    "mean": 517243699.2,
    "median": 515211264,
    "variance": 14272675614556.16,
    "stdDev": 3777919.4822754175,
    "confidence": 9380309.175146699,
    "low": 512553544.61242664,
    "high": 521933853.78757334,
    "count": 5
  },
  "external memory": {
    "min": 1925671,
    "max": 2463812,
    "mean": 2356159.8,
    "median": 2463772,
    "variance": 46330151971.35999,
    "stdDev": 215244.40055750578,
    "confidence": 534436.754123851,
    "low": 2088941.4229380742,
    "high": 2623378.177061925,
    "count": 5
  },
  "array buffers memory": {
    "min": 10475,
    "max": 10515,
    "mean": 10483,
    "median": 10475,
    "variance": 256,
    "stdDev": 16,
    "confidence": 39.726878115452564,
    "low": 10463.136560942274,
    "high": 10502.863439057726,
    "count": 5
  },
  "Compilation.build module graph": {
    "min": 562,
    "max": 596,
    "mean": 581.6,
    "median": 586,
    "variance": 179.83999999999997,
    "stdDev": 13.410443691392167,
    "confidence": 33.297191375129614,
    "low": 564.9514043124352,
    "high": 598.2485956875648,
    "count": 5
  },
  "Compilation.finish modules": {
    "min": 27,
    "max": 30,
    "mean": 28.2,
    "median": 28,
    "variance": 1.3599999999999999,
    "stdDev": 1.16619037896906,
    "confidence": 2.895568940294808,
    "low": 26.752215529852595,
    "high": 29.647784470147403,
    "count": 5
  },
  "Compilation.seal": {
    "min": 0,
    "max": 0,
    "mean": 0,
    "median": 0,
    "variance": 0,
    "stdDev": 0,
    "confidence": 0,
    "low": 0,
    "high": 0,
    "count": 5
  },
  "Compilation.optimize dependencies": {
    "min": 160,
    "max": 164,
    "mean": 161.8,
    "median": 161,
    "variance": 2.16,
    "stdDev": 1.469693845669907,
    "confidence": 3.6491467671224314,
    "low": 159.9754266164388,
    "high": 163.62457338356123,
    "count": 5
  },
  "Compilation.rebuild chunk graph": {
    "min": 44,
    "max": 46,
    "mean": 44.8,
    "median": 45,
    "variance": 0.5599999999999999,
    "stdDev": 0.7483314773547882,
    "confidence": 1.858054586926869,
    "low": 43.87097270653656,
    "high": 45.72902729346343,
    "count": 5
  },
  "Compilation.build chunk graph": {
    "min": 44,
    "max": 46,
    "mean": 44.8,
    "median": 45,
    "variance": 0.5599999999999999,
    "stdDev": 0.7483314773547882,
    "confidence": 1.858054586926869,
    "low": 43.87097270653656,
    "high": 45.72902729346343,
    "count": 5
  },
  "Compilation.optimize modules": {
    "min": 0,
    "max": 0,
    "mean": 0,
    "median": 0,
    "variance": 0,
    "stdDev": 0,
    "confidence": 0,
    "low": 0,
    "high": 0,
    "count": 5
  },
  "Compilation.optimize chunks": {
    "min": 22,
    "max": 24,
    "mean": 23,
    "median": 23,
    "variance": 0.4,
    "stdDev": 0.6324555320336759,
    "confidence": 1.5703427396590826,
    "low": 22.21482863017046,
    "high": 23.78517136982954,
    "count": 5
  },
  "Compilation.optimize tree": {
    "min": 0,
    "max": 0,
    "mean": 0,
    "median": 0,
    "variance": 0,
    "stdDev": 0,
    "confidence": 0,
    "low": 0,
    "high": 0,
    "count": 5
  },
  "Compilation.optimize chunk modules": {
    "min": 61,
    "max": 67,
    "mean": 64.2,
    "median": 65,
    "variance": 5.359999999999999,
    "stdDev": 2.315167380558045,
    "confidence": 5.7483982715187665,
    "low": 61.32580086424062,
    "high": 67.07419913575939,
    "count": 5
  },
  "Compilation.module ids": {
    "min": 5,
    "max": 5,
    "mean": 5,
    "median": 5,
    "variance": 0,
    "stdDev": 0,
    "confidence": 0,
    "low": 5,
    "high": 5,
    "count": 5
  },
  "Compilation.chunk ids": {
    "min": 5,
    "max": 6,
    "mean": 5.2,
    "median": 5,
    "variance": 0.15999999999999998,
    "stdDev": 0.39999999999999997,
    "confidence": 0.993171952886307,
    "low": 4.703414023556847,
    "high": 5.696585976443154,
    "count": 5
  },
  "Compilation.assign runtime ids": {
    "min": 0,
    "max": 0,
    "mean": 0,
    "median": 0,
    "variance": 0,
    "stdDev": 0,
    "confidence": 0,
    "low": 0,
    "high": 0,
    "count": 5
  },
  "Compilation.optimize code generation": {
    "min": 4,
    "max": 5,
    "mean": 4.8,
    "median": 5,
    "variance": 0.15999999999999998,
    "stdDev": 0.39999999999999997,
    "confidence": 0.993171952886307,
    "low": 4.303414023556846,
    "high": 5.296585976443153,
    "count": 5
  },
  "Compilation.create module hashes": {
    "min": 38,
    "max": 41,
    "mean": 40,
    "median": 40,
    "variance": 1.2,
    "stdDev": 1.0954451150103321,
    "confidence": 2.7199134103864395,
    "low": 38.64004329480678,
    "high": 41.35995670519322,
    "count": 5
  },
  "Compilation.code generation": {
    "min": 108,
    "max": 114,
    "mean": 110.2,
    "median": 109,
    "variance": 5.76,
    "stdDev": 2.4,
    "confidence": 5.959031717317828,
    "low": 107.22048414134109,
    "high": 113.17951585865892,
    "count": 5
  },
  "Compilation.runtime requirements.modules": {
    "min": 2,
    "max": 3,
    "mean": 2.2,
    "median": 2,
    "variance": 0.15999999999999998,
    "stdDev": 0.39999999999999997,
    "confidence": 0.9931719528863063,
    "low": 1.703414023556847,
    "high": 2.6965859764431532,
    "count": 5
  },
  "Compilation.runtime requirements.chunks": {
    "min": 0,
    "max": 0,
    "mean": 0,
    "median": 0,
    "variance": 0,
    "stdDev": 0,
    "confidence": 0,
    "low": 0,
    "high": 0,
    "count": 5
  },
  "Compilation.runtime requirements.entries": {
    "min": 0,
    "max": 1,
    "mean": 0.2,
    "median": 0,
    "variance": 0.16000000000000003,
    "stdDev": 0.4,
    "confidence": 0.6965859764431532,
    "low": 0,
    "high": 0.6965859764431532,
    "count": 5
  },
  "Compilation.runtime requirements": {
    "min": 4,
    "max": 5,
    "mean": 4.6,
    "median": 5,
    "variance": 0.24000000000000005,
    "stdDev": 0.48989794855663565,
    "confidence": 1.2163822557074724,
    "low": 3.9918088721462635,
    "high": 5.208191127853736,
    "count": 5
  },
  "Compilation.hashing: hash chunks": {
    "min": 1,
    "max": 3,
    "mean": 1.8,
    "median": 2,
    "variance": 0.56,
    "stdDev": 0.7483314773547883,
    "confidence": 1.8580545869268748,
    "low": 0.8709727065365626,
    "high": 2.7290272934634374,
    "count": 5
  },
  "Compilation.hashing: hash runtime chunks": {
    "min": 1,
    "max": 2,
    "mean": 1.2,
    "median": 1,
    "variance": 0.16,
    "stdDev": 0.4,
    "confidence": 0.9931719528863066,
    "low": 0.7034140235568467,
    "high": 1.6965859764431532,
    "count": 5
  },
  "Compilation.hashing: process full hash chunks": {
    "min": 0,
    "max": 0,
    "mean": 0,
    "median": 0,
    "variance": 0,
    "stdDev": 0,
    "confidence": 0,
    "low": 0,
    "high": 0,
    "count": 5
  },
  "Compilation.hashing": {
    "min": 4,
    "max": 6,
    "mean": 4.8,
    "median": 5,
    "variance": 0.5599999999999999,
    "stdDev": 0.7483314773547882,
    "confidence": 1.8580545869268743,
    "low": 3.8709727065365627,
    "high": 5.729027293463437,
    "count": 5
  },
  "Compilation.create module assets": {
    "min": 0,
    "max": 0,
    "mean": 0,
    "median": 0,
    "variance": 0,
    "stdDev": 0,
    "confidence": 0,
    "low": 0,
    "high": 0,
    "count": 5
  },
  "Compilation.create chunk assets": {
    "min": 6,
    "max": 7,
    "mean": 6.6,
    "median": 7,