{
  "stats": {
    "min": 291.54545454545456,
    "max": 298.1818181818182,
    "mean": 294.6,
    "median": 294.90909090909093,
    "variance": 5.168925619834679,
    "stdDev": 2.2735271319768056,
    "confidence": 5.645008454013464,
    "low": 291.7774957729933,
    "high": 297.42250422700675,
    "count": 5
  },
  "heap memory": {
    "min": 27235486.545454547,
    "max": 42689597.81818182,
    "mean": 34337787.2,
    "median": 33625563.63636363,
    "variance": 41681534829222.85,
    "stdDev": 6456123.823876278,
    "confidence": 16030102.765587524,
    "low": 26322735.81720624,
    "high": 42352838.582793765,
    "count": 5
  },
  "rss memory": {
    "min": 1058172928,
    "max": 1432185390.5454545,
    "mean": 1223301753.0181816,
    "median": 1218430789.8181818,
    "variance": 18064033642813064,
    "stdDev": 134402506.08829087,
    "confidence": 333711998.6113038,
    "low": 1056445753.7125297,
    "high": 1390157752.3238335,
    "count": 5
  },
  "external memory": {
    "min": 37497197.27272727,
    "max": 43593861.27272727,
    "mean": 39364894.70909091,
    "median": 37564697,
    "variance": 5937149001633.529,
    "stdDev": 2436626.561792662,
    "confidence": 6049972.902075663,
    "low": 36339908.25805308,
    "high": 42389881.16012874,
    "count": 5
  },
  "array buffers memory": {
    "min": 101184.81818181818,
    "max": 225560.63636363635,
    "mean": 158497.14545454545,
    "median": 149193.18181818182,
    "variance": 2877424793.367273,
    "stdDev": 53641.63302293539,
    "confidence": 133188.4135634983,
    "low": 91902.93867279628,
    "high": 225091.3522362946,
    "count": 5
  },
  "Compilation.finish modules": {
    "min": 21.09090909090909,
    "max": 21.636363636363637,
    "mean": 21.4,
    "median": 21.454545454545453,
    "variance": 0.03173553719008274,
    "stdDev": 0.17814470856604958,
    "confidence": 0.44232082025726527,
    "low": 21.178839589871366,
    "high": 21.62116041012863,
    "count": 5
  },
  "Compilation.optimize dependencies": {
    "min": 3,
    "max": 3.090909090909091,
    "mean": 3.054545454545454,
    "median": 3.090909090909091,
    "variance": 0.0019834710743801614,
    "stdDev": 0.044536177141512284,
    "confidence": 0.11058020506431543,
    "low": 2.999255352013296,
    "high": 3.1098355570776115,
    "count": 5
  },
  "Compilation.create chunks": {
    "min": 29.545454545454547,
    "max": 31.545454545454547,
    "mean": 30.45454545454545,
    "median": 30.181818181818183,
    "variance": 0.6578512396694218,
    "stdDev": 0.8110802917525625,
    "confidence": 2.0138554932687214,
    "low": 29.44761770791109,
    "high": 31.46147320117981,
    "count": 5
  },
  "Compilation.optimize": {
    "min": 0,
    "max": 0,
    "mean": 0,
    "median": 0,
    "variance": 0,
    "stdDev": 0,
    "confidence": 0,
    "low": 0,
    "high": 0,
    "count": 5
  },
  "Compilation.module ids": {
    "min": 4,
    "max": 4,
    "mean": 4,
    "median": 4,
    "variance": 0,
    "stdDev": 0,
    "confidence": 0,
    "low": 4,
    "high": 4,
    "count": 5
  },
  "Compilation.chunk ids": {
    "min": 0,
    "max": 0,
    "mean": 0,
    "median": 0,
    "variance": 0,
    "stdDev": 0,
    "confidence": 0,
    "low": 0,
    "high": 0,
    "count": 5
  },
  "Compilation.optimize code generation": {
    "min": 0,
    "max": 0,
    "mean": 0,
    "median": 0,
    "variance": 0,
    "stdDev": 0,
    "confidence": 0,
    "low": 0,
    "high": 0,
    "count": 5
  },
  "Compilation.module code generation cache": {
    "min": 99.70000000000003,
    "max": 99.72727272727275,
    "mean": 99.72181818181821,
    "median": 99.72727272727275,
    "variance": 0.00011900826446271751,
    "stdDev": 0.010909090909086674,
    "confidence": 0.027086507805989868,
    "low": 99.70827492791521,
    "high": 99.7353614357212,
    "count": 5
  },
  "Compilation.code generation": {
    "min": 13.818181818181818,
    "max": 15.272727272727273,
    "mean": 14.290909090909093,
    "median": 14.090909090909092,
    "variance": 0.2757024793388433,
    "stdDev": 0.5250737846615876,
    "confidence": 1.303721390304382,
    "low": 13.639048395756902,
    "high": 14.942769786061284,
    "count": 5
  },
  "Compilation.runtime requirements.modules": {
    "min": 1.0909090909090908,
    "max": 1.5454545454545454,
    "mean": 1.218181818181818,
    "median": 1.1818181818181819,
    "variance": 0.028429752066115706,
    "stdDev": 0.16861124537264918,
    "confidence": 0.4186498996133654,
    "low": 1.0088568683751353,
    "high": 1.4275067679885007,
    "count": 5
  },
  "Compilation.runtime requirements.chunks": {
    "min": 0,
    "max": 0,
    "mean": 0,
    "median": 0,
    "variance": 0,
    "stdDev": 0,
    "confidence": 0,
    "low": 0,
    "high": 0,
    "count": 5
  },
  "Compilation.runtime requirements.entries": {
    "min": 0,
    "max": 0,
    "mean": 0,
    "median": 0,
    "variance": 0,
    "stdDev": 0,
    "confidence": 0,
    "low": 0,
    "high": 0,
    "count": 5
  },
  "Compilation.runtime requirements": {
    "min": 2,
    "max": 2,
    "mean": 2,
    "median": 2,
    "variance": 0,
    "stdDev": 0,
    "confidence": 0,
    "low": 2,
    "high": 2,
    "count": 5
  },
  "Compilation.hashing: hash chunks": {
    "min": 0,
    "max": 0,
    "mean": 0,
    "median": 0,
    "variance": 0,
    "stdDev": 0,
    "confidence": 0,
    "low": 0,
    "high": 0,
    "count": 5
  },
  "Compilation.hashing: hash runtime chunks": {
    "min": 4,
    "max": 4.181818181818182,
    "mean": 4.054545454545455,
    "median": 4,
    "variance": 0.005289256198347097,
    "stdDev": 0.07272727272727265,
    "confidence": 0.18057671870660075,
    "low": 3.964257095192154,
    "high": 4.144833813898755,
    "count": 5
  },
  "Compilation.hashing: process full hash chunks": {
    "min": 0,
    "max": 0,
    "mean": 0,
    "median": 0,
    "variance": 0,
    "stdDev": 0,
    "confidence": 0,
    "low": 0,
    "high": 0,
    "count": 5
  },
  "Compilation.hashing": {
    "min": 4,
    "max": 4.181818181818182,
    "mean": 4.054545454545455,
    "median": 4,
    "variance": 0.005289256198347097,
    "stdDev": 0.07272727272727265,
    "confidence": 0.18057671870660075,
    "low": 3.964257095192154,
    "high": 4.144833813898755,
    "count": 5
  },
  "Compilation.create module assets": {
    "min": 0,
    "max": 0,
    "mean": 0,
    "median": 0,
    "variance": 0,
    "stdDev": 0,
    "confidence": 0,
    "low": 0,
    "high": 0,
    "count": 5
  },
  "Compilation.create chunk assets": {
    "min": 20.09090909090909,
    "max": 20.727272727272727,
    "mean": 20.4,
    "median": 20.363636363636363,
    "variance": 0.061487603305785045,
    "stdDev": 0.24796693994519722,
    "confidence": 0.6156845249915293,
    "low": 20.092157737504234,
    "high": 20.707842262495763,
    "count": 5
  },
  "Compilation.process assets": {
    "min": 103.0909090909091,
    "max": 105.54545454545455,
    "mean": 104.23636363636362,
    "median": 104.18181818181819,
    "variance": 0.6366942148760326,
    "stdDev": 0.797931209363334,
    "confidence": 1.9812072436807853,
    "low": 103.24576001452323,
    "high": 105.22696725820401,
    "count": 5
  },
  "Compilation.after process assets": {
    "min": 0,
    "max": 0,
    "mean": 0,
    "median": 0,
    "variance": 0,
    "stdDev": 0,
    "confidence": 0,
    "low": 0,
    "high": 0,
    "count": 5
  },
  "Compilation.after seal": {
    "min": 0,
    "max": 0,
    "mean": 0,
    "median": 0,
    "variance": 0,
    "stdDev": 0,
    "confidence": 0,
    "low": 0,
    "high": 0,
    "count": 5
  },
  "Compiler.make hook": {
    "min": 0,
    "max": 0,
    "mean": 0,
    "median": 0,
    "variance": 0,
    "stdDev": 0,
    "confidence": 0,
    "low": 0,
    "high": 0,
    "count": 5
  },
  "Compiler.make": {
    "min": 19.181818181818183,
    "max": 19.818181818181817,
    "mean": 19.618181818181817,
    "median": 19.636363636363637,
    "variance": 0.054214876033057316,
    "stdDev": 0.23284088136119335,