{
  "stats": {
    "min": 32.18181818181818,
    "max": 32.81818181818182,
    "mean": 32.490909090909085,
    "median": 32.45454545454545,
    "variance": 0.048264462809917516,
    "stdDev": 0.21969174497444713,
    "confidence": 0.5454791984731742,
    "low": 32.2181694916725,
    "high": 32.76364869014567,
    "count": 5
  },
  "heap memory": {
    "min": 66198461.81818182,
    "max": 67622906.9090909,
    "mean": 66635285.23636363,
    "median": 66475445.81818182,
    "variance": 254404264000.4001,
    "stdDev": 504385.03546437627,
    "confidence": 1252352.6766969636,
    "low": 66009108.89801515,
    "high": 67261461.57471211,
    "count": 5
  },
  "rss memory": {
    "min": 518065803.6363636,
    "max": 527508573.09090906,
    "mean": 523366325.5272727,
    "median": 523102021.8181818,
    "variance": 13265732567234.943,
    "stdDev": 3642215.3378452165,
    "confidence": 9043365.299800515,
    "low": 518844642.87737244,
    "high": 527888008.17717296,
    "count": 5
  },
  "external memory": {
    "min": 3190505.1818181816,
    "max": 19992571.727272727,
    "mean": 14546219.236363638,
    "median": 18405316.09090909,
    "variance": 42800394080005.55,
    "stdDev": 6542201.01189237,
    "confidence": 16243826.387889788,
    "low": 6424306.042418744,
    "high": 22668132.430308532,
    "count": 5
  },
  "array buffers memory": {
    "min": 498453.9090909091,
    "max": 506645.9090909091,
    "mean": 500107.4545454546,
    "median": 498453.9090909091,
    "variance": 10688707.153719032,
    "stdDev": 3269.3588291466313,
    "confidence": 8117.588732574135,
    "low": 496048.6601791675,
    "high": 504166.24891174166,
    "count": 5
  },
  "Compilation.build module graph": {
    "min": 3.028189818181819,
    "max": 3.2483354545454546,
    "mean": 3.1194946181818186,
    "median": 3.1030200000000003,
    "variance": 0.005359064827521955,
    "stdDev": 0.07320563385096775,
    "confidence": 0.18176445583511391,
    "low": 3.0286123902642617,
    "high": 3.2103768460993756,
    "count": 5
  },
  "Compilation.finish modules": {
    "min": 1.6826774545454548,
    "max": 1.7750325454545455,
    "mean": 1.7264149818181818,
    "median": 1.7253858181818182,
    "variance": 0.0014610312672079253,
    "stdDev": 0.03822343871511203,
    "confidence": 0.09490611818679451,
    "low": 1.6789619227247845,
    "high": 1.773868040911579,
    "count": 5
  },
  "Compilation.seal": {
    "min": 0.0029475454545454544,
    "max": 0.003110181818181819,
    "mean": 0.0030461999999999998,
    "median": 0.0030579999999999995,
    "variance": 2.8778426446281146e-9,
    "stdDev": 0.00005364552772252422,
    "confidence": 0.00013319808382948953,
    "low": 0.002979600958085255,
    "high": 0.0031127990419147445,
    "count": 5
  },
  "Compilation.optimize dependencies": {
    "min": 0.7911719090909092,
    "max": 0.8895212727272728,
    "mean": 0.819237890909091,
    "median": 0.8045632727272728,
    "variance": 0.0012683548106228082,
    "stdDev": 0.03561396931855263,
    "confidence": 0.0884269886453497,
    "low": 0.7750243965864162,
    "high": 0.8634513852317659,
    "count": 5
  },
  "Compilation.rebuild chunk graph": {
    "min": 7.792072363636364,
    "max": 8.058451909090909,
    "mean": 7.936248618181819,
    "median": 7.944298,
    "variance": 0.0077936355289567,
    "stdDev": 0.08828156958820284,
    "confidence": 0.21919694717945948,
    "low": 7.826650144592089,
    "high": 8.045847091771549,
    "count": 5
  },
  "Compilation.build chunk graph": {
    "min": 8.55978781818182,
    "max": 8.779201272727272,
    "mean": 8.65804870909091,
    "median": 8.653518363636364,
    "variance": 0.004930209620602926,
    "stdDev": 0.07021545143772079,
    "confidence": 0.1743400425679873,
    "low": 8.570878687806916,
    "high": 8.745218730374903,
    "count": 5
  },
  "Compilation.optimize modules": {
    "min": 0.005479272727272727,
    "max": 0.006728454545454546,
    "mean": 0.0060086,
    "median": 0.005827363636363637,
    "variance": 2.297454631404964e-7,
    "stdDev": 0.0004793177058491543,
    "confidence": 0.0011901122549279712,
    "low": 0.005413543872536015,
    "high": 0.006603656127463986,
    "count": 5
  },
  "Compilation.optimize chunks": {
    "min": 6.498648909090909,
    "max": 6.9671707272727295,
    "mean": 6.7200316727272735,
    "median": 6.754750454545455,
    "variance": 0.026532576227043424,
    "stdDev": 0.16288823231603755,
    "confidence": 0.4044400594787927,
    "low": 6.517811642987877,
    "high": 6.92225170246667,
    "count": 5
  },
  "Compilation.optimize tree": {
    "min": 0.002526181818181818,
    "max": 0.0032431818181818187,
    "mean": 0.002725509090909091,
    "median": 0.002619090909090909,
    "variance": 7.071617719008275e-8,
    "stdDev": 0.0002659251345587377,
    "confidence": 0.0006602734630281387,
    "low": 0.0023953723593950218,
    "high": 0.0030556458224231605,
    "count": 5
  },
  "Compilation.optimize chunk modules": {
    "min": 0.0034278181818181816,
    "max": 0.005013727272727274,
    "mean": 0.003866181818181818,
    "median": 0.0036334545454545456,
    "variance": 3.354541586776866e-7,
    "stdDev": 0.0005791840456000895,
    "confidence": 0.0014380733741230813,
    "low": 0.0031471451311202775,
    "high": 0.004585218505243359,
    "count": 5
  },
  "Compilation.module ids": {
    "min": 0.17840554545454543,
    "max": 0.18321981818181818,
    "mean": 0.18062687272727274,
    "median": 0.18019409090909091,
    "variance": 0.0000029370186003305924,
    "stdDev": 0.001713773205628619,
    "confidence": 0.004255178703595985,
    "low": 0.17849928337547474,
    "high": 0.18275446207907073,
    "count": 5
  },
  "Compilation.chunk ids": {
    "min": 1.7644088181818178,
    "max": 1.8074457272727273,
    "mean": 1.7827323818181817,
    "median": 1.7720842727272725,
    "variance": 0.00030742737886744353,
    "stdDev": 0.017533607126528288,
    "confidence": 0.04353471707748824,
    "low": 1.7609650232794376,
    "high": 1.8044997403569258,
    "count": 5
  },
  "Compilation.assign runtime ids": {
    "min": 0.001856727272727273,
    "max": 0.0020435454545454546,
    "mean": 0.0019438727272727274,
    "median": 0.0019269090909090909,
    "variance": 4.479949090909075e-9,
    "stdDev": 0.00006693242182163345,
    "confidence": 0.00016618851023000435,
    "low": 0.0018607784721577252,
    "high": 0.0020269669823877296,
    "count": 5
  },
  "Compilation.optimize code generation": {
    "min": 0.001781,
    "max": 0.0021180909090909093,
    "mean": 0.0019313818181818181,
    "median": 0.001898090909090909,
    "variance": 1.682106578512397e-8,
    "stdDev": 0.00012969605154022218,
    "confidence": 0.0003220262019746137,
    "low": 0.0017703687171945113,
    "high": 0.002092394919169125,
    "count": 5
  },
  "Compilation.create module hashes": {
    "min": 2.563439363636364,
    "max": 2.717221,
    "mean": 2.6219631272727275,
    "median": 2.609983363636364,
    "variance": 0.0026297909913837883,
    "stdDev": 0.05128148780392188,
    "confidence": 0.1273283384728412,
    "low": 2.558298958036307,
    "high": 2.685627296509148,
    "count": 5
  },
  "Compilation.module code generation cache": {
    "min": 0,
    "max": 0,
    "mean": 0,
    "median": 0,
    "variance": 0,
    "stdDev": 0,
    "confidence": 0,
    "low": 0,
    "high": 0,
    "count": 5
  },
  "Compilation.code generation": {
    "min": 0.23994945454545455,
    "max": 0.24877327272727276,
    "mean": 0.24374685454545456,
    "median": 0.24325909090909087,
    "variance": 0.000008066716851570322,
    "stdDev": 0.0028401966219912173,
    "confidence": 0.007052009064110243,
    "low": 0.24022085001339943,
    "high": 0.24727285907750968,
    "count": 5
  },
  "Compilation.runtime requirements.modules": {
    "min": 0.019191181818181816,
    "max": 0.021557909090909093,
    "mean": 0.01997003636363636,
    "median": 0.019520000000000003,
    "variance": 7.556899292562001e-7,
    "stdDev": 0.0008693042788668419,