{
  "stats": {
    "min": 869,
    "max": 891,
    "mean": 877.4,
    "median": 878,
    "variance": 62.64,
    "stdDev": 7.914543574963751,
    "confidence": 19.651256746376248,
    "low": 867.5743716268119,
    "high": 887.2256283731881,
    "count": 5
  },
  "heap memory": {
    "min": 8978752,
    "max": 9001248,
    "mean": 8990563.2,
    "median": 8992808,
    "variance": 98074588.16000001,
    "stdDev": 9903.261491044252,
    "confidence": 24589.103887509555,
    "low": 8978268.648056244,
    "high": 9002857.751943754,
    "count": 5
  },
  "rss memory": {
    "min": 485187584,
    "max": 493441024,
    "mean": 489616179.2,
    "median": 488837120,
    "variance": 8160876754370.56,
    "stdDev": 2856724.830005606,
    "confidence": 7093047.4456887245,
    "low": 486069655.4771556,
    "high": 493162702.92284435,
    "count": 5
  },
  "external memory": {
    "min": 2839103,
    "max": 2839103,
    "mean": 2839103,
    "median": 2839103,
    "variance": 0,
    "stdDev": 0,
    "confidence": 0,
    "low": 2839103,
    "high": 2839103,
    "count": 5
  },
  "array buffers memory": {
    "min": 10515,
    "max": 10515,
    "mean": 10515,
    "median": 10515,
    "variance": 0,
    "stdDev": 0,
    "confidence": 0,
    "low": 10515,
    "high": 10515,
    "count": 5
  },
  "Compilation.build module graph": {
    "min": 312.425274,
    "max": 340.285779,
    "mean": 324.3065376,
    "median": 325.553008,
    "variance": 90.08609777481536,
    "stdDev": 9.491369646937967,
    "confidence": 23.566405319538035,
    "low": 312.523334940231,
    "high": 336.08974025976903,
    "count": 5
  },
  "Compilation.finish modules": {
    "min": 14.811462,
    "max": 16.334225,
    "mean": 15.5365016,
    "median": 15.446178,
    "variance": 0.2774802597130397,
    "stdDev": 0.5267639506582049,
    "confidence": 1.3079179539632868,
    "low": 14.882542623018356,
    "high": 16.190460576981643,
    "count": 5
  },
  "Compilation.seal": {
    "min": 0.003445,
    "max": 0.00444,
    "mean": 0.003817,
    "median": 0.003747,
    "variance": 1.259612000000001e-7,
    "stdDev": 0.00035491012946941945,
    "confidence": 0.0008812169659606884,
    "low": 0.003376391517019656,
    "high": 0.0042576084829803445,
    "count": 5
  },
  "Compilation.optimize dependencies": {
    "min": 22.939704,
    "max": 24.675966,
    "mean": 23.8234694,
    "median": 23.705552,
    "variance": 0.32168043505823973,
    "stdDev": 0.5671687888611641,
    "confidence": 1.4082403341235121,
    "low": 23.119349232938244,
    "high": 24.527589567061757,
    "count": 5
  },
  "Compilation.rebuild chunk graph": {
    "min": 15.255638,
    "max": 17.883953,
    "mean": 16.784712199999998,
    "median": 16.990565,
    "variance": 0.776122938793361,
    "stdDev": 0.880978398596334,
    "confidence": 2.1874075914614295,
    "low": 15.691008404269283,
    "high": 17.878415995730712,
    "count": 5
  },
  "Compilation.build chunk graph": {
    "min": 15.264376,
    "max": 17.894572,
    "mean": 16.7953312,
    "median": 16.999309,
    "variance": 0.77613447324376,
    "stdDev": 0.8809849449586298,
    "confidence": 2.1874238456199944,
    "low": 15.701619277190003,
    "high": 17.889043122809998,
    "count": 5
  },
  "Compilation.optimize modules": {
    "min": 8.255533,
    "max": 10.141805,
    "mean": 9.574595200000001,
    "median": 9.845612,
    "variance": 0.48484766192376016,
    "stdDev": 0.6963100329047113,
    "confidence": 1.7288889879857514,
    "low": 8.710150706007125,
    "high": 10.439039693992877,
    "count": 5
  },
  "Compilation.optimize chunks": {
    "min": 24.783292,
    "max": 26.394335,
    "mean": 25.5067038,
    "median": 25.60602,
    "variance": 0.2984077458961605,
    "stdDev": 0.5462671012390921,
    "confidence": 1.3563429093379256,
    "low": 24.828532345331038,
    "high": 26.184875254668963,
    "count": 5
  },
  "Compilation.optimize tree": {
    "min": 0.003193,
    "max": 0.003723,
    "mean": 0.0034444000000000002,
    "median": 0.003399,
    "variance": 3.059744e-8,
    "stdDev": 0.00017492123941934554,
    "confidence": 0.0004343171723885115,
    "low": 0.0032272414138057445,
    "high": 0.003661558586194256,
    "count": 5
  },
  "Compilation.optimize chunk modules": {
    "min": 47.369081,
    "max": 50.037943,
    "mean": 48.432584,
    "median": 48.227812,
    "variance": 1.078843297145997,
    "stdDev": 1.0386738165304819,
    "confidence": 2.57895425693863,
    "low": 47.143106871530684,
    "high": 49.72206112846931,
    "count": 5
  },
  "Compilation.module ids": {
    "min": 1.372646,
    "max": 1.531364,
    "mean": 1.4612788,
    "median": 1.450496,
    "variance": 0.0033264284349599966,
    "stdDev": 0.05767519774530467,
    "confidence": 0.14320347194452054,
    "low": 1.3896770640277398,
    "high": 1.5328805359722604,
    "count": 5
  },
  "Compilation.chunk ids": {
    "min": 1.556621,
    "max": 1.720581,
    "mean": 1.6419034,
    "median": 1.648381,
    "variance": 0.0037628505702399944,
    "stdDev": 0.06134207830062489,
    "confidence": 0.15230807924984102,
    "low": 1.5657493603750794,
    "high": 1.7180574396249204,
    "count": 5
  },
  "Compilation.assign runtime ids": {
    "min": 0.003049,
    "max": 0.00373,
    "mean": 0.003395,
    "median": 0.003336,
    "variance": 5.3724799999999956e-8,
    "stdDev": 0.0002317861082981462,
    "confidence": 0.000575508654575967,
    "low": 0.0031072456727120165,
    "high": 0.0036827543272879835,
    "count": 5
  },
  "Compilation.optimize code generation": {
    "min": 3.231518,
    "max": 3.467954,
    "mean": 3.3657829999999995,
    "median": 3.40491,
    "variance": 0.007313227592800014,
    "stdDev": 0.08551741105061597,
    "confidence": 0.21233373534730315,
    "low": 3.259616132326348,
    "high": 3.471949867673651,
    "count": 5
  },
  "Compilation.create module hashes": {
    "min": 36.064323,
    "max": 42.452014,
    "mean": 37.963105999999996,
    "median": 37.097285,
    "variance": 5.273043906590795,
    "stdDev": 2.2963109342140045,
    "confidence": 5.701579037418753,
    "low": 35.11231648129062,
    "high": 40.81389551870937,
    "count": 5
  },
  "Compilation.code generation": {
    "min": 86.58718,
    "max": 89.914741,
    "mean": 87.8929906,
    "median": 87.212805,
    "variance": 1.7187222498018464,
    "stdDev": 1.3110004766596564,
    "confidence": 3.2551222590973623,
    "low": 86.26542947045132,
    "high": 89.52055172954869,
    "count": 5
  },
  "Compilation.runtime requirements.modules": {
    "min": 0.875719,
    "max": 1.196787,
    "mean": 0.9760580000000001,
    "median": 0.948182,
    "variance": 0.012986221013600002,
    "stdDev": 0.11395710163741443,
    "confidence": 0.28294749294623545,
    "low": 0.8345842535268824,
    "high": 1.1175317464731178,
    "count": 5
  },
  "Compilation.runtime requirements.chunks": {
    "min": 0.084496,
    "max": 0.096788,
    "mean": 0.0898196,
    "median": 0.086692,
    "variance": 0.000023756096639999972,
    "stdDev": 0.0048740226343339825,
    "confidence": 0.012101856445383863,
    "low": 0.08376867177730807,
    "high": 0.09587052822269193,
    "count": 5
  },
  "Compilation.runtime requirements.entries": {
    "min": 0.535512,
    "max": 0.825855,
    "mean": 0.6329819999999999,
    "median": 0.586241,
    "variance": 0.0103277807488,
    "stdDev": 0.1016256894136517,
    "confidence": 0.25232946104593434,
    "low": 0.5068172694770328,
    "high": 0.7591467305229671,
    "count": 5
  },
  "Compilation.runtime requirements": {
    "min": 1.820314,
    "max": 2.530234,
    "mean": 1.9986364,
    "median": 1.84903,
    "variance": 0.07280582776704002,
    "stdDev": 0.26982555061935853,
    "confidence": 0.669957922618128,
    "low": 1.663657438690936,
    "high": 2.333615361309064,
    "count": 5
  },
  "Compilation.hashing: hash chunks": {
    "min": 0.425516,
    "max": 0.457074,
    "mean": 0.44318080000000004,
    "median": 0.449617,
    "variance": 0.00018586986136000006,