{
  "stats": {
    "min": 3100,
    "max": 3162,
    "mean": 3117.8,
    "median": 3106,
    "variance": 520.1600000000001,
    "stdDev": 22.807016464237492,
    "confidence": 56.6282227032425,
    "low": 3089.485888648379,
    "high": 3146.1141113516214,
    "count": 5
  },
  "heap memory": {
    "min": 80372312,
    "max": 94836448,
    "mean": 91096718.4,
    "median": 93489728,
    "variance": 29100928324643.844,
    "stdDev": 5394527.627572579,
    "confidence": 13394233.84693849,
    "low": 84399601.47653076,
    "high": 97793835.32346925,
    "count": 5
  },
  "rss memory": {
    "min": 683089920,
    "max": 737771520,
    "mean": 713597747.2,
    "median": 709959680,
    "variance": 370984433232117.75,
    "stdDev": 19260956.18685941,
    "confidence": 47823603.67640185,
    "low": 689685945.3617991,
    "high": 737509549.038201,
    "count": 5
  },
  "external memory": {
    "min": 28567464,
    "max": 28670906,
    "mean": 28627070.8,
    "median": 28636408,
    "variance": 1700966714.56,
    "stdDev": 41242.77772604556,
    "confidence": 102402.9252415821,
    "low": 28575869.33737921,
    "high": 28678272.26262079,
    "count": 5
  },
  "array buffers memory": {
    "min": 589794,
    "max": 693236,
    "mean": 649400.8,
    "median": 658738,
    "variance": 1700966714.56,
    "stdDev": 41242.77772604556,
    "confidence": 102402.9252415814,
    "low": 598199.3373792093,
    "high": 700602.2626207907,
    "count": 5
  },
  "Compilation.finish modules": {
    "min": 9,
    "max": 12,
    "mean": 9.6,
    "median": 9,
    "variance": 1.44,
    "stdDev": 1.2,
    "confidence": 2.9795158586589174,
    "low": 8.110242070670541,
    "high": 11.089757929329458,
    "count": 5
  },
  "Compilation.optimize dependencies": {
    "min": 11,
    "max": 12,
    "mean": 11.6,
    "median": 12,
    "variance": 0.24000000000000005,
    "stdDev": 0.48989794855663565,
    "confidence": 1.2163822557074724,
    "low": 10.991808872146263,
    "high": 12.208191127853736,
    "count": 5
  },
  "Compilation.rebuild chunk graph": {
    "min": 11,
    "max": 12,
    "mean": 11.4,
    "median": 11,
    "variance": 0.24000000000000005,
    "stdDev": 0.48989794855663565,
    "confidence": 1.2163822557074724,
    "low": 10.791808872146264,
    "high": 12.008191127853737,
    "count": 5
  },
  "Compilation.create chunks": {
    "min": 17,
    "max": 21,
    "mean": 18.4,
    "median": 18,
    "variance": 2.24,
    "stdDev": 1.4966629547095767,
    "confidence": 3.716109173853752,
    "low": 16.541945413073122,
    "high": 20.258054586926875,
    "count": 5
  },
  "Compilation.optimize": {
    "min": 31,
    "max": 34,
    "mean": 32.4,
    "median": 32,
    "variance": 1.8399999999999999,
    "stdDev": 1.3564659966250536,
    "confidence": 3.3680099572299333,
    "low": 30.71599502138503,
    "high": 34.08400497861496,
    "count": 5
  },
  "Compilation.module ids": {
    "min": 2,
    "max": 2,
    "mean": 2,
    "median": 2,
    "variance": 0,
    "stdDev": 0,
    "confidence": 0,
    "low": 2,
    "high": 2,
    "count": 5
  },
  "Compilation.chunk ids": {
    "min": 6,
    "max": 7,
    "mean": 6.2,
    "median": 6,
    "variance": 0.15999999999999998,
    "stdDev": 0.39999999999999997,
    "confidence": 0.993171952886307,
    "low": 5.703414023556847,
    "high": 6.696585976443154,
    "count": 5
  },
  "Compilation.optimize code generation": {
    "min": 1,
    "max": 2,
    "mean": 1.2,
    "median": 1,
    "variance": 0.16,
    "stdDev": 0.4,
    "confidence": 0.9931719528863066,
    "low": 0.7034140235568467,
    "high": 1.6965859764431532,
    "count": 5
  },
  "Compilation.code generation": {
    "min": 57,
    "max": 60,
    "mean": 58.8,
    "median": 59,
    "variance": 0.9599999999999997,
    "stdDev": 0.9797958971132711,
    "confidence": 2.4327645114149448,
    "low": 57.583617744292525,
    "high": 60.01638225570747,
    "count": 5
  },
  "Compilation.runtime requirements.modules": {
    "min": 0,
    "max": 2,
    "mean": 1.2,
    "median": 1,
    "variance": 0.56,
    "stdDev": 0.7483314773547883,
    "confidence": 1.8580545869268748,
    "low": 0.27097270653656247,
    "high": 2.1290272934634373,
    "count": 5
  },
  "Compilation.runtime requirements.chunks": {
    "min": 0,
    "max": 0,
    "mean": 0,
    "median": 0,
    "variance": 0,
    "stdDev": 0,
    "confidence": 0,
    "low": 0,
    "high": 0,
    "count": 5
  },
  "Compilation.runtime requirements.entries": {
    "min": 0,
    "max": 0,
    "mean": 0,
    "median": 0,
    "variance": 0,
    "stdDev": 0,
    "confidence": 0,
    "low": 0,
    "high": 0,
    "count": 5
  },
  "Compilation.runtime requirements": {
    "min": 1,
    "max": 3,
    "mean": 2.2,
    "median": 2,
    "variance": 0.5599999999999999,
    "stdDev": 0.7483314773547882,
    "confidence": 1.8580545869268745,
    "low": 1.2709727065365628,
    "high": 3.1290272934634373,
    "count": 5
  },
  "Compilation.hashing: hash chunks": {
    "min": 1,
    "max": 1,
    "mean": 1,
    "median": 1,
    "variance": 0,
    "stdDev": 0,
    "confidence": 0,
    "low": 1,
    "high": 1,
    "count": 5
  },
  "Compilation.hashing: hash runtime chunks": {
    "min": 1,
    "max": 1,
    "mean": 1,
    "median": 1,
    "variance": 0,
    "stdDev": 0,
    "confidence": 0,
    "low": 1,
    "high": 1,
    "count": 5
  },
  "Compilation.hashing: process full hash chunks": {
    "min": 0,
    "max": 0,
    "mean": 0,
    "median": 0,
    "variance": 0,
    "stdDev": 0,
    "confidence": 0,
    "low": 0,
    "high": 0,
    "count": 5
  },
  "Compilation.hashing": {
    "min": 2,
    "max": 2,
    "mean": 2,
    "median": 2,
    "variance": 0,
    "stdDev": 0,
    "confidence": 0,
    "low": 2,
    "high": 2,
    "count": 5
  },
  "Compilation.create module assets": {
    "min": 0,
    "max": 0,
    "mean": 0,
    "median": 0,
    "variance": 0,
    "stdDev": 0,
    "confidence": 0,
    "low": 0,
    "high": 0,
    "count": 5
  },
  "Compilation.create chunk assets": {
    "min": 2,
    "max": 3,
    "mean": 2.2,
    "median": 2,
    "variance": 0.15999999999999998,
    "stdDev": 0.39999999999999997,
    "confidence": 0.9931719528863063,
    "low": 1.703414023556847,
    "high": 2.6965859764431532,
    "count": 5
  },
  "Compilation.process assets": {
    "min": 1532,
    "max": 1567,
    "mean": 1548.8,
    "median": 1548,
    "variance": 125.35999999999999,
    "stdDev": 11.196428001822724,
    "confidence": 27.799945659803143,
    "low": 1534.9000271700984,
    "high": 1562.6999728299015,
    "count": 5
  },
  "Compilation.after process assets": {
    "min": 0,
    "max": 0,
    "mean": 0,
    "median": 0,
    "variance": 0,
    "stdDev": 0,
    "confidence": 0,
    "low": 0,
    "high": 0,
    "count": 5
  },
  "Compilation.after seal": {
    "min": 0,
    "max": 0,
    "mean": 0,
    "median": 0,
    "variance": 0,
    "stdDev": 0,
    "confidence": 0,
    "low": 0,
    "high": 0,
    "count": 5
  },
  "Compiler.make hook": {
    "min": 0,
    "max": 0,
    "mean": 0,
    "median": 0,
    "variance": 0,
    "stdDev": 0,
    "confidence": 0,
    "low": 0,
    "high": 0,
    "count": 5
  },
  "Compiler.make": {
    "min": 1280,
    "max": 1342,
    "mean": 1305.2,
    "median": 1302,
    "variance": 455.35999999999996,
    "stdDev": 21.339165869358624,
    "confidence": 52.98365259858929,
    "low": 1278.7081737007054,
    "high": 1331.6918262992947,
    "count": 5
  },
  "Compiler.finish make hook": {
    "min": 0,
    "max": 3,
    "mean": 0.6,
    "median": 0,
    "variance": 1.44,
    "stdDev": 1.2,
    "confidence": 2.0897579293294597,
    "low": 0,
    "high": 2.0897579293294597,
    "count": 5
  },
  "Compiler.finish compilation": {
    "min": 12,
    "max": 16,
    "mean": 13,
    "median": 12,
    "variance": 2.4,
    "stdDev": 1.5491933384829668,
    "confidence": 3.8465384334489627,
    "low": 11.076730783275519,
    "high": 14.923269216724481,
    "count": 5
  },
  "Compiler.seal compilation": {
    "min": 1689,