{
  "stats": {
    "min": 3466,
    "max": 3635,
    "mean": 3525.6,
    "median": 3502,
    "variance": 3393.04,
    "stdDev": 58.24980686663261,
    "confidence": 144.63018610245945,
    "low": 3453.28490694877,
    "high": 3597.9150930512296,
    "count": 5
  },
  "heap memory": {
    "min": 98968640,
    "max": 100238320,
    "mean": 99428347.2,
    "median": 99008680,
    "variance": 284422763100.16003,
    "stdDev": 533313.0066857174,
    "confidence": 1324178.8008742929,
    "low": 98766257.79956286,
    "high": 100090436.60043715,
    "count": 5
  },
  "rss memory": {
    "min": 764186624,
    "max": 897323008,
    "mean": 802970009.6,
    "median": 777388032,
    "variance": 2368560966548849,
    "stdDev": 48667863.79685109,
    "confidence": 120838893.32480836,
    "low": 742550562.9375958,
    "high": 863389456.2624042,
    "count": 5
  },
  "external memory": {
    "min": 30224954,
    "max": 30248787,
    "mean": 30240743.6,
    "median": 30240595,
    "variance": 75749639.84,
    "stdDev": 8703.426902088626,
    "confidence": 21609.998732879758,
    "low": 30229938.60063356,
    "high": 30251548.59936644,
    "count": 5
  },
  "array buffers memory": {
    "min": 2243021,
    "max": 2268227,
    "mean": 2259909,
    "median": 2260035,
    "variance": 84722908.8,
    "stdDev": 9204.504810145954,
    "confidence": 22854.140044109896,
    "low": 2248481.929977945,
    "high": 2271336.070022055,
    "count": 5
  },
  "Compilation.finish modules": {
    "min": 8,
    "max": 8,
    "mean": 8,
    "median": 8,
    "variance": 0,
    "stdDev": 0,
    "confidence": 0,
    "low": 8,
    "high": 8,
    "count": 5
  },
  "Compilation.optimize dependencies": {
    "min": 23,
    "max": 26,
    "mean": 24.4,
    "median": 25,
    "variance": 1.4400000000000002,
    "stdDev": 1.2000000000000002,
    "confidence": 2.979515858658921,
    "low": 22.910242070670538,
    "high": 25.88975792932946,
    "count": 5
  },
  "Compilation.rebuild chunk graph": {
    "min": 11,
    "max": 11,
    "mean": 11,
    "median": 11,
    "variance": 0,
    "stdDev": 0,
    "confidence": 0,
    "low": 11,
    "high": 11,
    "count": 5
  },
  "Compilation.create chunks": {
    "min": 18,
    "max": 19,
    "mean": 18.4,
    "median": 18,
    "variance": 0.24,
    "stdDev": 0.4898979485566356,
    "confidence": 1.2163822557074724,
    "low": 17.791808872146262,
    "high": 19.008191127853735,
    "count": 5
  },
  "Compilation.optimize": {
    "min": 70,
    "max": 74,
    "mean": 72.2,
    "median": 73,
    "variance": 2.1599999999999997,
    "stdDev": 1.4696938456699067,
    "confidence": 3.6491467671224314,
    "low": 70.37542661643879,
    "high": 74.02457338356122,
    "count": 5
  },
  "Compilation.module ids": {
    "min": 2,
    "max": 2,
    "mean": 2,
    "median": 2,
    "variance": 0,
    "stdDev": 0,
    "confidence": 0,
    "low": 2,
    "high": 2,
    "count": 5
  },
  "Compilation.chunk ids": {
    "min": 7,
    "max": 7,
    "mean": 7,
    "median": 7,
    "variance": 0,
    "stdDev": 0,
    "confidence": 0,
    "low": 7,
    "high": 7,
    "count": 5
  },
  "Compilation.optimize code generation": {
    "min": 3,
    "max": 4,
    "mean": 3.4,
    "median": 3,
    "variance": 0.24,
    "stdDev": 0.4898979485566356,
    "confidence": 1.2163822557074733,
    "low": 2.7918088721462633,
    "high": 4.0081911278537365,
    "count": 5
  },
  "Compilation.code generation": {
    "min": 51,
    "max": 56,
    "mean": 53.8,
    "median": 54,
    "variance": 4.159999999999999,
    "stdDev": 2.0396078054371136,
    "confidence": 5.064203168120329,
    "low": 51.26789841593983,
    "high": 56.33210158406016,
    "count": 5
  },
  "Compilation.runtime requirements.modules": {
    "min": 0,
    "max": 2,
    "mean": 1,
    "median": 1,
    "variance": 0.4,
    "stdDev": 0.6324555320336759,
    "confidence": 1.5703427396590843,
    "low": 0.21482863017045772,
    "high": 1.7851713698295422,
    "count": 5
  },
  "Compilation.runtime requirements.chunks": {
    "min": 0,
    "max": 0,
    "mean": 0,
    "median": 0,
    "variance": 0,
    "stdDev": 0,
    "confidence": 0,
    "low": 0,
    "high": 0,
    "count": 5
  },
  "Compilation.runtime requirements.entries": {
    "min": 0,
    "max": 0,
    "mean": 0,
    "median": 0,
    "variance": 0,
    "stdDev": 0,
    "confidence": 0,
    "low": 0,
    "high": 0,
    "count": 5
  },
  "Compilation.runtime requirements": {
    "min": 1,
    "max": 3,
    "mean": 2,
    "median": 2,
    "variance": 0.4,
    "stdDev": 0.6324555320336759,
    "confidence": 1.5703427396590843,
    "low": 1.2148286301704578,
    "high": 2.785171369829542,
    "count": 5
  },
  "Compilation.hashing: hash chunks": {
    "min": 1,
    "max": 1,
    "mean": 1,
    "median": 1,
    "variance": 0,
    "stdDev": 0,
    "confidence": 0,
    "low": 1,
    "high": 1,
    "count": 5
  },
  "Compilation.hashing: hash runtime chunks": {
    "min": 1,
    "max": 1,
    "mean": 1,
    "median": 1,
    "variance": 0,
    "stdDev": 0,
    "confidence": 0,
    "low": 1,
    "high": 1,
    "count": 5
  },
  "Compilation.hashing: process full hash chunks": {
    "min": 0,
    "max": 0,
    "mean": 0,
    "median": 0,
    "variance": 0,
    "stdDev": 0,
    "confidence": 0,
    "low": 0,
    "high": 0,
    "count": 5
  },
  "Compilation.hashing": {
    "min": 2,
    "max": 2,
    "mean": 2,
    "median": 2,
    "variance": 0,
    "stdDev": 0,
    "confidence": 0,
    "low": 2,
    "high": 2,
    "count": 5
  },
  "Compilation.create module assets": {
    "min": 0,
    "max": 0,
    "mean": 0,
    "median": 0,
    "variance": 0,
    "stdDev": 0,
    "confidence": 0,
    "low": 0,
    "high": 0,
    "count": 5
  },
  "Compilation.create chunk assets": {
    "min": 2,
    "max": 3,
    "mean": 2.2,
    "median": 2,
    "variance": 0.15999999999999998,
    "stdDev": 0.39999999999999997,
    "confidence": 0.9931719528863063,
    "low": 1.703414023556847,
    "high": 2.6965859764431532,
    "count": 5
  },
  "Compilation.process assets": {
    "min": 1838,
    "max": 1912,
    "mean": 1874.6,
    "median": 1869,
    "variance": 700.64,
    "stdDev": 26.469605210505122,
    "confidence": 65.72217374761749,
    "low": 1841.7389131261912,
    "high": 1907.4610868738087,
    "count": 5
  },
  "Compilation.after process assets": {
    "min": 0,
    "max": 0,
    "mean": 0,
    "median": 0,
    "variance": 0,
    "stdDev": 0,
    "confidence": 0,
    "low": 0,
    "high": 0,
    "count": 5
  },
  "Compilation.after seal": {
    "min": 0,
    "max": 0,
    "mean": 0,
    "median": 0,
    "variance": 0,
    "stdDev": 0,
    "confidence": 0,
    "low": 0,
    "high": 0,
    "count": 5
  },
  "Compiler.make hook": {
    "min": 0,
    "max": 0,
    "mean": 0,
    "median": 0,
    "variance": 0,
    "stdDev": 0,
    "confidence": 0,
    "low": 0,
    "high": 0,
    "count": 5
  },
  "Compiler.make": {
    "min": 1298,
    "max": 1393,
    "mean": 1342.2,
    "median": 1351,
    "variance": 1248.56,
    "stdDev": 35.33496851562203,
    "confidence": 87.73424921459127,
    "low": 1298.3328753927044,
    "high": 1386.0671246072957,
    "count": 5
  },
  "Compiler.finish make hook": {
    "min": 0,
    "max": 0,
    "mean": 0,
    "median": 0,
    "variance": 0,
    "stdDev": 0,
    "confidence": 0,
    "low": 0,
    "high": 0,
    "count": 5
  },
  "Compiler.finish compilation": {
    "min": 12,
    "max": 13,
    "mean": 12.6,
    "median": 13,
    "variance": 0.24000000000000005,
    "stdDev": 0.48989794855663565,
    "confidence": 1.2163822557074724,
    "low": 11.991808872146263,
    "high": 13.208191127853736,
    "count": 5
  },
  "Compiler.seal compilation": {
    "min": 2041,
    "max": 2124,
    "mean": 2079.8,
    "median": 2076,
    "variance": 824.5600000000001,
    "stdDev": 28.715152794300085,
    "confidence": 71.29771094535931,
    "low": 2044.1511445273206,
    "high": 2115.44885547268,
    "count": 5
  },
  "Compiler.emitAssets": {
    "min": 60,
    "max": 82,