{
  "stats": {
    "min": 854,
    "max": 879,
    "mean": 864.2,
    "median": 863,
    "variance": 82.96000000000001,
    "stdDev": 9.108238029388561,
    "confidence": 22.615116377503,
    "low": 852.8924418112485,
    "high": 875.5075581887515,
    "count": 5
  },
  "heap memory": {
    "min": 8754832,
    "max": 8809336,
    "mean": 8779268.8,
    "median": 8776640,
    "variance": 326410613.76,
    "stdDev": 18066.83740337528,
    "confidence": 44858.69046597555,
    "low": 8756839.454767013,
    "high": 8801698.145232989,
    "count": 5
  },
  "rss memory": {
    "min": 524673024,
    "max": 532459520,
    "mean": 529036902.4,
    "median": 530563072,
    "variance": 8140349495050.24,
    "stdDev": 2853129.7718558544,
    "confidence": 7084121.16838038,
    "low": 525494841.8158098,
    "high": 532578962.98419017,
    "count": 5
  },
  "external memory": {
    "min": 2839103,
    "max": 2839103,
    "mean": 2839103,
    "median": 2839103,
    "variance": 0,
    "stdDev": 0,
    "confidence": 0,
    "low": 2839103,
    "high": 2839103,
    "count": 5
  },
  "array buffers memory": {
    "min": 10515,
    "max": 10515,
    "mean": 10515,
    "median": 10515,
    "variance": 0,
    "stdDev": 0,
    "confidence": 0,
    "low": 10515,
    "high": 10515,
    "count": 5
  },
  "Compilation.build module graph": {
    "min": 298.771106,
    "max": 328.688465,
    "mean": 312.15032859999997,
    "median": 312.568772,
    "variance": 103.54619474315128,
    "stdDev": 10.175765069180365,
    "confidence": 25.26571116467528,
    "low": 299.5174730176623,
    "high": 324.7831841823376,
    "count": 5
  },
  "Compilation.finish modules": {
    "min": 17.435387,
    "max": 18.610336,
    "mean": 17.824861000000002,
    "median": 17.696984,
    "variance": 0.16658297707320024,
    "stdDev": 0.40814577919317047,
    "confidence": 1.0133973514589627,
    "low": 17.31816232427052,
    "high": 18.331559675729483,
    "count": 5
  },
  "Compilation.seal": {
    "min": 0.003729,
    "max": 0.005034,
    "mean": 0.0043358,
    "median": 0.004352,
    "variance": 1.8390816000000003e-7,
    "stdDev": 0.00042884514687705166,
    "confidence": 0.0010647924300242403,
    "low": 0.0038034037849878797,
    "high": 0.00486819621501212,
    "count": 5
  },
  "Compilation.optimize dependencies": {
    "min": 23.054689,
    "max": 24.675788,
    "mean": 23.928582400000003,
    "median": 24.100222,
    "variance": 0.3395954235594405,
    "stdDev": 0.5827481647842749,
    "confidence": 1.4469228321492764,
    "low": 23.205120983925365,
    "high": 24.65204381607464,
    "count": 5
  },
  "Compilation.rebuild chunk graph": {
    "min": 17.089769,
    "max": 18.910659,
    "mean": 17.6724428,
    "median": 17.574588,
    "variance": 0.42168646744415933,
    "stdDev": 0.6493739041909209,
    "confidence": 1.612349871446753,
    "low": 16.866267864276622,
    "high": 18.478617735723375,
    "count": 5
  },
  "Compilation.build chunk graph": {
    "min": 17.097981,
    "max": 18.919381,
    "mean": 17.6852578,
    "median": 17.584394,
    "variance": 0.4181836225397606,
    "stdDev": 0.6466711857967391,
    "confidence": 1.605639211182627,
    "low": 16.882438194408685,
    "high": 18.488077405591312,
    "count": 5
  },
  "Compilation.optimize modules": {
    "min": 10.298466,
    "max": 11.792395,
    "mean": 11.0854484,
    "median": 10.858685,
    "variance": 0.3411417704046407,
    "stdDev": 0.5840734289493409,
    "confidence": 1.450213370146546,
    "low": 10.360341714926728,
    "high": 11.810555085073274,
    "count": 5
  },
  "Compilation.optimize chunks": {
    "min": 22.165828,
    "max": 25.568713,
    "mean": 24.2978494,
    "median": 24.304626,
    "variance": 1.5438216640038387,
    "stdDev": 1.2425062028029634,
    "confidence": 3.0850557797779175,
    "low": 22.75532151011104,
    "high": 25.84037728988896,
    "count": 5
  },
  "Compilation.optimize tree": {
    "min": 0.003359,
    "max": 0.016106,
    "mean": 0.0130096,
    "median": 0.014852,
    "variance": 0.000023660910639999995,
    "stdDev": 0.00486424820912749,
    "confidence": 0.012077587232957173,
    "low": 0.006970806383521414,
    "high": 0.019048393616478587,
    "count": 5
  },
  "Compilation.optimize chunk modules": {
    "min": 46.752323,
    "max": 49.20225,
    "mean": 47.6764252,
    "median": 47.623728,
    "variance": 0.7048037787925612,
    "stdDev": 0.8395259250270721,
    "confidence": 2.0844840061445495,
    "low": 46.63418319692772,
    "high": 48.71866720307227,
    "count": 5
  },
  "Compilation.module ids": {
    "min": 1.346617,
    "max": 1.519772,
    "mean": 1.4355334,
    "median": 1.432668,
    "variance": 0.0035310064294399963,
    "stdDev": 0.05942227216658747,
    "confidence": 0.14754133523157842,
    "low": 1.3617627323842108,
    "high": 1.5093040676157892,
    "count": 5
  },
  "Compilation.chunk ids": {
    "min": 1.607871,
    "max": 1.683059,
    "mean": 1.6319944,
    "median": 1.617014,
    "variance": 0.0007755509206400009,
    "stdDev": 0.02784871488309651,
    "confidence": 0.06914640636454727,
    "low": 1.5974211968177263,
    "high": 1.6665676031822736,
    "count": 5
  },
  "Compilation.assign runtime ids": {
    "min": 0.002339,
    "max": 0.00297,
    "mean": 0.0026814,
    "median": 0.002746,
    "variance": 4.596944000000003e-8,
    "stdDev": 0.0002144048506913965,
    "confidence": 0.000532352210673678,
    "low": 0.002415223894663161,
    "high": 0.002947576105336839,
    "count": 5
  },
  "Compilation.optimize code generation": {
    "min": 2.915593,
    "max": 3.163152,
    "mean": 3.0163656,
    "median": 3.00858,
    "variance": 0.00699199956904002,
    "stdDev": 0.083618177264516,
    "confidence": 0.20761807102648167,
    "low": 2.912556564486759,
    "high": 3.1201746355132407,
    "count": 5
  },
  "Compilation.create module hashes": {
    "min": 34.677096,
    "max": 38.66032,
    "mean": 36.12092700000001,
    "median": 35.297906,
    "variance": 2.184768020506399,
    "stdDev": 1.478096079592392,
    "confidence": 3.670008924805927,
    "low": 34.285922537597045,
    "high": 37.95593146240297,
    "count": 5
  },
  "Compilation.code generation": {
    "min": 86.137289,
    "max": 90.775218,
    "mean": 87.48010439999999,
    "median": 86.480465,
    "variance": 2.9527415284670395,
    "stdDev": 1.718354308187645,
    "confidence": 4.266553260033305,
    "low": 85.34682776998334,
    "high": 89.61338103001664,
    "count": 5
  },
  "Compilation.runtime requirements.modules": {
    "min": 0.837606,
    "max": 1.141516,
    "mean": 0.9417848,
    "median": 0.869449,
    "variance": 0.014024339261360003,
    "stdDev": 0.11842440314968872,
    "confidence": 0.2940394893639291,
    "low": 0.7947650553180354,
    "high": 1.0888045446819645,
    "count": 5
  },
  "Compilation.runtime requirements.chunks": {
    "min": 0.09385,
    "max": 0.126835,
    "mean": 0.1091518,
    "median": 0.108334,
    "variance": 0.00017598054255999997,
    "stdDev": 0.013265765811290351,
    "confidence": 0.03293796634332907,
    "low": 0.09268281682833546,
    "high": 0.12562078317166453,
    "count": 5
  },
  "Compilation.runtime requirements.entries": {
    "min": 0.433516,
    "max": 0.647606,
    "mean": 0.49572900000000003,
    "median": 0.459634,
    "variance": 0.005983081652800001,
    "stdDev": 0.07735038237009563,
    "confidence": 0.19205557578752608,
    "low": 0.399701212106237,
    "high": 0.5917567878937631,
    "count": 5
  },
  "Compilation.runtime requirements": {
    "min": 1.642366,
    "max": 2.234991,
    "mean": 1.826336,
    "median": 1.712244,
    "variance": 0.05043420904279999,
    "stdDev": 0.2245756198762457,
    "confidence": 0.5576055174078594,
    "low": 1.5475332412960703,
    "high": 2.1051387587039296,
    "count": 5
  },
  "Compilation.hashing: hash chunks": {
    "min": 0.417566,
    "max": 0.643915,
    "mean": 0.4670310000000001,
    "median": 0.422825,
    "variance": 0.0078474166372,
    "stdDev": 0.08858564577401917,