{
  "stats": {
    "min": 1367,
    "max": 1502,
    "mean": 1408.6,
    "median": 1390,
    "variance": 2327.84,
    "stdDev": 48.24769424542483,
    "confidence": 119.79564178997498,
    "low": 1348.7021791050124,
    "high": 1468.4978208949874,
    "count": 5
  },
  "heap memory": {
    "min": 8330456,
    "max": 8390680,
    "mean": 8373289.6,
    "median": 8382944,
    "variance": 475094768.64,
    "stdDev": 21796.668750981193,
    "confidence": 54119.600174569525,
    "low": 8346229.799912714,
    "high": 8400349.400087284,
    "count": 5
  },
  "rss memory": {
    "min": 743366656,
    "max": 803155968,
    "mean": 770810675.2,
    "median": 778637312,
    "variance": 526926099104399.4,
    "stdDev": 22954870.923278995,
    "confidence": 56995334.95781517,
    "low": 742313007.7210925,
    "high": 799308342.6789076,
    "count": 5
  },
  "external memory": {
    "min": 6809311,
    "max": 6809311,
    "mean": 6809311,
    "median": 6809311,
    "variance": 0,
    "stdDev": 0,
    "confidence": 0,
    "low": 6809311,
    "high": 6809311,
    "count": 5
  },
  "array buffers memory": {
    "min": 10515,
    "max": 10515,
    "mean": 10515,
    "median": 10515,
    "variance": 0,
    "stdDev": 0,
    "confidence": 0,
    "low": 10515,
    "high": 10515,
    "count": 5
  },
  "Compilation.finish modules": {
    "min": 23,
    "max": 30,
    "mean": 24.8,
    "median": 24,
    "variance": 6.959999999999999,
    "stdDev": 2.6381811916545836,
    "confidence": 6.5504189154587635,
    "low": 21.52479054227062,
    "high": 28.075209457729382,
    "count": 5
  },
  "Compilation.optimize dependencies": {
    "min": 55,
    "max": 57,
    "mean": 56,
    "median": 56,
    "variance": 0.4,
    "stdDev": 0.6324555320336759,
    "confidence": 1.5703427396590826,
    "low": 55.21482863017046,
    "high": 56.78517136982954,
    "count": 5
  },
  "Compilation.rebuild chunk graph": {
    "min": 31,
    "max": 31,
    "mean": 31,
    "median": 31,
    "variance": 0,
    "stdDev": 0,
    "confidence": 0,
    "low": 31,
    "high": 31,
    "count": 5
  },
  "Compilation.create chunks": {
    "min": 59,
    "max": 62,
    "mean": 60.6,
    "median": 61,
    "variance": 1.0399999999999998,
    "stdDev": 1.0198039027185568,
    "confidence": 2.5321015840601575,
    "low": 59.33394920796992,
    "high": 61.86605079203008,
    "count": 5
  },
  "Compilation.optimize": {
    "min": 59,
    "max": 62,
    "mean": 60,
    "median": 60,
    "variance": 1.2,
    "stdDev": 1.0954451150103321,
    "confidence": 2.7199134103864395,
    "low": 58.64004329480678,
    "high": 61.35995670519322,
    "count": 5
  },
  "Compilation.module ids": {
    "min": 1,
    "max": 1,
    "mean": 1,
    "median": 1,
    "variance": 0,
    "stdDev": 0,
    "confidence": 0,
    "low": 1,
    "high": 1,
    "count": 5
  },
  "Compilation.chunk ids": {
    "min": 2,
    "max": 3,
    "mean": 2.2,
    "median": 2,
    "variance": 0.15999999999999998,
    "stdDev": 0.39999999999999997,
    "confidence": 0.9931719528863063,
    "low": 1.703414023556847,
    "high": 2.6965859764431532,
    "count": 5
  },
  "Compilation.optimize code generation": {
    "min": 4,
    "max": 4,
    "mean": 4,
    "median": 4,
    "variance": 0,
    "stdDev": 0,
    "confidence": 0,
    "low": 4,
    "high": 4,
    "count": 5
  },
  "Compilation.module code generation cache": {
    "min": 0,
    "max": 0,
    "mean": 0,
    "median": 0,
    "variance": 0,
    "stdDev": 0,
    "confidence": 0,
    "low": 0,
    "high": 0,
    "count": 5
  },
  "Compilation.code generation": {
    "min": 123,
    "max": 125,
    "mean": 123.8,
    "median": 124,
    "variance": 0.5599999999999999,
    "stdDev": 0.7483314773547882,
    "confidence": 1.858054586926869,
    "low": 122.87097270653656,
    "high": 124.72902729346343,
    "count": 5
  },
  "Compilation.runtime requirements.modules": {
    "min": 2,
    "max": 2,
    "mean": 2,
    "median": 2,
    "variance": 0,
    "stdDev": 0,
    "confidence": 0,
    "low": 2,
    "high": 2,
    "count": 5
  },
  "Compilation.runtime requirements.chunks": {
    "min": 0,
    "max": 0,
    "mean": 0,
    "median": 0,
    "variance": 0,
    "stdDev": 0,
    "confidence": 0,
    "low": 0,
    "high": 0,
    "count": 5
  },
  "Compilation.runtime requirements.entries": {
    "min": 0,
    "max": 0,
    "mean": 0,
    "median": 0,
    "variance": 0,
    "stdDev": 0,
    "confidence": 0,
    "low": 0,
    "high": 0,
    "count": 5
  },
  "Compilation.runtime requirements": {
    "min": 3,
    "max": 3,
    "mean": 3,
    "median": 3,
    "variance": 0,
    "stdDev": 0,
    "confidence": 0,
    "low": 3,
    "high": 3,
    "count": 5
  },
  "Compilation.hashing: hash chunks": {
    "min": 0,
    "max": 0,
    "mean": 0,
    "median": 0,
    "variance": 0,
    "stdDev": 0,
    "confidence": 0,
    "low": 0,
    "high": 0,
    "count": 5
  },
  "Compilation.hashing: hash runtime chunks": {
    "min": 0,
    "max": 0,
    "mean": 0,
    "median": 0,
    "variance": 0,
    "stdDev": 0,
    "confidence": 0,
    "low": 0,
    "high": 0,
    "count": 5
  },
  "Compilation.hashing: process full hash chunks": {
    "min": 0,
    "max": 0,
    "mean": 0,
    "median": 0,
    "variance": 0,
    "stdDev": 0,
    "confidence": 0,
    "low": 0,
    "high": 0,
    "count": 5
  },
  "Compilation.hashing": {
    "min": 0,
    "max": 0,
    "mean": 0,
    "median": 0,
    "variance": 0,
    "stdDev": 0,
    "confidence": 0,
    "low": 0,
    "high": 0,
    "count": 5
  },
  "Compilation.create module assets": {
    "min": 0,
    "max": 0,
    "mean": 0,
    "median": 0,
    "variance": 0,
    "stdDev": 0,
    "confidence": 0,
    "low": 0,
    "high": 0,
    "count": 5
  },
  "Compilation.create chunk assets": {
    "min": 1,
    "max": 2,
    "mean": 1.4,
    "median": 1,
    "variance": 0.24,
    "stdDev": 0.4898979485566356,
    "confidence": 1.216382255707473,
    "low": 0.7918088721462635,
    "high": 2.0081911278537365,
    "count": 5
  },
  "Compilation.process assets": {
    "min": 367,
    "max": 395,
    "mean": 381.6,
    "median": 376,
    "variance": 129.44,
    "stdDev": 11.377170122662314,
    "confidence": 28.248715672610615,
    "low": 367.4756421636947,
    "high": 395.72435783630533,
    "count": 5
  },
  "Compilation.after process assets": {
    "min": 0,
    "max": 0,
    "mean": 0,
    "median": 0,
    "variance": 0,
    "stdDev": 0,
    "confidence": 0,
    "low": 0,
    "high": 0,
    "count": 5
  },
  "Compilation.after seal": {
    "min": 0,
    "max": 0,
    "mean": 0,
    "median": 0,
    "variance": 0,
    "stdDev": 0,
    "confidence": 0,
    "low": 0,
    "high": 0,
    "count": 5
  },
  "Compiler.make hook": {
    "min": 1,
    "max": 2,
    "mean": 1.8,
    "median": 2,
    "variance": 0.16000000000000006,
    "stdDev": 0.4000000000000001,
    "confidence": 0.9931719528863066,
    "low": 1.3034140235568468,
    "high": 2.2965859764431533,
    "count": 5
  },
  "Compiler.make": {
    "min": 470,
    "max": 554,
    "mean": 493,
    "median": 483,
    "variance": 962.8,
    "stdDev": 31.029018676071598,
    "confidence": 77.04287768664926,
    "low": 454.47856115667537,
    "high": 531.5214388433246,
    "count": 5
  },
  "Compiler.finish make hook": {
    "min": 0,
    "max": 0,
    "mean": 0,
    "median": 0,
    "variance": 0,
    "stdDev": 0,
    "confidence": 0,
    "low": 0,
    "high": 0,
    "count": 5
  },
  "Compiler.finish compilation": {
    "min": 33,
    "max": 53,
    "mean": 39.6,
    "median": 36,
    "variance": 54.64,
    "stdDev": 7.391887445030531,
    "confidence": 18.353538223241856,
    "low": 30.423230888379074,
    "high": 48.77676911162093,
    "count": 5
  },
  "Compiler.seal compilation": {
    "min": 1264,
    "max": 1400,
    "mean": 1306.2,
    "median": 1287,
    "variance": 2342.96,
    "stdDev": 48.40413205502191,
    "confidence": 120.1840659021318,
    "low": 1246.1079670489341,
    "high": 1366.292032951066,
    "count": 5
  },