{
  "stats": {
    "min": 2951,
    "max": 3136,
    "mean": 2998.2,
    "median": 2960,
    "variance": 4877.360000000001,
    "stdDev": 69.838098484996,
    "confidence": 173.40310164552375,
    "low": 2911.498449177238,
    "high": 3084.9015508227617,
    "count": 5
  },
  "heap memory": {
    "min": 10249152,
    "max": 10327176,
    "mean": 10267625.6,
    "median": 10253312,
    "variance": 890687370.24,
    "stdDev": 29844.385908240765,
    "confidence": 74101.51758794859,
    "low": 10230574.841206025,
    "high": 10304676.358793974,
    "count": 5
  },
  "rss memory": {
    "min": 623124480,
    "max": 655818752,
    "mean": 635174092.8,
    "median": 632156160,
    "variance": 119338829831208.95,
    "stdDev": 10924231.315347042,
    "confidence": 27124100.37311244,
    "low": 621612042.6134437,
    "high": 648736142.9865562,
    "count": 5
  },
  "external memory": {
    "min": 1612582,
    "max": 1612582,
    "mean": 1612582,
    "median": 1612582,
    "variance": 0,
    "stdDev": 0,
    "confidence": 0,
    "low": 1612582,
    "high": 1612582,
    "count": 5
  },
  "array buffers memory": {
    "min": 10515,
    "max": 10515,
    "mean": 10515,
    "median": 10515,
    "variance": 0,
    "stdDev": 0,
    "confidence": 0,
    "low": 10515,
    "high": 10515,
    "count": 5
  },
  "Compilation.finish modules": {
    "min": 12,
    "max": 12,
    "mean": 12,
    "median": 12,
    "variance": 0,
    "stdDev": 0,
    "confidence": 0,
    "low": 12,
    "high": 12,
    "count": 5
  },
  "Compilation.optimize dependencies": {
    "min": 30,
    "max": 30,
    "mean": 30,
    "median": 30,
    "variance": 0,
    "stdDev": 0,
    "confidence": 0,
    "low": 30,
    "high": 30,
    "count": 5
  },
  "Compilation.rebuild chunk graph": {
    "min": 11,
    "max": 12,
    "mean": 11.2,
    "median": 11,
    "variance": 0.16,
    "stdDev": 0.4,
    "confidence": 0.993171952886307,
    "low": 10.703414023556846,
    "high": 11.696585976443153,
    "count": 5
  },
  "Compilation.create chunks": {
    "min": 19,
    "max": 22,
    "mean": 20.2,
    "median": 20,
    "variance": 0.9600000000000002,
    "stdDev": 0.9797958971132713,
    "confidence": 2.4327645114149448,
    "low": 18.983617744292527,
    "high": 21.41638225570747,
    "count": 5
  },
  "Compilation.optimize": {
    "min": 26,
    "max": 27,
    "mean": 26.6,
    "median": 27,
    "variance": 0.24,
    "stdDev": 0.4898979485566356,
    "confidence": 1.2163822557074724,
    "low": 25.991808872146265,
    "high": 27.208191127853738,
    "count": 5
  },
  "Compilation.module ids": {
    "min": 0,
    "max": 0,
    "mean": 0,
    "median": 0,
    "variance": 0,
    "stdDev": 0,
    "confidence": 0,
    "low": 0,
    "high": 0,
    "count": 5
  },
  "Compilation.chunk ids": {
    "min": 0,
    "max": 0,
    "mean": 0,
    "median": 0,
    "variance": 0,
    "stdDev": 0,
    "confidence": 0,
    "low": 0,
    "high": 0,
    "count": 5
  },
  "Compilation.optimize code generation": {
    "min": 3,
    "max": 3,
    "mean": 3,
    "median": 3,
    "variance": 0,
    "stdDev": 0,
    "confidence": 0,
    "low": 3,
    "high": 3,
    "count": 5
  },
  "Compilation.module code generation cache": {
    "min": 0,
    "max": 0,
    "mean": 0,
    "median": 0,
    "variance": 0,
    "stdDev": 0,
    "confidence": 0,
    "low": 0,
    "high": 0,
    "count": 5
  },
  "Compilation.code generation": {
    "min": 124,
    "max": 125,
    "mean": 124.6,
    "median": 125,
    "variance": 0.24,
    "stdDev": 0.4898979485566356,
    "confidence": 1.2163822557074866,
    "low": 123.99180887214625,
    "high": 125.20819112785374,
    "count": 5
  },
  "Compilation.runtime requirements.modules": {
    "min": 0,
    "max": 1,
    "mean": 0.6,
    "median": 1,
    "variance": 0.24000000000000005,
    "stdDev": 0.48989794855663565,
    "confidence": 1.2081911278537363,
    "low": 0,
    "high": 1.2081911278537363,
    "count": 5
  },
  "Compilation.runtime requirements.chunks": {
    "min": 0,
    "max": 0,
    "mean": 0,
    "median": 0,
    "variance": 0,
    "stdDev": 0,
    "confidence": 0,
    "low": 0,
    "high": 0,
    "count": 5
  },
  "Compilation.runtime requirements.entries": {
    "min": 0,
    "max": 0,
    "mean": 0,
    "median": 0,
    "variance": 0,
    "stdDev": 0,
    "confidence": 0,
    "low": 0,
    "high": 0,
    "count": 5
  },
  "Compilation.runtime requirements": {
    "min": 1,
    "max": 1,
    "mean": 1,
    "median": 1,
    "variance": 0,
    "stdDev": 0,
    "confidence": 0,
    "low": 1,
    "high": 1,
    "count": 5
  },
  "Compilation.hashing: hash chunks": {
    "min": 0,
    "max": 0,
    "mean": 0,
    "median": 0,
    "variance": 0,
    "stdDev": 0,
    "confidence": 0,
    "low": 0,
    "high": 0,
    "count": 5
  },
  "Compilation.hashing: hash runtime chunks": {
    "min": 0,
    "max": 0,
    "mean": 0,
    "median": 0,
    "variance": 0,
    "stdDev": 0,
    "confidence": 0,
    "low": 0,
    "high": 0,
    "count": 5
  },
  "Compilation.hashing: process full hash chunks": {
    "min": 0,
    "max": 0,
    "mean": 0,
    "median": 0,
    "variance": 0,
    "stdDev": 0,
    "confidence": 0,
    "low": 0,
    "high": 0,
    "count": 5
  },
  "Compilation.hashing": {
    "min": 0,
    "max": 0,
    "mean": 0,
    "median": 0,
    "variance": 0,
    "stdDev": 0,
    "confidence": 0,
    "low": 0,
    "high": 0,
    "count": 5
  },
  "Compilation.create module assets": {
    "min": 0,
    "max": 0,
    "mean": 0,
    "median": 0,
    "variance": 0,
    "stdDev": 0,
    "confidence": 0,
    "low": 0,
    "high": 0,
    "count": 5
  },
  "Compilation.create chunk assets": {
    "min": 0,
    "max": 0,
    "mean": 0,
    "median": 0,
    "variance": 0,
    "stdDev": 0,
    "confidence": 0,
    "low": 0,
    "high": 0,
    "count": 5
  },
  "Compilation.process assets": {
    "min": 2576,
    "max": 2766,
    "mean": 2625.4,
    "median": 2589,
    "variance": 5074.64,
    "stdDev": 71.23650749440206,
    "confidence": 176.87525316253868,
    "low": 2536.9623734187307,
    "high": 2713.8376265812694,
    "count": 5
  },
  "Compilation.after process assets": {
    "min": 0,
    "max": 0,
    "mean": 0,
    "median": 0,
    "variance": 0,
    "stdDev": 0,
    "confidence": 0,
    "low": 0,
    "high": 0,
    "count": 5
  },
  "Compilation.after seal": {
    "min": 0,
    "max": 0,
    "mean": 0,
    "median": 0,
    "variance": 0,
    "stdDev": 0,
    "confidence": 0,
    "low": 0,
    "high": 0,
    "count": 5
  },
  "Compiler.make hook": {
    "min": 63,
    "max": 66,
    "mean": 64,
    "median": 63,
    "variance": 1.6,
    "stdDev": 1.2649110640673518,
    "confidence": 3.140685479318165,
    "low": 62.42965726034092,
    "high": 65.57034273965908,
    "count": 5
  },
  "Compiler.make": {
    "min": 64,
    "max": 67,
    "mean": 65,
    "median": 64,
    "variance": 1.6,
    "stdDev": 1.2649110640673518,
    "confidence": 3.140685479318165,
    "low": 63.42965726034092,
    "high": 66.57034273965908,
    "count": 5
  },
  "Compiler.finish make hook": {
    "min": 0,
    "max": 0,
    "mean": 0,
    "median": 0,
    "variance": 0,
    "stdDev": 0,
    "confidence": 0,
    "low": 0,
    "high": 0,
    "count": 5
  },
  "Compiler.finish compilation": {
    "min": 0,
    "max": 0,
    "mean": 0,
    "median": 0,
    "variance": 0,
    "stdDev": 0,
    "confidence": 0,
    "low": 0,
    "high": 0,
    "count": 5
  },
  "Compiler.seal compilation": {
    "min": 2888,
    "max": 3074,
    "mean": 2936.4,
    "median": 2899,
    "variance": 4887.4400000000005,
    "stdDev": 69.9102281501069,
    "confidence": 173.58219454642222,
    "low": 2849.608902726789,
    "high": 3023.191097273211,
    "count": 5
  },
  "Compiler.emitAssets": {
    "min": 19,
    "max": 25,
    "mean": 21.4,
    "median": 20,
    "variance": 5.04,
    "stdDev": 2.244994432064365,
    "confidence": 5.574163760780621,
    "low": 18.612918119609688,
    "high": 24.18708188039031,
    "count": 5
  },