{
  "stats": {
    "min": 2969,
    "max": 3232,
    "mean": 3057.6,
    "median": 3026,
    "variance": 8182.639999999999,
    "stdDev": 90.45794603018575,
    "confidence": 224.6007372822096,
    "low": 2945.299631358895,
    "high": 3169.9003686411047,
    "count": 5
  },
  "heap memory": {
    "min": 88058208,
    "max": 98304640,
    "mean": 95884648,
    "median": 97405400,
    "variance": 15483891008076.8,
    "stdDev": 3934957.561153208,
    "confidence": 9770223.71383816,
    "low": 90999536.14308092,
    "high": 100769759.85691908,
    "count": 5
  },
  "rss memory": {
    "min": 779059200,
    "max": 861716480,
    "mean": 814534656,
    "median": 812306432,
    "variance": 710587836897689.6,
    "stdDev": 26656853.46956181,
    "confidence": 66187098.04542208,
    "low": 781441106.977289,
    "high": 847628205.022711,
    "count": 5
  },
  "external memory": {
    "min": 30232131,
    "max": 30232131,
    "mean": 30232131,
    "median": 30232131,
    "variance": 0,
    "stdDev": 0,
    "confidence": 0,
    "low": 30232131,
    "high": 30232131,
    "count": 5
  },
  "array buffers memory": {
    "min": 2260022,
    "max": 2260022,
    "mean": 2260022,
    "median": 2260022,
    "variance": 0,
    "stdDev": 0,
    "confidence": 0,
    "low": 2260022,
    "high": 2260022,
    "count": 5
  },
  "Compilation.finish modules": {
    "min": 6,
    "max": 6,
    "mean": 6,
    "median": 6,
    "variance": 0,
    "stdDev": 0,
    "confidence": 0,
    "low": 6,
    "high": 6,
    "count": 5
  },
  "Compilation.optimize dependencies": {
    "min": 14,
    "max": 16,
    "mean": 15.2,
    "median": 15,
    "variance": 0.56,
    "stdDev": 0.7483314773547883,
    "confidence": 1.858054586926876,
    "low": 14.270972706536561,
    "high": 16.129027293463437,
    "count": 5
  },
  "Compilation.rebuild chunk graph": {
    "min": 9,
    "max": 10,
    "mean": 9.2,
    "median": 9,
    "variance": 0.15999999999999998,
    "stdDev": 0.39999999999999997,
    "confidence": 0.993171952886307,
    "low": 8.703414023556846,
    "high": 9.696585976443153,
    "count": 5
  },
  "Compilation.create chunks": {
    "min": 17,
    "max": 19,
    "mean": 17.6,
    "median": 17,
    "variance": 0.64,
    "stdDev": 0.8,
    "confidence": 1.986343905772614,
    "low": 16.606828047113694,
    "high": 18.59317195288631,
    "count": 5
  },
  "Compilation.optimize": {
    "min": 14,
    "max": 16,
    "mean": 15.2,
    "median": 15,
    "variance": 0.56,
    "stdDev": 0.7483314773547883,
    "confidence": 1.858054586926876,
    "low": 14.270972706536561,
    "high": 16.129027293463437,
    "count": 5
  },
  "Compilation.module ids": {
    "min": 1,
    "max": 1,
    "mean": 1,
    "median": 1,
    "variance": 0,
    "stdDev": 0,
    "confidence": 0,
    "low": 1,
    "high": 1,
    "count": 5
  },
  "Compilation.chunk ids": {
    "min": 1,
    "max": 1,
    "mean": 1,
    "median": 1,
    "variance": 0,
    "stdDev": 0,
    "confidence": 0,
    "low": 1,
    "high": 1,
    "count": 5
  },
  "Compilation.optimize code generation": {
    "min": 1,
    "max": 1,
    "mean": 1,
    "median": 1,
    "variance": 0,
    "stdDev": 0,
    "confidence": 0,
    "low": 1,
    "high": 1,
    "count": 5
  },
  "Compilation.module code generation cache": {
    "min": 0,
    "max": 0,
    "mean": 0,
    "median": 0,
    "variance": 0,
    "stdDev": 0,
    "confidence": 0,
    "low": 0,
    "high": 0,
    "count": 5
  },
  "Compilation.code generation": {
    "min": 40,
    "max": 44,
    "mean": 42.2,
    "median": 43,
    "variance": 2.1599999999999997,
    "stdDev": 1.4696938456699067,
    "confidence": 3.649146767122417,
    "low": 40.375426616438794,
    "high": 44.02457338356121,
    "count": 5
  },
  "Compilation.runtime requirements.modules": {
    "min": 0,
    "max": 0,
    "mean": 0,
    "median": 0,
    "variance": 0,
    "stdDev": 0,
    "confidence": 0,
    "low": 0,
    "high": 0,
    "count": 5
  },
  "Compilation.runtime requirements.chunks": {
    "min": 0,
    "max": 0,
    "mean": 0,
    "median": 0,
    "variance": 0,
    "stdDev": 0,
    "confidence": 0,
    "low": 0,
    "high": 0,
    "count": 5
  },
  "Compilation.runtime requirements.entries": {
    "min": 0,
    "max": 0,
    "mean": 0,
    "median": 0,
    "variance": 0,
    "stdDev": 0,
    "confidence": 0,
    "low": 0,
    "high": 0,
    "count": 5
  },
  "Compilation.runtime requirements": {
    "min": 1,
    "max": 1,
    "mean": 1,
    "median": 1,
    "variance": 0,
    "stdDev": 0,
    "confidence": 0,
    "low": 1,
    "high": 1,
    "count": 5
  },
  "Compilation.hashing: hash chunks": {
    "min": 0,
    "max": 0,
    "mean": 0,
    "median": 0,
    "variance": 0,
    "stdDev": 0,
    "confidence": 0,
    "low": 0,
    "high": 0,
    "count": 5
  },
  "Compilation.hashing: hash runtime chunks": {
    "min": 0,
    "max": 0,
    "mean": 0,
    "median": 0,
    "variance": 0,
    "stdDev": 0,
    "confidence": 0,
    "low": 0,
    "high": 0,
    "count": 5
  },
  "Compilation.hashing: process full hash chunks": {
    "min": 0,
    "max": 0,
    "mean": 0,
    "median": 0,
    "variance": 0,
    "stdDev": 0,
    "confidence": 0,
    "low": 0,
    "high": 0,
    "count": 5
  },
  "Compilation.hashing": {
    "min": 1,
    "max": 1,
    "mean": 1,
    "median": 1,
    "variance": 0,
    "stdDev": 0,
    "confidence": 0,
    "low": 1,
    "high": 1,
    "count": 5
  },
  "Compilation.create module assets": {
    "min": 0,
    "max": 0,
    "mean": 0,
    "median": 0,
    "variance": 0,
    "stdDev": 0,
    "confidence": 0,
    "low": 0,
    "high": 0,
    "count": 5
  },
  "Compilation.create chunk assets": {
    "min": 1,
    "max": 3,
    "mean": 2,
    "median": 2,
    "variance": 0.4,
    "stdDev": 0.6324555320336759,
    "confidence": 1.5703427396590843,
    "low": 1.2148286301704578,
    "high": 2.785171369829542,
    "count": 5
  },
  "Compilation.process assets": {
    "min": 1387,
    "max": 1646,
    "mean": 1461,
    "median": 1422,
    "variance": 8820.4,
    "stdDev": 93.91698461939671,
    "confidence": 233.18928755909837,
    "low": 1344.4053562204508,
    "high": 1577.5946437795492,
    "count": 5
  },
  "Compilation.after process assets": {
    "min": 0,
    "max": 0,
    "mean": 0,
    "median": 0,
    "variance": 0,
    "stdDev": 0,
    "confidence": 0,
    "low": 0,
    "high": 0,
    "count": 5
  },
  "Compilation.after seal": {
    "min": 0,
    "max": 0,
    "mean": 0,
    "median": 0,
    "variance": 0,
    "stdDev": 0,
    "confidence": 0,
    "low": 0,
    "high": 0,
    "count": 5
  },
  "Compiler.make hook": {
    "min": 0,
    "max": 0,
    "mean": 0,
    "median": 0,
    "variance": 0,
    "stdDev": 0,
    "confidence": 0,
    "low": 0,
    "high": 0,
    "count": 5
  },
  "Compiler.make": {
    "min": 1285,
    "max": 1359,
    "mean": 1309,
    "median": 1305,
    "variance": 706.8,
    "stdDev": 26.58571044753177,
    "confidence": 66.01045491011246,
    "low": 1275.9947725449438,
    "high": 1342.0052274550562,
    "count": 5
  },
  "Compiler.finish make hook": {
    "min": 0,
    "max": 0,
    "mean": 0,
    "median": 0,
    "variance": 0,
    "stdDev": 0,
    "confidence": 0,
    "low": 0,
    "high": 0,
    "count": 5
  },
  "Compiler.finish compilation": {
    "min": 43,
    "max": 48,
    "mean": 45.8,
    "median": 47,
    "variance": 3.7599999999999993,
    "stdDev": 1.9390719429665315,
    "confidence": 4.814579670957784,
    "low": 43.392710164521105,
    "high": 48.20728983547889,
    "count": 5
  },
  "Compiler.seal compilation": {
    "min": 1495,
    "max": 1757,
    "mean": 1570,
    "median": 1531,
    "variance": 9064.8,
    "stdDev": 95.20924324875185,
    "confidence": 236.39787512547582,
    "low": 1451.801062437262,
    "high": 1688.198937562738,
    "count": 5
  },
  "Compiler.emitAssets": {
    "min": 43,
    "max": 71,
    "mean": 59.2,
    "median": 64,
    "variance": 117.35999999999999,
    "stdDev": 10.833282051160673,