{
  "stats": {
    "min": 1711,
    "max": 1747,
    "mean": 1730.8,
    "median": 1732,
    "variance": 210.16,
    "stdDev": 14.496896219536097,
    "confidence": 35.99477682286715,
    "low": 1712.8026115885664,
    "high": 1748.7973884114335,
    "count": 5
  },
  "heap memory": {
    "min": 21020896,
    "max": 21167512,
    "mean": 21134075.2,
    "median": 21157992,
    "variance": 3219662607.3599997,
    "stdDev": 56742.07087655507,
    "confidence": 140886.58335820585,
    "low": 21063631.908320896,
    "high": 21204518.491679102,
    "count": 5
  },
  "rss memory": {
    "min": 831307776,
    "max": 892329984,
    "mean": 859589836.8,
    "median": 851349504,
    "variance": 552047201757429.8,
    "stdDev": 23495684.74757503,
    "confidence": 58338137.76287532,
    "low": 830420767.9185623,
    "high": 888758905.6814376,
    "count": 5
  },
  "external memory": {
    "min": 7084380,
    "max": 7084380,
    "mean": 7084380,
    "median": 7084380,
    "variance": 0,
    "stdDev": 0,
    "confidence": 0,
    "low": 7084380,
    "high": 7084380,
    "count": 5
  },
  "array buffers memory": {
    "min": 16623,
    "max": 16623,
    "mean": 16623,
    "median": 16623,
    "variance": 0,
    "stdDev": 0,
    "confidence": 0,
    "low": 16623,
    "high": 16623,
    "count": 5
  },
  "Compilation.finish modules": {
    "min": 25,
    "max": 27,
    "mean": 26.2,
    "median": 26,
    "variance": 0.56,
    "stdDev": 0.7483314773547883,
    "confidence": 1.858054586926876,
    "low": 25.27097270653656,
    "high": 27.129027293463437,
    "count": 5
  },
  "Compilation.optimize dependencies": {
    "min": 33,
    "max": 35,
    "mean": 33.8,
    "median": 34,
    "variance": 0.5599999999999999,
    "stdDev": 0.7483314773547882,
    "confidence": 1.858054586926869,
    "low": 32.87097270653656,
    "high": 34.72902729346343,
    "count": 5
  },
  "Compilation.rebuild chunk graph": {
    "min": 37,
    "max": 41,
    "mean": 39.2,
    "median": 39,
    "variance": 1.7599999999999998,
    "stdDev": 1.3266499161421599,
    "confidence": 3.293978720028406,
    "low": 37.5530106399858,
    "high": 40.846989360014206,
    "count": 5
  },
  "Compilation.create chunks": {
    "min": 60,
    "max": 64,
    "mean": 61.8,
    "median": 62,
    "variance": 1.7599999999999998,
    "stdDev": 1.3266499161421599,
    "confidence": 3.293978720028406,
    "low": 60.153010639985794,
    "high": 63.4469893600142,
    "count": 5
  },
  "Compilation.optimize": {
    "min": 112,
    "max": 115,
    "mean": 113.2,
    "median": 112,
    "variance": 2.16,
    "stdDev": 1.469693845669907,
    "confidence": 3.6491467671224314,
    "low": 111.37542661643879,
    "high": 115.02457338356122,
    "count": 5
  },
  "Compilation.module ids": {
    "min": 3,
    "max": 3,
    "mean": 3,
    "median": 3,
    "variance": 0,
    "stdDev": 0,
    "confidence": 0,
    "low": 3,
    "high": 3,
    "count": 5
  },
  "Compilation.chunk ids": {
    "min": 5,
    "max": 5,
    "mean": 5,
    "median": 5,
    "variance": 0,
    "stdDev": 0,
    "confidence": 0,
    "low": 5,
    "high": 5,
    "count": 5
  },
  "Compilation.optimize code generation": {
    "min": 10,
    "max": 10,
    "mean": 10,
    "median": 10,
    "variance": 0,
    "stdDev": 0,
    "confidence": 0,
    "low": 10,
    "high": 10,
    "count": 5
  },
  "Compilation.module code generation cache": {
    "min": 0,
    "max": 0,
    "mean": 0,
    "median": 0,
    "variance": 0,
    "stdDev": 0,
    "confidence": 0,
    "low": 0,
    "high": 0,
    "count": 5
  },
  "Compilation.code generation": {
    "min": 165,
    "max": 172,
    "mean": 168.8,
    "median": 169,
    "variance": 5.36,
    "stdDev": 2.3151673805580453,
    "confidence": 5.748398271518795,
    "low": 165.9258008642406,
    "high": 171.6741991357594,
    "count": 5
  },
  "Compilation.runtime requirements.modules": {
    "min": 2,
    "max": 2,
    "mean": 2,
    "median": 2,
    "variance": 0,
    "stdDev": 0,
    "confidence": 0,
    "low": 2,
    "high": 2,
    "count": 5
  },
  "Compilation.runtime requirements.chunks": {
    "min": 0,
    "max": 0,
    "mean": 0,
    "median": 0,
    "variance": 0,
    "stdDev": 0,
    "confidence": 0,
    "low": 0,
    "high": 0,
    "count": 5
  },
  "Compilation.runtime requirements.entries": {
    "min": 0,
    "max": 0,
    "mean": 0,
    "median": 0,
    "variance": 0,
    "stdDev": 0,
    "confidence": 0,
    "low": 0,
    "high": 0,
    "count": 5
  },
  "Compilation.runtime requirements": {
    "min": 3,
    "max": 4,
    "mean": 3.6,
    "median": 4,
    "variance": 0.24,
    "stdDev": 0.4898979485566356,
    "confidence": 1.2163822557074733,
    "low": 2.9918088721462635,
    "high": 4.208191127853737,
    "count": 5
  },
  "Compilation.hashing: hash chunks": {
    "min": 0,
    "max": 0,
    "mean": 0,
    "median": 0,
    "variance": 0,
    "stdDev": 0,
    "confidence": 0,
    "low": 0,
    "high": 0,
    "count": 5
  },
  "Compilation.hashing: hash runtime chunks": {
    "min": 0,
    "max": 0,
    "mean": 0,
    "median": 0,
    "variance": 0,
    "stdDev": 0,
    "confidence": 0,
    "low": 0,
    "high": 0,
    "count": 5
  },
  "Compilation.hashing: process full hash chunks": {
    "min": 0,
    "max": 0,
    "mean": 0,
    "median": 0,
    "variance": 0,
    "stdDev": 0,
    "confidence": 0,
    "low": 0,
    "high": 0,
    "count": 5
  },
  "Compilation.hashing": {
    "min": 0,
    "max": 0,
    "mean": 0,
    "median": 0,
    "variance": 0,
    "stdDev": 0,
    "confidence": 0,
    "low": 0,
    "high": 0,
    "count": 5
  },
  "Compilation.create module assets": {
    "min": 1,
    "max": 1,
    "mean": 1,
    "median": 1,
    "variance": 0,
    "stdDev": 0,
    "confidence": 0,
    "low": 1,
    "high": 1,
    "count": 5
  },
  "Compilation.create chunk assets": {
    "min": 1,
    "max": 1,
    "mean": 1,
    "median": 1,
    "variance": 0,
    "stdDev": 0,
    "confidence": 0,
    "low": 1,
    "high": 1,
    "count": 5
  },
  "Compilation.process assets": {
    "min": 488,
    "max": 502,
    "mean": 494.4,
    "median": 496,
    "variance": 31.04,
    "stdDev": 5.571355310873647,
    "confidence": 13.833284585809679,
    "low": 487.48335770709514,
    "high": 501.3166422929048,
    "count": 5
  },
  "Compilation.after process assets": {
    "min": 0,
    "max": 0,
    "mean": 0,
    "median": 0,
    "variance": 0,
    "stdDev": 0,
    "confidence": 0,
    "low": 0,
    "high": 0,
    "count": 5
  },
  "Compilation.after seal": {
    "min": 0,
    "max": 0,
    "mean": 0,
    "median": 0,
    "variance": 0,
    "stdDev": 0,
    "confidence": 0,
    "low": 0,
    "high": 0,
    "count": 5
  },
  "Compiler.make hook": {
    "min": 2,
    "max": 3,
    "mean": 2.2,
    "median": 2,
    "variance": 0.15999999999999998,
    "stdDev": 0.39999999999999997,
    "confidence": 0.9931719528863063,
    "low": 1.703414023556847,
    "high": 2.6965859764431532,
    "count": 5
  },
  "Compiler.make": {
    "min": 610,
    "max": 640,
    "mean": 628.6,
    "median": 634,
    "variance": 123.83999999999999,
    "stdDev": 11.128342194594843,
    "confidence": 27.630893374482184,
    "low": 614.7845533127589,
    "high": 642.4154466872411,
    "count": 5
  },
  "Compiler.finish make hook": {
    "min": 0,
    "max": 0,
    "mean": 0,
    "median": 0,
    "variance": 0,
    "stdDev": 0,
    "confidence": 0,
    "low": 0,
    "high": 0,
    "count": 5
  },
  "Compiler.finish compilation": {
    "min": 68,
    "max": 73,
    "mean": 70.6,
    "median": 70,
    "variance": 4.24,
    "stdDev": 2.0591260281974,
    "confidence": 5.112665546659599,
    "low": 68.0436672266702,
    "high": 73.1563327733298,
    "count": 5
  },
  "Compiler.seal compilation": {
    "min": 931,
    "max": 953,
    "mean": 941.6,
    "median": 942,
    "variance": 55.04,
    "stdDev": 7.418894796396563,
    "confidence": 18.42059558298797,
    "low": 932.389702208506,
    "high": 950.810297791494,
    "count": 5
  },