{
  "stats": {
    "min": 1168,
    "max": 1195,
    "mean": 1181.2,
    "median": 1180,
    "variance": 95.76,
    "stdDev": 9.785703858180055,
    "confidence": 24.29721652798935,
    "low": 1169.0513917360054,
    "high": 1193.3486082639947,
    "count": 5
  },
  "heap memory": {
    "min": 8323200,
    "max": 8347896,
    "mean": 8337236.8,
    "median": 8339560,
    "variance": 70525301.76,
    "stdDev": 8397.934374594743,
    "confidence": 20851.482207568362,
    "low": 8326811.058896216,
    "high": 8347662.541103784,
    "count": 5
  },
  "rss memory": {
    "min": 597823488,
    "max": 617644032,
    "mean": 608805683.2,
    "median": 613969920,
    "variance": 68822793516482.56,
    "stdDev": 8295950.428762371,
    "confidence": 20598263.220954895,
    "low": 598506551.5895226,
    "high": 619104814.8104775,
    "count": 5
  },
  "external memory": {
    "min": 29078458,
    "max": 29078458,
    "mean": 29078458,
    "median": 29078458,
    "variance": 0,
    "stdDev": 0,
    "confidence": 0,
    "low": 29078458,
    "high": 29078458,
    "count": 5
  },
  "array buffers memory": {
    "min": 10515,
    "max": 10515,
    "mean": 10515,
    "median": 10515,
    "variance": 0,
    "stdDev": 0,
    "confidence": 0,
    "low": 10515,
    "high": 10515,
    "count": 5
  },
  "Compilation.finish modules": {
    "min": 25,
    "max": 26,
    "mean": 25.2,
    "median": 25,
    "variance": 0.16,
    "stdDev": 0.4,
    "confidence": 0.993171952886307,
    "low": 24.703414023556846,
    "high": 25.696585976443153,
    "count": 5
  },
  "Compilation.optimize dependencies": {
    "min": 1,
    "max": 1,
    "mean": 1,
    "median": 1,
    "variance": 0,
    "stdDev": 0,
    "confidence": 0,
    "low": 1,
    "high": 1,
    "count": 5
  },
  "Compilation.rebuild chunk graph": {
    "min": 31,
    "max": 32,
    "mean": 31.6,
    "median": 32,
    "variance": 0.24,
    "stdDev": 0.4898979485566356,
    "confidence": 1.2163822557074724,
    "low": 30.991808872146265,
    "high": 32.20819112785374,
    "count": 5
  },
  "Compilation.create chunks": {
    "min": 59,
    "max": 61,
    "mean": 59.6,
    "median": 59,
    "variance": 0.64,
    "stdDev": 0.8,
    "confidence": 1.986343905772614,
    "low": 58.606828047113694,
    "high": 60.59317195288631,
    "count": 5
  },
  "Compilation.optimize": {
    "min": 0,
    "max": 0,
    "mean": 0,
    "median": 0,
    "variance": 0,
    "stdDev": 0,
    "confidence": 0,
    "low": 0,
    "high": 0,
    "count": 5
  },
  "Compilation.module ids": {
    "min": 10,
    "max": 11,
    "mean": 10.2,
    "median": 10,
    "variance": 0.16,
    "stdDev": 0.4,
    "confidence": 0.993171952886307,
    "low": 9.703414023556846,
    "high": 10.696585976443153,
    "count": 5
  },
  "Compilation.chunk ids": {
    "min": 4,
    "max": 4,
    "mean": 4,
    "median": 4,
    "variance": 0,
    "stdDev": 0,
    "confidence": 0,
    "low": 4,
    "high": 4,
    "count": 5
  },
  "Compilation.optimize code generation": {
    "min": 0,
    "max": 0,
    "mean": 0,
    "median": 0,
    "variance": 0,
    "stdDev": 0,
    "confidence": 0,
    "low": 0,
    "high": 0,
    "count": 5
  },
  "Compilation.module code generation cache": {
    "min": 0,
    "max": 0,
    "mean": 0,
    "median": 0,
    "variance": 0,
    "stdDev": 0,
    "confidence": 0,
    "low": 0,
    "high": 0,
    "count": 5
  },
  "Compilation.code generation": {
    "min": 69,
    "max": 76,
    "mean": 71.2,
    "median": 70,
    "variance": 6.959999999999999,
    "stdDev": 2.6381811916545836,
    "confidence": 6.550418915458778,
    "low": 67.92479054227061,
    "high": 74.47520945772939,
    "count": 5
  },
  "Compilation.runtime requirements.modules": {
    "min": 7,
    "max": 9,
    "mean": 7.8,
    "median": 8,
    "variance": 0.5599999999999999,
    "stdDev": 0.7483314773547882,
    "confidence": 1.8580545869268743,
    "low": 6.870972706536563,
    "high": 8.729027293463437,
    "count": 5
  },
  "Compilation.runtime requirements.chunks": {
    "min": 0,
    "max": 0,
    "mean": 0,
    "median": 0,
    "variance": 0,
    "stdDev": 0,
    "confidence": 0,
    "low": 0,
    "high": 0,
    "count": 5
  },
  "Compilation.runtime requirements.entries": {
    "min": 0,
    "max": 0,
    "mean": 0,
    "median": 0,
    "variance": 0,
    "stdDev": 0,
    "confidence": 0,
    "low": 0,
    "high": 0,
    "count": 5
  },
  "Compilation.runtime requirements": {
    "min": 9,
    "max": 10,
    "mean": 9.2,
    "median": 9,
    "variance": 0.15999999999999998,
    "stdDev": 0.39999999999999997,
    "confidence": 0.993171952886307,
    "low": 8.703414023556846,
    "high": 9.696585976443153,
    "count": 5
  },
  "Compilation.hashing: hash chunks": {
    "min": 1,
    "max": 1,
    "mean": 1,
    "median": 1,
    "variance": 0,
    "stdDev": 0,
    "confidence": 0,
    "low": 1,
    "high": 1,
    "count": 5
  },
  "Compilation.hashing: hash runtime chunks": {
    "min": 4,
    "max": 5,
    "mean": 4.2,
    "median": 4,
    "variance": 0.15999999999999998,
    "stdDev": 0.39999999999999997,
    "confidence": 0.9931719528863066,
    "low": 3.703414023556847,
    "high": 4.696585976443154,
    "count": 5
  },
  "Compilation.hashing: process full hash chunks": {
    "min": 0,
    "max": 0,
    "mean": 0,
    "median": 0,
    "variance": 0,
    "stdDev": 0,
    "confidence": 0,
    "low": 0,
    "high": 0,
    "count": 5
  },
  "Compilation.hashing": {
    "min": 6,
    "max": 6,
    "mean": 6,
    "median": 6,
    "variance": 0,
    "stdDev": 0,
    "confidence": 0,
    "low": 6,
    "high": 6,
    "count": 5
  },
  "Compilation.create module assets": {
    "min": 0,
    "max": 1,
    "mean": 0.4,
    "median": 0,
    "variance": 0.24000000000000005,
    "stdDev": 0.48989794855663565,
    "confidence": 1.0081911278537365,
    "low": 0,
    "high": 1.0081911278537365,
    "count": 5
  },
  "Compilation.create chunk assets": {
    "min": 12,
    "max": 12,
    "mean": 12,
    "median": 12,
    "variance": 0,
    "stdDev": 0,
    "confidence": 0,
    "low": 12,
    "high": 12,
    "count": 5
  },
  "Compilation.process assets": {
    "min": 98,
    "max": 100,
    "mean": 99.2,
    "median": 98,
    "variance": 0.5599999999999999,
    "stdDev": 0.7483314773547882,
    "confidence": 1.858054586926869,
    "low": 98.27097270653657,
    "high": 100.12902729346344,
    "count": 5
  },
  "Compilation.after process assets": {
    "min": 0,
    "max": 0,
    "mean": 0,
    "median": 0,
    "variance": 0,
    "stdDev": 0,
    "confidence": 0,
    "low": 0,
    "high": 0,
    "count": 5
  },
  "Compilation.after seal": {
    "min": 0,
    "max": 0,
    "mean": 0,
    "median": 0,
    "variance": 0,
    "stdDev": 0,
    "confidence": 0,
    "low": 0,
    "high": 0,
    "count": 5
  },
  "Compiler.make hook": {
    "min": 0,
    "max": 0,
    "mean": 0,
    "median": 0,
    "variance": 0,
    "stdDev": 0,
    "confidence": 0,
    "low": 0,
    "high": 0,
    "count": 5
  },
  "Compiler.make": {
    "min": 797,
    "max": 832,
    "mean": 813.6,
    "median": 814,
    "variance": 152.23999999999998,
    "stdDev": 12.338557452149743,
    "confidence": 30.63577300137854,
    "low": 798.2821134993108,
    "high": 828.9178865006893,
    "count": 5
  },
  "Compiler.finish make hook": {
    "min": 0,
    "max": 0,
    "mean": 0,
    "median": 0,
    "variance": 0,
    "stdDev": 0,
    "confidence": 0,
    "low": 0,
    "high": 0,
    "count": 5
  },
  "Compiler.finish compilation": {
    "min": 0,
    "max": 0,
    "mean": 0,
    "median": 0,
    "variance": 0,
    "stdDev": 0,
    "confidence": 0,
    "low": 0,
    "high": 0,
    "count": 5
  },
  "Compiler.seal compilation": {
    "min": 1128,
    "max": 1156,
    "mean": 1140.8,
    "median": 1138,
    "variance": 100.16,
    "stdDev": 10.007996802557443,
    "confidence": 24.84915432218986,
    "low": 1128.375422838905,
    "high": 1153.2245771610949,
    "count": 5
  },
  "Compiler.emitAssets": {
    "min": 30,
    "max": 32,