{
  "stats": {
    "min": 1076,
    "max": 1177,
    "mean": 1125,
    "median": 1136,
    "variance": 1276.4,
    "stdDev": 35.726740685374594,
    "confidence": 88.70699204189032,
    "low": 1080.6465039790548,
    "high": 1169.3534960209452,
    "count": 5
  },
  "heap memory": {
    "min": 45900472,
    "max": 96799584,
    "mean": 84744918.4,
    "median": 92563872,
    "variance": 381325394765757.44,
    "stdDev": 19527554.756439872,
    "confidence": 48485549.23136917,
    "low": 60502143.78431542,
    "high": 108987693.01568459,
    "count": 5
  },
  "rss memory": {
    "min": 429805568,
    "max": 452853760,
    "mean": 437197209.6,
    "median": 434786304,
    "variance": 67868238377123.836,
    "stdDev": 8238218.155470504,
    "confidence": 20454918.034430146,
    "low": 426969750.58278495,
    "high": 447424668.6172151,
    "count": 5
  },
  "external memory": {
    "min": 21000358,
    "max": 21001177,
    "mean": 21000558.4,
    "median": 21000358,
    "variance": 100689.84,
    "stdDev": 317.3166242099522,
    "confidence": 787.8749283775687,
    "low": 21000164.46253581,
    "high": 21000952.337464187,
    "count": 5
  },
  "array buffers memory": {
    "min": 497318,
    "max": 1281158,
    "mean": 1124390,
    "median": 1281158,
    "variance": 98304823296,
    "stdDev": 313536,
    "confidence": 778487.9035504024,
    "low": 735146.0482247988,
    "high": 1513633.9517752011,
    "count": 5
  },
  "Compilation.build module graph": {
    "min": 980.928571,
    "max": 1091.432491,
    "mean": 1036.0769705999999,
    "median": 1048.2877,
    "variance": 1473.2098430358528,
    "stdDev": 38.38241580510342,
    "confidence": 95.30084715412204,
    "low": 988.4265470229388,
    "high": 1083.727394177061,
    "count": 5
  },
  "Compilation.finish modules": {
    "min": 4.461871,
    "max": 5.200452,
    "mean": 4.9141124000000005,
    "median": 5.040251,
    "variance": 0.07014845950423995,
    "stdDev": 0.2648555445978807,
    "confidence": 0.6576177461526083,
    "low": 4.585303526923696,
    "high": 5.242921273076305,
    "count": 5
  },
  "Compilation.seal": {
    "min": 0.002826,
    "max": 0.00393,
    "mean": 0.0032974000000000002,
    "median": 0.003185,
    "variance": 1.5618944000000006e-7,
    "stdDev": 0.00039520809708304313,
    "confidence": 0.0009812739939411173,
    "low": 0.0028067630030294416,
    "high": 0.003788036996970559,
    "count": 5
  },
  "Compilation.optimize dependencies": {
    "min": 3.105739,
    "max": 3.616877,
    "mean": 3.3629553999999997,
    "median": 3.374054,
    "variance": 0.026532793385040034,
    "stdDev": 0.16288889890056976,
    "confidence": 0.4044417145614476,
    "low": 3.160734542719276,
    "high": 3.5651762572807235,
    "count": 5
  },
  "Compilation.rebuild chunk graph": {
    "min": 6.948767,
    "max": 9.502388,
    "mean": 7.686231799999999,
    "median": 7.369616,
    "variance": 0.8574617275765599,
    "stdDev": 0.9259922934757934,
    "confidence": 2.2991739361725596,
    "low": 6.536644831913719,
    "high": 8.835818768086279,
    "count": 5
  },
  "Compilation.build chunk graph": {
    "min": 7.500136,
    "max": 9.953364,
    "mean": 8.184125,
    "median": 7.911045,
    "variance": 0.8123394891128001,
    "stdDev": 0.9012987790476585,
    "confidence": 2.237861671302017,
    "low": 7.065194164348991,
    "high": 9.303055835651008,
    "count": 5
  },
  "Compilation.optimize modules": {
    "min": 0.005041,
    "max": 0.006698,
    "mean": 0.0057294,
    "median": 0.005609,
    "variance": 2.891914399999999e-7,
    "stdDev": 0.0005377652275854213,
    "confidence": 0.0013352333531884055,
    "low": 0.005061783323405797,
    "high": 0.006397016676594203,
    "count": 5
  },
  "Compilation.optimize chunks": {
    "min": 5.954764,
    "max": 6.20416,
    "mean": 6.0706826000000005,
    "median": 6.061675,
    "variance": 0.006523507791039995,
    "stdDev": 0.08076823503729666,
    "confidence": 0.20054186430792953,
    "low": 5.970411667846036,
    "high": 6.170953532153965,
    "count": 5
  },
  "Compilation.optimize tree": {
    "min": 0.002367,
    "max": 0.003045,
    "mean": 0.0028075999999999995,
    "median": 0.002871,
    "variance": 5.635263999999997e-8,
    "stdDev": 0.00023738711001231716,
    "confidence": 0.0005894155491024235,
    "low": 0.0025128922254487878,
    "high": 0.0031023077745512113,
    "count": 5
  },
  "Compilation.optimize chunk modules": {
    "min": 0.003276,
    "max": 0.003632,
    "mean": 0.0034437999999999995,
    "median": 0.003404,
    "variance": 1.4485760000000001e-8,
    "stdDev": 0.0001203568028820972,
    "confidence": 0.0002988375024039116,
    "low": 0.0032943812487980437,
    "high": 0.0035932187512019553,
    "count": 5
  },
  "Compilation.module ids": {
    "min": 0.703166,
    "max": 0.755626,
    "mean": 0.7164725999999999,
    "median": 0.707575,
    "variance": 0.0003889533022400006,
    "stdDev": 0.019721899052576063,
    "confidence": 0.04896809249168399,
    "low": 0.6919885537541579,
    "high": 0.7409566462458419,
    "count": 5
  },
  "Compilation.chunk ids": {
    "min": 1.541394,
    "max": 1.77339,
    "mean": 1.6593997999999999,
    "median": 1.661192,
    "variance": 0.005397830017760005,
    "stdDev": 0.07346992594089097,
    "confidence": 0.18242067456281763,
    "low": 1.568189462718591,
    "high": 1.7506101372814087,
    "count": 5
  },
  "Compilation.assign runtime ids": {
    "min": 0.0018,
    "max": 0.002192,
    "mean": 0.0019498000000000002,
    "median": 0.001871,
    "variance": 2.343416e-8,
    "stdDev": 0.00015308220014097,
    "confidence": 0.00038009236916534896,
    "low": 0.0017597538154173256,
    "high": 0.0021398461845826746,
    "count": 5
  },
  "Compilation.optimize code generation": {
    "min": 0.001512,
    "max": 0.001935,
    "mean": 0.0017579999999999998,
    "median": 0.001792,
    "variance": 2.4339599999999996e-8,
    "stdDev": 0.00015601153803485176,
    "confidence": 0.0003873657097571751,
    "low": 0.0015643171451214122,
    "high": 0.0019516828548785873,
    "count": 5
  },
  "Compilation.create module hashes": {
    "min": 2.372695,
    "max": 2.505773,
    "mean": 2.4626508,
    "median": 2.476125,
    "variance": 0.002315125528159995,
    "stdDev": 0.048115751351922115,
    "confidence": 0.11946803683695073,
    "low": 2.4029167815815247,
    "high": 2.5223848184184754,
    "count": 5
  },
  "Compilation.module code generation cache": {
    "min": 0,
    "max": 0,
    "mean": 0,
    "median": 0,
    "variance": 0,
    "stdDev": 0,
    "confidence": 0,
    "low": 0,
    "high": 0,
    "count": 5
  },
  "Compilation.code generation": {
    "min": 11.67392,
    "max": 12.076917,
    "mean": 11.926075399999998,
    "median": 11.967918,
    "variance": 0.020056432380239925,
    "stdDev": 0.1416207342878857,
    "confidence": 0.3516343531047319,
    "low": 11.750258223447632,
    "high": 12.101892576552364,
    "count": 5
  },
  "Compilation.runtime requirements.modules": {
    "min": 1.34756,
    "max": 1.401736,
    "mean": 1.3721717999999998,
    "median": 1.373937,
    "variance": 0.00033996439096000054,
    "stdDev": 0.018438123303633713,
    "confidence": 0.04578056732257085,
    "low": 1.3492815163387144,
    "high": 1.3950620836612853,
    "count": 5
  },
  "Compilation.runtime requirements.chunks": {
    "min": 0.18925,
    "max": 0.202261,
    "mean": 0.1945538,
    "median": 0.193732,
    "variance": 0.000021747872159999986,
    "stdDev": 0.004663461392570971,
    "confidence": 0.011579047646174012,
    "low": 0.188764276176913,
    "high": 0.200343323823087,
    "count": 5
  },
  "Compilation.runtime requirements.entries": {
    "min": 0.822998,
    "max": 0.973234,
    "mean": 0.8905814,
    "median": 0.892603,
    "variance": 0.0024681290606400016,
    "stdDev": 0.049680268322946905,
    "confidence": 0.12335262277554215,
    "low": 0.8289050886122289,
    "high": 0.952257711387771,
    "count": 5
  },
  "Compilation.runtime requirements": {
    "min": 2.448478,