{
  "stats": {
    "min": 35.63636363636363,
    "max": 37.09090909090909,
    "mean": 36.18181818181818,
    "median": 36.09090909090909,
    "variance": 0.24132231404958865,
    "stdDev": 0.49124567585841267,
    "confidence": 1.2197285680981338,
    "low": 35.57195389776911,
    "high": 36.79168246586725,
    "count": 5
  },
  "heap memory": {
    "min": 65727885.09090909,
    "max": 66647445.81818182,
    "mean": 65973343.27272727,
    "median": 65803305.45454545,
    "variance": 119416083686.18864,
    "stdDev": 345566.3231366573,
    "confidence": 858016.9500034302,
    "low": 65544334.79772556,
    "high": 66402351.74772899,
    "count": 5
  },
  "rss memory": {
    "min": 504416442.1818182,
    "max": 515195252.3636364,
    "mean": 510576379.3454545,
    "median": 511787008,
    "variance": 12968068705178.766,
    "stdDev": 3601120.4791257353,
    "confidence": 8941329.647080421,
    "low": 506105714.5219143,
    "high": 515047044.1689947,
    "count": 5
  },
  "external memory": {
    "min": 15573645.636363637,
    "max": 19890501.636363637,
    "mean": 18964152.345454548,
    "median": 19858295.454545453,
    "variance": 2881888886243.4385,
    "stdDev": 1697612.7020741329,
    "confidence": 4215053.306408912,
    "low": 16856625.69225009,
    "high": 21071678.998659004,
    "count": 5
  },
  "array buffers memory": {
    "min": 498449.9090909091,
    "max": 498525.63636363635,
    "mean": 498480.2,
    "median": 498449.9090909091,
    "variance": 1376.308760329232,
    "stdDev": 37.09863555886162,
    "confidence": 92.11331081856042,
    "low": 498434.14334459073,
    "high": 498526.2566554093,
    "count": 5
  },
  "Compilation.build module graph": {
    "min": 2.909090909090909,
    "max": 3.090909090909091,
    "mean": 3,
    "median": 3,
    "variance": 0.003305785123966936,
    "stdDev": 0.05749595745760684,
    "confidence": 0.14275843087809825,
    "low": 2.928620784560951,
    "high": 3.071379215439049,
    "count": 5
  },
  "Compilation.finish modules": {
    "min": 1,
    "max": 1.6363636363636365,
    "mean": 1.2545454545454544,
    "median": 1.2727272727272727,
    "variance": 0.047603305785123985,
    "stdDev": 0.21818181818181823,
    "confidence": 0.5417301561198036,
    "low": 0.9836803764855526,
    "high": 1.5254105326053562,
    "count": 5
  },
  "Compilation.seal": {
    "min": 0,
    "max": 0,
    "mean": 0,
    "median": 0,
    "variance": 0,
    "stdDev": 0,
    "confidence": 0,
    "low": 0,
    "high": 0,
    "count": 5
  },
  "Compilation.optimize dependencies": {
    "min": 0,
    "max": 0.09090909090909091,
    "mean": 0.01818181818181818,
    "median": 0,
    "variance": 0.0013223140495867767,
    "stdDev": 0.03636363636363636,
    "confidence": 0.06332599785846847,
    "low": 0,
    "high": 0.06332599785846847,
    "count": 5
  },
  "Compilation.rebuild chunk graph": {
    "min": 8.090909090909092,
    "max": 8.272727272727273,
    "mean": 8.181818181818183,
    "median": 8.181818181818182,
    "variance": 0.006611570247933872,
    "stdDev": 0.0813115628181741,
    "confidence": 0.2018909090909098,
    "low": 8.080872727272729,
    "high": 8.282763636363638,
    "count": 5
  },
  "Compilation.build chunk graph": {
    "min": 9.727272727272727,
    "max": 10.181818181818182,
    "mean": 9.945454545454544,
    "median": 9.727272727272727,
    "variance": 0.021818181818181882,
    "stdDev": 0.1477097891751995,
    "confidence": 0.36675304943889486,
    "low": 9.762078020735096,
    "high": 10.128831070173991,
    "count": 5
  },
  "Compilation.optimize modules": {
    "min": 0,
    "max": 0,
    "mean": 0,
    "median": 0,
    "variance": 0,
    "stdDev": 0,
    "confidence": 0,
    "low": 0,
    "high": 0,
    "count": 5
  },
  "Compilation.optimize chunks": {
    "min": 6,
    "max": 6.181818181818182,
    "mean": 6.072727272727272,
    "median": 6.090909090909091,
    "variance": 0.0046280991735537114,
    "stdDev": 0.0680301343049807,
    "confidence": 0.16891405335698906,
    "low": 5.988270246048778,
    "high": 6.157184299405767,
    "count": 5
  },
  "Compilation.optimize tree": {
    "min": 0,
    "max": 0,
    "mean": 0,
    "median": 0,
    "variance": 0,
    "stdDev": 0,
    "confidence": 0,
    "low": 0,
    "high": 0,
    "count": 5
  },
  "Compilation.optimize chunk modules": {
    "min": 0,
    "max": 0,
    "mean": 0,
    "median": 0,
    "variance": 0,
    "stdDev": 0,
    "confidence": 0,
    "low": 0,
    "high": 0,
    "count": 5
  },
  "Compilation.module ids": {
    "min": 0,
    "max": 0,
    "mean": 0,
    "median": 0,
    "variance": 0,
    "stdDev": 0,
    "confidence": 0,
    "low": 0,
    "high": 0,
    "count": 5
  },
  "Compilation.chunk ids": {
    "min": 1,
    "max": 1.3636363636363635,
    "mean": 1.1999999999999997,
    "median": 1.1818181818181819,
    "variance": 0.014545454545454539,
    "stdDev": 0.12060453783110542,
    "confidence": 0.2994526109116733,
    "low": 1.050273694544163,
    "high": 1.3497263054558364,
    "count": 5
  },
  "Compilation.assign runtime ids": {
    "min": 0,
    "max": 0,
    "mean": 0,
    "median": 0,
    "variance": 0,
    "stdDev": 0,
    "confidence": 0,
    "low": 0,
    "high": 0,
    "count": 5
  },
  "Compilation.optimize code generation": {
    "min": 0,
    "max": 0,
    "mean": 0,
    "median": 0,
    "variance": 0,
    "stdDev": 0,
    "confidence": 0,
    "low": 0,
    "high": 0,
    "count": 5
  },
  "Compilation.create module hashes": {
    "min": 2,
    "max": 2.1818181818181817,
    "mean": 2.109090909090909,
    "median": 2.090909090909091,
    "variance": 0.0046280991735537114,
    "stdDev": 0.0680301343049807,
    "confidence": 0.16891405335698817,
    "low": 2.024633882412415,
    "high": 2.193547935769403,
    "count": 5
  },
  "Compilation.module code generation cache": {
    "min": 0,
    "max": 0,
    "mean": 0,
    "median": 0,
    "variance": 0,
    "stdDev": 0,
    "confidence": 0,
    "low": 0,
    "high": 0,
    "count": 5
  },
  "Compilation.code generation": {
    "min": 0,
    "max": 0,
    "mean": 0,
    "median": 0,
    "variance": 0,
    "stdDev": 0,
    "confidence": 0,
    "low": 0,
    "high": 0,
    "count": 5
  },
  "Compilation.runtime requirements.modules": {
    "min": 0,
    "max": 0,
    "mean": 0,
    "median": 0,
    "variance": 0,
    "stdDev": 0,
    "confidence": 0,
    "low": 0,
    "high": 0,
    "count": 5
  },
  "Compilation.runtime requirements.chunks": {
    "min": 0,
    "max": 0,
    "mean": 0,
    "median": 0,
    "variance": 0,
    "stdDev": 0,
    "confidence": 0,
    "low": 0,
    "high": 0,
    "count": 5
  },
  "Compilation.runtime requirements.entries": {
    "min": 0,
    "max": 0,
    "mean": 0,
    "median": 0,
    "variance": 0,
    "stdDev": 0,
    "confidence": 0,
    "low": 0,
    "high": 0,
    "count": 5
  },
  "Compilation.runtime requirements": {
    "min": 0.09090909090909091,
    "max": 0.45454545454545453,
    "mean": 0.21818181818181817,
    "median": 0.18181818181818182,
    "variance": 0.018512396694214873,
    "stdDev": 0.13606026860996148,
    "confidence": 0.33782810671397717,
    "low": 0.049267764824829585,
    "high": 0.38709587153880676,
    "count": 5
  },
  "Compilation.hashing: hash chunks": {
    "min": 0,
    "max": 0.2727272727272727,
    "mean": 0.09090909090909091,
    "median": 0.09090909090909091,
    "variance": 0.009917355371900825,
    "stdDev": 0.09958591954639383,
    "confidence": 0.21454151865392912,
    "low": 0,
    "high": 0.21454151865392912,
    "count": 5
  },
  "Compilation.hashing: hash runtime chunks": {
    "min": 0,
    "max": 0.36363636363636365,
    "mean": 0.27272727272727276,
    "median": 0.36363636363636365,
    "variance": 0.019834710743801658,
    "stdDev": 0.14083575804390608,
    "confidence": 0.3496853121317238,
    "low": 0.09788461666141085,
    "high": 0.4475699287931347,
    "count": 5
  },
  "Compilation.hashing: process full hash chunks": {
    "min": 0,
    "max": 0,
    "mean": 0,
    "median": 0,