{
  "stats": {
    "min": 2990,
    "max": 3024,
    "mean": 3001.4,
    "median": 2998,
    "variance": 144.64000000000001,
    "stdDev": 12.026637102698327,
    "confidence": 29.86129664485452,
    "low": 2986.469351677573,
    "high": 3016.3306483224274,
    "count": 5
  },
  "heap memory": {
    "min": 10240240,
    "max": 10343048,
    "mean": 10264784,
    "median": 10245016,
    "variance": 1543672371.2,
    "stdDev": 39289.5962208827,
    "confidence": 97553.31251702085,
    "low": 10216007.34374149,
    "high": 10313560.65625851,
    "count": 5
  },
  "rss memory": {
    "min": 605065216,
    "max": 626667520,
    "mean": 615309312,
    "median": 614912000,
    "variance": 47545274544947.2,
    "stdDev": 6895308.154458886,
    "confidence": 17120566.663792133,
    "low": 606749028.6681039,
    "high": 623869595.3318961,
    "count": 5
  },
  "external memory": {
    "min": 1612582,
    "max": 1612582,
    "mean": 1612582,
    "median": 1612582,
    "variance": 0,
    "stdDev": 0,
    "confidence": 0,
    "low": 1612582,
    "high": 1612582,
    "count": 5
  },
  "array buffers memory": {
    "min": 10515,
    "max": 10515,
    "mean": 10515,
    "median": 10515,
    "variance": 0,
    "stdDev": 0,
    "confidence": 0,
    "low": 10515,
    "high": 10515,
    "count": 5
  },
  "Compilation.finish modules": {
    "min": 12,
    "max": 13,
    "mean": 12.6,
    "median": 13,
    "variance": 0.24000000000000005,
    "stdDev": 0.48989794855663565,
    "confidence": 1.2163822557074724,
    "low": 11.991808872146263,
    "high": 13.208191127853736,
    "count": 5
  },
  "Compilation.optimize dependencies": {
    "min": 27,
    "max": 28,
    "mean": 27.8,
    "median": 28,
    "variance": 0.15999999999999998,
    "stdDev": 0.39999999999999997,
    "confidence": 0.993171952886307,
    "low": 27.303414023556847,
    "high": 28.296585976443154,
    "count": 5
  },
  "Compilation.rebuild chunk graph": {
    "min": 11,
    "max": 11,
    "mean": 11,
    "median": 11,
    "variance": 0,
    "stdDev": 0,
    "confidence": 0,
    "low": 11,
    "high": 11,
    "count": 5
  },
  "Compilation.create chunks": {
    "min": 19,
    "max": 20,
    "mean": 19.6,
    "median": 20,
    "variance": 0.24,
    "stdDev": 0.4898979485566356,
    "confidence": 1.2163822557074724,
    "low": 18.991808872146265,
    "high": 20.208191127853738,
    "count": 5
  },
  "Compilation.optimize": {
    "min": 26,
    "max": 27,
    "mean": 26.2,
    "median": 26,
    "variance": 0.16,
    "stdDev": 0.4,
    "confidence": 0.993171952886307,
    "low": 25.703414023556846,
    "high": 26.696585976443153,
    "count": 5
  },
  "Compilation.module ids": {
    "min": 0,
    "max": 0,
    "mean": 0,
    "median": 0,
    "variance": 0,
    "stdDev": 0,
    "confidence": 0,
    "low": 0,
    "high": 0,
    "count": 5
  },
  "Compilation.chunk ids": {
    "min": 0,
    "max": 0,
    "mean": 0,
    "median": 0,
    "variance": 0,
    "stdDev": 0,
    "confidence": 0,
    "low": 0,
    "high": 0,
    "count": 5
  },
  "Compilation.optimize code generation": {
    "min": 3,
    "max": 3,
    "mean": 3,
    "median": 3,
    "variance": 0,
    "stdDev": 0,
    "confidence": 0,
    "low": 3,
    "high": 3,
    "count": 5
  },
  "Compilation.module code generation cache": {
    "min": 0,
    "max": 0,
    "mean": 0,
    "median": 0,
    "variance": 0,
    "stdDev": 0,
    "confidence": 0,
    "low": 0,
    "high": 0,
    "count": 5
  },
  "Compilation.code generation": {
    "min": 125,
    "max": 127,
    "mean": 126.4,
    "median": 127,
    "variance": 0.64,
    "stdDev": 0.8,
    "confidence": 1.9863439057725998,
    "low": 125.4068280471137,
    "high": 127.3931719528863,
    "count": 5
  },
  "Compilation.runtime requirements.modules": {
    "min": 0,
    "max": 1,
    "mean": 0.4,
    "median": 0,
    "variance": 0.24000000000000005,
    "stdDev": 0.48989794855663565,
    "confidence": 1.0081911278537365,
    "low": 0,
    "high": 1.0081911278537365,
    "count": 5
  },
  "Compilation.runtime requirements.chunks": {
    "min": 0,
    "max": 0,
    "mean": 0,
    "median": 0,
    "variance": 0,
    "stdDev": 0,
    "confidence": 0,
    "low": 0,
    "high": 0,
    "count": 5
  },
  "Compilation.runtime requirements.entries": {
    "min": 0,
    "max": 0,
    "mean": 0,
    "median": 0,
    "variance": 0,
    "stdDev": 0,
    "confidence": 0,
    "low": 0,
    "high": 0,
    "count": 5
  },
  "Compilation.runtime requirements": {
    "min": 1,
    "max": 1,
    "mean": 1,
    "median": 1,
    "variance": 0,
    "stdDev": 0,
    "confidence": 0,
    "low": 1,
    "high": 1,
    "count": 5
  },
  "Compilation.hashing: hash chunks": {
    "min": 0,
    "max": 0,
    "mean": 0,
    "median": 0,
    "variance": 0,
    "stdDev": 0,
    "confidence": 0,
    "low": 0,
    "high": 0,
    "count": 5
  },
  "Compilation.hashing: hash runtime chunks": {
    "min": 0,
    "max": 0,
    "mean": 0,
    "median": 0,
    "variance": 0,
    "stdDev": 0,
    "confidence": 0,
    "low": 0,
    "high": 0,
    "count": 5
  },
  "Compilation.hashing: process full hash chunks": {
    "min": 0,
    "max": 0,
    "mean": 0,
    "median": 0,
    "variance": 0,
    "stdDev": 0,
    "confidence": 0,
    "low": 0,
    "high": 0,
    "count": 5
  },
  "Compilation.hashing": {
    "min": 0,
    "max": 0,
    "mean": 0,
    "median": 0,
    "variance": 0,
    "stdDev": 0,
    "confidence": 0,
    "low": 0,
    "high": 0,
    "count": 5
  },
  "Compilation.create module assets": {
    "min": 0,
    "max": 0,
    "mean": 0,
    "median": 0,
    "variance": 0,
    "stdDev": 0,
    "confidence": 0,
    "low": 0,
    "high": 0,
    "count": 5
  },
  "Compilation.create chunk assets": {
    "min": 0,
    "max": 1,
    "mean": 0.2,
    "median": 0,
    "variance": 0.16000000000000003,
    "stdDev": 0.4,
    "confidence": 0.6965859764431532,
    "low": 0,
    "high": 0.6965859764431532,
    "count": 5
  },
  "Compilation.process assets": {
    "min": 2615,
    "max": 2650,
    "mean": 2626.2,
    "median": 2620,
    "variance": 160.16000000000003,
    "stdDev": 12.655433615645101,
    "confidence": 31.422554296683302,
    "low": 2610.488722851658,
    "high": 2641.9112771483415,
    "count": 5
  },
  "Compilation.after process assets": {
    "min": 0,
    "max": 0,
    "mean": 0,
    "median": 0,
    "variance": 0,
    "stdDev": 0,
    "confidence": 0,
    "low": 0,
    "high": 0,
    "count": 5
  },
  "Compilation.after seal": {
    "min": 0,
    "max": 0,
    "mean": 0,
    "median": 0,
    "variance": 0,
    "stdDev": 0,
    "confidence": 0,
    "low": 0,
    "high": 0,
    "count": 5
  },
  "Compiler.make hook": {
    "min": 63,
    "max": 65,
    "mean": 63.8,
    "median": 64,
    "variance": 0.5599999999999999,
    "stdDev": 0.7483314773547882,
    "confidence": 1.858054586926869,
    "low": 62.87097270653656,
    "high": 64.72902729346343,
    "count": 5
  },
  "Compiler.make": {
    "min": 64,
    "max": 66,
    "mean": 64.6,
    "median": 64,
    "variance": 0.64,
    "stdDev": 0.8,
    "confidence": 1.9863439057726069,
    "low": 63.60682804711369,
    "high": 65.5931719528863,
    "count": 5
  },
  "Compiler.finish make hook": {
    "min": 0,
    "max": 0,
    "mean": 0,
    "median": 0,
    "variance": 0,
    "stdDev": 0,
    "confidence": 0,
    "low": 0,
    "high": 0,
    "count": 5
  },
  "Compiler.finish compilation": {
    "min": 0,
    "max": 0,
    "mean": 0,
    "median": 0,
    "variance": 0,
    "stdDev": 0,
    "confidence": 0,
    "low": 0,
    "high": 0,
    "count": 5
  },
  "Compiler.seal compilation": {
    "min": 2926,
    "max": 2959,
    "mean": 2935.6,
    "median": 2931,
    "variance": 147.04000000000002,
    "stdDev": 12.126005112979296,
    "confidence": 30.10802044691718,
    "low": 2920.5459897765413,
    "high": 2950.6540102234585,
    "count": 5
  },
  "Compiler.emitAssets": {
    "min": 18,
    "max": 24,
    "mean": 22,
    "median": 23,
    "variance": 4.4,