{
  "stats": {
    "min": 1241,
    "max": 1277,
    "mean": 1258.6,
    "median": 1256,
    "variance": 193.84,
    "stdDev": 13.92264342716569,
    "confidence": 34.56894740474445,
    "low": 1241.3155262976277,
    "high": 1275.8844737023721,
    "count": 5
  },
  "heap memory": {
    "min": 8532968,
    "max": 8569032,
    "mean": 8552732.8,
    "median": 8558392,
    "variance": 171098255.35999998,
    "stdDev": 13080.453178693771,
    "confidence": 32477.848070301116,
    "low": 8536493.87596485,
    "high": 8568971.724035151,
    "count": 5
  },
  "rss memory": {
    "min": 641077248,
    "max": 666730496,
    "mean": 651957862.4,
    "median": 654938112,
    "variance": 93001185744650.25,
    "stdDev": 9643712.238793226,
    "confidence": 23944661.293189526,
    "low": 639985531.7534052,
    "high": 663930193.0465947,
    "count": 5
  },
  "external memory": {
    "min": 6713108,
    "max": 6713108,
    "mean": 6713108,
    "median": 6713108,
    "variance": 0,
    "stdDev": 0,
    "confidence": 0,
    "low": 6713108,
    "high": 6713108,
    "count": 5
  },
  "array buffers memory": {
    "min": 15643,
    "max": 15643,
    "mean": 15643,
    "median": 15643,
    "variance": 0,
    "stdDev": 0,
    "confidence": 0,
    "low": 15643,
    "high": 15643,
    "count": 5
  },
  "Compilation.finish modules": {
    "min": 23,
    "max": 25,
    "mean": 24.2,
    "median": 24,
    "variance": 0.56,
    "stdDev": 0.7483314773547883,
    "confidence": 1.858054586926876,
    "low": 23.27097270653656,
    "high": 25.129027293463437,
    "count": 5
  },
  "Compilation.optimize dependencies": {
    "min": 37,
    "max": 39,
    "mean": 38.4,
    "median": 39,
    "variance": 0.6399999999999999,
    "stdDev": 0.7999999999999999,
    "confidence": 1.986343905772614,
    "low": 37.40682804711369,
    "high": 39.393171952886306,
    "count": 5
  },
  "Compilation.rebuild chunk graph": {
    "min": 28,
    "max": 28,
    "mean": 28,
    "median": 28,
    "variance": 0,
    "stdDev": 0,
    "confidence": 0,
    "low": 28,
    "high": 28,
    "count": 5
  },
  "Compilation.create chunks": {
    "min": 55,
    "max": 56,
    "mean": 55.6,
    "median": 56,
    "variance": 0.24,
    "stdDev": 0.4898979485566356,
    "confidence": 1.2163822557074724,
    "low": 54.991808872146265,
    "high": 56.20819112785374,
    "count": 5
  },
  "Compilation.optimize": {
    "min": 54,
    "max": 57,
    "mean": 56.2,
    "median": 57,
    "variance": 1.3599999999999999,
    "stdDev": 1.16619037896906,
    "confidence": 2.895568940294808,
    "low": 54.7522155298526,
    "high": 57.64778447014741,
    "count": 5
  },
  "Compilation.module ids": {
    "min": 1,
    "max": 2,
    "mean": 1.6,
    "median": 2,
    "variance": 0.24,
    "stdDev": 0.4898979485566356,
    "confidence": 1.216382255707473,
    "low": 0.9918088721462637,
    "high": 2.2081911278537367,
    "count": 5
  },
  "Compilation.chunk ids": {
    "min": 2,
    "max": 3,
    "mean": 2.2,
    "median": 2,
    "variance": 0.15999999999999998,
    "stdDev": 0.39999999999999997,
    "confidence": 0.9931719528863063,
    "low": 1.703414023556847,
    "high": 2.6965859764431532,
    "count": 5
  },
  "Compilation.optimize code generation": {
    "min": 3,
    "max": 4,
    "mean": 3.8,
    "median": 4,
    "variance": 0.15999999999999998,
    "stdDev": 0.39999999999999997,
    "confidence": 0.9931719528863066,
    "low": 3.3034140235568468,
    "high": 4.296585976443153,
    "count": 5
  },
  "Compilation.code generation": {
    "min": 129,
    "max": 136,
    "mean": 131.8,
    "median": 132,
    "variance": 5.76,
    "stdDev": 2.4,
    "confidence": 5.959031717317828,
    "low": 128.8204841413411,
    "high": 134.77951585865893,
    "count": 5
  },
  "Compilation.runtime requirements.modules": {
    "min": 1,
    "max": 2,
    "mean": 1.6,
    "median": 2,
    "variance": 0.24,
    "stdDev": 0.4898979485566356,
    "confidence": 1.216382255707473,
    "low": 0.9918088721462637,
    "high": 2.2081911278537367,
    "count": 5
  },
  "Compilation.runtime requirements.chunks": {
    "min": 0,
    "max": 0,
    "mean": 0,
    "median": 0,
    "variance": 0,
    "stdDev": 0,
    "confidence": 0,
    "low": 0,
    "high": 0,
    "count": 5
  },
  "Compilation.runtime requirements.entries": {
    "min": 0,
    "max": 0,
    "mean": 0,
    "median": 0,
    "variance": 0,
    "stdDev": 0,
    "confidence": 0,
    "low": 0,
    "high": 0,
    "count": 5
  },
  "Compilation.runtime requirements": {
    "min": 2,
    "max": 3,
    "mean": 2.6,
    "median": 3,
    "variance": 0.24,
    "stdDev": 0.4898979485566356,
    "confidence": 1.216382255707473,
    "low": 1.9918088721462637,
    "high": 3.2081911278537367,
    "count": 5
  },
  "Compilation.hashing: hash chunks": {
    "min": 0,
    "max": 0,
    "mean": 0,
    "median": 0,
    "variance": 0,
    "stdDev": 0,
    "confidence": 0,
    "low": 0,
    "high": 0,
    "count": 5
  },
  "Compilation.hashing: hash runtime chunks": {
    "min": 0,
    "max": 0,
    "mean": 0,
    "median": 0,
    "variance": 0,
    "stdDev": 0,
    "confidence": 0,
    "low": 0,
    "high": 0,
    "count": 5
  },
  "Compilation.hashing: process full hash chunks": {
    "min": 0,
    "max": 0,
    "mean": 0,
    "median": 0,
    "variance": 0,
    "stdDev": 0,
    "confidence": 0,
    "low": 0,
    "high": 0,
    "count": 5
  },
  "Compilation.hashing": {
    "min": 0,
    "max": 0,
    "mean": 0,
    "median": 0,
    "variance": 0,
    "stdDev": 0,
    "confidence": 0,
    "low": 0,
    "high": 0,
    "count": 5
  },
  "Compilation.create module assets": {
    "min": 0,
    "max": 1,
    "mean": 0.6,
    "median": 1,
    "variance": 0.24000000000000005,
    "stdDev": 0.48989794855663565,
    "confidence": 1.2081911278537363,
    "low": 0,
    "high": 1.2081911278537363,
    "count": 5
  },
  "Compilation.create chunk assets": {
    "min": 2,
    "max": 2,
    "mean": 2,
    "median": 2,
    "variance": 0,
    "stdDev": 0,
    "confidence": 0,
    "low": 2,
    "high": 2,
    "count": 5
  },
  "Compilation.process assets": {
    "min": 400,
    "max": 415,
    "mean": 406.2,
    "median": 402,
    "variance": 46.559999999999995,
    "stdDev": 6.823488843692792,
    "confidence": 16.942244350970782,
    "low": 397.7288778245146,
    "high": 414.6711221754854,
    "count": 5
  },
  "Compilation.after process assets": {
    "min": 0,
    "max": 0,
    "mean": 0,
    "median": 0,
    "variance": 0,
    "stdDev": 0,
    "confidence": 0,
    "low": 0,
    "high": 0,
    "count": 5
  },
  "Compilation.after seal": {
    "min": 0,
    "max": 0,
    "mean": 0,
    "median": 0,
    "variance": 0,
    "stdDev": 0,
    "confidence": 0,
    "low": 0,
    "high": 0,
    "count": 5
  },
  "Compiler.make hook": {
    "min": 0,
    "max": 0,
    "mean": 0,
    "median": 0,
    "variance": 0,
    "stdDev": 0,
    "confidence": 0,
    "low": 0,
    "high": 0,
    "count": 5
  },
  "Compiler.make": {
    "min": 460,
    "max": 483,
    "mean": 471.6,
    "median": 473,
    "variance": 63.43999999999998,
    "stdDev": 7.96492310069595,
    "confidence": 19.77634557626868,
    "low": 461.7118272118657,
    "high": 481.48817278813436,
    "count": 5
  },
  "Compiler.finish make hook": {
    "min": 0,
    "max": 0,
    "mean": 0,
    "median": 0,
    "variance": 0,
    "stdDev": 0,
    "confidence": 0,
    "low": 0,
    "high": 0,
    "count": 5
  },
  "Compiler.finish compilation": {
    "min": 28,
    "max": 30,
    "mean": 29.4,
    "median": 30,
    "variance": 0.6399999999999999,
    "stdDev": 0.7999999999999999,
    "confidence": 1.986343905772614,
    "low": 28.40682804711369,
    "high": 30.393171952886306,
    "count": 5
  },
  "Compiler.seal compilation": {
    "min": 735,
    "max": 755,
    "mean": 741.6,
    "median": 735,
    "variance": 70.24,
    "stdDev": 8.380930735902785,
    "confidence": 20.809263364953495,
    "low": 731.1953683175233,
    "high": 752.0046316824768,
    "count": 5
  },