{
  "stats": {
    "min": 901,
    "max": 921,
    "mean": 911.8,
    "median": 910,
    "variance": 50.160000000000004,
    "stdDev": 7.0823724838503095,
    "confidence": 17.585034277134582,
    "low": 903.0074828614327,
    "high": 920.5925171385672,
    "count": 5
  },
  "heap memory": {
    "min": 8370008,
    "max": 8385136,
    "mean": 8378524.8,
    "median": 8381840,
    "variance": 32850191.360000003,
    "stdDev": 5731.508646072167,
    "confidence": 14230.934087511152,
    "low": 8371409.332956244,
    "high": 8385640.267043755,
    "count": 5
  },
  "rss memory": {
    "min": 729600000,
    "max": 761417728,
    "mean": 745887334.4,
    "median": 750014464,
    "variance": 170870184335114.25,
    "stdDev": 13071732.262218127,
    "confidence": 32456194.646185398,
    "low": 729659237.0769073,
    "high": 762115431.7230927,
    "count": 5
  },
  "external memory": {
    "min": 6812256,
    "max": 6812256,
    "mean": 6812256,
    "median": 6812256,
    "variance": 0,
    "stdDev": 0,
    "confidence": 0,
    "low": 6812256,
    "high": 6812256,
    "count": 5
  },
  "array buffers memory": {
    "min": 5210189,
    "max": 5210189,
    "mean": 5210189,
    "median": 5210189,
    "variance": 0,
    "stdDev": 0,
    "confidence": 0,
    "low": 5210189,
    "high": 5210189,
    "count": 5
  },
  "Compilation.finish modules": {
    "min": 21,
    "max": 23,
    "mean": 22.2,
    "median": 22,
    "variance": 0.56,
    "stdDev": 0.7483314773547883,
    "confidence": 1.858054586926876,
    "low": 21.27097270653656,
    "high": 23.129027293463437,
    "count": 5
  },
  "Compilation.optimize dependencies": {
    "min": 32,
    "max": 34,
    "mean": 33,
    "median": 33,
    "variance": 0.4,
    "stdDev": 0.6324555320336759,
    "confidence": 1.5703427396590826,
    "low": 32.21482863017046,
    "high": 33.78517136982954,
    "count": 5
  },
  "Compilation.rebuild chunk graph": {
    "min": 31,
    "max": 32,
    "mean": 31.2,
    "median": 31,
    "variance": 0.16,
    "stdDev": 0.4,
    "confidence": 0.993171952886307,
    "low": 30.703414023556846,
    "high": 31.696585976443153,
    "count": 5
  },
  "Compilation.create chunks": {
    "min": 59,
    "max": 63,
    "mean": 61,
    "median": 60,
    "variance": 2.8,
    "stdDev": 1.6733200530681511,
    "confidence": 4.1547363622737805,
    "low": 58.92263181886311,
    "high": 63.07736818113689,
    "count": 5
  },
  "Compilation.optimize": {
    "min": 57,
    "max": 60,
    "mean": 58.6,
    "median": 59,
    "variance": 1.0399999999999998,
    "stdDev": 1.0198039027185568,
    "confidence": 2.5321015840601575,
    "low": 57.33394920796992,
    "high": 59.86605079203008,
    "count": 5
  },
  "Compilation.module ids": {
    "min": 2,
    "max": 2,
    "mean": 2,
    "median": 2,
    "variance": 0,
    "stdDev": 0,
    "confidence": 0,
    "low": 2,
    "high": 2,
    "count": 5
  },
  "Compilation.chunk ids": {
    "min": 2,
    "max": 2,
    "mean": 2,
    "median": 2,
    "variance": 0,
    "stdDev": 0,
    "confidence": 0,
    "low": 2,
    "high": 2,
    "count": 5
  },
  "Compilation.optimize code generation": {
    "min": 4,
    "max": 4,
    "mean": 4,
    "median": 4,
    "variance": 0,
    "stdDev": 0,
    "confidence": 0,
    "low": 4,
    "high": 4,
    "count": 5
  },
  "Compilation.module code generation cache": {
    "min": 0,
    "max": 0,
    "mean": 0,
    "median": 0,
    "variance": 0,
    "stdDev": 0,
    "confidence": 0,
    "low": 0,
    "high": 0,
    "count": 5
  },
  "Compilation.code generation": {
    "min": 120,
    "max": 123,
    "mean": 122,
    "median": 122,
    "variance": 1.2,
    "stdDev": 1.0954451150103321,
    "confidence": 2.7199134103864537,
    "low": 120.64004329480677,
    "high": 123.35995670519323,
    "count": 5
  },
  "Compilation.runtime requirements.modules": {
    "min": 1,
    "max": 2,
    "mean": 1.8,
    "median": 2,
    "variance": 0.16000000000000006,
    "stdDev": 0.4000000000000001,
    "confidence": 0.9931719528863066,
    "low": 1.3034140235568468,
    "high": 2.2965859764431533,
    "count": 5
  },
  "Compilation.runtime requirements.chunks": {
    "min": 0,
    "max": 0,
    "mean": 0,
    "median": 0,
    "variance": 0,
    "stdDev": 0,
    "confidence": 0,
    "low": 0,
    "high": 0,
    "count": 5
  },
  "Compilation.runtime requirements.entries": {
    "min": 0,
    "max": 0,
    "mean": 0,
    "median": 0,
    "variance": 0,
    "stdDev": 0,
    "confidence": 0,
    "low": 0,
    "high": 0,
    "count": 5
  },
  "Compilation.runtime requirements": {
    "min": 2,
    "max": 3,
    "mean": 2.8,
    "median": 3,
    "variance": 0.15999999999999998,
    "stdDev": 0.39999999999999997,
    "confidence": 0.9931719528863061,
    "low": 2.3034140235568468,
    "high": 3.296585976443153,
    "count": 5
  },
  "Compilation.hashing: hash chunks": {
    "min": 0,
    "max": 0,
    "mean": 0,
    "median": 0,
    "variance": 0,
    "stdDev": 0,
    "confidence": 0,
    "low": 0,
    "high": 0,
    "count": 5
  },
  "Compilation.hashing: hash runtime chunks": {
    "min": 0,
    "max": 0,
    "mean": 0,
    "median": 0,
    "variance": 0,
    "stdDev": 0,
    "confidence": 0,
    "low": 0,
    "high": 0,
    "count": 5
  },
  "Compilation.hashing: process full hash chunks": {
    "min": 0,
    "max": 0,
    "mean": 0,
    "median": 0,
    "variance": 0,
    "stdDev": 0,
    "confidence": 0,
    "low": 0,
    "high": 0,
    "count": 5
  },
  "Compilation.hashing": {
    "min": 0,
    "max": 0,
    "mean": 0,
    "median": 0,
    "variance": 0,
    "stdDev": 0,
    "confidence": 0,
    "low": 0,
    "high": 0,
    "count": 5
  },
  "Compilation.create module assets": {
    "min": 0,
    "max": 1,
    "mean": 0.4,
    "median": 0,
    "variance": 0.24000000000000005,
    "stdDev": 0.48989794855663565,
    "confidence": 1.0081911278537365,
    "low": 0,
    "high": 1.0081911278537365,
    "count": 5
  },
  "Compilation.create chunk assets": {
    "min": 1,
    "max": 2,
    "mean": 1.2,
    "median": 1,
    "variance": 0.16,
    "stdDev": 0.4,
    "confidence": 0.9931719528863066,
    "low": 0.7034140235568467,
    "high": 1.6965859764431532,
    "count": 5
  },
  "Compilation.process assets": {
    "min": 373,
    "max": 390,
    "mean": 382,
    "median": 383,
    "variance": 43.6,
    "stdDev": 6.603029607687671,
    "confidence": 16.39485952608311,
    "low": 373.80257023695845,
    "high": 390.19742976304155,
    "count": 5
  },
  "Compilation.after process assets": {
    "min": 0,
    "max": 0,
    "mean": 0,
    "median": 0,
    "variance": 0,
    "stdDev": 0,
    "confidence": 0,
    "low": 0,
    "high": 0,
    "count": 5
  },
  "Compilation.after seal": {
    "min": 0,
    "max": 0,
    "mean": 0,
    "median": 0,
    "variance": 0,
    "stdDev": 0,
    "confidence": 0,
    "low": 0,
    "high": 0,
    "count": 5
  },
  "Compiler.make hook": {
    "min": 99,
    "max": 106,
    "mean": 102.2,
    "median": 103,
    "variance": 6.159999999999999,
    "stdDev": 2.481934729198171,
    "confidence": 6.162469904835234,
    "low": 99.11876504758239,
    "high": 105.28123495241762,
    "count": 5
  },
  "Compiler.make": {
    "min": 100,
    "max": 108,
    "mean": 104,
    "median": 105,
    "variance": 7.6,
    "stdDev": 2.756809750418044,
    "confidence": 6.844965308896747,
    "low": 100.57751734555163,
    "high": 107.42248265444837,
    "count": 5
  },
  "Compiler.finish make hook": {
    "min": 0,
    "max": 0,
    "mean": 0,
    "median": 0,
    "variance": 0,
    "stdDev": 0,
    "confidence": 0,
    "low": 0,
    "high": 0,
    "count": 5
  },
  "Compiler.finish compilation": {
    "min": 0,
    "max": 0,
    "mean": 0,
    "median": 0,
    "variance": 0,
    "stdDev": 0,
    "confidence": 0,
    "low": 0,
    "high": 0,
    "count": 5
  },
  "Compiler.seal compilation": {
    "min": 836,
    "max": 856,
    "mean": 847,
    "median": 846,
    "variance": 49.6,
    "stdDev": 7.042726744663604,