{
  "stats": {
    "min": 3482,
    "max": 3521,
    "mean": 3497.8,
    "median": 3490,
    "variance": 218.16000000000003,
    "stdDev": 14.770240350109406,
    "confidence": 36.673471132795385,
    "low": 3479.4632644336025,
    "high": 3516.136735566398,
    "count": 5
  },
  "heap memory": {
    "min": 55267264,
    "max": 60994472,
    "mean": 58770097.6,
    "median": 59659232,
    "variance": 5077171141053.44,
    "stdDev": 2253257.894927574,
    "confidence": 5594681.359654263,
    "low": 55972756.92017287,
    "high": 61567438.27982713,
    "count": 5
  },
  "rss memory": {
    "min": 653197312,
    "max": 783130624,
    "mean": 731312128,
    "median": 736800768,
    "variance": 1949977033467494.5,
    "stdDev": 44158544.28610045,
    "confidence": 109642569.16310716,
    "low": 676490843.4184464,
    "high": 786133412.5815536,
    "count": 5
  },
  "external memory": {
    "min": 31994861,
    "max": 32779543,
    "mean": 32478698.4,
    "median": 32524098,
    "variance": 67486693403.840004,
    "stdDev": 259782.01131687313,
    "confidence": 645020.518760778,
    "low": 32156188.14061961,
    "high": 32801208.659380388,
    "count": 5
  },
  "array buffers memory": {
    "min": 4205816,
    "max": 4322323,
    "mean": 4276873.4,
    "median": 4291943,
    "variance": 1858882384.2399998,
    "stdDev": 43114.75831127898,
    "confidence": 107050.92177558504,
    "low": 4223347.939112208,
    "high": 4330398.860887793,
    "count": 5
  },
  "Compilation.finish modules": {
    "min": 14,
    "max": 14,
    "mean": 14,
    "median": 14,
    "variance": 0,
    "stdDev": 0,
    "confidence": 0,
    "low": 14,
    "high": 14,
    "count": 5
  },
  "Compilation.optimize dependencies": {
    "min": 27,
    "max": 28,
    "mean": 27.8,
    "median": 28,
    "variance": 0.15999999999999998,
    "stdDev": 0.39999999999999997,
    "confidence": 0.993171952886307,
    "low": 27.303414023556847,
    "high": 28.296585976443154,
    "count": 5
  },
  "Compilation.rebuild chunk graph": {
    "min": 10,
    "max": 11,
    "mean": 10.4,
    "median": 10,
    "variance": 0.24000000000000005,
    "stdDev": 0.48989794855663565,
    "confidence": 1.2163822557074724,
    "low": 9.791808872146264,
    "high": 11.008191127853737,
    "count": 5
  },
  "Compilation.create chunks": {
    "min": 18,
    "max": 20,
    "mean": 18.8,
    "median": 19,
    "variance": 0.56,
    "stdDev": 0.7483314773547883,
    "confidence": 1.858054586926876,
    "low": 17.870972706536563,
    "high": 19.72902729346344,
    "count": 5
  },
  "Compilation.optimize": {
    "min": 24,
    "max": 27,
    "mean": 25.2,
    "median": 25,
    "variance": 1.3599999999999999,
    "stdDev": 1.16619037896906,
    "confidence": 2.895568940294808,
    "low": 23.752215529852595,
    "high": 26.647784470147403,
    "count": 5
  },
  "Compilation.module ids": {
    "min": 0,
    "max": 0,
    "mean": 0,
    "median": 0,
    "variance": 0,
    "stdDev": 0,
    "confidence": 0,
    "low": 0,
    "high": 0,
    "count": 5
  },
  "Compilation.chunk ids": {
    "min": 0,
    "max": 0,
    "mean": 0,
    "median": 0,
    "variance": 0,
    "stdDev": 0,
    "confidence": 0,
    "low": 0,
    "high": 0,
    "count": 5
  },
  "Compilation.optimize code generation": {
    "min": 3,
    "max": 3,
    "mean": 3,
    "median": 3,
    "variance": 0,
    "stdDev": 0,
    "confidence": 0,
    "low": 3,
    "high": 3,
    "count": 5
  },
  "Compilation.code generation": {
    "min": 124,
    "max": 128,
    "mean": 125.6,
    "median": 125,
    "variance": 1.8399999999999999,
    "stdDev": 1.3564659966250536,
    "confidence": 3.36800995722993,
    "low": 123.91599502138503,
    "high": 127.28400497861496,
    "count": 5
  },
  "Compilation.runtime requirements.modules": {
    "min": 0,
    "max": 1,
    "mean": 0.4,
    "median": 0,
    "variance": 0.24000000000000005,
    "stdDev": 0.48989794855663565,
    "confidence": 1.0081911278537365,
    "low": 0,
    "high": 1.0081911278537365,
    "count": 5
  },
  "Compilation.runtime requirements.chunks": {
    "min": 0,
    "max": 0,
    "mean": 0,
    "median": 0,
    "variance": 0,
    "stdDev": 0,
    "confidence": 0,
    "low": 0,
    "high": 0,
    "count": 5
  },
  "Compilation.runtime requirements.entries": {
    "min": 0,
    "max": 0,
    "mean": 0,
    "median": 0,
    "variance": 0,
    "stdDev": 0,
    "confidence": 0,
    "low": 0,
    "high": 0,
    "count": 5
  },
  "Compilation.runtime requirements": {
    "min": 1,
    "max": 1,
    "mean": 1,
    "median": 1,
    "variance": 0,
    "stdDev": 0,
    "confidence": 0,
    "low": 1,
    "high": 1,
    "count": 5
  },
  "Compilation.hashing: hash chunks": {
    "min": 0,
    "max": 0,
    "mean": 0,
    "median": 0,
    "variance": 0,
    "stdDev": 0,
    "confidence": 0,
    "low": 0,
    "high": 0,
    "count": 5
  },
  "Compilation.hashing: hash runtime chunks": {
    "min": 0,
    "max": 1,
    "mean": 0.6,
    "median": 1,
    "variance": 0.24000000000000005,
    "stdDev": 0.48989794855663565,
    "confidence": 1.2081911278537363,
    "low": 0,
    "high": 1.2081911278537363,
    "count": 5
  },
  "Compilation.hashing: process full hash chunks": {
    "min": 0,
    "max": 0,
    "mean": 0,
    "median": 0,
    "variance": 0,
    "stdDev": 0,
    "confidence": 0,
    "low": 0,
    "high": 0,
    "count": 5
  },
  "Compilation.hashing": {
    "min": 1,
    "max": 1,
    "mean": 1,
    "median": 1,
    "variance": 0,
    "stdDev": 0,
    "confidence": 0,
    "low": 1,
    "high": 1,
    "count": 5
  },
  "Compilation.create module assets": {
    "min": 0,
    "max": 0,
    "mean": 0,
    "median": 0,
    "variance": 0,
    "stdDev": 0,
    "confidence": 0,
    "low": 0,
    "high": 0,
    "count": 5
  },
  "Compilation.create chunk assets": {
    "min": 0,
    "max": 0,
    "mean": 0,
    "median": 0,
    "variance": 0,
    "stdDev": 0,
    "confidence": 0,
    "low": 0,
    "high": 0,
    "count": 5
  },
  "Compilation.process assets": {
    "min": 2679,
    "max": 2706,
    "mean": 2692,
    "median": 2693,
    "variance": 77.2,
    "stdDev": 8.78635305459552,
    "confidence": 21.815898554952582,
    "low": 2681.0920507225237,
    "high": 2702.9079492774763,
    "count": 5
  },
  "Compilation.after process assets": {
    "min": 0,
    "max": 0,
    "mean": 0,
    "median": 0,
    "variance": 0,
    "stdDev": 0,
    "confidence": 0,
    "low": 0,
    "high": 0,
    "count": 5
  },
  "Compilation.after seal": {
    "min": 0,
    "max": 0,
    "mean": 0,
    "median": 0,
    "variance": 0,
    "stdDev": 0,
    "confidence": 0,
    "low": 0,
    "high": 0,
    "count": 5
  },
  "Compiler.make hook": {
    "min": 0,
    "max": 0,
    "mean": 0,
    "median": 0,
    "variance": 0,
    "stdDev": 0,
    "confidence": 0,
    "low": 0,
    "high": 0,
    "count": 5
  },
  "Compiler.make": {
    "min": 515,
    "max": 561,
    "mean": 536.8,
    "median": 527,
    "variance": 373.76,
    "stdDev": 19.332873557751316,
    "confidence": 48.00216946563978,
    "low": 512.7989152671801,
    "high": 560.8010847328198,
    "count": 5
  },
  "Compiler.finish make hook": {
    "min": 0,
    "max": 0,
    "mean": 0,
    "median": 0,
    "variance": 0,
    "stdDev": 0,
    "confidence": 0,
    "low": 0,
    "high": 0,
    "count": 5
  },
  "Compiler.finish compilation": {
    "min": 0,
    "max": 0,
    "mean": 0,
    "median": 0,
    "variance": 0,
    "stdDev": 0,
    "confidence": 0,
    "low": 0,
    "high": 0,
    "count": 5
  },
  "Compiler.seal compilation": {
    "min": 3454,
    "max": 3494,
    "mean": 3471,
    "median": 3463,
    "variance": 225.2,
    "stdDev": 15.006665185843255,
    "confidence": 37.26049742233681,
    "low": 3452.3697512888316,
    "high": 3489.6302487111684,
    "count": 5
  },
  "Compiler.emitAssets": {
    "min": 19,
    "max": 22,
    "mean": 20.6,
    "median": 21,
    "variance": 1.0399999999999998,
    "stdDev": 1.0198039027185568,
    "confidence": 2.5321015840601646,