{
  "stats": {
    "min": 1205,
    "max": 1277,
    "mean": 1239.4,
    "median": 1238,
    "variance": 542.64,
    "stdDev": 23.294634575369496,
    "confidence": 57.83894428248141,
    "low": 1210.4805278587594,
    "high": 1268.3194721412408,
    "count": 5
  },
  "heap memory": {
    "min": 44686112,
    "max": 90776208,
    "mean": 55299484.8,
    "median": 46842096,
    "variance": 315892077084405.8,
    "stdDev": 17773353.00623959,
    "confidence": 44129989.286361694,
    "low": 33234490.156819146,
    "high": 77364479.44318084,
    "count": 5
  },
  "rss memory": {
    "min": 560824320,
    "max": 600129536,
    "mean": 580767744,
    "median": 578797568,
    "variance": 192243460944691.2,
    "stdDev": 13865188.817491494,
    "confidence": 34426291.6375134,
    "low": 563554598.1812433,
    "high": 597980889.8187567,
    "count": 5
  },
  "external memory": {
    "min": 19421575,
    "max": 20928917,
    "mean": 20026150.2,
    "median": 19429767,
    "variance": 538421796583.36005,
    "stdDev": 733772.3056802839,
    "confidence": 1821905.1845159382,
    "low": 19115197.60774203,
    "high": 20937102.79225797,
    "count": 5
  },
  "array buffers memory": {
    "min": 489122,
    "max": 1289346,
    "mean": 652443.6,
    "median": 489122,
    "variance": 101424588554.23999,
    "stdDev": 318472.2728185925,
    "confidence": 790744.3228384552,
    "low": 257071.43858077237,
    "high": 1047815.7614192276,
    "count": 5
  },
  "Compilation.finish modules": {
    "min": 6,
    "max": 9,
    "mean": 6.6,
    "median": 6,
    "variance": 1.44,
    "stdDev": 1.2,
    "confidence": 2.9795158586589183,
    "low": 5.11024207067054,
    "high": 8.089757929329458,
    "count": 5
  },
  "Compilation.build module graph": {
    "min": 1109,
    "max": 1185,
    "mean": 1146.8,
    "median": 1150,
    "variance": 595.3599999999999,
    "stdDev": 24.4,
    "confidence": 60.583489126064705,
    "low": 1116.5082554369676,
    "high": 1177.0917445630323,
    "count": 5
  },
  "Compilation.seal": {
    "min": 0,
    "max": 3,
    "mean": 0.6,
    "median": 0,
    "variance": 1.44,
    "stdDev": 1.2,
    "confidence": 2.0897579293294597,
    "low": 0,
    "high": 2.0897579293294597,
    "count": 5
  },
  "Compilation.optimize dependencies": {
    "min": 1,
    "max": 2,
    "mean": 1.2,
    "median": 1,
    "variance": 0.16,
    "stdDev": 0.4,
    "confidence": 0.9931719528863066,
    "low": 0.7034140235568467,
    "high": 1.6965859764431532,
    "count": 5
  },
  "Compilation.rebuild chunk graph": {
    "min": 7,
    "max": 8,
    "mean": 7.8,
    "median": 8,
    "variance": 0.15999999999999998,
    "stdDev": 0.39999999999999997,
    "confidence": 0.9931719528863061,
    "low": 7.303414023556846,
    "high": 8.296585976443152,
    "count": 5
  },
  "Compilation.build chunk graph": {
    "min": 8,
    "max": 9,
    "mean": 8.4,
    "median": 8,
    "variance": 0.24000000000000005,
    "stdDev": 0.48989794855663565,
    "confidence": 1.2163822557074724,
    "low": 7.791808872146264,
    "high": 9.008191127853737,
    "count": 5
  },
  "Compilation.optimize modules": {
    "min": 0,
    "max": 0,
    "mean": 0,
    "median": 0,
    "variance": 0,
    "stdDev": 0,
    "confidence": 0,
    "low": 0,
    "high": 0,
    "count": 5
  },
  "Compilation.optimize chunks": {
    "min": 6,
    "max": 6,
    "mean": 6,
    "median": 6,
    "variance": 0,
    "stdDev": 0,
    "confidence": 0,
    "low": 6,
    "high": 6,
    "count": 5
  },
  "Compilation.optimize tree": {
    "min": 0,
    "max": 0,
    "mean": 0,
    "median": 0,
    "variance": 0,
    "stdDev": 0,
    "confidence": 0,
    "low": 0,
    "high": 0,
    "count": 5
  },
  "Compilation.optimize chunk modules": {
    "min": 0,
    "max": 0,
    "mean": 0,
    "median": 0,
    "variance": 0,
    "stdDev": 0,
    "confidence": 0,
    "low": 0,
    "high": 0,
    "count": 5
  },
  "Compilation.module ids": {
    "min": 1,
    "max": 2,
    "mean": 1.4,
    "median": 1,
    "variance": 0.24,
    "stdDev": 0.4898979485566356,
    "confidence": 1.216382255707473,
    "low": 0.7918088721462635,
    "high": 2.0081911278537365,
    "count": 5
  },
  "Compilation.chunk ids": {
    "min": 1,
    "max": 2,
    "mean": 1.8,
    "median": 2,
    "variance": 0.16000000000000006,
    "stdDev": 0.4000000000000001,
    "confidence": 0.9931719528863066,
    "low": 1.3034140235568468,
    "high": 2.2965859764431533,
    "count": 5
  },
  "Compilation.assign runtime ids": {
    "min": 0,
    "max": 0,
    "mean": 0,
    "median": 0,
    "variance": 0,
    "stdDev": 0,
    "confidence": 0,
    "low": 0,
    "high": 0,
    "count": 5
  },
  "Compilation.optimize code generation": {
    "min": 0,
    "max": 0,
    "mean": 0,
    "median": 0,
    "variance": 0,
    "stdDev": 0,
    "confidence": 0,
    "low": 0,
    "high": 0,
    "count": 5
  },
  "Compilation.create module hashes": {
    "min": 2,
    "max": 2,
    "mean": 2,
    "median": 2,
    "variance": 0,
    "stdDev": 0,
    "confidence": 0,
    "low": 2,
    "high": 2,
    "count": 5
  },
  "Compilation.module code generation cache": {
    "min": 0,
    "max": 0,
    "mean": 0,
    "median": 0,
    "variance": 0,
    "stdDev": 0,
    "confidence": 0,
    "low": 0,
    "high": 0,
    "count": 5
  },
  "Compilation.code generation": {
    "min": 13,
    "max": 15,
    "mean": 13.6,
    "median": 13,
    "variance": 0.64,
    "stdDev": 0.8,
    "confidence": 1.986343905772614,
    "low": 12.606828047113693,
    "high": 14.593171952886307,
    "count": 5
  },
  "Compilation.runtime requirements.modules": {
    "min": 1,
    "max": 1,
    "mean": 1,
    "median": 1,
    "variance": 0,
    "stdDev": 0,
    "confidence": 0,
    "low": 1,
    "high": 1,
    "count": 5
  },
  "Compilation.runtime requirements.chunks": {
    "min": 0,
    "max": 0,
    "mean": 0,
    "median": 0,
    "variance": 0,
    "stdDev": 0,
    "confidence": 0,
    "low": 0,
    "high": 0,
    "count": 5
  },
  "Compilation.runtime requirements.entries": {
    "min": 0,
    "max": 0,
    "mean": 0,
    "median": 0,
    "variance": 0,
    "stdDev": 0,
    "confidence": 0,
    "low": 0,
    "high": 0,
    "count": 5
  },
  "Compilation.runtime requirements": {
    "min": 2,
    "max": 2,
    "mean": 2,
    "median": 2,
    "variance": 0,
    "stdDev": 0,
    "confidence": 0,
    "low": 2,
    "high": 2,
    "count": 5
  },
  "Compilation.hashing: hash chunks": {
    "min": 0,
    "max": 0,
    "mean": 0,
    "median": 0,
    "variance": 0,
    "stdDev": 0,
    "confidence": 0,
    "low": 0,
    "high": 0,
    "count": 5
  },
  "Compilation.hashing: hash runtime chunks": {
    "min": 0,
    "max": 1,
    "mean": 0.2,
    "median": 0,
    "variance": 0.16000000000000003,
    "stdDev": 0.4,
    "confidence": 0.6965859764431532,
    "low": 0,
    "high": 0.6965859764431532,
    "count": 5
  },
  "Compilation.hashing: process full hash chunks": {
    "min": 0,
    "max": 0,
    "mean": 0,
    "median": 0,
    "variance": 0,
    "stdDev": 0,
    "confidence": 0,
    "low": 0,
    "high": 0,
    "count": 5
  },
  "Compilation.hashing": {
    "min": 1,
    "max": 1,
    "mean": 1,
    "median": 1,
    "variance": 0,
    "stdDev": 0,
    "confidence": 0,
    "low": 1,
    "high": 1,
    "count": 5
  },
  "Compilation.create module assets": {
    "min": 0,
    "max": 0,
    "mean": 0,
    "median": 0,
    "variance": 0,
    "stdDev": 0,
    "confidence": 0,
    "low": 0,
    "high": 0,
    "count": 5
  },
  "Compilation.create chunk assets": {
    "min": 3,
    "max": 3,
    "mean": 3,
    "median": 3,
    "variance": 0,
    "stdDev": 0,
    "confidence": 0,
    "low": 3,
    "high": 3,
    "count": 5
  },
  "Compilation.process assets": {
    "min": 0,
    "max": 0,
    "mean": 0,
    "median": 0,
    "variance": 0,
    "stdDev": 0,
    "confidence": 0,
    "low": 0,
    "high": 0,
    "count": 5
  },
  "Compilation.after process assets": {
    "min": 0,
    "max": 0,
    "mean": 0,
    "median": 0,