{
  "stats": {
    "min": 1525,
    "max": 1612,
    "mean": 1575.5,
    "median": 1580,
    "variance": 754.85,
    "stdDev": 27.474533663012373,
    "confidence": 39.30546386140213,
    "low": 1555.847268069299,
    "high": 1595.152731930701,
    "count": 10
  },
  "heap memory": {
    "min": 48090488,
    "max": 50924968,
    "mean": 49724670.4,
    "median": 50615460,
    "variance": 1552427454704.6401,
    "stdDev": 1245964.4676733925,
    "confidence": 1782494.726112783,
    "low": 48833423.03694361,
    "high": 50615917.76305639,
    "count": 10
  },
  "rss memory": {
    "min": 822845440,
    "max": 984612864,
    "mean": 919429120,
    "median": 914384896,
    "variance": 2209391001259212.8,
    "stdDev": 47004159.40381461,
    "confidence": 67244827.93567681,
    "low": 885806706.0321616,
    "high": 953051533.9678384,
    "count": 10
  },
  "external memory": {
    "min": 36783592,
    "max": 36883937,
    "mean": 36842979.8,
    "median": 36875745,
    "variance": 2205882789.3599997,
    "stdDev": 46966.82647741914,
    "confidence": 67191.41891308129,
    "low": 36809384.09054346,
    "high": 36876575.50945654,
    "count": 10
  },
  "array buffers memory": {
    "min": 497314,
    "max": 597659,
    "mean": 556701.8,
    "median": 589467,
    "variance": 2205882789.3599997,
    "stdDev": 46966.82647741914,
    "confidence": 67191.41891307873,
    "low": 523106.0905434607,
    "high": 590297.5094565394,
    "count": 10
  },
  "Compilation.finish modules": {
    "min": 7,
    "max": 10,
    "mean": 8.5,
    "median": 8,
    "variance": 1.05,
    "stdDev": 1.02469507659596,
    "confidence": 1.465943545979858,
    "low": 7.767028227010071,
    "high": 9.232971772989929,
    "count": 10
  },
  "Compilation.optimize dependencies": {
    "min": 3,
    "max": 4,
    "mean": 3.2,
    "median": 3,
    "variance": 0.15999999999999998,
    "stdDev": 0.39999999999999997,
    "confidence": 0.5722457653840696,
    "low": 2.9138771173079654,
    "high": 3.486122882692035,
    "count": 10
  },
  "Compilation.create chunks": {
    "min": 16,
    "max": 17,
    "mean": 16.2,
    "median": 16,
    "variance": 0.16,
    "stdDev": 0.4,
    "confidence": 0.5722457653840696,
    "low": 15.913877117307964,
    "high": 16.486122882692033,
    "count": 10
  },
  "Compilation.optimize": {
    "min": 0,
    "max": 0,
    "mean": 0,
    "median": 0,
    "variance": 0,
    "stdDev": 0,
    "confidence": 0,
    "low": 0,
    "high": 0,
    "count": 10
  },
  "Compilation.module ids": {
    "min": 2,
    "max": 2,
    "mean": 2,
    "median": 2,
    "variance": 0,
    "stdDev": 0,
    "confidence": 0,
    "low": 2,
    "high": 2,
    "count": 10
  },
  "Compilation.chunk ids": {
    "min": 1,
    "max": 2,
    "mean": 1.6,
    "median": 2,
    "variance": 0.24000000000000005,
    "stdDev": 0.48989794855663565,
    "confidence": 0.7008550663296944,
    "low": 1.2495724668351529,
    "high": 1.9504275331648473,
    "count": 10
  },
  "Compilation.optimize code generation": {
    "min": 0,
    "max": 0,
    "mean": 0,
    "median": 0,
    "variance": 0,
    "stdDev": 0,
    "confidence": 0,
    "low": 0,
    "high": 0,
    "count": 10
  },
  "Compilation.module code generation cache": {
    "min": 0,
    "max": 0,
    "mean": 0,
    "median": 0,
    "variance": 0,
    "stdDev": 0,
    "confidence": 0,
    "low": 0,
    "high": 0,
    "count": 10
  },
  "Compilation.code generation": {
    "min": 20,
    "max": 22,
    "mean": 20.5,
    "median": 20,
    "variance": 0.45,
    "stdDev": 0.6708203932499369,
    "confidence": 0.9596853234263847,
    "low": 20.020157338286808,
    "high": 20.979842661713192,
    "count": 10
  },
  "Compilation.runtime requirements.modules": {
    "min": 0,
    "max": 0,
    "mean": 0,
    "median": 0,
    "variance": 0,
    "stdDev": 0,
    "confidence": 0,
    "low": 0,
    "high": 0,
    "count": 10
  },
  "Compilation.runtime requirements.chunks": {
    "min": 0,
    "max": 0,
    "mean": 0,
    "median": 0,
    "variance": 0,
    "stdDev": 0,
    "confidence": 0,
    "low": 0,
    "high": 0,
    "count": 10
  },
  "Compilation.runtime requirements.entries": {
    "min": 0,
    "max": 0,
    "mean": 0,
    "median": 0,
    "variance": 0,
    "stdDev": 0,
    "confidence": 0,
    "low": 0,
    "high": 0,
    "count": 10
  },
  "Compilation.runtime requirements": {
    "min": 1,
    "max": 1,
    "mean": 1,
    "median": 1,
    "variance": 0,
    "stdDev": 0,
    "confidence": 0,
    "low": 1,
    "high": 1,
    "count": 10
  },
  "Compilation.hashing: hash chunks": {
    "min": 0,
    "max": 0,
    "mean": 0,
    "median": 0,
    "variance": 0,
    "stdDev": 0,
    "confidence": 0,
    "low": 0,
    "high": 0,
    "count": 10
  },
  "Compilation.hashing: hash runtime chunks": {
    "min": 0,
    "max": 1,
    "mean": 0.4,
    "median": 0,
    "variance": 0.24,
    "stdDev": 0.4898979485566356,
    "confidence": 0.7008550663296942,
    "low": 0.049572466835152984,
    "high": 0.7504275331648471,
    "count": 10
  },
  "Compilation.hashing: process full hash chunks": {
    "min": 0,
    "max": 0,
    "mean": 0,
    "median": 0,
    "variance": 0,
    "stdDev": 0,
    "confidence": 0,
    "low": 0,
    "high": 0,
    "count": 10
  },
  "Compilation.hashing": {
    "min": 1,
    "max": 1,
    "mean": 1,
    "median": 1,
    "variance": 0,
    "stdDev": 0,
    "confidence": 0,
    "low": 1,
    "high": 1,
    "count": 10
  },
  "Compilation.create module assets": {
    "min": 0,
    "max": 0,
    "mean": 0,
    "median": 0,
    "variance": 0,
    "stdDev": 0,
    "confidence": 0,
    "low": 0,
    "high": 0,
    "count": 10
  },
  "Compilation.create chunk assets": {
    "min": 3,
    "max": 4,
    "mean": 3.2,
    "median": 3,
    "variance": 0.15999999999999998,
    "stdDev": 0.39999999999999997,
    "confidence": 0.5722457653840696,
    "low": 2.9138771173079654,
    "high": 3.486122882692035,
    "count": 10
  },
  "Compilation.process assets": {
    "min": 32,
    "max": 39,
    "mean": 35.1,
    "median": 34,
    "variance": 5.290000000000001,
    "stdDev": 2.3000000000000003,
    "confidence": 3.2904131509584005,
    "low": 33.4547934245208,
    "high": 36.7452065754792,
    "count": 10
  },
  "Compilation.after process assets": {
    "min": 0,
    "max": 0,
    "mean": 0,
    "median": 0,
    "variance": 0,
    "stdDev": 0,
    "confidence": 0,
    "low": 0,
    "high": 0,
    "count": 10
  },
  "Compilation.after seal": {
    "min": 0,
    "max": 0,
    "mean": 0,
    "median": 0,
    "variance": 0,
    "stdDev": 0,
    "confidence": 0,
    "low": 0,
    "high": 0,
    "count": 10
  },
  "Compiler.make hook": {
    "min": 0,
    "max": 0,
    "mean": 0,
    "median": 0,
    "variance": 0,
    "stdDev": 0,
    "confidence": 0,
    "low": 0,
    "high": 0,
    "count": 10
  },
  "Compiler.make": {
    "min": 1325,
    "max": 1409,
    "mean": 1374.1,
    "median": 1374,
    "variance": 895.0900000000001,
    "stdDev": 29.918054749598948,
    "confidence": 42.801200347466875,
    "low": 1352.6993998262665,
    "high": 1395.5006001737333,
    "count": 10
  },
  "Compiler.finish make hook": {
    "min": 0,
    "max": 0,
    "mean": 0,
    "median": 0,
    "variance": 0,
    "stdDev": 0,
    "confidence": 0,
    "low": 0,
    "high": 0,
    "count": 10
  },
  "Compiler.finish compilation": {
    "min": 10,
    "max": 14,
    "mean": 11,
    "median": 10.5,
    "variance": 1.6,
    "stdDev": 1.2649110640673518,
    "confidence": 1.8095999999999997,
    "low": 10.0952,
    "high": 11.9048,
    "count": 10
  },
  "Compiler.seal compilation": {
    "min": 88,
    "max": 98,
    "mean": 92.2,
    "median": 92,
    "variance": 9.16,
    "stdDev": 3.026549190084311,
    "confidence": 4.329824894380835,
    "low": 90.03508755280959,
    "high": 94.36491244719042,
    "count": 10
  },
  "Compiler.emitAssets": {
    "min": 63,
    "max": 110,
    "mean": 82.4,
    "median": 79.5,
    "variance": 155.24,
    "stdDev": 12.459534501738016,