{
  "stats": {
    "min": 1982,
    "max": 2056,
    "mean": 2017.6,
    "median": 2015,
    "variance": 622.64,
    "stdDev": 24.952755358877702,
    "confidence": 61.95594192417684,
    "low": 1986.6220290379115,
    "high": 2048.5779709620883,
    "count": 5
  },
  "heap memory": {
    "min": 165079896,
    "max": 237020408,
    "mean": 179966734.4,
    "median": 165896840,
    "variance": 814029852861911.1,
    "stdDev": 28531208.401711818,
    "confidence": 70840989.91633576,
    "low": 144546239.44183213,
    "high": 215387229.3581679,
    "count": 5
  },
  "rss memory": {
    "min": 976289792,
    "max": 992727040,
    "mean": 983711744,
    "median": 979861504,
    "variance": 41647244260147.2,
    "stdDev": 6453467.615177688,
    "confidence": 16023507.585636377,
    "low": 975699990.2071818,
    "high": 991723497.7928182,
    "count": 5
  },
  "external memory": {
    "min": 34316445,
    "max": 35367631,
    "mean": 34543193.4,
    "median": 34343949,
    "variance": 170055449859.84,
    "stdDev": 412377.79991148895,
    "confidence": 1023905.1621626318,
    "low": 34031240.81891868,
    "high": 35055145.981081314,
    "count": 5
  },
  "array buffers memory": {
    "min": 470340,
    "max": 1543492,
    "mean": 688247.2,
    "median": 470340,
    "variance": 182874338754.56,
    "stdDev": 427638.0931986298,
    "confidence": 1061795.400376649,
    "low": 157349.49981167552,
    "high": 1219144.9001883245,
    "count": 5
  },
  "Compilation.finish modules": {
    "min": 24,
    "max": 26,
    "mean": 25,
    "median": 25,
    "variance": 0.4,
    "stdDev": 0.6324555320336759,
    "confidence": 1.5703427396590826,
    "low": 24.21482863017046,
    "high": 25.78517136982954,
    "count": 5
  },
  "Compilation.optimize dependencies": {
    "min": 1,
    "max": 1,
    "mean": 1,
    "median": 1,
    "variance": 0,
    "stdDev": 0,
    "confidence": 0,
    "low": 1,
    "high": 1,
    "count": 5
  },
  "Compilation.rebuild chunk graph": {
    "min": 30,
    "max": 31,
    "mean": 30.4,
    "median": 30,
    "variance": 0.24,
    "stdDev": 0.4898979485566356,
    "confidence": 1.2163822557074724,
    "low": 29.791808872146262,
    "high": 31.008191127853735,
    "count": 5
  },
  "Compilation.create chunks": {
    "min": 60,
    "max": 62,
    "mean": 60.4,
    "median": 60,
    "variance": 0.64,
    "stdDev": 0.8,
    "confidence": 1.986343905772614,
    "low": 59.40682804711369,
    "high": 61.393171952886306,
    "count": 5
  },
  "Compilation.optimize": {
    "min": 0,
    "max": 0,
    "mean": 0,
    "median": 0,
    "variance": 0,
    "stdDev": 0,
    "confidence": 0,
    "low": 0,
    "high": 0,
    "count": 5
  },
  "Compilation.module ids": {
    "min": 10,
    "max": 10,
    "mean": 10,
    "median": 10,
    "variance": 0,
    "stdDev": 0,
    "confidence": 0,
    "low": 10,
    "high": 10,
    "count": 5
  },
  "Compilation.chunk ids": {
    "min": 4,
    "max": 4,
    "mean": 4,
    "median": 4,
    "variance": 0,
    "stdDev": 0,
    "confidence": 0,
    "low": 4,
    "high": 4,
    "count": 5
  },
  "Compilation.optimize code generation": {
    "min": 0,
    "max": 0,
    "mean": 0,
    "median": 0,
    "variance": 0,
    "stdDev": 0,
    "confidence": 0,
    "low": 0,
    "high": 0,
    "count": 5
  },
  "Compilation.module code generation cache": {
    "min": 0,
    "max": 0,
    "mean": 0,
    "median": 0,
    "variance": 0,
    "stdDev": 0,
    "confidence": 0,
    "low": 0,
    "high": 0,
    "count": 5
  },
  "Compilation.code generation": {
    "min": 86,
    "max": 92,
    "mean": 88.2,
    "median": 88,
    "variance": 4.959999999999999,
    "stdDev": 2.2271057451320084,
    "confidence": 5.529747405442663,
    "low": 85.43512629727867,
    "high": 90.96487370272133,
    "count": 5
  },
  "Compilation.runtime requirements.modules": {
    "min": 8,
    "max": 10,
    "mean": 8.4,
    "median": 8,
    "variance": 0.6399999999999999,
    "stdDev": 0.7999999999999999,
    "confidence": 1.986343905772613,
    "low": 7.406828047113694,
    "high": 9.393171952886307,
    "count": 5
  },
  "Compilation.runtime requirements.chunks": {
    "min": 0,
    "max": 0,
    "mean": 0,
    "median": 0,
    "variance": 0,
    "stdDev": 0,
    "confidence": 0,
    "low": 0,
    "high": 0,
    "count": 5
  },
  "Compilation.runtime requirements.entries": {
    "min": 0,
    "max": 0,
    "mean": 0,
    "median": 0,
    "variance": 0,
    "stdDev": 0,
    "confidence": 0,
    "low": 0,
    "high": 0,
    "count": 5
  },
  "Compilation.runtime requirements": {
    "min": 9,
    "max": 11,
    "mean": 9.4,
    "median": 9,
    "variance": 0.6399999999999999,
    "stdDev": 0.7999999999999999,
    "confidence": 1.986343905772614,
    "low": 8.406828047113693,
    "high": 10.393171952886307,
    "count": 5
  },
  "Compilation.hashing: hash chunks": {
    "min": 1,
    "max": 2,
    "mean": 1.2,
    "median": 1,
    "variance": 0.16,
    "stdDev": 0.4,
    "confidence": 0.9931719528863066,
    "low": 0.7034140235568467,
    "high": 1.6965859764431532,
    "count": 5
  },
  "Compilation.hashing: hash runtime chunks": {
    "min": 5,
    "max": 6,
    "mean": 5.2,
    "median": 5,
    "variance": 0.15999999999999998,
    "stdDev": 0.39999999999999997,
    "confidence": 0.993171952886307,
    "low": 4.703414023556847,
    "high": 5.696585976443154,
    "count": 5
  },
  "Compilation.hashing: process full hash chunks": {
    "min": 0,
    "max": 0,
    "mean": 0,
    "median": 0,
    "variance": 0,
    "stdDev": 0,
    "confidence": 0,
    "low": 0,
    "high": 0,
    "count": 5
  },
  "Compilation.hashing": {
    "min": 7,
    "max": 8,
    "mean": 7.2,
    "median": 7,
    "variance": 0.15999999999999998,
    "stdDev": 0.39999999999999997,
    "confidence": 0.993171952886307,
    "low": 6.703414023556847,
    "high": 7.696585976443154,
    "count": 5
  },
  "Compilation.create module assets": {
    "min": 0,
    "max": 1,
    "mean": 0.2,
    "median": 0,
    "variance": 0.16000000000000003,
    "stdDev": 0.4,
    "confidence": 0.6965859764431532,
    "low": 0,
    "high": 0.6965859764431532,
    "count": 5
  },
  "Compilation.create chunk assets": {
    "min": 17,
    "max": 19,
    "mean": 17.8,
    "median": 18,
    "variance": 0.56,
    "stdDev": 0.7483314773547883,
    "confidence": 1.858054586926876,
    "low": 16.870972706536563,
    "high": 18.72902729346344,
    "count": 5
  },
  "Compilation.process assets": {
    "min": 97,
    "max": 99,
    "mean": 97.8,
    "median": 98,
    "variance": 0.5599999999999999,
    "stdDev": 0.7483314773547882,
    "confidence": 1.858054586926869,
    "low": 96.87097270653656,
    "high": 98.72902729346343,
    "count": 5
  },
  "Compilation.after process assets": {
    "min": 0,
    "max": 0,
    "mean": 0,
    "median": 0,
    "variance": 0,
    "stdDev": 0,
    "confidence": 0,
    "low": 0,
    "high": 0,
    "count": 5
  },
  "Compilation.after seal": {
    "min": 0,
    "max": 0,
    "mean": 0,
    "median": 0,
    "variance": 0,
    "stdDev": 0,
    "confidence": 0,
    "low": 0,
    "high": 0,
    "count": 5
  },
  "Compiler.make hook": {
    "min": 0,
    "max": 0,
    "mean": 0,
    "median": 0,
    "variance": 0,
    "stdDev": 0,
    "confidence": 0,
    "low": 0,
    "high": 0,
    "count": 5
  },
  "Compiler.make": {
    "min": 1572,
    "max": 1643,
    "mean": 1603.2,
    "median": 1599,
    "variance": 526.9599999999999,
    "stdDev": 22.955609336282055,
    "confidence": 56.99716838552604,
    "low": 1574.701415807237,
    "high": 1631.698584192763,
    "count": 5
  },
  "Compiler.finish make hook": {
    "min": 0,
    "max": 2,
    "mean": 0.4,
    "median": 0,
    "variance": 0.6400000000000001,
    "stdDev": 0.8,
    "confidence": 1.3931719528863065,
    "low": 0,
    "high": 1.3931719528863065,
    "count": 5
  },
  "Compiler.finish compilation": {
    "min": 29,
    "max": 31,
    "mean": 30,
    "median": 30,
    "variance": 0.4,
    "stdDev": 0.6324555320336759,