{
  "stats": {
    "min": 1258,
    "max": 1401,
    "mean": 1320.4,
    "median": 1325,
    "variance": 2425.8399999999997,
    "stdDev": 49.252817178309705,
    "confidence": 122.29129155533519,
    "low": 1259.2543542223325,
    "high": 1381.5456457776677,
    "count": 5
  },
  "heap memory": {
    "min": 8533696,
    "max": 8563696,
    "mean": 8550617.6,
    "median": 8547560,
    "variance": 123224816.63999999,
    "stdDev": 11100.66739615236,
    "confidence": 27562.17879044637,
    "low": 8536836.510604776,
    "high": 8564398.689395223,
    "count": 5
  },
  "rss memory": {
    "min": 702709760,
    "max": 730619904,
    "mean": 714937139.2,
    "median": 711372800,
    "variance": 94441682879119.34,
    "stdDev": 9718111.075673057,
    "confidence": 24129388.388480663,
    "low": 702872445.0057597,
    "high": 727001833.3942404,
    "count": 5
  },
  "external memory": {
    "min": 6713112,
    "max": 6713112,
    "mean": 6713112,
    "median": 6713112,
    "variance": 0,
    "stdDev": 0,
    "confidence": 0,
    "low": 6713112,
    "high": 6713112,
    "count": 5
  },
  "array buffers memory": {
    "min": 15619,
    "max": 15619,
    "mean": 15619,
    "median": 15619,
    "variance": 0,
    "stdDev": 0,
    "confidence": 0,
    "low": 15619,
    "high": 15619,
    "count": 5
  },
  "Compilation.finish modules": {
    "min": 23,
    "max": 25,
    "mean": 24.4,
    "median": 25,
    "variance": 0.6399999999999999,
    "stdDev": 0.7999999999999999,
    "confidence": 1.986343905772614,
    "low": 23.40682804711369,
    "high": 25.393171952886306,
    "count": 5
  },
  "Compilation.optimize dependencies": {
    "min": 37,
    "max": 41,
    "mean": 39.2,
    "median": 39,
    "variance": 2.5599999999999996,
    "stdDev": 1.5999999999999999,
    "confidence": 3.972687811545228,
    "low": 37.21365609422739,
    "high": 41.18634390577262,
    "count": 5
  },
  "Compilation.rebuild chunk graph": {
    "min": 28,
    "max": 35,
    "mean": 30.2,
    "median": 29,
    "variance": 6.959999999999999,
    "stdDev": 2.6381811916545836,
    "confidence": 6.550418915458767,
    "low": 26.924790542270618,
    "high": 33.475209457729385,
    "count": 5
  },
  "Compilation.create chunks": {
    "min": 56,
    "max": 63,
    "mean": 58.4,
    "median": 57,
    "variance": 6.24,
    "stdDev": 2.4979991993593593,
    "confidence": 6.202356857840414,
    "low": 55.29882157107979,
    "high": 61.501178428920205,
    "count": 5
  },
  "Compilation.optimize": {
    "min": 60,
    "max": 66,
    "mean": 63.2,
    "median": 64,
    "variance": 5.359999999999999,
    "stdDev": 2.315167380558045,
    "confidence": 5.7483982715187665,
    "low": 60.32580086424062,
    "high": 66.07419913575939,
    "count": 5
  },
  "Compilation.module ids": {
    "min": 2,
    "max": 2,
    "mean": 2,
    "median": 2,
    "variance": 0,
    "stdDev": 0,
    "confidence": 0,
    "low": 2,
    "high": 2,
    "count": 5
  },
  "Compilation.chunk ids": {
    "min": 3,
    "max": 3,
    "mean": 3,
    "median": 3,
    "variance": 0,
    "stdDev": 0,
    "confidence": 0,
    "low": 3,
    "high": 3,
    "count": 5
  },
  "Compilation.optimize code generation": {
    "min": 4,
    "max": 4,
    "mean": 4,
    "median": 4,
    "variance": 0,
    "stdDev": 0,
    "confidence": 0,
    "low": 4,
    "high": 4,
    "count": 5
  },
  "Compilation.code generation": {
    "min": 139,
    "max": 226,
    "mean": 162.4,
    "median": 148,
    "variance": 1027.44,
    "stdDev": 32.0537049340634,
    "confidence": 79.58710181651297,
    "low": 122.60644909174353,
    "high": 202.1935509082565,
    "count": 5
  },
  "Compilation.runtime requirements.modules": {
    "min": 2,
    "max": 3,
    "mean": 2.2,
    "median": 2,
    "variance": 0.15999999999999998,
    "stdDev": 0.39999999999999997,
    "confidence": 0.9931719528863063,
    "low": 1.703414023556847,
    "high": 2.6965859764431532,
    "count": 5
  },
  "Compilation.runtime requirements.chunks": {
    "min": 0,
    "max": 0,
    "mean": 0,
    "median": 0,
    "variance": 0,
    "stdDev": 0,
    "confidence": 0,
    "low": 0,
    "high": 0,
    "count": 5
  },
  "Compilation.runtime requirements.entries": {
    "min": 0,
    "max": 0,
    "mean": 0,
    "median": 0,
    "variance": 0,
    "stdDev": 0,
    "confidence": 0,
    "low": 0,
    "high": 0,
    "count": 5
  },
  "Compilation.runtime requirements": {
    "min": 3,
    "max": 4,
    "mean": 3.6,
    "median": 4,
    "variance": 0.24,
    "stdDev": 0.4898979485566356,
    "confidence": 1.2163822557074733,
    "low": 2.9918088721462635,
    "high": 4.208191127853737,
    "count": 5
  },
  "Compilation.hashing: hash chunks": {
    "min": 0,
    "max": 0,
    "mean": 0,
    "median": 0,
    "variance": 0,
    "stdDev": 0,
    "confidence": 0,
    "low": 0,
    "high": 0,
    "count": 5
  },
  "Compilation.hashing: hash runtime chunks": {
    "min": 0,
    "max": 0,
    "mean": 0,
    "median": 0,
    "variance": 0,
    "stdDev": 0,
    "confidence": 0,
    "low": 0,
    "high": 0,
    "count": 5
  },
  "Compilation.hashing: process full hash chunks": {
    "min": 0,
    "max": 0,
    "mean": 0,
    "median": 0,
    "variance": 0,
    "stdDev": 0,
    "confidence": 0,
    "low": 0,
    "high": 0,
    "count": 5
  },
  "Compilation.hashing": {
    "min": 0,
    "max": 0,
    "mean": 0,
    "median": 0,
    "variance": 0,
    "stdDev": 0,
    "confidence": 0,
    "low": 0,
    "high": 0,
    "count": 5
  },
  "Compilation.create module assets": {
    "min": 0,
    "max": 1,
    "mean": 0.6,
    "median": 1,
    "variance": 0.24000000000000005,
    "stdDev": 0.48989794855663565,
    "confidence": 1.2081911278537363,
    "low": 0,
    "high": 1.2081911278537363,
    "count": 5
  },
  "Compilation.create chunk assets": {
    "min": 1,
    "max": 2,
    "mean": 1.8,
    "median": 2,
    "variance": 0.16000000000000006,
    "stdDev": 0.4000000000000001,
    "confidence": 0.9931719528863066,
    "low": 1.3034140235568468,
    "high": 2.2965859764431533,
    "count": 5
  },
  "Compilation.process assets": {
    "min": 409,
    "max": 461,
    "mean": 438.4,
    "median": 447,
    "variance": 458.24000000000007,
    "stdDev": 21.406541056415445,
    "confidence": 53.15094046385252,
    "low": 411.8245297680737,
    "high": 464.97547023192624,
    "count": 5
  },
  "Compilation.after process assets": {
    "min": 0,
    "max": 0,
    "mean": 0,
    "median": 0,
    "variance": 0,
    "stdDev": 0,
    "confidence": 0,
    "low": 0,
    "high": 0,
    "count": 5
  },
  "Compilation.after seal": {
    "min": 0,
    "max": 0,
    "mean": 0,
    "median": 0,
    "variance": 0,
    "stdDev": 0,
    "confidence": 0,
    "low": 0,
    "high": 0,
    "count": 5
  },
  "Compiler.make hook": {
    "min": 0,
    "max": 0,
    "mean": 0,
    "median": 0,
    "variance": 0,
    "stdDev": 0,
    "confidence": 0,
    "low": 0,
    "high": 0,
    "count": 5
  },
  "Compiler.make": {
    "min": 446,
    "max": 470,
    "mean": 455.4,
    "median": 454,
    "variance": 74.24,
    "stdDev": 8.616263691415206,
    "confidence": 21.393578592465587,
    "low": 444.7032107037672,
    "high": 466.09678929623277,
    "count": 5
  },
  "Compiler.finish make hook": {
    "min": 0,
    "max": 0,
    "mean": 0,
    "median": 0,
    "variance": 0,
    "stdDev": 0,
    "confidence": 0,
    "low": 0,
    "high": 0,
    "count": 5
  },
  "Compiler.finish compilation": {
    "min": 28,
    "max": 30,
    "mean": 29.4,
    "median": 30,
    "variance": 0.6399999999999999,
    "stdDev": 0.7999999999999999,
    "confidence": 1.986343905772614,
    "low": 28.40682804711369,
    "high": 30.393171952886306,
    "count": 5
  },
  "Compiler.seal compilation": {
    "min": 764,
    "max": 901,
    "mean": 818.6,
    "median": 819,
    "variance": 2129.84,
    "stdDev": 46.1501895987438,
    "confidence": 114.58768482464416,
    "low": 761.306157587678,
    "high": 875.8938424123221,
    "count": 5
  },
  "Compiler.emitAssets": {
    "min": 4,