{
  "stats": {
    "min": 3047,
    "max": 3213,
    "mean": 3137.4,
    "median": 3139,
    "variance": 2863.04,
    "stdDev": 53.50738266818888,
    "confidence": 132.8550793459999,
    "low": 3070.972460327,
    "high": 3203.827539673,
    "count": 5
  },
  "heap memory": {
    "min": 93195800,
    "max": 110234296,
    "mean": 97207148.8,
    "median": 93934496,
    "variance": 42606194905896.95,
    "stdDev": 6527342.101184597,
    "confidence": 16206932.754476279,
    "low": 89103682.42276186,
    "high": 105310615.17723814,
    "count": 5
  },
  "rss memory": {
    "min": 673132544,
    "max": 808419328,
    "mean": 753203609.6,
    "median": 745078784,
    "variance": 2282178121396388,
    "stdDev": 47772147.96716166,
    "confidence": 118614893.72529888,
    "low": 693896162.7373506,
    "high": 812511056.4626495,
    "count": 5
  },
  "external memory": {
    "min": 28631106,
    "max": 30235855,
    "mean": 28980264.8,
    "median": 28677927,
    "variance": 394505636284.16,
    "stdDev": 628096.836709245,
    "confidence": 1559520.4047905803,
    "low": 28200504.59760471,
    "high": 29760025.00239529,
    "count": 5
  },
  "array buffers memory": {
    "min": 655330,
    "max": 2260145,
    "mean": 1005033,
    "median": 692444,
    "variance": 394218081802.4,
    "stdDev": 627867.8856275419,
    "confidence": 1558951.9353082548,
    "low": 225557.0323458726,
    "high": 1784508.9676541274,
    "count": 5
  },
  "Compilation.finish modules": {
    "min": 8,
    "max": 9,
    "mean": 8.2,
    "median": 8,
    "variance": 0.16,
    "stdDev": 0.4,
    "confidence": 0.993171952886307,
    "low": 7.703414023556846,
    "high": 8.696585976443153,
    "count": 5
  },
  "Compilation.optimize dependencies": {
    "min": 18,
    "max": 20,
    "mean": 19.4,
    "median": 20,
    "variance": 0.6399999999999999,
    "stdDev": 0.7999999999999999,
    "confidence": 1.986343905772614,
    "low": 18.40682804711369,
    "high": 20.393171952886306,
    "count": 5
  },
  "Compilation.rebuild chunk graph": {
    "min": 11,
    "max": 13,
    "mean": 12.4,
    "median": 13,
    "variance": 0.6399999999999999,
    "stdDev": 0.7999999999999999,
    "confidence": 1.986343905772614,
    "low": 11.406828047113693,
    "high": 13.393171952886307,
    "count": 5
  },
  "Compilation.create chunks": {
    "min": 17,
    "max": 20,
    "mean": 18.6,
    "median": 19,
    "variance": 1.0399999999999998,
    "stdDev": 1.0198039027185568,
    "confidence": 2.5321015840601646,
    "low": 17.33394920796992,
    "high": 19.866050792030084,
    "count": 5
  },
  "Compilation.optimize": {
    "min": 31,
    "max": 33,
    "mean": 31.4,
    "median": 31,
    "variance": 0.64,
    "stdDev": 0.8,
    "confidence": 1.986343905772614,
    "low": 30.40682804711369,
    "high": 32.393171952886306,
    "count": 5
  },
  "Compilation.module ids": {
    "min": 1,
    "max": 2,
    "mean": 1.4,
    "median": 1,
    "variance": 0.24,
    "stdDev": 0.4898979485566356,
    "confidence": 1.216382255707473,
    "low": 0.7918088721462635,
    "high": 2.0081911278537365,
    "count": 5
  },
  "Compilation.chunk ids": {
    "min": 1,
    "max": 1,
    "mean": 1,
    "median": 1,
    "variance": 0,
    "stdDev": 0,
    "confidence": 0,
    "low": 1,
    "high": 1,
    "count": 5
  },
  "Compilation.optimize code generation": {
    "min": 2,
    "max": 2,
    "mean": 2,
    "median": 2,
    "variance": 0,
    "stdDev": 0,
    "confidence": 0,
    "low": 2,
    "high": 2,
    "count": 5
  },
  "Compilation.code generation": {
    "min": 51,
    "max": 55,
    "mean": 52.4,
    "median": 52,
    "variance": 1.8399999999999999,
    "stdDev": 1.3564659966250536,
    "confidence": 3.36800995722993,
    "low": 50.715995021385034,
    "high": 54.08400497861496,
    "count": 5
  },
  "Compilation.runtime requirements.modules": {
    "min": 0,
    "max": 1,
    "mean": 0.4,
    "median": 0,
    "variance": 0.24000000000000005,
    "stdDev": 0.48989794855663565,
    "confidence": 1.0081911278537365,
    "low": 0,
    "high": 1.0081911278537365,
    "count": 5
  },
  "Compilation.runtime requirements.chunks": {
    "min": 0,
    "max": 0,
    "mean": 0,
    "median": 0,
    "variance": 0,
    "stdDev": 0,
    "confidence": 0,
    "low": 0,
    "high": 0,
    "count": 5
  },
  "Compilation.runtime requirements.entries": {
    "min": 0,
    "max": 0,
    "mean": 0,
    "median": 0,
    "variance": 0,
    "stdDev": 0,
    "confidence": 0,
    "low": 0,
    "high": 0,
    "count": 5
  },
  "Compilation.runtime requirements": {
    "min": 1,
    "max": 2,
    "mean": 1.4,
    "median": 1,
    "variance": 0.24,
    "stdDev": 0.4898979485566356,
    "confidence": 1.216382255707473,
    "low": 0.7918088721462635,
    "high": 2.0081911278537365,
    "count": 5
  },
  "Compilation.hashing: hash chunks": {
    "min": 0,
    "max": 0,
    "mean": 0,
    "median": 0,
    "variance": 0,
    "stdDev": 0,
    "confidence": 0,
    "low": 0,
    "high": 0,
    "count": 5
  },
  "Compilation.hashing: hash runtime chunks": {
    "min": 0,
    "max": 0,
    "mean": 0,
    "median": 0,
    "variance": 0,
    "stdDev": 0,
    "confidence": 0,
    "low": 0,
    "high": 0,
    "count": 5
  },
  "Compilation.hashing: process full hash chunks": {
    "min": 0,
    "max": 0,
    "mean": 0,
    "median": 0,
    "variance": 0,
    "stdDev": 0,
    "confidence": 0,
    "low": 0,
    "high": 0,
    "count": 5
  },
  "Compilation.hashing": {
    "min": 1,
    "max": 1,
    "mean": 1,
    "median": 1,
    "variance": 0,
    "stdDev": 0,
    "confidence": 0,
    "low": 1,
    "high": 1,
    "count": 5
  },
  "Compilation.create module assets": {
    "min": 0,
    "max": 0,
    "mean": 0,
    "median": 0,
    "variance": 0,
    "stdDev": 0,
    "confidence": 0,
    "low": 0,
    "high": 0,
    "count": 5
  },
  "Compilation.create chunk assets": {
    "min": 2,
    "max": 3,
    "mean": 2.2,
    "median": 2,
    "variance": 0.15999999999999998,
    "stdDev": 0.39999999999999997,
    "confidence": 0.9931719528863063,
    "low": 1.703414023556847,
    "high": 2.6965859764431532,
    "count": 5
  },
  "Compilation.process assets": {
    "min": 1550,
    "max": 1589,
    "mean": 1572,
    "median": 1567,
    "variance": 218,
    "stdDev": 14.7648230602334,
    "confidence": 36.66002038188208,
    "low": 1553.669989809059,
    "high": 1590.330010190941,
    "count": 5
  },
  "Compilation.after process assets": {
    "min": 0,
    "max": 0,
    "mean": 0,
    "median": 0,
    "variance": 0,
    "stdDev": 0,
    "confidence": 0,
    "low": 0,
    "high": 0,
    "count": 5
  },
  "Compilation.after seal": {
    "min": 0,
    "max": 0,
    "mean": 0,
    "median": 0,
    "variance": 0,
    "stdDev": 0,
    "confidence": 0,
    "low": 0,
    "high": 0,
    "count": 5
  },
  "Compiler.make hook": {
    "min": 0,
    "max": 0,
    "mean": 0,
    "median": 0,
    "variance": 0,
    "stdDev": 0,
    "confidence": 0,
    "low": 0,
    "high": 0,
    "count": 5
  },
  "Compiler.make": {
    "min": 1261,
    "max": 1368,
    "mean": 1321,
    "median": 1332,
    "variance": 1264.8,
    "stdDev": 35.564026768632374,
    "confidence": 88.30298479575868,
    "low": 1276.8485076021207,
    "high": 1365.1514923978793,
    "count": 5
  },
  "Compiler.finish make hook": {
    "min": 0,
    "max": 0,
    "mean": 0,
    "median": 0,
    "variance": 0,
    "stdDev": 0,
    "confidence": 0,
    "low": 0,
    "high": 0,
    "count": 5
  },
  "Compiler.finish compilation": {
    "min": 10,
    "max": 11,
    "mean": 10.6,
    "median": 11,
    "variance": 0.24000000000000005,
    "stdDev": 0.48989794855663565,
    "confidence": 1.2163822557074724,
    "low": 9.991808872146263,
    "high": 11.208191127853736,
    "count": 5
  },
  "Compiler.seal compilation": {
    "min": 1693,
    "max": 1732,
    "mean": 1716.6,
    "median": 1715,
    "variance": 191.44,
    "stdDev": 13.836184445142381,
    "confidence": 34.35427581469321,
    "low": 1699.4228620926533,