{
  "stats": {
    "min": 13905,
    "max": 14170,
    "mean": 14038.8,
    "median": 14016,
    "variance": 11728.560000000001,
    "stdDev": 108.298476443577,
    "confidence": 268.8975233601959,
    "low": 13904.351238319901,
    "high": 14173.248761680097,
    "count": 5
  },
  "heap memory": {
    "min": 8111752,
    "max": 8363072,
    "mean": 8166300.8,
    "median": 8119232,
    "variance": 9687998069.759998,
    "stdDev": 98427.6285895378,
    "confidence": 244388.90026059747,
    "low": 8044106.349869701,
    "high": 8288495.250130299,
    "count": 5
  },
  "rss memory": {
    "min": 2059714560,
    "max": 2136424448,
    "mean": 2102671769.6,
    "median": 2092146688,
    "variance": 883904199723581.4,
    "stdDev": 29730526.394996464,
    "confidence": 73818812.40014124,
    "low": 2065762363.3999293,
    "high": 2139581175.8000705,
    "count": 5
  },
  "external memory": {
    "min": 8364368,
    "max": 8364368,
    "mean": 8364368,
    "median": 8364368,
    "variance": 0,
    "stdDev": 0,
    "confidence": 0,
    "low": 8364368,
    "high": 8364368,
    "count": 5
  },
  "array buffers memory": {
    "min": 10475,
    "max": 10475,
    "mean": 10475,
    "median": 10475,
    "variance": 0,
    "stdDev": 0,
    "confidence": 0,
    "low": 10475,
    "high": 10475,
    "count": 5
  },
  "Compilation.build module graph": {
    "min": 13528,
    "max": 13790,
    "mean": 13657.6,
    "median": 13630,
    "variance": 10999.439999999999,
    "stdDev": 104.87821508778646,
    "confidence": 260.40525423491636,
    "low": 13527.397372882542,
    "high": 13787.802627117459,
    "count": 5
  },
  "Compilation.finish modules": {
    "min": 18,
    "max": 19,
    "mean": 18.4,
    "median": 18,
    "variance": 0.24,
    "stdDev": 0.4898979485566356,
    "confidence": 1.2163822557074724,
    "low": 17.791808872146262,
    "high": 19.008191127853735,
    "count": 5
  },
  "Compilation.seal": {
    "min": 0,
    "max": 0,
    "mean": 0,
    "median": 0,
    "variance": 0,
    "stdDev": 0,
    "confidence": 0,
    "low": 0,
    "high": 0,
    "count": 5
  },
  "Compilation.optimize dependencies": {
    "min": 28,
    "max": 30,
    "mean": 28.8,
    "median": 28,
    "variance": 0.9600000000000002,
    "stdDev": 0.9797958971132713,
    "confidence": 2.4327645114149448,
    "low": 27.58361774429253,
    "high": 30.016382255707473,
    "count": 5
  },
  "Compilation.rebuild chunk graph": {
    "min": 34,
    "max": 38,
    "mean": 36,
    "median": 36,
    "variance": 2,
    "stdDev": 1.4142135623730951,
    "confidence": 3.5113931138509713,
    "low": 34.244303443074514,
    "high": 37.755696556925486,
    "count": 5
  },
  "Compilation.build chunk graph": {
    "min": 34,
    "max": 38,
    "mean": 36,
    "median": 36,
    "variance": 2,
    "stdDev": 1.4142135623730951,
    "confidence": 3.5113931138509713,
    "low": 34.244303443074514,
    "high": 37.755696556925486,
    "count": 5
  },
  "Compilation.optimize modules": {
    "min": 0,
    "max": 0,
    "mean": 0,
    "median": 0,
    "variance": 0,
    "stdDev": 0,
    "confidence": 0,
    "low": 0,
    "high": 0,
    "count": 5
  },
  "Compilation.optimize chunks": {
    "min": 24,
    "max": 26,
    "mean": 25.2,
    "median": 26,
    "variance": 0.9600000000000002,
    "stdDev": 0.9797958971132713,
    "confidence": 2.4327645114149448,
    "low": 23.983617744292527,
    "high": 26.41638225570747,
    "count": 5
  },
  "Compilation.optimize tree": {
    "min": 0,
    "max": 0,
    "mean": 0,
    "median": 0,
    "variance": 0,
    "stdDev": 0,
    "confidence": 0,
    "low": 0,
    "high": 0,
    "count": 5
  },
  "Compilation.optimize chunk modules": {
    "min": 63,
    "max": 66,
    "mean": 64,
    "median": 64,
    "variance": 1.2,
    "stdDev": 1.0954451150103321,
    "confidence": 2.7199134103864466,
    "low": 62.64004329480678,
    "high": 65.35995670519323,
    "count": 5
  },
  "Compilation.module ids": {
    "min": 2,
    "max": 2,
    "mean": 2,
    "median": 2,
    "variance": 0,
    "stdDev": 0,
    "confidence": 0,
    "low": 2,
    "high": 2,
    "count": 5
  },
  "Compilation.chunk ids": {
    "min": 2,
    "max": 2,
    "mean": 2,
    "median": 2,
    "variance": 0,
    "stdDev": 0,
    "confidence": 0,
    "low": 2,
    "high": 2,
    "count": 5
  },
  "Compilation.assign runtime ids": {
    "min": 0,
    "max": 0,
    "mean": 0,
    "median": 0,
    "variance": 0,
    "stdDev": 0,
    "confidence": 0,
    "low": 0,
    "high": 0,
    "count": 5
  },
  "Compilation.optimize code generation": {
    "min": 4,
    "max": 4,
    "mean": 4,
    "median": 4,
    "variance": 0,
    "stdDev": 0,
    "confidence": 0,
    "low": 4,
    "high": 4,
    "count": 5
  },
  "Compilation.create module hashes": {
    "min": 38,
    "max": 42,
    "mean": 39.8,
    "median": 39,
    "variance": 3.3599999999999994,
    "stdDev": 1.8330302779823358,
    "confidence": 4.55128565220862,
    "low": 37.52435717389569,
    "high": 42.07564282610431,
    "count": 5
  },
  "Compilation.code generation": {
    "min": 117,
    "max": 121,
    "mean": 119.6,
    "median": 121,
    "variance": 3.04,
    "stdDev": 1.7435595774162693,
    "confidence": 4.32913617619036,
    "low": 117.43543191190481,
    "high": 121.76456808809517,
    "count": 5
  },
  "Compilation.runtime requirements.modules": {
    "min": 0,
    "max": 0,
    "mean": 0,
    "median": 0,
    "variance": 0,
    "stdDev": 0,
    "confidence": 0,
    "low": 0,
    "high": 0,
    "count": 5
  },
  "Compilation.runtime requirements.chunks": {
    "min": 0,
    "max": 0,
    "mean": 0,
    "median": 0,
    "variance": 0,
    "stdDev": 0,
    "confidence": 0,
    "low": 0,
    "high": 0,
    "count": 5
  },
  "Compilation.runtime requirements.entries": {
    "min": 0,
    "max": 0,
    "mean": 0,
    "median": 0,
    "variance": 0,
    "stdDev": 0,
    "confidence": 0,
    "low": 0,
    "high": 0,
    "count": 5
  },
  "Compilation.runtime requirements": {
    "min": 1,
    "max": 1,
    "mean": 1,
    "median": 1,
    "variance": 0,
    "stdDev": 0,
    "confidence": 0,
    "low": 1,
    "high": 1,
    "count": 5
  },
  "Compilation.hashing: hash chunks": {
    "min": 0,
    "max": 0,
    "mean": 0,
    "median": 0,
    "variance": 0,
    "stdDev": 0,
    "confidence": 0,
    "low": 0,
    "high": 0,
    "count": 5
  },
  "Compilation.hashing: hash runtime chunks": {
    "min": 0,
    "max": 0,
    "mean": 0,
    "median": 0,
    "variance": 0,
    "stdDev": 0,
    "confidence": 0,
    "low": 0,
    "high": 0,
    "count": 5
  },
  "Compilation.hashing: process full hash chunks": {
    "min": 0,
    "max": 0,
    "mean": 0,
    "median": 0,
    "variance": 0,
    "stdDev": 0,
    "confidence": 0,
    "low": 0,
    "high": 0,
    "count": 5
  },
  "Compilation.hashing": {
    "min": 0,
    "max": 5,
    "mean": 1,
    "median": 0,
    "variance": 4,
    "stdDev": 2,
    "confidence": 3.482929882215766,
    "low": 0,
    "high": 3.482929882215766,
    "count": 5
  },
  "Compilation.create module assets": {
    "min": 0,
    "max": 0,
    "mean": 0,
    "median": 0,
    "variance": 0,
    "stdDev": 0,
    "confidence": 0,
    "low": 0,
    "high": 0,
    "count": 5
  },
  "Compilation.create chunk assets": {
    "min": 1,
    "max": 1,
    "mean": 1,
    "median": 1,
    "variance": 0,
    "stdDev": 0,
    "confidence": 0,
    "low": 1,
    "high": 1,
    "count": 5
  },
  "Compilation.process assets": {
    "min": 0,
    "max": 0,
    "mean": 0,
    "median": 0,
    "variance": 0,
    "stdDev": 0,
    "confidence": 0,
    "low": 0,
    "high": 0,
    "count": 5
  },
  "Compilation.after process assets": {
    "min": 0,
    "max": 0,
    "mean": 0,
    "median": 0,
    "variance": 0,
    "stdDev": 0,
    "confidence": 0,
    "low": 0,
    "high": 0,
    "count": 5
  },
  "Compilation.after seal": {
    "min": 0,
    "max": 0,
    "mean": 0,
    "median": 0,
    "variance": 0,
    "stdDev": 0,
    "confidence": 0,
    "low": 0,
    "high": 0,