{
  "stats": {
    "min": 1537,
    "max": 1577,
    "mean": 1552.6,
    "median": 1553,
    "variance": 190.64000000000001,
    "stdDev": 13.807244475274565,
    "confidence": 34.28241989871776,
    "low": 1535.458790050641,
    "high": 1569.7412099493588,
    "count": 5
  },
  "heap memory": {
    "min": 9565296,
    "max": 9700816,
    "mean": 9648825.6,
    "median": 9662496,
    "variance": 2262109680.6400003,
    "stdDev": 47561.64085310767,
    "confidence": 118092.2193213962,
    "low": 9589779.490339302,
    "high": 9707871.709660698,
    "count": 5
  },
  "rss memory": {
    "min": 549883904,
    "max": 649404416,
    "mean": 608244531.2,
    "median": 619786240,
    "variance": 1099477780749353,
    "stdDev": 33158374.217523888,
    "confidence": 82329918.19038296,
    "low": 567079572.1048086,
    "high": 649409490.2951915,
    "count": 5
  },
  "external memory": {
    "min": 21573795,
    "max": 21573795,
    "mean": 21573795,
    "median": 21573795,
    "variance": 0,
    "stdDev": 0,
    "confidence": 0,
    "low": 21573795,
    "high": 21573795,
    "count": 5
  },
  "array buffers memory": {
    "min": 20080644,
    "max": 20080644,
    "mean": 20080644,
    "median": 20080644,
    "variance": 0,
    "stdDev": 0,
    "confidence": 0,
    "low": 20080644,
    "high": 20080644,
    "count": 5
  },
  "Compilation.finish modules": {
    "min": 4,
    "max": 4,
    "mean": 4,
    "median": 4,
    "variance": 0,
    "stdDev": 0,
    "confidence": 0,
    "low": 4,
    "high": 4,
    "count": 5
  },
  "Compilation.optimize dependencies": {
    "min": 10,
    "max": 12,
    "mean": 11.4,
    "median": 12,
    "variance": 0.6399999999999999,
    "stdDev": 0.7999999999999999,
    "confidence": 1.986343905772614,
    "low": 10.406828047113693,
    "high": 12.393171952886307,
    "count": 5
  },
  "Compilation.rebuild chunk graph": {
    "min": 8,
    "max": 8,
    "mean": 8,
    "median": 8,
    "variance": 0,
    "stdDev": 0,
    "confidence": 0,
    "low": 8,
    "high": 8,
    "count": 5
  },
  "Compilation.create chunks": {
    "min": 14,
    "max": 15,
    "mean": 14.6,
    "median": 15,
    "variance": 0.24000000000000005,
    "stdDev": 0.48989794855663565,
    "confidence": 1.2163822557074724,
    "low": 13.991808872146263,
    "high": 15.208191127853736,
    "count": 5
  },
  "Compilation.optimize": {
    "min": 13,
    "max": 14,
    "mean": 13.6,
    "median": 14,
    "variance": 0.24000000000000005,
    "stdDev": 0.48989794855663565,
    "confidence": 1.2163822557074724,
    "low": 12.991808872146263,
    "high": 14.208191127853736,
    "count": 5
  },
  "Compilation.module ids": {
    "min": 1,
    "max": 1,
    "mean": 1,
    "median": 1,
    "variance": 0,
    "stdDev": 0,
    "confidence": 0,
    "low": 1,
    "high": 1,
    "count": 5
  },
  "Compilation.chunk ids": {
    "min": 1,
    "max": 1,
    "mean": 1,
    "median": 1,
    "variance": 0,
    "stdDev": 0,
    "confidence": 0,
    "low": 1,
    "high": 1,
    "count": 5
  },
  "Compilation.optimize code generation": {
    "min": 0,
    "max": 0,
    "mean": 0,
    "median": 0,
    "variance": 0,
    "stdDev": 0,
    "confidence": 0,
    "low": 0,
    "high": 0,
    "count": 5
  },
  "Compilation.module code generation cache": {
    "min": 0,
    "max": 0,
    "mean": 0,
    "median": 0,
    "variance": 0,
    "stdDev": 0,
    "confidence": 0,
    "low": 0,
    "high": 0,
    "count": 5
  },
  "Compilation.code generation": {
    "min": 41,
    "max": 43,
    "mean": 42.2,
    "median": 43,
    "variance": 0.96,
    "stdDev": 0.9797958971132712,
    "confidence": 2.4327645114149448,
    "low": 40.98361774429253,
    "high": 43.416382255707475,
    "count": 5
  },
  "Compilation.runtime requirements.modules": {
    "min": 0,
    "max": 0,
    "mean": 0,
    "median": 0,
    "variance": 0,
    "stdDev": 0,
    "confidence": 0,
    "low": 0,
    "high": 0,
    "count": 5
  },
  "Compilation.runtime requirements.chunks": {
    "min": 0,
    "max": 0,
    "mean": 0,
    "median": 0,
    "variance": 0,
    "stdDev": 0,
    "confidence": 0,
    "low": 0,
    "high": 0,
    "count": 5
  },
  "Compilation.runtime requirements.entries": {
    "min": 0,
    "max": 0,
    "mean": 0,
    "median": 0,
    "variance": 0,
    "stdDev": 0,
    "confidence": 0,
    "low": 0,
    "high": 0,
    "count": 5
  },
  "Compilation.runtime requirements": {
    "min": 1,
    "max": 1,
    "mean": 1,
    "median": 1,
    "variance": 0,
    "stdDev": 0,
    "confidence": 0,
    "low": 1,
    "high": 1,
    "count": 5
  },
  "Compilation.hashing: hash chunks": {
    "min": 0,
    "max": 0,
    "mean": 0,
    "median": 0,
    "variance": 0,
    "stdDev": 0,
    "confidence": 0,
    "low": 0,
    "high": 0,
    "count": 5
  },
  "Compilation.hashing: hash runtime chunks": {
    "min": 0,
    "max": 0,
    "mean": 0,
    "median": 0,
    "variance": 0,
    "stdDev": 0,
    "confidence": 0,
    "low": 0,
    "high": 0,
    "count": 5
  },
  "Compilation.hashing: process full hash chunks": {
    "min": 0,
    "max": 0,
    "mean": 0,
    "median": 0,
    "variance": 0,
    "stdDev": 0,
    "confidence": 0,
    "low": 0,
    "high": 0,
    "count": 5
  },
  "Compilation.hashing": {
    "min": 1,
    "max": 1,
    "mean": 1,
    "median": 1,
    "variance": 0,
    "stdDev": 0,
    "confidence": 0,
    "low": 1,
    "high": 1,
    "count": 5
  },
  "Compilation.create module assets": {
    "min": 0,
    "max": 0,
    "mean": 0,
    "median": 0,
    "variance": 0,
    "stdDev": 0,
    "confidence": 0,
    "low": 0,
    "high": 0,
    "count": 5
  },
  "Compilation.create chunk assets": {
    "min": 2,
    "max": 3,
    "mean": 2.4,
    "median": 2,
    "variance": 0.24,
    "stdDev": 0.4898979485566356,
    "confidence": 1.216382255707473,
    "low": 1.7918088721462635,
    "high": 3.0081911278537365,
    "count": 5
  },
  "Compilation.process assets": {
    "min": 1317,
    "max": 1358,
    "mean": 1331.8,
    "median": 1324,
    "variance": 226.95999999999998,
    "stdDev": 15.065191668213185,
    "confidence": 37.40581457431472,
    "low": 1313.0970927128426,
    "high": 1350.5029072871573,
    "count": 5
  },
  "Compilation.after process assets": {
    "min": 0,
    "max": 0,
    "mean": 0,
    "median": 0,
    "variance": 0,
    "stdDev": 0,
    "confidence": 0,
    "low": 0,
    "high": 0,
    "count": 5
  },
  "Compilation.after seal": {
    "min": 0,
    "max": 0,
    "mean": 0,
    "median": 0,
    "variance": 0,
    "stdDev": 0,
    "confidence": 0,
    "low": 0,
    "high": 0,
    "count": 5
  },
  "Compiler.make hook": {
    "min": 52,
    "max": 59,
    "mean": 55.2,
    "median": 54,
    "variance": 7.76,
    "stdDev": 2.7856776554368237,
    "confidence": 6.9166422929048395,
    "low": 51.74167885354758,
    "high": 58.65832114645242,
    "count": 5
  },
  "Compiler.make": {
    "min": 58,
    "max": 66,
    "mean": 61.2,
    "median": 60,
    "variance": 10.559999999999999,
    "stdDev": 3.249615361854384,
    "confidence": 8.068567087655651,
    "low": 57.16571645617218,
    "high": 65.23428354382783,
    "count": 5
  },
  "Compiler.finish make hook": {
    "min": 0,
    "max": 0,
    "mean": 0,
    "median": 0,
    "variance": 0,
    "stdDev": 0,
    "confidence": 0,
    "low": 0,
    "high": 0,
    "count": 5
  },
  "Compiler.finish compilation": {
    "min": 6,
    "max": 6,
    "mean": 6,
    "median": 6,
    "variance": 0,
    "stdDev": 0,
    "confidence": 0,
    "low": 6,
    "high": 6,
    "count": 5
  },
  "Compiler.seal compilation": {
    "min": 1417,
    "max": 1458,
    "mean": 1431,
    "median": 1425,
    "variance": 233.2,
    "stdDev": 15.270887335056859,
    "confidence": 37.91654249216299,
    "low": 1412.0417287539185,
    "high": 1449.9582712460815,
    "count": 5
  },
  "Compiler.emitAssets": {
    "min": 27,
    "max": 30,
    "mean": 28,
    "median": 28,
    "variance": 1.2,
    "stdDev": 1.0954451150103321,
    "confidence": 2.7199134103864395,