{
  "stats": {
    "min": 26752,
    "max": 27830,
    "mean": 27329.2,
    "median": 27505,
    "variance": 171986.16,
    "stdDev": 414.7121411292416,
    "confidence": 1029.7011677274786,
    "low": 26814.34941613626,
    "high": 27844.05058386374,
    "count": 5
  },
  "heap memory": {
    "min": 6510728,
    "max": 6739680,
    "mean": 6560806.4,
    "median": 6515512,
    "variance": 8028146800.639999,
    "stdDev": 89599.92634282686,
    "confidence": 222470.33456093632,
    "low": 6449571.232719532,
    "high": 6672041.5672804685,
    "count": 5
  },
  "rss memory": {
    "min": 8750039040,
    "max": 9705652224,
    "mean": 9198921318.4,
    "median": 9158217728,
    "variance": 93693011322931760,
    "stdDev": 306093141.5810092,
    "confidence": 760007807.9727898,
    "low": 8818917414.413605,
    "high": 9578925222.386395,
    "count": 5
  },
  "external memory": {
    "min": 911095526,
    "max": 915766626,
    "mean": 912029746,
    "median": 911095526,
    "variance": 3491068033600,
    "stdDev": 1868440,
    "confidence": 4639205.50912714,
    "low": 909710143.2454364,
    "high": 914349348.7545636,
    "count": 5
  },
  "array buffers memory": {
    "min": 10475,
    "max": 10475,
    "mean": 10475,
    "median": 10475,
    "variance": 0,
    "stdDev": 0,
    "confidence": 0,
    "low": 10475,
    "high": 10475,
    "count": 5
  },
  "Compilation.finish modules": {
    "min": 24,
    "max": 41,
    "mean": 27.4,
    "median": 24,
    "variance": 46.239999999999995,
    "stdDev": 6.8,
    "confidence": 16.883923199067212,
    "low": 18.958038400466393,
    "high": 35.841961599533604,
    "count": 5
  },
  "Compilation.optimize dependencies": {
    "min": 39,
    "max": 72,
    "mean": 46.2,
    "median": 40,
    "variance": 166.56,
    "stdDev": 12.905812643921342,
    "confidence": 32.044227867870376,
    "low": 30.17788606606482,
    "high": 62.22211393393519,
    "count": 5
  },
  "Compilation.rebuild chunk graph": {
    "min": 31,
    "max": 75,
    "mean": 41.4,
    "median": 35,
    "variance": 285.43999999999994,
    "stdDev": 16.8949696655543,
    "confidence": 41.94902504173368,
    "low": 20.42548747913316,
    "high": 62.37451252086684,
    "count": 5
  },
  "Compilation.create chunks": {
    "min": 60,
    "max": 115,
    "mean": 73,
    "median": 61,
    "variance": 444.4,
    "stdDev": 21.080796948882174,
    "confidence": 52.342140685302496,
    "low": 46.82892965734875,
    "high": 99.17107034265125,
    "count": 5
  },
  "Compilation.optimize": {
    "min": 64,
    "max": 118,
    "mean": 76.4,
    "median": 65,
    "variance": 434.64,
    "stdDev": 20.84802148886076,
    "confidence": 51.764175539768814,
    "low": 50.5179122301156,
    "high": 102.28208776988441,
    "count": 5
  },
  "Compilation.module ids": {
    "min": 2,
    "max": 4,
    "mean": 2.4,
    "median": 2,
    "variance": 0.64,
    "stdDev": 0.8,
    "confidence": 1.986343905772613,
    "low": 1.4068280471136934,
    "high": 3.3931719528863065,
    "count": 5
  },
  "Compilation.chunk ids": {
    "min": 3,
    "max": 5,
    "mean": 3.4,
    "median": 3,
    "variance": 0.64,
    "stdDev": 0.8,
    "confidence": 1.986343905772613,
    "low": 2.4068280471136934,
    "high": 4.3931719528863065,
    "count": 5
  },
  "Compilation.optimize code generation": {
    "min": 4,
    "max": 9,
    "mean": 5,
    "median": 4,
    "variance": 4,
    "stdDev": 2,
    "confidence": 4.965859764431531,
    "low": 2.517070117784234,
    "high": 7.482929882215766,
    "count": 5
  },
  "Compilation.code generation": {
    "min": 448,
    "max": 833,
    "mean": 551,
    "median": 505,
    "variance": 20722.8,
    "stdDev": 143.9541593702662,
    "confidence": 357.4280839696848,
    "low": 372.28595801515763,
    "high": 729.7140419848424,
    "count": 5
  },
  "Compilation.runtime requirements.modules": {
    "min": 2,
    "max": 2,
    "mean": 2,
    "median": 2,
    "variance": 0,
    "stdDev": 0,
    "confidence": 0,
    "low": 2,
    "high": 2,
    "count": 5
  },
  "Compilation.runtime requirements.chunks": {
    "min": 0,
    "max": 0,
    "mean": 0,
    "median": 0,
    "variance": 0,
    "stdDev": 0,
    "confidence": 0,
    "low": 0,
    "high": 0,
    "count": 5
  },
  "Compilation.runtime requirements.entries": {
    "min": 0,
    "max": 0,
    "mean": 0,
    "median": 0,
    "variance": 0,
    "stdDev": 0,
    "confidence": 0,
    "low": 0,
    "high": 0,
    "count": 5
  },
  "Compilation.runtime requirements": {
    "min": 3,
    "max": 4,
    "mean": 3.8,
    "median": 4,
    "variance": 0.15999999999999998,
    "stdDev": 0.39999999999999997,
    "confidence": 0.9931719528863066,
    "low": 3.3034140235568468,
    "high": 4.296585976443153,
    "count": 5
  },
  "Compilation.hashing: hash chunks": {
    "min": 0,
    "max": 0,
    "mean": 0,
    "median": 0,
    "variance": 0,
    "stdDev": 0,
    "confidence": 0,
    "low": 0,
    "high": 0,
    "count": 5
  },
  "Compilation.hashing: hash runtime chunks": {
    "min": 0,
    "max": 0,
    "mean": 0,
    "median": 0,
    "variance": 0,
    "stdDev": 0,
    "confidence": 0,
    "low": 0,
    "high": 0,
    "count": 5
  },
  "Compilation.hashing: process full hash chunks": {
    "min": 0,
    "max": 0,
    "mean": 0,
    "median": 0,
    "variance": 0,
    "stdDev": 0,
    "confidence": 0,
    "low": 0,
    "high": 0,
    "count": 5
  },
  "Compilation.hashing": {
    "min": 0,
    "max": 0,
    "mean": 0,
    "median": 0,
    "variance": 0,
    "stdDev": 0,
    "confidence": 0,
    "low": 0,
    "high": 0,
    "count": 5
  },
  "Compilation.create module assets": {
    "min": 0,
    "max": 1,
    "mean": 0.8,
    "median": 1,
    "variance": 0.16000000000000006,
    "stdDev": 0.4000000000000001,
    "confidence": 0.9931719528863066,
    "low": 0.30341402355684677,
    "high": 1.2965859764431533,
    "count": 5
  },
  "Compilation.create chunk assets": {
    "min": 1,
    "max": 2,
    "mean": 1.8,
    "median": 2,
    "variance": 0.16000000000000006,
    "stdDev": 0.4000000000000001,
    "confidence": 0.9931719528863066,
    "low": 1.3034140235568468,
    "high": 2.2965859764431533,
    "count": 5
  },
  "Compilation.process assets": {
    "min": 7511,
    "max": 7670,
    "mean": 7604.8,
    "median": 7631,
    "variance": 3325.3599999999997,
    "stdDev": 57.665934484754516,
    "confidence": 143.18047191809273,
    "low": 7533.209764040954,
    "high": 7676.390235959047,
    "count": 5
  },
  "Compilation.after process assets": {
    "min": 0,
    "max": 0,
    "mean": 0,
    "median": 0,
    "variance": 0,
    "stdDev": 0,
    "confidence": 0,
    "low": 0,
    "high": 0,
    "count": 5
  },
  "Compilation.after seal": {
    "min": 0,
    "max": 0,
    "mean": 0,
    "median": 0,
    "variance": 0,
    "stdDev": 0,
    "confidence": 0,
    "low": 0,
    "high": 0,
    "count": 5
  },
  "Compiler.make hook": {
    "min": 0,
    "max": 0,
    "mean": 0,
    "median": 0,
    "variance": 0,
    "stdDev": 0,
    "confidence": 0,
    "low": 0,
    "high": 0,
    "count": 5
  },
  "Compiler.make": {
    "min": 17809,
    "max": 18663,
    "mean": 18177.4,
    "median": 18027,
    "variance": 133403.84,
    "stdDev": 365.2449041396745,
    "confidence": 906.8774868154287,
    "low": 17723.961256592287,
    "high": 18630.838743407716,
    "count": 5
  },
  "Compiler.finish make hook": {
    "min": 0,
    "max": 0,
    "mean": 0,
    "median": 0,
    "variance": 0,
    "stdDev": 0,
    "confidence": 0,
    "low": 0,
    "high": 0,
    "count": 5
  },
  "Compiler.finish compilation": {
    "min": 30,
    "max": 51,
    "mean": 34.2,
    "median": 30,
    "variance": 70.56,
    "stdDev": 8.4,
    "confidence": 20.85661101061244,
    "low": 23.771694494693783,
    "high": 44.62830550530622,
    "count": 5
  },
  "Compiler.seal compilation": {
    "min": 8184,
    "max": 8803,
    "mean": 8419.6,
    "median": 8369,
    "variance": 42151.03999999999,
    "stdDev": 205.30718448218025,