{
  "stats": {
    "min": 1078,
    "max": 1164,
    "mean": 1129.8,
    "median": 1141,
    "variance": 993.3599999999999,
    "stdDev": 31.517614122899595,
    "confidence": 78.25602592189307,
    "low": 1090.6719870390534,
    "high": 1168.9280129609465,
    "count": 5
  },
  "heap memory": {
    "min": 15644264,
    "max": 15703312,
    "mean": 15682929.6,
    "median": 15695800,
    "variance": 506291184.64,
    "stdDev": 22500.915195609265,
    "confidence": 55868.19471638277,
    "low": 15654995.502641808,
    "high": 15710863.697358191,
    "count": 5
  },
  "rss memory": {
    "min": 474963968,
    "max": 486248448,
    "mean": 482591539.2,
    "median": 483598336,
    "variance": 17103186569461.762,
    "stdDev": 4135599.9044227866,
    "confidence": 10268404.583580017,
    "low": 477457336.90821,
    "high": 487725741.49179,
    "count": 5
  },
  "external memory": {
    "min": 2541005,
    "max": 2541005,
    "mean": 2541005,
    "median": 2541005,
    "variance": 0,
    "stdDev": 0,
    "confidence": 0,
    "low": 2541005,
    "high": 2541005,
    "count": 5
  },
  "array buffers memory": {
    "min": 10515,
    "max": 10515,
    "mean": 10515,
    "median": 10515,
    "variance": 0,
    "stdDev": 0,
    "confidence": 0,
    "low": 10515,
    "high": 10515,
    "count": 5
  },
  "Compilation.build module graph": {
    "min": 459.700766,
    "max": 505.804163,
    "mean": 488.30614320000007,
    "median": 492.138742,
    "variance": 262.2790251569384,
    "stdDev": 16.195030878542294,
    "confidence": 40.21112611173976,
    "low": 468.2005801441302,
    "high": 508.41170625586994,
    "count": 5
  },
  "Compilation.finish modules": {
    "min": 16.639848,
    "max": 18.607095,
    "mean": 17.491663600000003,
    "median": 17.141448,
    "variance": 0.5366828387706402,
    "stdDev": 0.7325864036211975,
    "confidence": 1.8189606728560506,
    "low": 16.582183263571977,
    "high": 18.401143936428028,
    "count": 5
  },
  "Compilation.seal": {
    "min": 0.003936,
    "max": 0.004854,
    "mean": 0.0044606,
    "median": 0.004439,
    "variance": 9.418183999999989e-8,
    "stdDev": 0.0003068905993998511,
    "confidence": 0.0007619878398209979,
    "low": 0.004079606080089501,
    "high": 0.004841593919910499,
    "count": 5
  },
  "Compilation.optimize dependencies": {
    "min": 122.263495,
    "max": 128.907401,
    "mean": 126.37597860000001,
    "median": 126.700274,
    "variance": 4.901582271632224,
    "stdDev": 2.213951732001451,
    "confidence": 5.497086913169753,
    "low": 123.62743514341513,
    "high": 129.12452205658488,
    "count": 5
  },
  "Compilation.rebuild chunk graph": {
    "min": 29.118454,
    "max": 32.248104,
    "mean": 30.863414999999996,
    "median": 31.296803,
    "variance": 1.560851810061198,
    "stdDev": 1.2493405500747976,
    "confidence": 3.1020249848446007,
    "low": 29.312402507577698,
    "high": 32.4144274924223,
    "count": 5
  },
  "Compilation.build chunk graph": {
    "min": 29.128711,
    "max": 32.258744,
    "mean": 30.8737998,
    "median": 31.307254,
    "variance": 1.5609751072541607,
    "stdDev": 1.2493898940099366,
    "confidence": 3.102147502375658,
    "low": 29.32272604881217,
    "high": 32.42487355118783,
    "count": 5
  },
  "Compilation.optimize modules": {
    "min": 0.006903,
    "max": 0.007125,
    "mean": 0.0069964,
    "median": 0.00699,
    "variance": 6.443040000000013e-9,
    "stdDev": 0.00008026854925809992,
    "confidence": 0.00019930117955504513,
    "low": 0.006896749410222477,
    "high": 0.007096050589777522,
    "count": 5
  },
  "Compilation.optimize chunks": {
    "min": 17.904301,
    "max": 21.286385,
    "mean": 19.9426728,
    "median": 20.09487,
    "variance": 1.3168276708693596,
    "stdDev": 1.1475311197825353,
    "confidence": 2.849239308080577,
    "low": 18.518053145959712,
    "high": 21.36729245404029,
    "count": 5
  },
  "Compilation.optimize tree": {
    "min": 0.002945,
    "max": 0.005725,
    "mean": 0.0040314,
    "median": 0.003643,
    "variance": 0.0000011398198399999998,
    "stdDev": 0.001067623454219698,
    "confidence": 0.002650834177436504,
    "low": 0.002705982911281748,
    "high": 0.005356817088718252,
    "count": 5
  },
  "Compilation.optimize chunk modules": {
    "min": 60.671536,
    "max": 68.408272,
    "mean": 64.7665682,
    "median": 65.188673,
    "variance": 6.171086539430948,
    "stdDev": 2.484167172198954,
    "confidence": 6.168012904272217,
    "low": 61.682561747863886,
    "high": 67.8505746521361,
    "count": 5
  },
  "Compilation.module ids": {
    "min": 3.758697,
    "max": 3.922956,
    "mean": 3.8199134,
    "median": 3.794743,
    "variance": 0.003668280623439997,
    "stdDev": 0.060566332425201354,
    "confidence": 0.15038195663474596,
    "low": 3.744722421682627,
    "high": 3.895104378317373,
    "count": 5
  },
  "Compilation.chunk ids": {
    "min": 3.824687,
    "max": 4.107568,
    "mean": 3.9509692000000003,
    "median": 3.96754,
    "variance": 0.00928420731255999,
    "stdDev": 0.09635459154892406,
    "confidence": 0.23924169464551825,
    "low": 3.831348352677241,
    "high": 4.070590047322759,
    "count": 5
  },
  "Compilation.assign runtime ids": {
    "min": 0.003131,
    "max": 0.003876,
    "mean": 0.0036861999999999997,
    "median": 0.003833,
    "variance": 7.859895999999999e-8,
    "stdDev": 0.00028035506059281325,
    "confidence": 0.0006961019575763075,
    "low": 0.003338149021211846,
    "high": 0.0040342509787881535,
    "count": 5
  },
  "Compilation.optimize code generation": {
    "min": 2.998454,
    "max": 3.608581,
    "mean": 3.2029386000000004,
    "median": 3.147224,
    "variance": 0.044607120559839994,
    "stdDev": 0.21120397856063222,
    "confidence": 0.5244046696110516,
    "low": 2.9407362651944746,
    "high": 3.465140934805526,
    "count": 5
  },
  "Compilation.create module hashes": {
    "min": 30.631444,
    "max": 33.508608,
    "mean": 31.9789766,
    "median": 31.699513,
    "variance": 1.4749843362310417,
    "stdDev": 1.214489331460364,
    "confidence": 3.01549185271519,
    "low": 30.471230673642406,
    "high": 33.486722526357596,
    "count": 5
  },
  "Compilation.code generation": {
    "min": 102.653663,
    "max": 109.231411,
    "mean": 106.35074320000001,
    "median": 106.67974,
    "variance": 4.4660358054325595,
    "stdDev": 2.1132997433948075,
    "confidence": 5.2471750829538735,
    "low": 103.72715565852307,
    "high": 108.97433074147695,
    "count": 5
  },
  "Compilation.runtime requirements.modules": {
    "min": 2.264281,
    "max": 2.818732,
    "mean": 2.5692242,
    "median": 2.593579,
    "variance": 0.03155107347255998,
    "stdDev": 0.17762621842667253,
    "confidence": 0.4410334455965703,
    "low": 2.3487074772017147,
    "high": 2.789740922798285,
    "count": 5
  },
  "Compilation.runtime requirements.chunks": {
    "min": 0.832941,
    "max": 0.991235,
    "mean": 0.9087128,
    "median": 0.907393,
    "variance": 0.0032517264385599986,
    "stdDev": 0.05702391111244474,
    "confidence": 0.14158637290190468,
    "low": 0.8379196135490476,
    "high": 0.9795059864509523,
    "count": 5
  },
  "Compilation.runtime requirements.entries": {
    "min": 0.856252,
    "max": 0.916386,
    "mean": 0.8847200000000001,
    "median": 0.873199,
    "variance": 0.0005109122060000007,
    "stdDev": 0.0226033671385482,
    "confidence": 0.05612257570699519,
    "low": 0.8566587121465025,
    "high": 0.9127812878534977,
    "count": 5
  },
  "Compilation.runtime requirements": {
    "min": 4.370856,
    "max": 5.127005,
    "mean": 4.778998400000001,
    "median": 4.746652,
    "variance": 0.06248364952663997,
    "stdDev": 0.2499672969142963,
    "confidence": 0.6206512710852081,
    "low": 4.468672764457397,
    "high": 5.089324035542605,
    "count": 5
  },
  "Compilation.hashing: hash chunks": {
    "min": 1.002836,
    "max": 1.544775,
    "mean": 1.1406668,
    "median": 1.054813,