{
  "stats": {
    "min": 3010,
    "max": 3239,
    "mean": 3082.2,
    "median": 3062,
    "variance": 6546.16,
    "stdDev": 80.90834320389956,
    "confidence": 200.88974306153068,
    "low": 2981.7551284692345,
    "high": 3182.644871530765,
    "count": 5
  },
  "heap memory": {
    "min": 97632080,
    "max": 101011136,
    "mean": 99152540.8,
    "median": 97632080,
    "variance": 2181841421736.9597,
    "stdDev": 1477105.758480739,
    "confidence": 3667550.0269248188,
    "low": 97318765.78653759,
    "high": 100986315.8134624,
    "count": 5
  },
  "rss memory": {
    "min": 721342464,
    "max": 795181056,
    "mean": 750341324.8,
    "median": 738074624,
    "variance": 664660828183593,
    "stdDev": 25781016.818263646,
    "confidence": 64012457.05197406,
    "low": 718335096.2740129,
    "high": 782347553.325987,
    "count": 5
  },
  "external memory": {
    "min": 30209092,
    "max": 30240708,
    "mean": 30231108,
    "median": 30232516,
    "variance": 134597836.8,
    "stdDev": 11601.630781920274,
    "confidence": 28806.035750865936,
    "low": 30216704.982124567,
    "high": 30245511.017875433,
    "count": 5
  },
  "array buffers memory": {
    "min": 2234816,
    "max": 2268214,
    "mean": 2258257.6,
    "median": 2260022,
    "variance": 150798925.44,
    "stdDev": 12280.021394118172,
    "confidence": 30490.4320737049,
    "low": 2243012.3839631476,
    "high": 2273502.8160368525,
    "count": 5
  },
  "Compilation.finish modules": {
    "min": 6,
    "max": 7,
    "mean": 6.2,
    "median": 6,
    "variance": 0.15999999999999998,
    "stdDev": 0.39999999999999997,
    "confidence": 0.993171952886307,
    "low": 5.703414023556847,
    "high": 6.696585976443154,
    "count": 5
  },
  "Compilation.optimize dependencies": {
    "min": 12,
    "max": 13,
    "mean": 12.8,
    "median": 13,
    "variance": 0.15999999999999998,
    "stdDev": 0.39999999999999997,
    "confidence": 0.993171952886307,
    "low": 12.303414023556847,
    "high": 13.296585976443154,
    "count": 5
  },
  "Compilation.rebuild chunk graph": {
    "min": 9,
    "max": 10,
    "mean": 9.8,
    "median": 10,
    "variance": 0.16,
    "stdDev": 0.4,
    "confidence": 0.993171952886307,
    "low": 9.303414023556847,
    "high": 10.296585976443154,
    "count": 5
  },
  "Compilation.create chunks": {
    "min": 15,
    "max": 17,
    "mean": 15.4,
    "median": 15,
    "variance": 0.6399999999999999,
    "stdDev": 0.7999999999999999,
    "confidence": 1.9863439057726122,
    "low": 14.406828047113693,
    "high": 16.393171952886306,
    "count": 5
  },
  "Compilation.optimize": {
    "min": 18,
    "max": 20,
    "mean": 19.2,
    "median": 19,
    "variance": 0.56,
    "stdDev": 0.7483314773547883,
    "confidence": 1.858054586926876,
    "low": 18.27097270653656,
    "high": 20.129027293463437,
    "count": 5
  },
  "Compilation.module ids": {
    "min": 1,
    "max": 1,
    "mean": 1,
    "median": 1,
    "variance": 0,
    "stdDev": 0,
    "confidence": 0,
    "low": 1,
    "high": 1,
    "count": 5
  },
  "Compilation.chunk ids": {
    "min": 1,
    "max": 1,
    "mean": 1,
    "median": 1,
    "variance": 0,
    "stdDev": 0,
    "confidence": 0,
    "low": 1,
    "high": 1,
    "count": 5
  },
  "Compilation.optimize code generation": {
    "min": 1,
    "max": 1,
    "mean": 1,
    "median": 1,
    "variance": 0,
    "stdDev": 0,
    "confidence": 0,
    "low": 1,
    "high": 1,
    "count": 5
  },
  "Compilation.code generation": {
    "min": 43,
    "max": 46,
    "mean": 44.6,
    "median": 45,
    "variance": 1.0399999999999998,
    "stdDev": 1.0198039027185568,
    "confidence": 2.5321015840601575,
    "low": 43.33394920796992,
    "high": 45.86605079203008,
    "count": 5
  },
  "Compilation.runtime requirements.modules": {
    "min": 0,
    "max": 2,
    "mean": 0.6,
    "median": 0,
    "variance": 0.64,
    "stdDev": 0.8,
    "confidence": 1.5931719528863066,
    "low": 0,
    "high": 1.5931719528863066,
    "count": 5
  },
  "Compilation.runtime requirements.chunks": {
    "min": 0,
    "max": 0,
    "mean": 0,
    "median": 0,
    "variance": 0,
    "stdDev": 0,
    "confidence": 0,
    "low": 0,
    "high": 0,
    "count": 5
  },
  "Compilation.runtime requirements.entries": {
    "min": 0,
    "max": 0,
    "mean": 0,
    "median": 0,
    "variance": 0,
    "stdDev": 0,
    "confidence": 0,
    "low": 0,
    "high": 0,
    "count": 5
  },
  "Compilation.runtime requirements": {
    "min": 1,
    "max": 3,
    "mean": 1.6,
    "median": 1,
    "variance": 0.64,
    "stdDev": 0.8,
    "confidence": 1.986343905772613,
    "low": 0.6068280471136935,
    "high": 2.5931719528863066,
    "count": 5
  },
  "Compilation.hashing: hash chunks": {
    "min": 0,
    "max": 0,
    "mean": 0,
    "median": 0,
    "variance": 0,
    "stdDev": 0,
    "confidence": 0,
    "low": 0,
    "high": 0,
    "count": 5
  },
  "Compilation.hashing: hash runtime chunks": {
    "min": 0,
    "max": 0,
    "mean": 0,
    "median": 0,
    "variance": 0,
    "stdDev": 0,
    "confidence": 0,
    "low": 0,
    "high": 0,
    "count": 5
  },
  "Compilation.hashing: process full hash chunks": {
    "min": 0,
    "max": 0,
    "mean": 0,
    "median": 0,
    "variance": 0,
    "stdDev": 0,
    "confidence": 0,
    "low": 0,
    "high": 0,
    "count": 5
  },
  "Compilation.hashing": {
    "min": 1,
    "max": 1,
    "mean": 1,
    "median": 1,
    "variance": 0,
    "stdDev": 0,
    "confidence": 0,
    "low": 1,
    "high": 1,
    "count": 5
  },
  "Compilation.create module assets": {
    "min": 0,
    "max": 0,
    "mean": 0,
    "median": 0,
    "variance": 0,
    "stdDev": 0,
    "confidence": 0,
    "low": 0,
    "high": 0,
    "count": 5
  },
  "Compilation.create chunk assets": {
    "min": 2,
    "max": 3,
    "mean": 2.4,
    "median": 2,
    "variance": 0.24,
    "stdDev": 0.4898979485566356,
    "confidence": 1.216382255707473,
    "low": 1.7918088721462635,
    "high": 3.0081911278537365,
    "count": 5
  },
  "Compilation.process assets": {
    "min": 1520,
    "max": 1679,
    "mean": 1563.2,
    "median": 1534,
    "variance": 3442.96,
    "stdDev": 58.67674155915613,
    "confidence": 145.69023500828052,
    "low": 1490.3548824958598,
    "high": 1636.0451175041403,
    "count": 5
  },
  "Compilation.after process assets": {
    "min": 0,
    "max": 0,
    "mean": 0,
    "median": 0,
    "variance": 0,
    "stdDev": 0,
    "confidence": 0,
    "low": 0,
    "high": 0,
    "count": 5
  },
  "Compilation.after seal": {
    "min": 0,
    "max": 0,
    "mean": 0,
    "median": 0,
    "variance": 0,
    "stdDev": 0,
    "confidence": 0,
    "low": 0,
    "high": 0,
    "count": 5
  },
  "Compiler.make hook": {
    "min": 0,
    "max": 0,
    "mean": 0,
    "median": 0,
    "variance": 0,
    "stdDev": 0,
    "confidence": 0,
    "low": 0,
    "high": 0,
    "count": 5
  },
  "Compiler.make": {
    "min": 1273,
    "max": 1362,
    "mean": 1317.6,
    "median": 1317,
    "variance": 817.8399999999999,
    "stdDev": 28.597902020952514,
    "confidence": 71.00658549650143,
    "low": 1282.0967072517492,
    "high": 1353.1032927482506,
    "count": 5
  },
  "Compiler.finish make hook": {
    "min": 0,
    "max": 0,
    "mean": 0,
    "median": 0,
    "variance": 0,
    "stdDev": 0,
    "confidence": 0,
    "low": 0,
    "high": 0,
    "count": 5
  },
  "Compiler.finish compilation": {
    "min": 8,
    "max": 9,
    "mean": 8.2,
    "median": 8,
    "variance": 0.16,
    "stdDev": 0.4,
    "confidence": 0.993171952886307,
    "low": 7.703414023556846,
    "high": 8.696585976443153,
    "count": 5
  },
  "Compiler.seal compilation": {
    "min": 1631,
    "max": 1791,
    "mean": 1675.4,
    "median": 1647,
    "variance": 3459.84,
    "stdDev": 58.820404622885754,
    "confidence": 146.0469403221855,
    "low": 1602.3765298389073,
    "high": 1748.4234701610928,
    "count": 5
  },
  "Compiler.emitAssets": {
    "min": 57,
    "max": 80,
    "mean": 62.8,