{
  "stats": {
    "min": 468,
    "max": 489,
    "mean": 478.8,
    "median": 480,
    "variance": 49.36,
    "stdDev": 7.025667228100119,
    "confidence": 17.44423910315379,
    "low": 470.0778804484231,
    "high": 487.5221195515769,
    "count": 5
  },
  "heap memory": {
    "min": 8765136,
    "max": 8794320,
    "mean": 8773395.2,
    "median": 8768320,
    "variance": 119154421.75999999,
    "stdDev": 10915.787729705997,
    "confidence": 27103.13554201275,
    "low": 8759843.632228993,
    "high": 8786946.767771006,
    "count": 5
  },
  "rss memory": {
    "min": 638341120,
    "max": 671424512,
    "mean": 658672025.6,
    "median": 668528640,
    "variance": 189023756159549.44,
    "stdDev": 13748591.060888728,
    "confidence": 34136787.58344531,
    "low": 641603631.8082774,
    "high": 675740419.3917227,
    "count": 5
  },
  "external memory": {
    "min": 2839063,
    "max": 2839063,
    "mean": 2839063,
    "median": 2839063,
    "variance": 0,
    "stdDev": 0,
    "confidence": 0,
    "low": 2839063,
    "high": 2839063,
    "count": 5
  },
  "array buffers memory": {
    "min": 899239,
    "max": 899239,
    "mean": 899239,
    "median": 899239,
    "variance": 0,
    "stdDev": 0,
    "confidence": 0,
    "low": 899239,
    "high": 899239,
    "count": 5
  },
  "Compilation.build module graph": {
    "min": 155,
    "max": 162,
    "mean": 157.2,
    "median": 156,
    "variance": 6.959999999999999,
    "stdDev": 2.6381811916545836,
    "confidence": 6.550418915458749,
    "low": 153.9247905422706,
    "high": 160.47520945772936,
    "count": 5
  },
  "Compilation.finish modules": {
    "min": 18,
    "max": 20,
    "mean": 19.4,
    "median": 20,
    "variance": 0.6399999999999999,
    "stdDev": 0.7999999999999999,
    "confidence": 1.986343905772614,
    "low": 18.40682804711369,
    "high": 20.393171952886306,
    "count": 5
  },
  "Compilation.seal": {
    "min": 0,
    "max": 0,
    "mean": 0,
    "median": 0,
    "variance": 0,
    "stdDev": 0,
    "confidence": 0,
    "low": 0,
    "high": 0,
    "count": 5
  },
  "Compilation.optimize dependencies": {
    "min": 26,
    "max": 27,
    "mean": 26.2,
    "median": 26,
    "variance": 0.16,
    "stdDev": 0.4,
    "confidence": 0.993171952886307,
    "low": 25.703414023556846,
    "high": 26.696585976443153,
    "count": 5
  },
  "Compilation.rebuild chunk graph": {
    "min": 24,
    "max": 26,
    "mean": 25,
    "median": 25,
    "variance": 0.4,
    "stdDev": 0.6324555320336759,
    "confidence": 1.5703427396590826,
    "low": 24.21482863017046,
    "high": 25.78517136982954,
    "count": 5
  },
  "Compilation.build chunk graph": {
    "min": 27,
    "max": 27,
    "mean": 27,
    "median": 27,
    "variance": 0,
    "stdDev": 0,
    "confidence": 0,
    "low": 27,
    "high": 27,
    "count": 5
  },
  "Compilation.optimize modules": {
    "min": 0,
    "max": 0,
    "mean": 0,
    "median": 0,
    "variance": 0,
    "stdDev": 0,
    "confidence": 0,
    "low": 0,
    "high": 0,
    "count": 5
  },
  "Compilation.optimize chunks": {
    "min": 23,
    "max": 24,
    "mean": 23.4,
    "median": 23,
    "variance": 0.24,
    "stdDev": 0.4898979485566356,
    "confidence": 1.2163822557074724,
    "low": 22.791808872146262,
    "high": 24.008191127853735,
    "count": 5
  },
  "Compilation.optimize tree": {
    "min": 0,
    "max": 0,
    "mean": 0,
    "median": 0,
    "variance": 0,
    "stdDev": 0,
    "confidence": 0,
    "low": 0,
    "high": 0,
    "count": 5
  },
  "Compilation.optimize chunk modules": {
    "min": 45,
    "max": 51,
    "mean": 49.2,
    "median": 50,
    "variance": 4.960000000000001,
    "stdDev": 2.227105745132009,
    "confidence": 5.529747405442677,
    "low": 46.435126297278664,
    "high": 51.96487370272134,
    "count": 5
  },
  "Compilation.module ids": {
    "min": 1,
    "max": 1,
    "mean": 1,
    "median": 1,
    "variance": 0,
    "stdDev": 0,
    "confidence": 0,
    "low": 1,
    "high": 1,
    "count": 5
  },
  "Compilation.chunk ids": {
    "min": 1,
    "max": 2,
    "mean": 1.4,
    "median": 1,
    "variance": 0.24,
    "stdDev": 0.4898979485566356,
    "confidence": 1.216382255707473,
    "low": 0.7918088721462635,
    "high": 2.0081911278537365,
    "count": 5
  },
  "Compilation.assign runtime ids": {
    "min": 0,
    "max": 0,
    "mean": 0,
    "median": 0,
    "variance": 0,
    "stdDev": 0,
    "confidence": 0,
    "low": 0,
    "high": 0,
    "count": 5
  },
  "Compilation.optimize code generation": {
    "min": 3,
    "max": 3,
    "mean": 3,
    "median": 3,
    "variance": 0,
    "stdDev": 0,
    "confidence": 0,
    "low": 3,
    "high": 3,
    "count": 5
  },
  "Compilation.create module hashes": {
    "min": 29,
    "max": 34,
    "mean": 31.4,
    "median": 31,
    "variance": 2.6400000000000006,
    "stdDev": 1.6248076809271923,
    "confidence": 4.034283543827826,
    "low": 29.382858228086086,
    "high": 33.41714177191391,
    "count": 5
  },
  "Compilation.module code generation cache": {
    "min": 0,
    "max": 0,
    "mean": 0,
    "median": 0,
    "variance": 0,
    "stdDev": 0,
    "confidence": 0,
    "low": 0,
    "high": 0,
    "count": 5
  },
  "Compilation.code generation": {
    "min": 89,
    "max": 93,
    "mean": 90.6,
    "median": 89,
    "variance": 3.84,
    "stdDev": 1.9595917942265424,
    "confidence": 4.8655290228298895,
    "low": 88.16723548858505,
    "high": 93.03276451141494,
    "count": 5
  },
  "Compilation.runtime requirements.modules": {
    "min": 0,
    "max": 1,
    "mean": 0.2,
    "median": 0,
    "variance": 0.16000000000000003,
    "stdDev": 0.4,
    "confidence": 0.6965859764431532,
    "low": 0,
    "high": 0.6965859764431532,
    "count": 5
  },
  "Compilation.runtime requirements.chunks": {
    "min": 0,
    "max": 0,
    "mean": 0,
    "median": 0,
    "variance": 0,
    "stdDev": 0,
    "confidence": 0,
    "low": 0,
    "high": 0,
    "count": 5
  },
  "Compilation.runtime requirements.entries": {
    "min": 0,
    "max": 0,
    "mean": 0,
    "median": 0,
    "variance": 0,
    "stdDev": 0,
    "confidence": 0,
    "low": 0,
    "high": 0,
    "count": 5
  },
  "Compilation.runtime requirements": {
    "min": 1,
    "max": 2,
    "mean": 1.2,
    "median": 1,
    "variance": 0.16,
    "stdDev": 0.4,
    "confidence": 0.9931719528863066,
    "low": 0.7034140235568467,
    "high": 1.6965859764431532,
    "count": 5
  },
  "Compilation.hashing: hash chunks": {
    "min": 0,
    "max": 0,
    "mean": 0,
    "median": 0,
    "variance": 0,
    "stdDev": 0,
    "confidence": 0,
    "low": 0,
    "high": 0,
    "count": 5
  },
  "Compilation.hashing: hash runtime chunks": {
    "min": 0,
    "max": 0,
    "mean": 0,
    "median": 0,
    "variance": 0,
    "stdDev": 0,
    "confidence": 0,
    "low": 0,
    "high": 0,
    "count": 5
  },
  "Compilation.hashing: process full hash chunks": {
    "min": 0,
    "max": 0,
    "mean": 0,
    "median": 0,
    "variance": 0,
    "stdDev": 0,
    "confidence": 0,
    "low": 0,
    "high": 0,
    "count": 5
  },
  "Compilation.hashing": {
    "min": 0,
    "max": 0,
    "mean": 0,
    "median": 0,
    "variance": 0,
    "stdDev": 0,
    "confidence": 0,
    "low": 0,
    "high": 0,
    "count": 5
  },
  "Compilation.create module assets": {
    "min": 0,
    "max": 0,
    "mean": 0,
    "median": 0,
    "variance": 0,
    "stdDev": 0,
    "confidence": 0,
    "low": 0,
    "high": 0,
    "count": 5
  },
  "Compilation.create chunk assets": {
    "min": 1,
    "max": 1,
    "mean": 1,
    "median": 1,
    "variance": 0,
    "stdDev": 0,
    "confidence": 0,
    "low": 1,
    "high": 1,
    "count": 5
  },
  "Compilation.process assets": {
    "min": 6,
    "max": 7,
    "mean": 6.6,
    "median": 7,
    "variance": 0.24000000000000005,
    "stdDev": 0.48989794855663565,
    "confidence": 1.2163822557074724,
    "low": 5.9918088721462635,
    "high": 7.208191127853736,
    "count": 5
  },