{
  "stats": {
    "min": 1665,
    "max": 1689,
    "mean": 1675.2,
    "median": 1674,
    "variance": 79.36,
    "stdDev": 8.908422980528035,
    "confidence": 22.118989621770652,
    "low": 1664.1405051891147,
    "high": 1686.2594948108854,
    "count": 5
  },
  "heap memory": {
    "min": 26649416,
    "max": 35683848,
    "mean": 33527244.8,
    "median": 35070736,
    "variance": 11893100749020.16,
    "stdDev": 3448637.5206768485,
    "confidence": 8562725.153019037,
    "low": 29245882.22349048,
    "high": 37808607.37650952,
    "count": 5
  },
  "rss memory": {
    "min": 723816448,
    "max": 728154112,
    "mean": 726919577.6,
    "median": 727572480,
    "variance": 2602901847408.64,
    "stdDev": 1613351.1234101027,
    "confidence": 4005837.7148213387,
    "low": 724916658.7425894,
    "high": 728922496.4574107,
    "count": 5
  },
  "external memory": {
    "min": 32623941,
    "max": 32623941,
    "mean": 32623941,
    "median": 32623941,
    "variance": 0,
    "stdDev": 0,
    "confidence": 0,
    "low": 32623941,
    "high": 32623941,
    "count": 5
  },
  "array buffers memory": {
    "min": 16623,
    "max": 16623,
    "mean": 16623,
    "median": 16623,
    "variance": 0,
    "stdDev": 0,
    "confidence": 0,
    "low": 16623,
    "high": 16623,
    "count": 5
  },
  "Compilation.finish modules": {
    "min": 25,
    "max": 27,
    "mean": 26.2,
    "median": 26,
    "variance": 0.56,
    "stdDev": 0.7483314773547883,
    "confidence": 1.858054586926876,
    "low": 25.27097270653656,
    "high": 27.129027293463437,
    "count": 5
  },
  "Compilation.optimize dependencies": {
    "min": 1,
    "max": 1,
    "mean": 1,
    "median": 1,
    "variance": 0,
    "stdDev": 0,
    "confidence": 0,
    "low": 1,
    "high": 1,
    "count": 5
  },
  "Compilation.rebuild chunk graph": {
    "min": 50,
    "max": 53,
    "mean": 51.6,
    "median": 52,
    "variance": 1.0399999999999998,
    "stdDev": 1.0198039027185568,
    "confidence": 2.5321015840601575,
    "low": 50.33394920796992,
    "high": 52.86605079203008,
    "count": 5
  },
  "Compilation.create chunks": {
    "min": 65,
    "max": 67,
    "mean": 66.2,
    "median": 66,
    "variance": 0.5599999999999999,
    "stdDev": 0.7483314773547882,
    "confidence": 1.858054586926869,
    "low": 65.27097270653657,
    "high": 67.12902729346344,
    "count": 5
  },
  "Compilation.optimize": {
    "min": 0,
    "max": 0,
    "mean": 0,
    "median": 0,
    "variance": 0,
    "stdDev": 0,
    "confidence": 0,
    "low": 0,
    "high": 0,
    "count": 5
  },
  "Compilation.module ids": {
    "min": 10,
    "max": 10,
    "mean": 10,
    "median": 10,
    "variance": 0,
    "stdDev": 0,
    "confidence": 0,
    "low": 10,
    "high": 10,
    "count": 5
  },
  "Compilation.chunk ids": {
    "min": 6,
    "max": 7,
    "mean": 6.2,
    "median": 6,
    "variance": 0.15999999999999998,
    "stdDev": 0.39999999999999997,
    "confidence": 0.993171952886307,
    "low": 5.703414023556847,
    "high": 6.696585976443154,
    "count": 5
  },
  "Compilation.optimize code generation": {
    "min": 0,
    "max": 0,
    "mean": 0,
    "median": 0,
    "variance": 0,
    "stdDev": 0,
    "confidence": 0,
    "low": 0,
    "high": 0,
    "count": 5
  },
  "Compilation.module code generation cache": {
    "min": 0,
    "max": 0,
    "mean": 0,
    "median": 0,
    "variance": 0,
    "stdDev": 0,
    "confidence": 0,
    "low": 0,
    "high": 0,
    "count": 5
  },
  "Compilation.code generation": {
    "min": 113,
    "max": 115,
    "mean": 113.8,
    "median": 114,
    "variance": 0.5599999999999999,
    "stdDev": 0.7483314773547882,
    "confidence": 1.858054586926869,
    "low": 112.87097270653656,
    "high": 114.72902729346343,
    "count": 5
  },
  "Compilation.runtime requirements.modules": {
    "min": 10,
    "max": 11,
    "mean": 10.8,
    "median": 11,
    "variance": 0.15999999999999998,
    "stdDev": 0.39999999999999997,
    "confidence": 0.993171952886307,
    "low": 10.303414023556847,
    "high": 11.296585976443154,
    "count": 5
  },
  "Compilation.runtime requirements.chunks": {
    "min": 1,
    "max": 1,
    "mean": 1,
    "median": 1,
    "variance": 0,
    "stdDev": 0,
    "confidence": 0,
    "low": 1,
    "high": 1,
    "count": 5
  },
  "Compilation.runtime requirements.entries": {
    "min": 1,
    "max": 1,
    "mean": 1,
    "median": 1,
    "variance": 0,
    "stdDev": 0,
    "confidence": 0,
    "low": 1,
    "high": 1,
    "count": 5
  },
  "Compilation.runtime requirements": {
    "min": 14,
    "max": 15,
    "mean": 14.8,
    "median": 15,
    "variance": 0.15999999999999998,
    "stdDev": 0.39999999999999997,
    "confidence": 0.993171952886307,
    "low": 14.303414023556847,
    "high": 15.296585976443154,
    "count": 5
  },
  "Compilation.hashing: hash chunks": {
    "min": 2,
    "max": 3,
    "mean": 2.2,
    "median": 2,
    "variance": 0.15999999999999998,
    "stdDev": 0.39999999999999997,
    "confidence": 0.9931719528863063,
    "low": 1.703414023556847,
    "high": 2.6965859764431532,
    "count": 5
  },
  "Compilation.hashing: hash runtime chunks": {
    "min": 2,
    "max": 3,
    "mean": 2.2,
    "median": 2,
    "variance": 0.15999999999999998,
    "stdDev": 0.39999999999999997,
    "confidence": 0.9931719528863063,
    "low": 1.703414023556847,
    "high": 2.6965859764431532,
    "count": 5
  },
  "Compilation.hashing: process full hash chunks": {
    "min": 0,
    "max": 0,
    "mean": 0,
    "median": 0,
    "variance": 0,
    "stdDev": 0,
    "confidence": 0,
    "low": 0,
    "high": 0,
    "count": 5
  },
  "Compilation.hashing": {
    "min": 7,
    "max": 8,
    "mean": 7.6,
    "median": 8,
    "variance": 0.24000000000000005,
    "stdDev": 0.48989794855663565,
    "confidence": 1.2163822557074724,
    "low": 6.9918088721462635,
    "high": 8.208191127853736,
    "count": 5
  },
  "Compilation.create module assets": {
    "min": 0,
    "max": 0,
    "mean": 0,
    "median": 0,
    "variance": 0,
    "stdDev": 0,
    "confidence": 0,
    "low": 0,
    "high": 0,
    "count": 5
  },
  "Compilation.create chunk assets": {
    "min": 28,
    "max": 29,
    "mean": 28.6,
    "median": 29,
    "variance": 0.24,
    "stdDev": 0.4898979485566356,
    "confidence": 1.2163822557074724,
    "low": 27.991808872146265,
    "high": 29.208191127853738,
    "count": 5
  },
  "Compilation.process assets": {
    "min": 53,
    "max": 57,
    "mean": 54.4,
    "median": 54,
    "variance": 1.8399999999999999,
    "stdDev": 1.3564659966250536,
    "confidence": 3.36800995722993,
    "low": 52.715995021385034,
    "high": 56.08400497861496,
    "count": 5
  },
  "Compilation.after process assets": {
    "min": 0,
    "max": 0,
    "mean": 0,
    "median": 0,
    "variance": 0,
    "stdDev": 0,
    "confidence": 0,
    "low": 0,
    "high": 0,
    "count": 5
  },
  "Compilation.after seal": {
    "min": 0,
    "max": 0,
    "mean": 0,
    "median": 0,
    "variance": 0,
    "stdDev": 0,
    "confidence": 0,
    "low": 0,
    "high": 0,
    "count": 5
  },
  "Compiler.make hook": {
    "min": 0,
    "max": 0,
    "mean": 0,
    "median": 0,
    "variance": 0,
    "stdDev": 0,
    "confidence": 0,
    "low": 0,
    "high": 0,
    "count": 5
  },
  "Compiler.make": {
    "min": 1118,
    "max": 1126,
    "mean": 1121,
    "median": 1120,
    "variance": 8,
    "stdDev": 2.8284271247461903,
    "confidence": 7.0227862277019995,
    "low": 1117.488606886149,
    "high": 1124.511393113851,
    "count": 5
  },
  "Compiler.finish make hook": {
    "min": 0,
    "max": 0,
    "mean": 0,
    "median": 0,
    "variance": 0,
    "stdDev": 0,
    "confidence": 0,
    "low": 0,
    "high": 0,
    "count": 5
  },
  "Compiler.finish compilation": {
    "min": 31,
    "max": 33,
    "mean": 32.2,
    "median": 32,
    "variance": 0.5599999999999999,
    "stdDev": 0.7483314773547882,
    "confidence": 1.8580545869268725,
    "low": 31.270972706536565,
    "high": 33.12902729346344,