{
  "stats": {
    "min": 152.72727272727272,
    "max": 157.1818181818182,
    "mean": 154.8,
    "median": 155,
    "variance": 2.4277685950413366,
    "stdDev": 1.5581298389548082,
    "confidence": 3.8687271375129058,
    "low": 152.86563643124356,
    "high": 156.73436356875646,
    "count": 5
  },
  "heap memory": {
    "min": 73013638.54545455,
    "max": 82590947.63636364,
    "mean": 79775302.25454545,
    "median": 81111614.54545455,
    "variance": 11773583909527.613,
    "stdDev": 3431265.642518459,
    "confidence": 8519591.997629374,
    "low": 75515506.25573076,
    "high": 84035098.25336014,
    "count": 5
  },
  "rss memory": {
    "min": 842470865.4545455,
    "max": 864373294.5454545,
    "mean": 857724220.5090909,
    "median": 862457483.6363636,
    "variance": 68692260963597.914,
    "stdDev": 8288079.449643199,
    "confidence": 20578720.131697416,
    "low": 847434860.4432422,
    "high": 868013580.5749396,
    "count": 5
  },
  "external memory": {
    "min": 42259108.54545455,
    "max": 43648680.81818182,
    "mean": 43370766.36363636,
    "median": 43648680.81818182,
    "variance": 308945776181.1903,
    "stdDev": 555828.9090909093,
    "confidence": 1380084.2077812105,
    "low": 42680724.259745754,
    "high": 44060808.467526965,
    "count": 5
  },
  "array buffers memory": {
    "min": 18074918.545454547,
    "max": 22243635.363636363,
    "mean": 21131977.545454543,
    "median": 22243635.363636363,
    "variance": 2626039097540.1143,
    "stdDev": 1620505.815336716,
    "confidence": 4023602.313203953,
    "low": 19120176.388852566,
    "high": 23143778.70205652,
    "count": 5
  },
  "Compilation.build module graph": {
    "min": 6.68341490909091,
    "max": 7.065964,
    "mean": 6.963727490909091,
    "median": 7.023490181818182,
    "variance": 0.019933272724448177,
    "stdDev": 0.14118524258734755,
    "confidence": 0.35055305774800694,
    "low": 6.788450962035087,
    "high": 7.139004019783094,
    "count": 5
  },
  "Compilation.finish modules": {
    "min": 10.404422636363636,
    "max": 10.821447272727273,
    "mean": 10.623411127272727,
    "median": 10.557752363636363,
    "variance": 0.02670927842168136,
    "stdDev": 0.163429735426823,
    "confidence": 0.4057845737338752,
    "low": 10.420518840405789,
    "high": 10.826303414139664,
    "count": 5
  },
  "Compilation.seal": {
    "min": 0.0034615454545454537,
    "max": 0.003737000000000001,
    "mean": 0.0036167636363636365,
    "median": 0.003623181818181817,
    "variance": 1.0146187107438131e-8,
    "stdDev": 0.00010072828355252626,
    "confidence": 0.00025010126521687014,
    "low": 0.0034917130037552015,
    "high": 0.0037418142689720716,
    "count": 5
  },
  "Compilation.optimize dependencies": {
    "min": 2.1427876363636362,
    "max": 2.161331,
    "mean": 2.1545953272727276,
    "median": 2.1598742727272726,
    "variance": 0.000056818545350745144,
    "stdDev": 0.007537807728427752,
    "confidence": 0.01871584805530979,
    "low": 2.1452374032450727,
    "high": 2.1639532513003825,
    "count": 5
  },
  "Compilation.rebuild chunk graph": {
    "min": 27.28810518181818,
    "max": 27.892193000000006,
    "mean": 27.56098690909091,
    "median": 27.553211272727275,
    "variance": 0.052841221211736754,
    "stdDev": 0.2298721845107336,
    "confidence": 0.5707565160119188,
    "low": 27.27560865108495,
    "high": 27.84636516709687,
    "count": 5
  },
  "Compilation.build chunk graph": {
    "min": 30.539377272727275,
    "max": 31.137270545454545,
    "mean": 30.813560509090912,
    "median": 30.694323909090908,
    "variance": 0.06715283372993837,
    "stdDev": 0.2591386380490921,
    "confidence": 0.6434230680487829,
    "low": 30.49184897506652,
    "high": 31.135272043115304,
    "count": 5
  },
  "Compilation.optimize modules": {
    "min": 0.006915818181818181,
    "max": 0.007479363636363636,
    "mean": 0.007156054545454545,
    "median": 0.007119545454545454,
    "variance": 4.8577476363636424e-8,
    "stdDev": 0.00022040298628565907,
    "confidence": 0.0005472451607782553,
    "low": 0.006882431965065417,
    "high": 0.007429677125843672,
    "count": 5
  },
  "Compilation.optimize chunks": {
    "min": 20.99140772727273,
    "max": 23.082587000000004,
    "mean": 22.17708769090909,
    "median": 22.45967218181818,
    "variance": 0.5604121904415363,
    "stdDev": 0.7486068330181981,
    "confidence": 1.8587382757317954,
    "low": 21.247718553043192,
    "high": 23.106456828774988,
    "count": 5
  },
  "Compilation.optimize tree": {
    "min": 0.0034437272727272723,
    "max": 0.0037561818181818182,
    "mean": 0.0035674363636363634,
    "median": 0.0035757272727272725,
    "variance": 1.1717293884297559e-8,
    "stdDev": 0.00010824644975377973,
    "confidence": 0.00026876834473742693,
    "low": 0.00343305219126765,
    "high": 0.003701820536005077,
    "count": 5
  },
  "Compilation.optimize chunk modules": {
    "min": 0.004377727272727273,
    "max": 0.007672999999999999,
    "mean": 0.005091963636363636,
    "median": 0.0044828181818181816,
    "variance": 0.0000016670289375206603,
    "stdDev": 0.0012911347480107024,
    "confidence": 0.003205797047802897,
    "low": 0.0034890651124621875,
    "high": 0.006694862160265084,
    "count": 5
  },
  "Compilation.module ids": {
    "min": 0.8588284545454545,
    "max": 0.9209541818181818,
    "mean": 0.881436818181818,
    "median": 0.8784419999999998,
    "variance": 0.0004897532101719011,
    "stdDev": 0.022130368505108567,
    "confidence": 0.05494815326578073,
    "low": 0.8539627415489276,
    "high": 0.9089108948147083,
    "count": 5
  },
  "Compilation.chunk ids": {
    "min": 2.5006953636363636,
    "max": 2.5440227272727274,
    "mean": 2.5182482363636365,
    "median": 2.508884545454546,
    "variance": 0.0003311102373970299,
    "stdDev": 0.018196434744120343,
    "confidence": 0.045180471575965164,
    "low": 2.495658000575654,
    "high": 2.540838472151619,
    "count": 5
  },
  "Compilation.assign runtime ids": {
    "min": 0.002642363636363636,
    "max": 0.0030688181818181812,
    "mean": 0.0028401454545454543,
    "median": 0.0027979999999999997,
    "variance": 2.5069000330578524e-8,
    "stdDev": 0.00015833193086228225,
    "confidence": 0.000393127082446881,
    "low": 0.002643581913322014,
    "high": 0.003036708995768895,
    "count": 5
  },
  "Compilation.optimize code generation": {
    "min": 0.0022555454545454545,
    "max": 0.002600454545454545,
    "mean": 0.0023990181818181813,
    "median": 0.0023940909090909095,
    "variance": 1.4881555041322287e-8,
    "stdDev": 0.00012198997926601302,
    "confidence": 0.0003028925648504658,
    "low": 0.0022475718993929484,
    "high": 0.0025504644642434142,
    "count": 5
  },
  "Compilation.create module hashes": {
    "min": 15.399358181818183,
    "max": 15.806809272727275,
    "mean": 15.560064472727273,
    "median": 15.470677636363638,
    "variance": 0.023266357678527038,
    "stdDev": 0.1525331363295433,
    "confidence": 0.37872908222071544,
    "low": 15.370699931616915,
    "high": 15.74942901383763,
    "count": 5
  },
  "Compilation.module code generation cache": {
    "min": 0,
    "max": 0,
    "mean": 0,
    "median": 0,
    "variance": 0,
    "stdDev": 0,
    "confidence": 0,
    "low": 0,
    "high": 0,
    "count": 5
  },
  "Compilation.code generation": {
    "min": 0.20801809090909093,
    "max": 0.2223812727272727,
    "mean": 0.21371658181818182,
    "median": 0.21292654545454548,
    "variance": 0.000028886862031735396,
    "stdDev": 0.005374649945041574,
    "confidence": 0.013344878954993034,
    "low": 0.2070441423406853,
    "high": 0.22038902129567833,
    "count": 5
  },
  "Compilation.runtime requirements.modules": {
    "min": 0.021412727272727274,
    "max": 0.022747545454545458,
    "mean": 0.021999709090909092,
    "median": 0.021784363636363633,
    "variance": 2.2312427570248095e-7,
    "stdDev": 0.00047236032401386225,
    "confidence": 0.0011728375636671368,