{
  "stats": {
    "min": 1417,
    "max": 1447,
    "mean": 1434,
    "median": 1437,
    "variance": 98.4,
    "stdDev": 9.919677414109795,
    "confidence": 24.629863473433943,
    "low": 1421.685068263283,
    "high": 1446.314931736717,
    "count": 5
  },
  "heap memory": {
    "min": 40097464,
    "max": 40366408,
    "mean": 40227313.6,
    "median": 40218464,
    "variance": 8213796848.639999,
    "stdDev": 90629.99971665011,
    "confidence": 225027.9345216751,
    "low": 40114799.632739164,
    "high": 40339827.56726084,
    "count": 5
  },
  "rss memory": {
    "min": 912613376,
    "max": 940756992,
    "mean": 921395200,
    "median": 916729856,
    "variance": 104656984761958.4,
    "stdDev": 10230199.64428644,
    "confidence": 25400868.397831917,
    "low": 908694765.801084,
    "high": 934095634.198916,
    "count": 5
  },
  "external memory": {
    "min": 32490682,
    "max": 32490682,
    "mean": 32490682,
    "median": 32490682,
    "variance": 0,
    "stdDev": 0,
    "confidence": 0,
    "low": 32490682,
    "high": 32490682,
    "count": 5
  },
  "array buffers memory": {
    "min": 16623,
    "max": 16623,
    "mean": 16623,
    "median": 16623,
    "variance": 0,
    "stdDev": 0,
    "confidence": 0,
    "low": 16623,
    "high": 16623,
    "count": 5
  },
  "Compilation.finish modules": {
    "min": 25,
    "max": 28,
    "mean": 26.6,
    "median": 27,
    "variance": 1.0399999999999998,
    "stdDev": 1.0198039027185568,
    "confidence": 2.5321015840601646,
    "low": 25.33394920796992,
    "high": 27.866050792030084,
    "count": 5
  },
  "Compilation.optimize dependencies": {
    "min": 0,
    "max": 1,
    "mean": 0.4,
    "median": 0,
    "variance": 0.24000000000000005,
    "stdDev": 0.48989794855663565,
    "confidence": 1.0081911278537365,
    "low": 0,
    "high": 1.0081911278537365,
    "count": 5
  },
  "Compilation.rebuild chunk graph": {
    "min": 39,
    "max": 41,
    "mean": 40,
    "median": 40,
    "variance": 0.4,
    "stdDev": 0.6324555320336759,
    "confidence": 1.5703427396590826,
    "low": 39.21482863017046,
    "high": 40.78517136982954,
    "count": 5
  },
  "Compilation.create chunks": {
    "min": 62,
    "max": 65,
    "mean": 64,
    "median": 65,
    "variance": 1.6,
    "stdDev": 1.2649110640673518,
    "confidence": 3.140685479318165,
    "low": 62.42965726034092,
    "high": 65.57034273965908,
    "count": 5
  },
  "Compilation.optimize": {
    "min": 0,
    "max": 0,
    "mean": 0,
    "median": 0,
    "variance": 0,
    "stdDev": 0,
    "confidence": 0,
    "low": 0,
    "high": 0,
    "count": 5
  },
  "Compilation.module ids": {
    "min": 9,
    "max": 10,
    "mean": 9.2,
    "median": 9,
    "variance": 0.15999999999999998,
    "stdDev": 0.39999999999999997,
    "confidence": 0.993171952886307,
    "low": 8.703414023556846,
    "high": 9.696585976443153,
    "count": 5
  },
  "Compilation.chunk ids": {
    "min": 6,
    "max": 6,
    "mean": 6,
    "median": 6,
    "variance": 0,
    "stdDev": 0,
    "confidence": 0,
    "low": 6,
    "high": 6,
    "count": 5
  },
  "Compilation.optimize code generation": {
    "min": 0,
    "max": 0,
    "mean": 0,
    "median": 0,
    "variance": 0,
    "stdDev": 0,
    "confidence": 0,
    "low": 0,
    "high": 0,
    "count": 5
  },
  "Compilation.module code generation cache": {
    "min": 0,
    "max": 0,
    "mean": 0,
    "median": 0,
    "variance": 0,
    "stdDev": 0,
    "confidence": 0,
    "low": 0,
    "high": 0,
    "count": 5
  },
  "Compilation.code generation": {
    "min": 94,
    "max": 96,
    "mean": 94.8,
    "median": 95,
    "variance": 0.5599999999999999,
    "stdDev": 0.7483314773547882,
    "confidence": 1.858054586926869,
    "low": 93.87097270653656,
    "high": 95.72902729346343,
    "count": 5
  },
  "Compilation.runtime requirements.modules": {
    "min": 9,
    "max": 9,
    "mean": 9,
    "median": 9,
    "variance": 0,
    "stdDev": 0,
    "confidence": 0,
    "low": 9,
    "high": 9,
    "count": 5
  },
  "Compilation.runtime requirements.chunks": {
    "min": 0,
    "max": 0,
    "mean": 0,
    "median": 0,
    "variance": 0,
    "stdDev": 0,
    "confidence": 0,
    "low": 0,
    "high": 0,
    "count": 5
  },
  "Compilation.runtime requirements.entries": {
    "min": 0,
    "max": 0,
    "mean": 0,
    "median": 0,
    "variance": 0,
    "stdDev": 0,
    "confidence": 0,
    "low": 0,
    "high": 0,
    "count": 5
  },
  "Compilation.runtime requirements": {
    "min": 11,
    "max": 12,
    "mean": 11.6,
    "median": 12,
    "variance": 0.24000000000000005,
    "stdDev": 0.48989794855663565,
    "confidence": 1.2163822557074724,
    "low": 10.991808872146263,
    "high": 12.208191127853736,
    "count": 5
  },
  "Compilation.hashing: hash chunks": {
    "min": 1,
    "max": 2,
    "mean": 1.2,
    "median": 1,
    "variance": 0.16,
    "stdDev": 0.4,
    "confidence": 0.9931719528863066,
    "low": 0.7034140235568467,
    "high": 1.6965859764431532,
    "count": 5
  },
  "Compilation.hashing: hash runtime chunks": {
    "min": 1,
    "max": 1,
    "mean": 1,
    "median": 1,
    "variance": 0,
    "stdDev": 0,
    "confidence": 0,
    "low": 1,
    "high": 1,
    "count": 5
  },
  "Compilation.hashing: process full hash chunks": {
    "min": 0,
    "max": 0,
    "mean": 0,
    "median": 0,
    "variance": 0,
    "stdDev": 0,
    "confidence": 0,
    "low": 0,
    "high": 0,
    "count": 5
  },
  "Compilation.hashing": {
    "min": 4,
    "max": 5,
    "mean": 4.4,
    "median": 4,
    "variance": 0.24000000000000005,
    "stdDev": 0.48989794855663565,
    "confidence": 1.2163822557074724,
    "low": 3.791808872146264,
    "high": 5.0081911278537365,
    "count": 5
  },
  "Compilation.create module assets": {
    "min": 0,
    "max": 1,
    "mean": 0.2,
    "median": 0,
    "variance": 0.16000000000000003,
    "stdDev": 0.4,
    "confidence": 0.6965859764431532,
    "low": 0,
    "high": 0.6965859764431532,
    "count": 5
  },
  "Compilation.create chunk assets": {
    "min": 27,
    "max": 28,
    "mean": 27.4,
    "median": 27,
    "variance": 0.24,
    "stdDev": 0.4898979485566356,
    "confidence": 1.2163822557074724,
    "low": 26.791808872146262,
    "high": 28.008191127853735,
    "count": 5
  },
  "Compilation.process assets": {
    "min": 43,
    "max": 46,
    "mean": 44.2,
    "median": 44,
    "variance": 1.3599999999999999,
    "stdDev": 1.16619037896906,
    "confidence": 2.895568940294808,
    "low": 42.7522155298526,
    "high": 45.64778447014741,
    "count": 5
  },
  "Compilation.after process assets": {
    "min": 0,
    "max": 0,
    "mean": 0,
    "median": 0,
    "variance": 0,
    "stdDev": 0,
    "confidence": 0,
    "low": 0,
    "high": 0,
    "count": 5
  },
  "Compilation.after seal": {
    "min": 0,
    "max": 0,
    "mean": 0,
    "median": 0,
    "variance": 0,
    "stdDev": 0,
    "confidence": 0,
    "low": 0,
    "high": 0,
    "count": 5
  },
  "Compiler.make hook": {
    "min": 0,
    "max": 0,
    "mean": 0,
    "median": 0,
    "variance": 0,
    "stdDev": 0,
    "confidence": 0,
    "low": 0,
    "high": 0,
    "count": 5
  },
  "Compiler.make": {
    "min": 906,
    "max": 917,
    "mean": 910.4,
    "median": 910,
    "variance": 17.84,
    "stdDev": 4.223742416388575,
    "confidence": 10.487256260433469,
    "low": 905.1563718697832,
    "high": 915.6436281302167,
    "count": 5
  },
  "Compiler.finish make hook": {
    "min": 0,
    "max": 0,
    "mean": 0,
    "median": 0,
    "variance": 0,
    "stdDev": 0,
    "confidence": 0,
    "low": 0,
    "high": 0,
    "count": 5
  },
  "Compiler.finish compilation": {
    "min": 30,
    "max": 33,
    "mean": 31.6,
    "median": 32,
    "variance": 1.0399999999999998,
    "stdDev": 1.0198039027185568,
    "confidence": 2.532101584060161,
    "low": 30.33394920796992,
    "high": 32.86605079203008,
    "count": 5
  },
  "Compiler.seal compilation": {
    "min": 282,
    "max": 286,
    "mean": 283.8,
    "median": 283,